ISO-10303-21;
HEADER;
FILE_DESCRIPTION((''),'2;1');
FILE_NAME('901303310','2013-04-05T',('me'),(''),
'PRO/ENGINEER BY PARAMETRIC TECHNOLOGY CORPORATION, 2011490',
'PRO/ENGINEER BY PARAMETRIC TECHNOLOGY CORPORATION, 2011490','');
FILE_SCHEMA(('CONFIG_CONTROL_DESIGN'));
ENDSEC;
DATA;
#1=DIRECTION('',(1.E0,0.E0,0.E0));
#2=VECTOR('',#1,5.65E0);
#3=CARTESIAN_POINT('',(-2.825E0,2.47E0,-4.875E0));
#4=LINE('',#3,#2);
#5=DIRECTION('',(0.E0,1.E0,0.E0));
#6=VECTOR('',#5,2.98E0);
#7=CARTESIAN_POINT('',(2.825E0,2.47E0,-4.875E0));
#8=LINE('',#7,#6);
#9=DIRECTION('',(-1.E0,0.E0,0.E0));
#10=VECTOR('',#9,5.65E0);
#11=CARTESIAN_POINT('',(2.825E0,5.45E0,-4.875E0));
#12=LINE('',#11,#10);
#13=DIRECTION('',(0.E0,1.E0,0.E0));
#14=VECTOR('',#13,2.98E0);
#15=CARTESIAN_POINT('',(-2.825E0,2.47E0,-4.875E0));
#16=LINE('',#15,#14);
#17=DIRECTION('',(2.588190451025E-1,0.E0,-9.659258262891E-1));
#18=VECTOR('',#17,8.023390398178E-1);
#19=CARTESIAN_POINT('',(-3.032660624134E0,2.47E0,-4.1E0));
#20=LINE('',#19,#18);
#21=DIRECTION('',(0.E0,-1.E0,0.E0));
#22=VECTOR('',#21,2.98E0);
#23=CARTESIAN_POINT('',(-3.032660624134E0,5.45E0,-4.1E0));
#24=LINE('',#23,#22);
#25=DIRECTION('',(-8.715574274766E-2,0.E0,-9.961946980917E-1));
#26=VECTOR('',#25,1.003819837543E0);
#27=CARTESIAN_POINT('',(1.986242064468E0,5.45E0,-3.475E0));
#28=LINE('',#27,#26);
#29=DIRECTION('',(-8.715574274766E-2,0.E0,9.961946980917E-1));
#30=VECTOR('',#29,1.003819837543E0);
#31=CARTESIAN_POINT('',(-1.898753400942E0,5.45E0,-4.475E0));
#32=LINE('',#31,#30);
#33=DIRECTION('',(1.E0,0.E0,0.E0));
#34=VECTOR('',#33,4.487339375866E0);
#35=CARTESIAN_POINT('',(-7.52E0,5.45E0,-4.1E0));
#36=LINE('',#35,#34);
#37=DIRECTION('',(2.588190451025E-1,0.E0,-9.659258262891E-1));
#38=VECTOR('',#37,8.023390398178E-1);
#39=CARTESIAN_POINT('',(-3.032660624134E0,5.45E0,-4.1E0));
#40=LINE('',#39,#38);
#41=DIRECTION('',(2.588190451025E-1,0.E0,9.659258262891E-1));
#42=VECTOR('',#41,8.023390398178E-1);
#43=CARTESIAN_POINT('',(2.825E0,5.45E0,-4.875E0));
#44=LINE('',#43,#42);
#45=DIRECTION('',(-1.E0,0.E0,0.E0));
#46=VECTOR('',#45,4.487339375866E0);
#47=CARTESIAN_POINT('',(7.52E0,5.45E0,-4.1E0));
#48=LINE('',#47,#46);
#49=DIRECTION('',(0.E0,0.E0,1.E0));
#50=VECTOR('',#49,8.975E0);
#51=CARTESIAN_POINT('',(7.52E0,5.45E0,-4.1E0));
#52=LINE('',#51,#50);
#53=DIRECTION('',(0.E0,0.E0,-1.E0));
#54=VECTOR('',#53,6.25E-1);
#55=CARTESIAN_POINT('',(6.62E0,5.45E0,4.875E0));
#56=LINE('',#55,#54);
#57=CARTESIAN_POINT('',(6.47E0,5.45E0,4.25E0));
#58=DIRECTION('',(0.E0,1.E0,0.E0));
#59=DIRECTION('',(1.E0,0.E0,-3.552713678800E-14));
#60=AXIS2_PLACEMENT_3D('',#57,#58,#59);
#62=DIRECTION('',(-1.E0,0.E0,0.E0));
#63=VECTOR('',#62,5.47E0);
#64=CARTESIAN_POINT('',(6.47E0,5.45E0,4.1E0));
#65=LINE('',#64,#63);
#66=CARTESIAN_POINT('',(1.E0,5.45E0,4.2E0));
#67=DIRECTION('',(0.E0,-1.E0,0.E0));
#68=DIRECTION('',(-1.E0,0.E0,0.E0));
#69=AXIS2_PLACEMENT_3D('',#66,#67,#68);
#71=DIRECTION('',(0.E0,0.E0,-1.E0));
#72=VECTOR('',#71,6.75E-1);
#73=CARTESIAN_POINT('',(9.E-1,5.45E0,4.875E0));
#74=LINE('',#73,#72);
#75=DIRECTION('',(1.E0,0.E0,0.E0));
#76=VECTOR('',#75,1.8E0);
#77=CARTESIAN_POINT('',(-9.E-1,5.45E0,4.875E0));
#78=LINE('',#77,#76);
#79=DIRECTION('',(0.E0,0.E0,1.E0));
#80=VECTOR('',#79,6.75E-1);
#81=CARTESIAN_POINT('',(-9.E-1,5.45E0,4.2E0));
#82=LINE('',#81,#80);
#83=CARTESIAN_POINT('',(-1.E0,5.45E0,4.2E0));
#84=DIRECTION('',(0.E0,-1.E0,0.E0));
#85=DIRECTION('',(0.E0,0.E0,-1.E0));
#86=AXIS2_PLACEMENT_3D('',#83,#84,#85);
#88=DIRECTION('',(-1.E0,0.E0,0.E0));
#89=VECTOR('',#88,5.47E0);
#90=CARTESIAN_POINT('',(-1.E0,5.45E0,4.1E0));
#91=LINE('',#90,#89);
#92=CARTESIAN_POINT('',(-6.47E0,5.45E0,4.25E0));
#93=DIRECTION('',(0.E0,1.E0,0.E0));
#94=DIRECTION('',(0.E0,0.E0,-1.E0));
#95=AXIS2_PLACEMENT_3D('',#92,#93,#94);
#97=DIRECTION('',(0.E0,0.E0,-1.E0));
#98=VECTOR('',#97,6.25E-1);
#99=CARTESIAN_POINT('',(-6.62E0,5.45E0,4.875E0));
#100=LINE('',#99,#98);
#101=DIRECTION('',(1.E0,0.E0,0.E0));
#102=VECTOR('',#101,1.38E1);
#103=CARTESIAN_POINT('',(-6.9E0,5.45E0,3.475E0));
#104=LINE('',#103,#102);
#105=DIRECTION('',(5.773502691896E-1,-5.773502691896E-1,-5.773502691896E-1));
#106=VECTOR('',#105,5.196152422707E-1);
#107=CARTESIAN_POINT('',(-6.9E0,5.45E0,3.475E0));
#108=LINE('',#107,#106);
#109=DIRECTION('',(1.E0,0.E0,0.E0));
#110=VECTOR('',#109,1.32E1);
#111=CARTESIAN_POINT('',(-6.6E0,5.15E0,3.175E0));
#112=LINE('',#111,#110);
#113=DIRECTION('',(0.E0,0.E0,1.E0));
#114=VECTOR('',#113,6.95E0);
#115=CARTESIAN_POINT('',(-6.9E0,5.45E0,-3.475E0));
#116=LINE('',#115,#114);
#117=DIRECTION('',(0.E0,0.E0,1.E0));
#118=VECTOR('',#117,6.35E0);
#119=CARTESIAN_POINT('',(-6.6E0,5.15E0,-3.175E0));
#120=LINE('',#119,#118);
#121=DIRECTION('',(-1.E0,0.E0,0.E0));
#122=VECTOR('',#121,4.913757935532E0);
#123=CARTESIAN_POINT('',(-1.986242064468E0,5.45E0,-3.475E0));
#124=LINE('',#123,#122);
#125=DIRECTION('',(-6.174578541845E-2,-7.057575568080E-1,7.057575568080E-1));
#126=VECTOR('',#125,4.250751509582E-1);
#127=CARTESIAN_POINT('',(-1.986242064468E0,5.45E0,-3.475E0));
#128=LINE('',#127,#126);
#129=DIRECTION('',(-1.E0,0.E0,0.E0));
#130=VECTOR('',#129,4.587511336474E0);
#131=CARTESIAN_POINT('',(-2.012488663526E0,5.15E0,-3.175E0));
#132=LINE('',#131,#130);
#133=DIRECTION('',(5.773502691896E-1,-5.773502691896E-1,5.773502691896E-1));
#134=VECTOR('',#133,5.196152422707E-1);
#135=CARTESIAN_POINT('',(-6.9E0,5.45E0,-3.475E0));
#136=LINE('',#135,#134);
#137=DIRECTION('',(-8.715574274765E-2,0.E0,9.961946980917E-1));
#138=VECTOR('',#137,7.528648781575E-2);
#139=CARTESIAN_POINT('',(-1.925E0,2.47E0,-4.175E0));
#140=LINE('',#139,#138);
#141=DIRECTION('',(0.E0,1.E0,0.E0));
#142=VECTOR('',#141,4.2E0);
#143=CARTESIAN_POINT('',(-1.931561649764E0,-1.73E0,-4.1E0));
#144=LINE('',#143,#142);
#145=DIRECTION('',(0.E0,-1.E0,0.E0));
#146=VECTOR('',#145,2.68E0);
#147=CARTESIAN_POINT('',(-1.925E0,5.15E0,-4.175E0));
#148=LINE('',#147,#146);
#149=DIRECTION('',(1.E0,0.E0,0.E0));
#150=VECTOR('',#149,1.324E1);
#151=CARTESIAN_POINT('',(-6.62E0,-3.1E0,-4.1E0));
#152=LINE('',#151,#150);
#153=DIRECTION('',(0.E0,-1.E0,0.E0));
#154=VECTOR('',#153,2.98E0);
#155=CARTESIAN_POINT('',(3.032660624134E0,5.45E0,-4.1E0));
#156=LINE('',#155,#154);
#157=DIRECTION('',(-1.E0,0.E0,0.E0));
#158=VECTOR('',#157,1.101098974370E0);
#159=CARTESIAN_POINT('',(3.032660624134E0,2.47E0,-4.1E0));
#160=LINE('',#159,#158);
#161=DIRECTION('',(-1.E0,0.E0,0.E0));
#162=VECTOR('',#161,1.101098974370E0);
#163=CARTESIAN_POINT('',(-1.931561649764E0,2.47E0,-4.1E0));
#164=LINE('',#163,#162);
#165=DIRECTION('',(0.E0,-1.E0,0.E0));
#166=VECTOR('',#165,8.55E0);
#167=CARTESIAN_POINT('',(-6.62E0,5.45E0,4.25E0));
#168=LINE('',#167,#166);
#169=DIRECTION('',(0.E0,0.E0,1.E0));
#170=VECTOR('',#169,1.725E0);
#171=CARTESIAN_POINT('',(-6.62E0,-3.1E0,2.525E0));
#172=LINE('',#171,#170);
#173=DIRECTION('',(0.E0,1.E0,0.E0));
#174=VECTOR('',#173,1.4238E0);
#175=CARTESIAN_POINT('',(-6.62E0,-4.5238E0,2.525E0));
#176=LINE('',#175,#174);
#177=DIRECTION('',(0.E0,1.E0,0.E0));
#178=VECTOR('',#177,8.5E-1);
#179=CARTESIAN_POINT('',(-6.62E0,-5.45E0,2.825E0));
#180=LINE('',#179,#178);
#181=DIRECTION('',(0.E0,1.E0,0.E0));
#182=VECTOR('',#181,1.09E1);
#183=CARTESIAN_POINT('',(-6.62E0,-5.45E0,4.875E0));
#184=LINE('',#183,#182);
#185=DIRECTION('',(0.E0,1.E0,0.E0));
#186=VECTOR('',#185,2.35E0);
#187=CARTESIAN_POINT('',(-6.62E0,-5.45E0,-4.1E0));
#188=LINE('',#187,#186);
#189=DIRECTION('',(0.E0,1.E0,0.E0));
#190=VECTOR('',#189,8.5E-1);
#191=CARTESIAN_POINT('',(-6.62E0,-5.45E0,-2.875E0));
#192=LINE('',#191,#190);
#193=DIRECTION('',(0.E0,-1.E0,0.E0));
#194=VECTOR('',#193,1.4238E0);
#195=CARTESIAN_POINT('',(-6.62E0,-3.1E0,-2.575E0));
#196=LINE('',#195,#194);
#197=DIRECTION('',(0.E0,0.E0,1.E0));
#198=VECTOR('',#197,1.525E0);
#199=CARTESIAN_POINT('',(-6.62E0,-3.1E0,-4.1E0));
#200=LINE('',#199,#198);
#201=DIRECTION('',(0.E0,-1.E0,0.E0));
#202=VECTOR('',#201,8.55E0);
#203=CARTESIAN_POINT('',(-6.47E0,5.45E0,4.1E0));
#204=LINE('',#203,#202);
#205=CARTESIAN_POINT('',(6.47E0,-3.1E0,4.25E0));
#206=DIRECTION('',(0.E0,1.E0,0.E0));
#207=DIRECTION('',(1.E0,0.E0,0.E0));
#208=AXIS2_PLACEMENT_3D('',#205,#206,#207);
#210=DIRECTION('',(-1.E0,0.E0,0.E0));
#211=VECTOR('',#210,1.324E1);
#212=CARTESIAN_POINT('',(6.62E0,-3.1E0,2.525E0));
#213=LINE('',#212,#211);
#214=CARTESIAN_POINT('',(-6.47E0,-3.1E0,4.25E0));
#215=DIRECTION('',(0.E0,1.E0,0.E0));
#216=DIRECTION('',(1.184237892933E-14,0.E0,-1.E0));
#217=AXIS2_PLACEMENT_3D('',#214,#215,#216);
#219=CARTESIAN_POINT('',(-1.E0,-3.1E0,4.2E0));
#220=DIRECTION('',(0.E0,1.E0,0.E0));
#221=DIRECTION('',(1.E0,0.E0,0.E0));
#222=AXIS2_PLACEMENT_3D('',#219,#220,#221);
#224=CARTESIAN_POINT('',(1.E0,-3.1E0,4.2E0));
#225=DIRECTION('',(0.E0,1.E0,0.E0));
#226=DIRECTION('',(0.E0,0.E0,-1.E0));
#227=AXIS2_PLACEMENT_3D('',#224,#225,#226);
#229=DIRECTION('',(-1.E0,0.E0,0.E0));
#230=VECTOR('',#229,5.47E0);
#231=CARTESIAN_POINT('',(6.47E0,-3.1E0,4.1E0));
#232=LINE('',#231,#230);
#233=DIRECTION('',(0.E0,1.E0,0.E0));
#234=VECTOR('',#233,8.55E0);
#235=CARTESIAN_POINT('',(1.E0,-3.1E0,4.1E0));
#236=LINE('',#235,#234);
#237=DIRECTION('',(0.E0,-1.E0,0.E0));
#238=VECTOR('',#237,8.55E0);
#239=CARTESIAN_POINT('',(6.47E0,5.45E0,4.1E0));
#240=LINE('',#239,#238);
#241=DIRECTION('',(0.E0,1.E0,0.E0));
#242=VECTOR('',#241,8.55E0);
#243=CARTESIAN_POINT('',(-1.E0,-3.1E0,4.1E0));
#244=LINE('',#243,#242);
#245=DIRECTION('',(-1.E0,0.E0,0.E0));
#246=VECTOR('',#245,5.47E0);
#247=CARTESIAN_POINT('',(-1.E0,-3.1E0,4.1E0));
#248=LINE('',#247,#246);
#249=DIRECTION('',(0.E0,-1.E0,0.E0));
#250=VECTOR('',#249,8.55E0);
#251=CARTESIAN_POINT('',(9.E-1,5.45E0,4.2E0));
#252=LINE('',#251,#250);
#253=DIRECTION('',(0.E0,0.E0,-1.E0));
#254=VECTOR('',#253,6.75E-1);
#255=CARTESIAN_POINT('',(9.E-1,-3.1E0,4.875E0));
#256=LINE('',#255,#254);
#257=DIRECTION('',(0.E0,-1.E0,0.E0));
#258=VECTOR('',#257,8.55E0);
#259=CARTESIAN_POINT('',(9.E-1,5.45E0,4.875E0));
#260=LINE('',#259,#258);
#261=DIRECTION('',(1.E0,0.E0,0.E0));
#262=VECTOR('',#261,1.8E0);
#263=CARTESIAN_POINT('',(-9.E-1,-3.1E0,4.875E0));
#264=LINE('',#263,#262);
#265=DIRECTION('',(0.E0,-1.E0,0.E0));
#266=VECTOR('',#265,8.55E0);
#267=CARTESIAN_POINT('',(-9.E-1,5.45E0,4.875E0));
#268=LINE('',#267,#266);
#269=DIRECTION('',(0.E0,0.E0,1.E0));
#270=VECTOR('',#269,6.75E-1);
#271=CARTESIAN_POINT('',(-9.E-1,-3.1E0,4.2E0));
#272=LINE('',#271,#270);
#273=DIRECTION('',(0.E0,-1.E0,0.E0));
#274=VECTOR('',#273,8.55E0);
#275=CARTESIAN_POINT('',(-9.E-1,5.45E0,4.2E0));
#276=LINE('',#275,#274);
#277=DIRECTION('',(0.E0,-1.E0,0.E0));
#278=VECTOR('',#277,8.55E0);
#279=CARTESIAN_POINT('',(6.62E0,5.45E0,4.25E0));
#280=LINE('',#279,#278);
#281=DIRECTION('',(0.E0,1.E0,0.E0));
#282=VECTOR('',#281,8.5E-1);
#283=CARTESIAN_POINT('',(6.62E0,-5.45E0,2.825E0));
#284=LINE('',#283,#282);
#285=DIRECTION('',(0.E0,1.E0,0.E0));
#286=VECTOR('',#285,1.4238E0);
#287=CARTESIAN_POINT('',(6.62E0,-4.5238E0,2.525E0));
#288=LINE('',#287,#286);
#289=DIRECTION('',(0.E0,0.E0,1.E0));
#290=VECTOR('',#289,1.725E0);
#291=CARTESIAN_POINT('',(6.62E0,-3.1E0,2.525E0));
#292=LINE('',#291,#290);
#293=DIRECTION('',(0.E0,-1.E0,0.E0));
#294=VECTOR('',#293,1.09E1);
#295=CARTESIAN_POINT('',(6.62E0,5.45E0,4.875E0));
#296=LINE('',#295,#294);
#297=DIRECTION('',(0.E0,1.E0,0.E0));
#298=VECTOR('',#297,2.35E0);
#299=CARTESIAN_POINT('',(6.62E0,-5.45E0,-4.1E0));
#300=LINE('',#299,#298);
#301=DIRECTION('',(0.E0,0.E0,1.E0));
#302=VECTOR('',#301,1.525E0);
#303=CARTESIAN_POINT('',(6.62E0,-3.1E0,-4.1E0));
#304=LINE('',#303,#302);
#305=DIRECTION('',(0.E0,-1.E0,0.E0));
#306=VECTOR('',#305,1.4238E0);
#307=CARTESIAN_POINT('',(6.62E0,-3.1E0,-2.575E0));
#308=LINE('',#307,#306);
#309=DIRECTION('',(0.E0,1.E0,0.E0));
#310=VECTOR('',#309,8.5E-1);
#311=CARTESIAN_POINT('',(6.62E0,-5.45E0,-2.875E0));
#312=LINE('',#311,#310);
#313=DIRECTION('',(-1.E0,0.E0,0.E0));
#314=VECTOR('',#313,9.E-1);
#315=CARTESIAN_POINT('',(-6.62E0,-4.6E0,2.825E0));
#316=LINE('',#315,#314);
#317=DIRECTION('',(-1.E0,0.E0,0.E0));
#318=VECTOR('',#317,9.E-1);
#319=CARTESIAN_POINT('',(7.52E0,-4.6E0,2.825E0));
#320=LINE('',#319,#318);
#321=DIRECTION('',(0.E0,0.E0,1.E0));
#322=VECTOR('',#321,3.762E-1);
#323=CARTESIAN_POINT('',(6.62E0,-4.6E0,2.4488E0));
#324=LINE('',#323,#322);
#325=DIRECTION('',(-1.E0,0.E0,0.E0));
#326=VECTOR('',#325,9.E-1);
#327=CARTESIAN_POINT('',(7.52E0,-4.6E0,-2.875E0));
#328=LINE('',#327,#326);
#329=DIRECTION('',(0.E0,0.E0,1.E0));
#330=VECTOR('',#329,3.762E-1);
#331=CARTESIAN_POINT('',(6.62E0,-4.6E0,-2.875E0));
#332=LINE('',#331,#330);
#333=DIRECTION('',(0.E0,0.E0,1.E0));
#334=VECTOR('',#333,3.762E-1);
#335=CARTESIAN_POINT('',(-6.62E0,-4.6E0,-2.875E0));
#336=LINE('',#335,#334);
#337=DIRECTION('',(-1.E0,0.E0,0.E0));
#338=VECTOR('',#337,9.E-1);
#339=CARTESIAN_POINT('',(-6.62E0,-4.6E0,-2.875E0));
#340=LINE('',#339,#338);
#341=DIRECTION('',(0.E0,0.E0,-1.E0));
#342=VECTOR('',#341,3.762E-1);
#343=CARTESIAN_POINT('',(-6.62E0,-4.6E0,2.825E0));
#344=LINE('',#343,#342);
#345=DIRECTION('',(0.E0,0.E0,-1.E0));
#346=VECTOR('',#345,6.508560486096E-1);
#347=CARTESIAN_POINT('',(4.755E0,-4.6E0,1.596096179259E0));
#348=LINE('',#347,#346);
#349=DIRECTION('',(-1.E0,0.E0,0.E0));
#350=VECTOR('',#349,6.5E-1);
#351=CARTESIAN_POINT('',(5.405E0,-4.6E0,9.452401306499E-1));
#352=LINE('',#351,#350);
#353=DIRECTION('',(0.E0,0.E0,-1.E0));
#354=VECTOR('',#353,6.508560486096E-1);
#355=CARTESIAN_POINT('',(5.405E0,-4.6E0,1.596096179259E0));
#356=LINE('',#355,#354);
#357=DIRECTION('',(-1.E0,0.E0,0.E0));
#358=VECTOR('',#357,6.5E-1);
#359=CARTESIAN_POINT('',(5.405E0,-4.6E0,1.596096179259E0));
#360=LINE('',#359,#358);
#361=DIRECTION('',(0.E0,0.E0,-1.E0));
#362=VECTOR('',#361,6.508560486096E-1);
#363=CARTESIAN_POINT('',(2.215E0,-4.6E0,1.596096179259E0));
#364=LINE('',#363,#362);
#365=DIRECTION('',(-1.E0,0.E0,0.E0));
#366=VECTOR('',#365,6.5E-1);
#367=CARTESIAN_POINT('',(2.865E0,-4.6E0,9.452401306499E-1));
#368=LINE('',#367,#366);
#369=DIRECTION('',(0.E0,0.E0,-1.E0));
#370=VECTOR('',#369,6.508560486096E-1);
#371=CARTESIAN_POINT('',(2.865E0,-4.6E0,1.596096179259E0));
#372=LINE('',#371,#370);
#373=DIRECTION('',(-1.E0,0.E0,0.E0));
#374=VECTOR('',#373,6.5E-1);
#375=CARTESIAN_POINT('',(2.865E0,-4.6E0,1.596096179259E0));
#376=LINE('',#375,#374);
#377=DIRECTION('',(0.E0,0.E0,-1.E0));
#378=VECTOR('',#377,6.508560486096E-1);
#379=CARTESIAN_POINT('',(-3.25E-1,-4.6E0,1.596096179259E0));
#380=LINE('',#379,#378);
#381=DIRECTION('',(-1.E0,0.E0,0.E0));
#382=VECTOR('',#381,6.5E-1);
#383=CARTESIAN_POINT('',(3.25E-1,-4.6E0,9.452401306499E-1));
#384=LINE('',#383,#382);
#385=DIRECTION('',(0.E0,0.E0,-1.E0));
#386=VECTOR('',#385,6.508560486096E-1);
#387=CARTESIAN_POINT('',(3.25E-1,-4.6E0,1.596096179259E0));
#388=LINE('',#387,#386);
#389=DIRECTION('',(-1.E0,0.E0,0.E0));
#390=VECTOR('',#389,6.5E-1);
#391=CARTESIAN_POINT('',(3.25E-1,-4.6E0,1.596096179259E0));
#392=LINE('',#391,#390);
#393=DIRECTION('',(0.E0,0.E0,-1.E0));
#394=VECTOR('',#393,6.508560486096E-1);
#395=CARTESIAN_POINT('',(-2.865E0,-4.6E0,1.596096179259E0));
#396=LINE('',#395,#394);
#397=DIRECTION('',(-1.E0,0.E0,0.E0));
#398=VECTOR('',#397,6.5E-1);
#399=CARTESIAN_POINT('',(-2.215E0,-4.6E0,9.452401306499E-1));
#400=LINE('',#399,#398);
#401=DIRECTION('',(0.E0,0.E0,-1.E0));
#402=VECTOR('',#401,6.508560486096E-1);
#403=CARTESIAN_POINT('',(-2.215E0,-4.6E0,1.596096179259E0));
#404=LINE('',#403,#402);
#405=DIRECTION('',(-1.E0,0.E0,0.E0));
#406=VECTOR('',#405,6.5E-1);
#407=CARTESIAN_POINT('',(-2.215E0,-4.6E0,1.596096179259E0));
#408=LINE('',#407,#406);
#409=DIRECTION('',(0.E0,0.E0,-1.E0));
#410=VECTOR('',#409,6.508560486096E-1);
#411=CARTESIAN_POINT('',(-5.405E0,-4.6E0,1.596096179259E0));
#412=LINE('',#411,#410);
#413=DIRECTION('',(-1.E0,0.E0,0.E0));
#414=VECTOR('',#413,6.5E-1);
#415=CARTESIAN_POINT('',(-4.755E0,-4.6E0,9.452401306499E-1));
#416=LINE('',#415,#414);
#417=DIRECTION('',(0.E0,0.E0,-1.E0));
#418=VECTOR('',#417,6.508560486096E-1);
#419=CARTESIAN_POINT('',(-4.755E0,-4.6E0,1.596096179259E0));
#420=LINE('',#419,#418);
#421=DIRECTION('',(-1.E0,0.E0,0.E0));
#422=VECTOR('',#421,6.5E-1);
#423=CARTESIAN_POINT('',(-4.755E0,-4.6E0,1.596096179259E0));
#424=LINE('',#423,#422);
#425=DIRECTION('',(-1.E0,0.E0,0.E0));
#426=VECTOR('',#425,6.5E-1);
#427=CARTESIAN_POINT('',(5.405E0,-4.6E0,-9.45E-1));
#428=LINE('',#427,#426);
#429=DIRECTION('',(0.E0,0.E0,-1.E0));
#430=VECTOR('',#429,6.5E-1);
#431=CARTESIAN_POINT('',(4.755E0,-4.6E0,-9.45E-1));
#432=LINE('',#431,#430);
#433=DIRECTION('',(1.E0,0.E0,0.E0));
#434=VECTOR('',#433,6.5E-1);
#435=CARTESIAN_POINT('',(4.755E0,-4.6E0,-1.595E0));
#436=LINE('',#435,#434);
#437=DIRECTION('',(0.E0,0.E0,-1.E0));
#438=VECTOR('',#437,6.5E-1);
#439=CARTESIAN_POINT('',(5.405E0,-4.6E0,-9.45E-1));
#440=LINE('',#439,#438);
#441=DIRECTION('',(-1.E0,0.E0,0.E0));
#442=VECTOR('',#441,6.5E-1);
#443=CARTESIAN_POINT('',(2.865E0,-4.6E0,-9.45E-1));
#444=LINE('',#443,#442);
#445=DIRECTION('',(0.E0,0.E0,-1.E0));
#446=VECTOR('',#445,6.5E-1);
#447=CARTESIAN_POINT('',(2.215E0,-4.6E0,-9.45E-1));
#448=LINE('',#447,#446);
#449=DIRECTION('',(1.E0,0.E0,0.E0));
#450=VECTOR('',#449,6.5E-1);
#451=CARTESIAN_POINT('',(2.215E0,-4.6E0,-1.595E0));
#452=LINE('',#451,#450);
#453=DIRECTION('',(0.E0,0.E0,-1.E0));
#454=VECTOR('',#453,6.5E-1);
#455=CARTESIAN_POINT('',(2.865E0,-4.6E0,-9.45E-1));
#456=LINE('',#455,#454);
#457=DIRECTION('',(-1.E0,0.E0,0.E0));
#458=VECTOR('',#457,6.5E-1);
#459=CARTESIAN_POINT('',(3.25E-1,-4.6E0,-9.45E-1));
#460=LINE('',#459,#458);
#461=DIRECTION('',(0.E0,0.E0,-1.E0));
#462=VECTOR('',#461,6.5E-1);
#463=CARTESIAN_POINT('',(-3.25E-1,-4.6E0,-9.45E-1));
#464=LINE('',#463,#462);
#465=DIRECTION('',(1.E0,0.E0,0.E0));
#466=VECTOR('',#465,6.5E-1);
#467=CARTESIAN_POINT('',(-3.25E-1,-4.6E0,-1.595E0));
#468=LINE('',#467,#466);
#469=DIRECTION('',(0.E0,0.E0,-1.E0));
#470=VECTOR('',#469,6.5E-1);
#471=CARTESIAN_POINT('',(3.25E-1,-4.6E0,-9.45E-1));
#472=LINE('',#471,#470);
#473=DIRECTION('',(-1.E0,0.E0,0.E0));
#474=VECTOR('',#473,6.5E-1);
#475=CARTESIAN_POINT('',(-2.215E0,-4.6E0,-9.45E-1));
#476=LINE('',#475,#474);
#477=DIRECTION('',(0.E0,0.E0,-1.E0));
#478=VECTOR('',#477,6.5E-1);
#479=CARTESIAN_POINT('',(-2.865E0,-4.6E0,-9.45E-1));
#480=LINE('',#479,#478);
#481=DIRECTION('',(1.E0,0.E0,0.E0));
#482=VECTOR('',#481,6.5E-1);
#483=CARTESIAN_POINT('',(-2.865E0,-4.6E0,-1.595E0));
#484=LINE('',#483,#482);
#485=DIRECTION('',(0.E0,0.E0,-1.E0));
#486=VECTOR('',#485,6.5E-1);
#487=CARTESIAN_POINT('',(-2.215E0,-4.6E0,-9.45E-1));
#488=LINE('',#487,#486);
#489=DIRECTION('',(-1.E0,0.E0,0.E0));
#490=VECTOR('',#489,6.5E-1);
#491=CARTESIAN_POINT('',(-4.755E0,-4.6E0,-9.45E-1));
#492=LINE('',#491,#490);
#493=DIRECTION('',(0.E0,0.E0,-1.E0));
#494=VECTOR('',#493,6.5E-1);
#495=CARTESIAN_POINT('',(-5.405E0,-4.6E0,-9.45E-1));
#496=LINE('',#495,#494);
#497=DIRECTION('',(1.E0,0.E0,0.E0));
#498=VECTOR('',#497,6.5E-1);
#499=CARTESIAN_POINT('',(-5.405E0,-4.6E0,-1.595E0));
#500=LINE('',#499,#498);
#501=DIRECTION('',(0.E0,0.E0,-1.E0));
#502=VECTOR('',#501,6.5E-1);
#503=CARTESIAN_POINT('',(-4.755E0,-4.6E0,-9.45E-1));
#504=LINE('',#503,#502);
#505=DIRECTION('',(1.E0,0.E0,0.E0));
#506=VECTOR('',#505,1.324E1);
#507=CARTESIAN_POINT('',(-6.62E0,-4.6E0,2.4488E0));
#508=LINE('',#507,#506);
#509=DIRECTION('',(0.E0,7.071067811865E-1,7.071067811865E-1));
#510=VECTOR('',#509,1.077630734528E-1);
#511=CARTESIAN_POINT('',(-6.62E0,-4.6E0,2.4488E0));
#512=LINE('',#511,#510);
#513=DIRECTION('',(1.E0,0.E0,0.E0));
#514=VECTOR('',#513,1.324E1);
#515=CARTESIAN_POINT('',(-6.62E0,-4.5238E0,2.525E0));
#516=LINE('',#515,#514);
#517=DIRECTION('',(0.E0,7.071067811865E-1,7.071067811865E-1));
#518=VECTOR('',#517,1.077630734528E-1);
#519=CARTESIAN_POINT('',(6.62E0,-4.6E0,2.4488E0));
#520=LINE('',#519,#518);
#521=DIRECTION('',(0.E0,1.E0,0.E0));
#522=VECTOR('',#521,1.09E1);
#523=CARTESIAN_POINT('',(7.52E0,-5.45E0,-4.1E0));
#524=LINE('',#523,#522);
#525=DIRECTION('',(0.E0,0.E0,1.E0));
#526=VECTOR('',#525,1.225E0);
#527=CARTESIAN_POINT('',(7.52E0,-5.45E0,-4.1E0));
#528=LINE('',#527,#526);
#529=DIRECTION('',(0.E0,1.E0,0.E0));
#530=VECTOR('',#529,8.5E-1);
#531=CARTESIAN_POINT('',(7.52E0,-5.45E0,-2.875E0));
#532=LINE('',#531,#530);
#533=DIRECTION('',(0.E0,0.E0,1.E0));
#534=VECTOR('',#533,5.7E0);
#535=CARTESIAN_POINT('',(7.52E0,-4.6E0,-2.875E0));
#536=LINE('',#535,#534);
#537=DIRECTION('',(0.E0,1.E0,0.E0));
#538=VECTOR('',#537,8.5E-1);
#539=CARTESIAN_POINT('',(7.52E0,-5.45E0,2.825E0));
#540=LINE('',#539,#538);
#541=DIRECTION('',(0.E0,0.E0,1.E0));
#542=VECTOR('',#541,2.05E0);
#543=CARTESIAN_POINT('',(7.52E0,-5.45E0,2.825E0));
#544=LINE('',#543,#542);
#545=DIRECTION('',(1.E0,0.E0,0.E0));
#546=VECTOR('',#545,9.E-1);
#547=CARTESIAN_POINT('',(-7.52E0,-5.45E0,2.825E0));
#548=LINE('',#547,#546);
#549=DIRECTION('',(0.E0,0.E0,1.E0));
#550=VECTOR('',#549,2.05E0);
#551=CARTESIAN_POINT('',(-7.52E0,-5.45E0,2.825E0));
#552=LINE('',#551,#550);
#553=DIRECTION('',(0.E0,0.E0,1.E0));
#554=VECTOR('',#553,2.05E0);
#555=CARTESIAN_POINT('',(-6.62E0,-5.45E0,2.825E0));
#556=LINE('',#555,#554);
#557=DIRECTION('',(1.E0,0.E0,0.E0));
#558=VECTOR('',#557,9.E-1);
#559=CARTESIAN_POINT('',(6.62E0,-5.45E0,2.825E0));
#560=LINE('',#559,#558);
#561=DIRECTION('',(0.E0,0.E0,1.E0));
#562=VECTOR('',#561,2.05E0);
#563=CARTESIAN_POINT('',(6.62E0,-5.45E0,2.825E0));
#564=LINE('',#563,#562);
#565=DIRECTION('',(1.E0,0.E0,0.E0));
#566=VECTOR('',#565,9.E-1);
#567=CARTESIAN_POINT('',(-7.52E0,-5.45E0,-4.1E0));
#568=LINE('',#567,#566);
#569=DIRECTION('',(0.E0,0.E0,1.E0));
#570=VECTOR('',#569,1.225E0);
#571=CARTESIAN_POINT('',(-7.52E0,-5.45E0,-4.1E0));
#572=LINE('',#571,#570);
#573=DIRECTION('',(1.E0,0.E0,0.E0));
#574=VECTOR('',#573,9.E-1);
#575=CARTESIAN_POINT('',(-7.52E0,-5.45E0,-2.875E0));
#576=LINE('',#575,#574);
#577=DIRECTION('',(0.E0,0.E0,1.E0));
#578=VECTOR('',#577,1.225E0);
#579=CARTESIAN_POINT('',(-6.62E0,-5.45E0,-4.1E0));
#580=LINE('',#579,#578);
#581=DIRECTION('',(-1.E0,0.E0,0.E0));
#582=VECTOR('',#581,9.E-1);
#583=CARTESIAN_POINT('',(7.52E0,-5.45E0,-4.1E0));
#584=LINE('',#583,#582);
#585=DIRECTION('',(0.E0,0.E0,1.E0));
#586=VECTOR('',#585,1.225E0);
#587=CARTESIAN_POINT('',(6.62E0,-5.45E0,-4.1E0));
#588=LINE('',#587,#586);
#589=DIRECTION('',(1.E0,0.E0,0.E0));
#590=VECTOR('',#589,9.E-1);
#591=CARTESIAN_POINT('',(6.62E0,-5.45E0,-2.875E0));
#592=LINE('',#591,#590);
#593=DIRECTION('',(0.E0,-1.E0,0.E0));
#594=VECTOR('',#593,1.09E1);
#595=CARTESIAN_POINT('',(-7.52E0,5.45E0,-4.1E0));
#596=LINE('',#595,#594);
#597=DIRECTION('',(0.E0,0.E0,1.E0));
#598=VECTOR('',#597,8.975E0);
#599=CARTESIAN_POINT('',(-7.52E0,5.45E0,-4.1E0));
#600=LINE('',#599,#598);
#601=DIRECTION('',(0.E0,1.E0,0.E0));
#602=VECTOR('',#601,8.5E-1);
#603=CARTESIAN_POINT('',(-7.52E0,-5.45E0,2.825E0));
#604=LINE('',#603,#602);
#605=DIRECTION('',(0.E0,0.E0,1.E0));
#606=VECTOR('',#605,5.7E0);
#607=CARTESIAN_POINT('',(-7.52E0,-4.6E0,-2.875E0));
#608=LINE('',#607,#606);
#609=DIRECTION('',(0.E0,1.E0,0.E0));
#610=VECTOR('',#609,8.5E-1);
#611=CARTESIAN_POINT('',(-7.52E0,-5.45E0,-2.875E0));
#612=LINE('',#611,#610);
#613=DIRECTION('',(1.E0,0.E0,0.E0));
#614=VECTOR('',#613,9.E-1);
#615=CARTESIAN_POINT('',(-7.52E0,-5.45E0,4.875E0));
#616=LINE('',#615,#614);
#617=DIRECTION('',(0.E0,-1.E0,0.E0));
#618=VECTOR('',#617,1.09E1);
#619=CARTESIAN_POINT('',(-7.52E0,5.45E0,4.875E0));
#620=LINE('',#619,#618);
#621=DIRECTION('',(-1.E0,0.E0,0.E0));
#622=VECTOR('',#621,9.E-1);
#623=CARTESIAN_POINT('',(-6.62E0,5.45E0,4.875E0));
#624=LINE('',#623,#622);
#625=DIRECTION('',(-1.E0,0.E0,0.E0));
#626=VECTOR('',#625,9.E-1);
#627=CARTESIAN_POINT('',(7.52E0,5.45E0,4.875E0));
#628=LINE('',#627,#626);
#629=DIRECTION('',(0.E0,1.E0,0.E0));
#630=VECTOR('',#629,1.09E1);
#631=CARTESIAN_POINT('',(7.52E0,-5.45E0,4.875E0));
#632=LINE('',#631,#630);
#633=DIRECTION('',(1.E0,0.E0,0.E0));
#634=VECTOR('',#633,9.E-1);
#635=CARTESIAN_POINT('',(6.62E0,-5.45E0,4.875E0));
#636=LINE('',#635,#634);
#637=DIRECTION('',(1.E0,0.E0,0.E0));
#638=VECTOR('',#637,1.324E1);
#639=CARTESIAN_POINT('',(-6.62E0,-4.6E0,-2.4988E0));
#640=LINE('',#639,#638);
#641=DIRECTION('',(0.E0,7.071067811865E-1,-7.071067811865E-1));
#642=VECTOR('',#641,1.077630734528E-1);
#643=CARTESIAN_POINT('',(6.62E0,-4.6E0,-2.4988E0));
#644=LINE('',#643,#642);
#645=DIRECTION('',(1.E0,0.E0,0.E0));
#646=VECTOR('',#645,1.324E1);
#647=CARTESIAN_POINT('',(-6.62E0,-4.5238E0,-2.575E0));
#648=LINE('',#647,#646);
#649=DIRECTION('',(0.E0,7.071067811865E-1,-7.071067811865E-1));
#650=VECTOR('',#649,1.077630734528E-1);
#651=CARTESIAN_POINT('',(-6.62E0,-4.6E0,-2.4988E0));
#652=LINE('',#651,#650);
#653=DIRECTION('',(-1.E0,0.E0,0.E0));
#654=VECTOR('',#653,1.324E1);
#655=CARTESIAN_POINT('',(6.62E0,-3.1E0,-2.575E0));
#656=LINE('',#655,#654);
#657=DIRECTION('',(0.E0,-1.E0,0.E0));
#658=VECTOR('',#657,6.5E-1);
#659=CARTESIAN_POINT('',(4.755E0,-4.763E0,7.275E0));
#660=LINE('',#659,#658);
#661=CARTESIAN_POINT('',(4.755E0,-4.58E0,1.778E0));
#662=DIRECTION('',(-1.E0,0.E0,0.E0));
#663=DIRECTION('',(0.E0,-1.092896174863E-1,-9.940099494018E-1));
#664=AXIS2_PLACEMENT_3D('',#661,#662,#663);
#666=DIRECTION('',(0.E0,0.E0,1.E0));
#667=VECTOR('',#666,5.497E0);
#668=CARTESIAN_POINT('',(4.755E0,-4.763E0,1.778E0));
#669=LINE('',#668,#667);
#670=DIRECTION('',(0.E0,0.E0,1.E0));
#671=VECTOR('',#670,6.5E-1);
#672=CARTESIAN_POINT('',(4.755E0,4.02E0,9.45E-1));
#673=LINE('',#672,#671);
#674=DIRECTION('',(0.E0,-1.E0,0.E0));
#675=VECTOR('',#674,6.25E0);
#676=CARTESIAN_POINT('',(4.755E0,4.02E0,1.595E0));
#677=LINE('',#676,#675);
#678=DIRECTION('',(0.E0,1.E0,0.E0));
#679=VECTOR('',#678,2.5E-1);
#680=CARTESIAN_POINT('',(5.205E0,-5.213E0,7.775E0));
#681=LINE('',#680,#679);
#682=DIRECTION('',(1.E0,0.E0,0.E0));
#683=VECTOR('',#682,2.5E-1);
#684=CARTESIAN_POINT('',(4.955E0,-5.213E0,7.775E0));
#685=LINE('',#684,#683);
#686=DIRECTION('',(0.E0,-1.E0,0.E0));
#687=VECTOR('',#686,2.5E-1);
#688=CARTESIAN_POINT('',(4.955E0,-4.963E0,7.775E0));
#689=LINE('',#688,#687);
#690=DIRECTION('',(-1.E0,0.E0,0.E0));
#691=VECTOR('',#690,2.5E-1);
#692=CARTESIAN_POINT('',(5.205E0,-4.963E0,7.775E0));
#693=LINE('',#692,#691);
#694=DIRECTION('',(0.E0,1.E0,0.E0));
#695=VECTOR('',#694,6.5E-1);
#696=CARTESIAN_POINT('',(5.405E0,-5.413E0,7.275E0));
#697=LINE('',#696,#695);
#698=CARTESIAN_POINT('',(5.405E0,-4.58E0,1.778E0));
#699=DIRECTION('',(-1.E0,0.E0,0.E0));
#700=DIRECTION('',(0.E0,-2.400960384154E-2,-9.997117279113E-1));
#701=AXIS2_PLACEMENT_3D('',#698,#699,#700);
#703=DIRECTION('',(0.E0,0.E0,1.E0));
#704=VECTOR('',#703,5.497E0);
#705=CARTESIAN_POINT('',(5.405E0,-5.413E0,1.778E0));
#706=LINE('',#705,#704);
#707=DIRECTION('',(0.E0,0.E0,-1.E0));
#708=VECTOR('',#707,6.5E-1);
#709=CARTESIAN_POINT('',(5.405E0,4.02E0,1.595E0));
#710=LINE('',#709,#708);
#711=DIRECTION('',(0.E0,-1.E0,0.E0));
#712=VECTOR('',#711,6.25E0);
#713=CARTESIAN_POINT('',(5.405E0,4.02E0,9.45E-1));
#714=LINE('',#713,#712);
#715=DIRECTION('',(-1.E0,0.E0,0.E0));
#716=VECTOR('',#715,6.5E-1);
#717=CARTESIAN_POINT('',(5.405E0,-4.763E0,7.275E0));
#718=LINE('',#717,#716);
#719=DIRECTION('',(-1.E0,0.E0,0.E0));
#720=VECTOR('',#719,6.5E-1);
#721=CARTESIAN_POINT('',(5.405E0,-4.763E0,1.778E0));
#722=LINE('',#721,#720);
#723=DIRECTION('',(0.E0,0.E0,1.E0));
#724=VECTOR('',#723,5.497E0);
#725=CARTESIAN_POINT('',(5.405E0,-4.763E0,1.778E0));
#726=LINE('',#725,#724);
#727=DIRECTION('',(-3.481553119114E-1,-3.481553119114E-1,8.703882797785E-1));
#728=VECTOR('',#727,5.744562646538E-1);
#729=CARTESIAN_POINT('',(5.405E0,-4.763E0,7.275E0));
#730=LINE('',#729,#728);
#731=DIRECTION('',(-3.481553119114E-1,3.481553119114E-1,-8.703882797785E-1));
#732=VECTOR('',#731,5.744562646538E-1);
#733=CARTESIAN_POINT('',(4.955E0,-4.963E0,7.775E0));
#734=LINE('',#733,#732);
#735=CARTESIAN_POINT('',(5.405E0,-4.58E0,1.778E0));
#736=DIRECTION('',(-1.E0,0.E0,0.E0));
#737=DIRECTION('',(0.E0,-1.092896174863E-1,-9.940099494018E-1));
#738=AXIS2_PLACEMENT_3D('',#735,#736,#737);
#740=CARTESIAN_POINT('',(4.755E0,-4.58E0,1.778E0));
#741=DIRECTION('',(-1.E0,0.E0,0.E0));
#742=DIRECTION('',(0.E0,-2.400960384154E-2,-9.997117279113E-1));
#743=AXIS2_PLACEMENT_3D('',#740,#741,#742);
#745=DIRECTION('',(1.E0,0.E0,0.E0));
#746=VECTOR('',#745,6.5E-1);
#747=CARTESIAN_POINT('',(4.755E0,-5.413E0,7.275E0));
#748=LINE('',#747,#746);
#749=DIRECTION('',(1.E0,0.E0,0.E0));
#750=VECTOR('',#749,6.5E-1);
#751=CARTESIAN_POINT('',(4.755E0,-5.413E0,1.778E0));
#752=LINE('',#751,#750);
#753=DIRECTION('',(0.E0,0.E0,1.E0));
#754=VECTOR('',#753,5.497E0);
#755=CARTESIAN_POINT('',(4.755E0,-5.413E0,1.778E0));
#756=LINE('',#755,#754);
#757=DIRECTION('',(3.481553119114E-1,3.481553119114E-1,8.703882797785E-1));
#758=VECTOR('',#757,5.744562646538E-1);
#759=CARTESIAN_POINT('',(4.755E0,-5.413E0,7.275E0));
#760=LINE('',#759,#758);
#761=DIRECTION('',(3.481553119114E-1,-3.481553119114E-1,-8.703882797785E-1));
#762=VECTOR('',#761,5.744562646538E-1);
#763=CARTESIAN_POINT('',(5.205E0,-5.213E0,7.775E0));
#764=LINE('',#763,#762);
#765=DIRECTION('',(3.481553119114E-1,-8.703882797785E-1,-3.481553119114E-1));
#766=VECTOR('',#765,5.744562646538E-1);
#767=CARTESIAN_POINT('',(5.205E0,4.52E0,1.145E0));
#768=LINE('',#767,#766);
#769=DIRECTION('',(1.E0,0.E0,0.E0));
#770=VECTOR('',#769,2.5E-1);
#771=CARTESIAN_POINT('',(4.955E0,4.52E0,1.395E0));
#772=LINE('',#771,#770);
#773=DIRECTION('',(0.E0,0.E0,1.E0));
#774=VECTOR('',#773,2.5E-1);
#775=CARTESIAN_POINT('',(4.955E0,4.52E0,1.145E0));
#776=LINE('',#775,#774);
#777=DIRECTION('',(-1.E0,0.E0,0.E0));
#778=VECTOR('',#777,2.5E-1);
#779=CARTESIAN_POINT('',(5.205E0,4.52E0,1.145E0));
#780=LINE('',#779,#778);
#781=DIRECTION('',(0.E0,0.E0,-1.E0));
#782=VECTOR('',#781,2.5E-1);
#783=CARTESIAN_POINT('',(5.205E0,4.52E0,1.395E0));
#784=LINE('',#783,#782);
#785=DIRECTION('',(3.481553119114E-1,-8.703882797785E-1,3.481553119114E-1));
#786=VECTOR('',#785,5.744562646538E-1);
#787=CARTESIAN_POINT('',(5.205E0,4.52E0,1.395E0));
#788=LINE('',#787,#786);
#789=DIRECTION('',(1.E0,0.E0,0.E0));
#790=VECTOR('',#789,6.5E-1);
#791=CARTESIAN_POINT('',(4.755E0,4.02E0,1.595E0));
#792=LINE('',#791,#790);
#793=DIRECTION('',(0.E0,-1.E0,0.E0));
#794=VECTOR('',#793,6.25E0);
#795=CARTESIAN_POINT('',(5.405E0,4.02E0,1.595E0));
#796=LINE('',#795,#794);
#797=DIRECTION('',(0.E0,0.E0,1.E0));
#798=VECTOR('',#797,5.08E0);
#799=CARTESIAN_POINT('',(-6.6E0,-2.23E0,-2.54E0));
#800=LINE('',#799,#798);
#801=DIRECTION('',(-1.E0,0.E0,0.E0));
#802=VECTOR('',#801,1.32E1);
#803=CARTESIAN_POINT('',(6.6E0,-2.23E0,-2.54E0));
#804=LINE('',#803,#802);
#805=DIRECTION('',(0.E0,0.E0,-1.E0));
#806=VECTOR('',#805,5.08E0);
#807=CARTESIAN_POINT('',(6.6E0,-2.23E0,2.54E0));
#808=LINE('',#807,#806);
#809=DIRECTION('',(1.E0,0.E0,0.E0));
#810=VECTOR('',#809,1.32E1);
#811=CARTESIAN_POINT('',(-6.6E0,-2.23E0,2.54E0));
#812=LINE('',#811,#810);
#813=DIRECTION('',(-1.E0,0.E0,0.E0));
#814=VECTOR('',#813,6.5E-1);
#815=CARTESIAN_POINT('',(5.405E0,-2.23E0,1.595E0));
#816=LINE('',#815,#814);
#817=DIRECTION('',(0.E0,0.E0,-1.E0));
#818=VECTOR('',#817,6.5E-1);
#819=CARTESIAN_POINT('',(5.405E0,-2.23E0,1.595E0));
#820=LINE('',#819,#818);
#821=DIRECTION('',(1.E0,0.E0,0.E0));
#822=VECTOR('',#821,6.5E-1);
#823=CARTESIAN_POINT('',(4.755E0,-2.23E0,9.45E-1));
#824=LINE('',#823,#822);
#825=DIRECTION('',(0.E0,0.E0,-1.E0));
#826=VECTOR('',#825,6.5E-1);
#827=CARTESIAN_POINT('',(4.755E0,-2.23E0,1.595E0));
#828=LINE('',#827,#826);
#829=DIRECTION('',(-1.E0,0.E0,0.E0));
#830=VECTOR('',#829,6.5E-1);
#831=CARTESIAN_POINT('',(2.865E0,-2.23E0,1.595E0));
#832=LINE('',#831,#830);
#833=DIRECTION('',(0.E0,0.E0,-1.E0));
#834=VECTOR('',#833,6.5E-1);
#835=CARTESIAN_POINT('',(2.865E0,-2.23E0,1.595E0));
#836=LINE('',#835,#834);
#837=DIRECTION('',(1.E0,0.E0,0.E0));
#838=VECTOR('',#837,6.5E-1);
#839=CARTESIAN_POINT('',(2.215E0,-2.23E0,9.45E-1));
#840=LINE('',#839,#838);
#841=DIRECTION('',(0.E0,0.E0,-1.E0));
#842=VECTOR('',#841,6.5E-1);
#843=CARTESIAN_POINT('',(2.215E0,-2.23E0,1.595E0));
#844=LINE('',#843,#842);
#845=DIRECTION('',(-1.E0,0.E0,0.E0));
#846=VECTOR('',#845,6.5E-1);
#847=CARTESIAN_POINT('',(3.25E-1,-2.23E0,1.595E0));
#848=LINE('',#847,#846);
#849=DIRECTION('',(0.E0,0.E0,-1.E0));
#850=VECTOR('',#849,6.5E-1);
#851=CARTESIAN_POINT('',(3.25E-1,-2.23E0,1.595E0));
#852=LINE('',#851,#850);
#853=DIRECTION('',(1.E0,0.E0,0.E0));
#854=VECTOR('',#853,6.5E-1);
#855=CARTESIAN_POINT('',(-3.25E-1,-2.23E0,9.45E-1));
#856=LINE('',#855,#854);
#857=DIRECTION('',(0.E0,0.E0,-1.E0));
#858=VECTOR('',#857,6.5E-1);
#859=CARTESIAN_POINT('',(-3.25E-1,-2.23E0,1.595E0));
#860=LINE('',#859,#858);
#861=DIRECTION('',(-1.E0,0.E0,0.E0));
#862=VECTOR('',#861,6.5E-1);
#863=CARTESIAN_POINT('',(-2.215E0,-2.23E0,1.595E0));
#864=LINE('',#863,#862);
#865=DIRECTION('',(0.E0,0.E0,-1.E0));
#866=VECTOR('',#865,6.5E-1);
#867=CARTESIAN_POINT('',(-2.215E0,-2.23E0,1.595E0));
#868=LINE('',#867,#866);
#869=DIRECTION('',(1.E0,0.E0,0.E0));
#870=VECTOR('',#869,6.5E-1);
#871=CARTESIAN_POINT('',(-2.865E0,-2.23E0,9.45E-1));
#872=LINE('',#871,#870);
#873=DIRECTION('',(0.E0,0.E0,-1.E0));
#874=VECTOR('',#873,6.5E-1);
#875=CARTESIAN_POINT('',(-2.865E0,-2.23E0,1.595E0));
#876=LINE('',#875,#874);
#877=DIRECTION('',(-1.E0,0.E0,0.E0));
#878=VECTOR('',#877,6.5E-1);
#879=CARTESIAN_POINT('',(-4.755E0,-2.23E0,1.595E0));
#880=LINE('',#879,#878);
#881=DIRECTION('',(0.E0,0.E0,-1.E0));
#882=VECTOR('',#881,6.5E-1);
#883=CARTESIAN_POINT('',(-4.755E0,-2.23E0,1.595E0));
#884=LINE('',#883,#882);
#885=DIRECTION('',(1.E0,0.E0,0.E0));
#886=VECTOR('',#885,6.5E-1);
#887=CARTESIAN_POINT('',(-5.405E0,-2.23E0,9.45E-1));
#888=LINE('',#887,#886);
#889=DIRECTION('',(0.E0,0.E0,-1.E0));
#890=VECTOR('',#889,6.5E-1);
#891=CARTESIAN_POINT('',(-5.405E0,-2.23E0,1.595E0));
#892=LINE('',#891,#890);
#893=DIRECTION('',(-1.E0,0.E0,0.E0));
#894=VECTOR('',#893,6.5E-1);
#895=CARTESIAN_POINT('',(5.405E0,-2.23E0,-9.45E-1));
#896=LINE('',#895,#894);
#897=DIRECTION('',(0.E0,0.E0,-1.E0));
#898=VECTOR('',#897,6.5E-1);
#899=CARTESIAN_POINT('',(5.405E0,-2.23E0,-9.45E-1));
#900=LINE('',#899,#898);
#901=DIRECTION('',(1.E0,0.E0,0.E0));
#902=VECTOR('',#901,6.5E-1);
#903=CARTESIAN_POINT('',(4.755E0,-2.23E0,-1.595E0));
#904=LINE('',#903,#902);
#905=DIRECTION('',(0.E0,0.E0,-1.E0));
#906=VECTOR('',#905,6.5E-1);
#907=CARTESIAN_POINT('',(4.755E0,-2.23E0,-9.45E-1));
#908=LINE('',#907,#906);
#909=DIRECTION('',(-1.E0,0.E0,0.E0));
#910=VECTOR('',#909,6.5E-1);
#911=CARTESIAN_POINT('',(2.865E0,-2.23E0,-9.45E-1));
#912=LINE('',#911,#910);
#913=DIRECTION('',(0.E0,0.E0,-1.E0));
#914=VECTOR('',#913,6.5E-1);
#915=CARTESIAN_POINT('',(2.865E0,-2.23E0,-9.45E-1));
#916=LINE('',#915,#914);
#917=DIRECTION('',(1.E0,0.E0,0.E0));
#918=VECTOR('',#917,6.5E-1);
#919=CARTESIAN_POINT('',(2.215E0,-2.23E0,-1.595E0));
#920=LINE('',#919,#918);
#921=DIRECTION('',(0.E0,0.E0,-1.E0));
#922=VECTOR('',#921,6.5E-1);
#923=CARTESIAN_POINT('',(2.215E0,-2.23E0,-9.45E-1));
#924=LINE('',#923,#922);
#925=DIRECTION('',(-1.E0,0.E0,0.E0));
#926=VECTOR('',#925,6.5E-1);
#927=CARTESIAN_POINT('',(3.25E-1,-2.23E0,-9.45E-1));
#928=LINE('',#927,#926);
#929=DIRECTION('',(0.E0,0.E0,-1.E0));
#930=VECTOR('',#929,6.5E-1);
#931=CARTESIAN_POINT('',(3.25E-1,-2.23E0,-9.45E-1));
#932=LINE('',#931,#930);
#933=DIRECTION('',(1.E0,0.E0,0.E0));
#934=VECTOR('',#933,6.5E-1);
#935=CARTESIAN_POINT('',(-3.25E-1,-2.23E0,-1.595E0));
#936=LINE('',#935,#934);
#937=DIRECTION('',(0.E0,0.E0,-1.E0));
#938=VECTOR('',#937,6.5E-1);
#939=CARTESIAN_POINT('',(-3.25E-1,-2.23E0,-9.45E-1));
#940=LINE('',#939,#938);
#941=DIRECTION('',(-1.E0,0.E0,0.E0));
#942=VECTOR('',#941,6.5E-1);
#943=CARTESIAN_POINT('',(-2.215E0,-2.23E0,-9.45E-1));
#944=LINE('',#943,#942);
#945=DIRECTION('',(0.E0,0.E0,-1.E0));
#946=VECTOR('',#945,6.5E-1);
#947=CARTESIAN_POINT('',(-2.215E0,-2.23E0,-9.45E-1));
#948=LINE('',#947,#946);
#949=DIRECTION('',(1.E0,0.E0,0.E0));
#950=VECTOR('',#949,6.5E-1);
#951=CARTESIAN_POINT('',(-2.865E0,-2.23E0,-1.595E0));
#952=LINE('',#951,#950);
#953=DIRECTION('',(0.E0,0.E0,-1.E0));
#954=VECTOR('',#953,6.5E-1);
#955=CARTESIAN_POINT('',(-2.865E0,-2.23E0,-9.45E-1));
#956=LINE('',#955,#954);
#957=DIRECTION('',(-1.E0,0.E0,0.E0));
#958=VECTOR('',#957,6.5E-1);
#959=CARTESIAN_POINT('',(-4.755E0,-2.23E0,-9.45E-1));
#960=LINE('',#959,#958);
#961=DIRECTION('',(0.E0,0.E0,-1.E0));
#962=VECTOR('',#961,6.5E-1);
#963=CARTESIAN_POINT('',(-4.755E0,-2.23E0,-9.45E-1));
#964=LINE('',#963,#962);
#965=DIRECTION('',(1.E0,0.E0,0.E0));
#966=VECTOR('',#965,6.5E-1);
#967=CARTESIAN_POINT('',(-5.405E0,-2.23E0,-1.595E0));
#968=LINE('',#967,#966);
#969=DIRECTION('',(0.E0,0.E0,-1.E0));
#970=VECTOR('',#969,6.5E-1);
#971=CARTESIAN_POINT('',(-5.405E0,-2.23E0,-9.45E-1));
#972=LINE('',#971,#970);
#973=DIRECTION('',(0.E0,-1.E0,0.E0));
#974=VECTOR('',#973,5.E-1);
#975=CARTESIAN_POINT('',(-6.6E0,-1.73E0,-2.54E0));
#976=LINE('',#975,#974);
#977=DIRECTION('',(0.E0,-1.E0,0.E0));
#978=VECTOR('',#977,6.88E0);
#979=CARTESIAN_POINT('',(-6.6E0,5.15E0,-3.175E0));
#980=LINE('',#979,#978);
#981=DIRECTION('',(1.E0,0.E0,0.E0));
#982=VECTOR('',#981,1.32E1);
#983=CARTESIAN_POINT('',(-6.6E0,-1.73E0,2.54E0));
#984=LINE('',#983,#982);
#985=DIRECTION('',(0.E0,0.E0,-1.E0));
#986=VECTOR('',#985,6.35E-1);
#987=CARTESIAN_POINT('',(6.6E0,-1.73E0,3.175E0));
#988=LINE('',#987,#986);
#989=DIRECTION('',(1.E0,0.E0,0.E0));
#990=VECTOR('',#989,1.32E1);
#991=CARTESIAN_POINT('',(-6.6E0,-1.73E0,3.175E0));
#992=LINE('',#991,#990);
#993=DIRECTION('',(0.E0,0.E0,1.E0));
#994=VECTOR('',#993,6.35E-1);
#995=CARTESIAN_POINT('',(-6.6E0,-1.73E0,2.54E0));
#996=LINE('',#995,#994);
#997=DIRECTION('',(1.E0,0.E0,0.E0));
#998=VECTOR('',#997,3.863123299529E0);
#999=CARTESIAN_POINT('',(-1.931561649764E0,-1.73E0,-4.1E0));
#1000=LINE('',#999,#998);
#1001=DIRECTION('',(-8.715574274766E-2,0.E0,-9.961946980917E-1));
#1002=VECTOR('',#1001,9.285333497276E-1);
#1003=CARTESIAN_POINT('',(2.012488663526E0,-1.73E0,-3.175E0));
#1004=LINE('',#1003,#1002);
#1005=DIRECTION('',(-1.E0,0.E0,0.E0));
#1006=VECTOR('',#1005,4.587511336474E0);
#1007=CARTESIAN_POINT('',(6.6E0,-1.73E0,-3.175E0));
#1008=LINE('',#1007,#1006);
#1009=DIRECTION('',(0.E0,0.E0,-1.E0));
#1010=VECTOR('',#1009,6.35E-1);
#1011=CARTESIAN_POINT('',(6.6E0,-1.73E0,-2.54E0));
#1012=LINE('',#1011,#1010);
#1013=DIRECTION('',(1.E0,0.E0,0.E0));
#1014=VECTOR('',#1013,1.32E1);
#1015=CARTESIAN_POINT('',(-6.6E0,-1.73E0,-2.54E0));
#1016=LINE('',#1015,#1014);
#1017=DIRECTION('',(0.E0,0.E0,1.E0));
#1018=VECTOR('',#1017,6.35E-1);
#1019=CARTESIAN_POINT('',(-6.6E0,-1.73E0,-3.175E0));
#1020=LINE('',#1019,#1018);
#1021=DIRECTION('',(-1.E0,0.E0,0.E0));
#1022=VECTOR('',#1021,4.587511336474E0);
#1023=CARTESIAN_POINT('',(-2.012488663526E0,-1.73E0,-3.175E0));
#1024=LINE('',#1023,#1022);
#1025=DIRECTION('',(-8.715574274766E-2,0.E0,9.961946980917E-1));
#1026=VECTOR('',#1025,9.285333497276E-1);
#1027=CARTESIAN_POINT('',(-1.931561649764E0,-1.73E0,-4.1E0));
#1028=LINE('',#1027,#1026);
#1029=DIRECTION('',(0.E0,-1.E0,0.E0));
#1030=VECTOR('',#1029,5.E-1);
#1031=CARTESIAN_POINT('',(-6.6E0,-1.73E0,2.54E0));
#1032=LINE('',#1031,#1030);
#1033=DIRECTION('',(0.E0,-1.E0,0.E0));
#1034=VECTOR('',#1033,5.E-1);
#1035=CARTESIAN_POINT('',(6.6E0,-1.73E0,2.54E0));
#1036=LINE('',#1035,#1034);
#1037=DIRECTION('',(0.E0,-1.E0,0.E0));
#1038=VECTOR('',#1037,6.88E0);
#1039=CARTESIAN_POINT('',(6.6E0,5.15E0,3.175E0));
#1040=LINE('',#1039,#1038);
#1041=DIRECTION('',(0.E0,-1.E0,0.E0));
#1042=VECTOR('',#1041,5.E-1);
#1043=CARTESIAN_POINT('',(6.6E0,-1.73E0,-2.54E0));
#1044=LINE('',#1043,#1042);
#1045=DIRECTION('',(0.E0,-1.E0,0.E0));
#1046=VECTOR('',#1045,6.88E0);
#1047=CARTESIAN_POINT('',(6.6E0,5.15E0,-3.175E0));
#1048=LINE('',#1047,#1046);
#1049=DIRECTION('',(-1.E0,0.E0,0.E0));
#1050=VECTOR('',#1049,4.913757935532E0);
#1051=CARTESIAN_POINT('',(6.9E0,5.45E0,-3.475E0));
#1052=LINE('',#1051,#1050);
#1053=DIRECTION('',(-5.773502691896E-1,-5.773502691896E-1,5.773502691896E-1));
#1054=VECTOR('',#1053,5.196152422707E-1);
#1055=CARTESIAN_POINT('',(6.9E0,5.45E0,-3.475E0));
#1056=LINE('',#1055,#1054);
#1057=DIRECTION('',(-1.E0,0.E0,0.E0));
#1058=VECTOR('',#1057,4.587511336474E0);
#1059=CARTESIAN_POINT('',(6.6E0,5.15E0,-3.175E0));
#1060=LINE('',#1059,#1058);
#1061=DIRECTION('',(6.174578541845E-2,-7.057575568080E-1,7.057575568080E-1));
#1062=VECTOR('',#1061,4.250751509582E-1);
#1063=CARTESIAN_POINT('',(1.986242064468E0,5.45E0,-3.475E0));
#1064=LINE('',#1063,#1062);
#1065=DIRECTION('',(0.E0,0.E0,-1.E0));
#1066=VECTOR('',#1065,6.95E0);
#1067=CARTESIAN_POINT('',(6.9E0,5.45E0,3.475E0));
#1068=LINE('',#1067,#1066);
#1069=DIRECTION('',(-5.773502691896E-1,-5.773502691896E-1,-5.773502691896E-1));
#1070=VECTOR('',#1069,5.196152422707E-1);
#1071=CARTESIAN_POINT('',(6.9E0,5.45E0,3.475E0));
#1072=LINE('',#1071,#1070);
#1073=DIRECTION('',(0.E0,0.E0,-1.E0));
#1074=VECTOR('',#1073,6.35E0);
#1075=CARTESIAN_POINT('',(6.6E0,5.15E0,3.175E0));
#1076=LINE('',#1075,#1074);
#1077=DIRECTION('',(8.715574274766E-2,0.E0,9.961946980917E-1));
#1078=VECTOR('',#1077,7.528648781575E-2);
#1079=CARTESIAN_POINT('',(1.925E0,2.47E0,-4.175E0));
#1080=LINE('',#1079,#1078);
#1081=DIRECTION('',(0.E0,-1.E0,0.E0));
#1082=VECTOR('',#1081,6.88E0);
#1083=CARTESIAN_POINT('',(2.012488663526E0,5.15E0,-3.175E0));
#1084=LINE('',#1083,#1082);
#1085=DIRECTION('',(0.E0,1.E0,0.E0));
#1086=VECTOR('',#1085,4.2E0);
#1087=CARTESIAN_POINT('',(1.931561649764E0,-1.73E0,-4.1E0));
#1088=LINE('',#1087,#1086);
#1089=DIRECTION('',(-1.E0,0.E0,0.E0));
#1090=VECTOR('',#1089,3.85E0);
#1091=CARTESIAN_POINT('',(1.925E0,2.47E0,-4.175E0));
#1092=LINE('',#1091,#1090);
#1093=DIRECTION('',(0.E0,-1.E0,0.E0));
#1094=VECTOR('',#1093,2.68E0);
#1095=CARTESIAN_POINT('',(1.925E0,5.15E0,-4.175E0));
#1096=LINE('',#1095,#1094);
#1097=DIRECTION('',(-1.E0,0.E0,0.E0));
#1098=VECTOR('',#1097,3.797506801884E0);
#1099=CARTESIAN_POINT('',(1.898753400942E0,5.45E0,-4.475E0));
#1100=LINE('',#1099,#1098);
#1101=DIRECTION('',(6.174578541845E-2,-7.057575568080E-1,7.057575568080E-1));
#1102=VECTOR('',#1101,4.250751509582E-1);
#1103=CARTESIAN_POINT('',(1.898753400942E0,5.45E0,-4.475E0));
#1104=LINE('',#1103,#1102);
#1105=DIRECTION('',(-1.E0,0.E0,0.E0));
#1106=VECTOR('',#1105,3.85E0);
#1107=CARTESIAN_POINT('',(1.925E0,5.15E0,-4.175E0));
#1108=LINE('',#1107,#1106);
#1109=DIRECTION('',(-6.174578541845E-2,-7.057575568080E-1,7.057575568080E-1));
#1110=VECTOR('',#1109,4.250751509582E-1);
#1111=CARTESIAN_POINT('',(-1.898753400942E0,5.45E0,-4.475E0));
#1112=LINE('',#1111,#1110);
#1113=DIRECTION('',(0.E0,-1.E0,0.E0));
#1114=VECTOR('',#1113,6.88E0);
#1115=CARTESIAN_POINT('',(-6.6E0,5.15E0,3.175E0));
#1116=LINE('',#1115,#1114);
#1117=DIRECTION('',(0.E0,-1.E0,0.E0));
#1118=VECTOR('',#1117,6.88E0);
#1119=CARTESIAN_POINT('',(-2.012488663526E0,5.15E0,-3.175E0));
#1120=LINE('',#1119,#1118);
#1121=DIRECTION('',(-1.E0,0.E0,0.E0));
#1122=VECTOR('',#1121,6.5E-1);
#1123=CARTESIAN_POINT('',(5.405E0,4.02E0,9.45E-1));
#1124=LINE('',#1123,#1122);
#1125=DIRECTION('',(0.E0,-1.E0,0.E0));
#1126=VECTOR('',#1125,6.25E0);
#1127=CARTESIAN_POINT('',(4.755E0,4.02E0,9.45E-1));
#1128=LINE('',#1127,#1126);
#1129=DIRECTION('',(-3.481553119114E-1,-8.703882797785E-1,-3.481553119114E-1));
#1130=VECTOR('',#1129,5.744562646538E-1);
#1131=CARTESIAN_POINT('',(4.955E0,4.52E0,1.145E0));
#1132=LINE('',#1131,#1130);
#1133=DIRECTION('',(-3.481553119114E-1,-8.703882797785E-1,3.481553119114E-1));
#1134=VECTOR('',#1133,5.744562646538E-1);
#1135=CARTESIAN_POINT('',(4.955E0,4.52E0,1.395E0));
#1136=LINE('',#1135,#1134);
#1137=DIRECTION('',(1.E0,0.E0,0.E0));
#1138=VECTOR('',#1137,6.5E-1);
#1139=CARTESIAN_POINT('',(2.215E0,4.02E0,1.595E0));
#1140=LINE('',#1139,#1138);
#1141=DIRECTION('',(0.E0,-1.E0,0.E0));
#1142=VECTOR('',#1141,6.25E0);
#1143=CARTESIAN_POINT('',(2.865E0,4.02E0,1.595E0));
#1144=LINE('',#1143,#1142);
#1145=DIRECTION('',(3.481553119114E-1,-8.703882797785E-1,3.481553119114E-1));
#1146=VECTOR('',#1145,5.744562646538E-1);
#1147=CARTESIAN_POINT('',(2.665E0,4.52E0,1.395E0));
#1148=LINE('',#1147,#1146);
#1149=DIRECTION('',(-3.481553119114E-1,-8.703882797785E-1,3.481553119114E-1));
#1150=VECTOR('',#1149,5.744562646538E-1);
#1151=CARTESIAN_POINT('',(2.415E0,4.52E0,1.395E0));
#1152=LINE('',#1151,#1150);
#1153=DIRECTION('',(0.E0,-1.E0,0.E0));
#1154=VECTOR('',#1153,6.5E-1);
#1155=CARTESIAN_POINT('',(2.215E0,-4.763E0,7.275E0));
#1156=LINE('',#1155,#1154);
#1157=CARTESIAN_POINT('',(2.215E0,-4.58E0,1.778E0));
#1158=DIRECTION('',(-1.E0,0.E0,0.E0));
#1159=DIRECTION('',(0.E0,-1.092896174863E-1,-9.940099494018E-1));
#1160=AXIS2_PLACEMENT_3D('',#1157,#1158,#1159);
#1162=DIRECTION('',(0.E0,0.E0,1.E0));
#1163=VECTOR('',#1162,5.497E0);
#1164=CARTESIAN_POINT('',(2.215E0,-4.763E0,1.778E0));
#1165=LINE('',#1164,#1163);
#1166=DIRECTION('',(0.E0,0.E0,1.E0));
#1167=VECTOR('',#1166,6.5E-1);
#1168=CARTESIAN_POINT('',(2.215E0,4.02E0,9.45E-1));
#1169=LINE('',#1168,#1167);
#1170=DIRECTION('',(0.E0,-1.E0,0.E0));
#1171=VECTOR('',#1170,6.25E0);
#1172=CARTESIAN_POINT('',(2.215E0,4.02E0,1.595E0));
#1173=LINE('',#1172,#1171);
#1174=DIRECTION('',(0.E0,1.E0,0.E0));
#1175=VECTOR('',#1174,2.5E-1);
#1176=CARTESIAN_POINT('',(2.665E0,-5.213E0,7.775E0));
#1177=LINE('',#1176,#1175);
#1178=DIRECTION('',(1.E0,0.E0,0.E0));
#1179=VECTOR('',#1178,2.5E-1);
#1180=CARTESIAN_POINT('',(2.415E0,-5.213E0,7.775E0));
#1181=LINE('',#1180,#1179);
#1182=DIRECTION('',(0.E0,-1.E0,0.E0));
#1183=VECTOR('',#1182,2.5E-1);
#1184=CARTESIAN_POINT('',(2.415E0,-4.963E0,7.775E0));
#1185=LINE('',#1184,#1183);
#1186=DIRECTION('',(-1.E0,0.E0,0.E0));
#1187=VECTOR('',#1186,2.5E-1);
#1188=CARTESIAN_POINT('',(2.665E0,-4.963E0,7.775E0));
#1189=LINE('',#1188,#1187);
#1190=DIRECTION('',(0.E0,1.E0,0.E0));
#1191=VECTOR('',#1190,6.5E-1);
#1192=CARTESIAN_POINT('',(2.865E0,-5.413E0,7.275E0));
#1193=LINE('',#1192,#1191);
#1194=CARTESIAN_POINT('',(2.865E0,-4.58E0,1.778E0));
#1195=DIRECTION('',(-1.E0,0.E0,0.E0));
#1196=DIRECTION('',(0.E0,-2.400960384154E-2,-9.997117279113E-1));
#1197=AXIS2_PLACEMENT_3D('',#1194,#1195,#1196);
#1199=DIRECTION('',(0.E0,0.E0,1.E0));
#1200=VECTOR('',#1199,5.497E0);
#1201=CARTESIAN_POINT('',(2.865E0,-5.413E0,1.778E0));
#1202=LINE('',#1201,#1200);
#1203=DIRECTION('',(0.E0,0.E0,-1.E0));
#1204=VECTOR('',#1203,6.5E-1);
#1205=CARTESIAN_POINT('',(2.865E0,4.02E0,1.595E0));
#1206=LINE('',#1205,#1204);
#1207=DIRECTION('',(0.E0,-1.E0,0.E0));
#1208=VECTOR('',#1207,6.25E0);
#1209=CARTESIAN_POINT('',(2.865E0,4.02E0,9.45E-1));
#1210=LINE('',#1209,#1208);
#1211=DIRECTION('',(-1.E0,0.E0,0.E0));
#1212=VECTOR('',#1211,6.5E-1);
#1213=CARTESIAN_POINT('',(2.865E0,-4.763E0,7.275E0));
#1214=LINE('',#1213,#1212);
#1215=DIRECTION('',(-1.E0,0.E0,0.E0));
#1216=VECTOR('',#1215,6.5E-1);
#1217=CARTESIAN_POINT('',(2.865E0,-4.763E0,1.778E0));
#1218=LINE('',#1217,#1216);
#1219=DIRECTION('',(0.E0,0.E0,1.E0));
#1220=VECTOR('',#1219,5.497E0);
#1221=CARTESIAN_POINT('',(2.865E0,-4.763E0,1.778E0));
#1222=LINE('',#1221,#1220);
#1223=DIRECTION('',(-3.481553119114E-1,-3.481553119114E-1,8.703882797785E-1));
#1224=VECTOR('',#1223,5.744562646538E-1);
#1225=CARTESIAN_POINT('',(2.865E0,-4.763E0,7.275E0));
#1226=LINE('',#1225,#1224);
#1227=DIRECTION('',(-3.481553119114E-1,3.481553119114E-1,-8.703882797785E-1));
#1228=VECTOR('',#1227,5.744562646538E-1);
#1229=CARTESIAN_POINT('',(2.415E0,-4.963E0,7.775E0));
#1230=LINE('',#1229,#1228);
#1231=CARTESIAN_POINT('',(2.865E0,-4.58E0,1.778E0));
#1232=DIRECTION('',(-1.E0,0.E0,0.E0));
#1233=DIRECTION('',(0.E0,-1.092896174863E-1,-9.940099494018E-1));
#1234=AXIS2_PLACEMENT_3D('',#1231,#1232,#1233);
#1236=CARTESIAN_POINT('',(2.215E0,-4.58E0,1.778E0));
#1237=DIRECTION('',(-1.E0,0.E0,0.E0));
#1238=DIRECTION('',(0.E0,-2.400960384154E-2,-9.997117279113E-1));
#1239=AXIS2_PLACEMENT_3D('',#1236,#1237,#1238);
#1241=DIRECTION('',(1.E0,0.E0,0.E0));
#1242=VECTOR('',#1241,6.5E-1);
#1243=CARTESIAN_POINT('',(2.215E0,-5.413E0,7.275E0));
#1244=LINE('',#1243,#1242);
#1245=DIRECTION('',(1.E0,0.E0,0.E0));
#1246=VECTOR('',#1245,6.5E-1);
#1247=CARTESIAN_POINT('',(2.215E0,-5.413E0,1.778E0));
#1248=LINE('',#1247,#1246);
#1249=DIRECTION('',(0.E0,0.E0,1.E0));
#1250=VECTOR('',#1249,5.497E0);
#1251=CARTESIAN_POINT('',(2.215E0,-5.413E0,1.778E0));
#1252=LINE('',#1251,#1250);
#1253=DIRECTION('',(3.481553119114E-1,3.481553119114E-1,8.703882797785E-1));
#1254=VECTOR('',#1253,5.744562646538E-1);
#1255=CARTESIAN_POINT('',(2.215E0,-5.413E0,7.275E0));
#1256=LINE('',#1255,#1254);
#1257=DIRECTION('',(3.481553119114E-1,-3.481553119114E-1,-8.703882797785E-1));
#1258=VECTOR('',#1257,5.744562646538E-1);
#1259=CARTESIAN_POINT('',(2.665E0,-5.213E0,7.775E0));
#1260=LINE('',#1259,#1258);
#1261=DIRECTION('',(3.481553119114E-1,-8.703882797785E-1,-3.481553119114E-1));
#1262=VECTOR('',#1261,5.744562646538E-1);
#1263=CARTESIAN_POINT('',(2.665E0,4.52E0,1.145E0));
#1264=LINE('',#1263,#1262);
#1265=DIRECTION('',(1.E0,0.E0,0.E0));
#1266=VECTOR('',#1265,2.5E-1);
#1267=CARTESIAN_POINT('',(2.415E0,4.52E0,1.395E0));
#1268=LINE('',#1267,#1266);
#1269=DIRECTION('',(0.E0,0.E0,1.E0));
#1270=VECTOR('',#1269,2.5E-1);
#1271=CARTESIAN_POINT('',(2.415E0,4.52E0,1.145E0));
#1272=LINE('',#1271,#1270);
#1273=DIRECTION('',(-1.E0,0.E0,0.E0));
#1274=VECTOR('',#1273,2.5E-1);
#1275=CARTESIAN_POINT('',(2.665E0,4.52E0,1.145E0));
#1276=LINE('',#1275,#1274);
#1277=DIRECTION('',(0.E0,0.E0,-1.E0));
#1278=VECTOR('',#1277,2.5E-1);
#1279=CARTESIAN_POINT('',(2.665E0,4.52E0,1.395E0));
#1280=LINE('',#1279,#1278);
#1281=DIRECTION('',(-3.481553119114E-1,-8.703882797785E-1,-3.481553119114E-1));
#1282=VECTOR('',#1281,5.744562646538E-1);
#1283=CARTESIAN_POINT('',(2.415E0,4.52E0,1.145E0));
#1284=LINE('',#1283,#1282);
#1285=DIRECTION('',(-1.E0,0.E0,0.E0));
#1286=VECTOR('',#1285,6.5E-1);
#1287=CARTESIAN_POINT('',(2.865E0,4.02E0,9.45E-1));
#1288=LINE('',#1287,#1286);
#1289=DIRECTION('',(0.E0,-1.E0,0.E0));
#1290=VECTOR('',#1289,6.25E0);
#1291=CARTESIAN_POINT('',(2.215E0,4.02E0,9.45E-1));
#1292=LINE('',#1291,#1290);
#1293=DIRECTION('',(1.E0,0.E0,0.E0));
#1294=VECTOR('',#1293,6.5E-1);
#1295=CARTESIAN_POINT('',(-3.25E-1,4.02E0,1.595E0));
#1296=LINE('',#1295,#1294);
#1297=DIRECTION('',(0.E0,-1.E0,0.E0));
#1298=VECTOR('',#1297,6.25E0);
#1299=CARTESIAN_POINT('',(3.25E-1,4.02E0,1.595E0));
#1300=LINE('',#1299,#1298);
#1301=DIRECTION('',(3.481553119114E-1,-8.703882797785E-1,3.481553119114E-1));
#1302=VECTOR('',#1301,5.744562646538E-1);
#1303=CARTESIAN_POINT('',(1.25E-1,4.52E0,1.395E0));
#1304=LINE('',#1303,#1302);
#1305=DIRECTION('',(-3.481553119114E-1,-8.703882797785E-1,3.481553119114E-1));
#1306=VECTOR('',#1305,5.744562646538E-1);
#1307=CARTESIAN_POINT('',(-1.25E-1,4.52E0,1.395E0));
#1308=LINE('',#1307,#1306);
#1309=DIRECTION('',(0.E0,-1.E0,0.E0));
#1310=VECTOR('',#1309,6.5E-1);
#1311=CARTESIAN_POINT('',(-3.25E-1,-4.763E0,7.275E0));
#1312=LINE('',#1311,#1310);
#1313=CARTESIAN_POINT('',(-3.25E-1,-4.58E0,1.778E0));
#1314=DIRECTION('',(-1.E0,0.E0,0.E0));
#1315=DIRECTION('',(0.E0,-1.092896174863E-1,-9.940099494018E-1));
#1316=AXIS2_PLACEMENT_3D('',#1313,#1314,#1315);
#1318=DIRECTION('',(0.E0,0.E0,1.E0));
#1319=VECTOR('',#1318,5.497E0);
#1320=CARTESIAN_POINT('',(-3.25E-1,-4.763E0,1.778E0));
#1321=LINE('',#1320,#1319);
#1322=DIRECTION('',(0.E0,0.E0,1.E0));
#1323=VECTOR('',#1322,6.5E-1);
#1324=CARTESIAN_POINT('',(-3.25E-1,4.02E0,9.45E-1));
#1325=LINE('',#1324,#1323);
#1326=DIRECTION('',(0.E0,-1.E0,0.E0));
#1327=VECTOR('',#1326,6.25E0);
#1328=CARTESIAN_POINT('',(-3.25E-1,4.02E0,1.595E0));
#1329=LINE('',#1328,#1327);
#1330=DIRECTION('',(0.E0,1.E0,0.E0));
#1331=VECTOR('',#1330,2.5E-1);
#1332=CARTESIAN_POINT('',(1.25E-1,-5.213E0,7.775E0));
#1333=LINE('',#1332,#1331);
#1334=DIRECTION('',(1.E0,0.E0,0.E0));
#1335=VECTOR('',#1334,2.5E-1);
#1336=CARTESIAN_POINT('',(-1.25E-1,-5.213E0,7.775E0));
#1337=LINE('',#1336,#1335);
#1338=DIRECTION('',(0.E0,-1.E0,0.E0));
#1339=VECTOR('',#1338,2.5E-1);
#1340=CARTESIAN_POINT('',(-1.25E-1,-4.963E0,7.775E0));
#1341=LINE('',#1340,#1339);
#1342=DIRECTION('',(-1.E0,0.E0,0.E0));
#1343=VECTOR('',#1342,2.5E-1);
#1344=CARTESIAN_POINT('',(1.25E-1,-4.963E0,7.775E0));
#1345=LINE('',#1344,#1343);
#1346=DIRECTION('',(0.E0,1.E0,0.E0));
#1347=VECTOR('',#1346,6.5E-1);
#1348=CARTESIAN_POINT('',(3.25E-1,-5.413E0,7.275E0));
#1349=LINE('',#1348,#1347);
#1350=CARTESIAN_POINT('',(3.25E-1,-4.58E0,1.778E0));
#1351=DIRECTION('',(-1.E0,0.E0,0.E0));
#1352=DIRECTION('',(0.E0,-2.400960384154E-2,-9.997117279113E-1));
#1353=AXIS2_PLACEMENT_3D('',#1350,#1351,#1352);
#1355=DIRECTION('',(0.E0,0.E0,1.E0));
#1356=VECTOR('',#1355,5.497E0);
#1357=CARTESIAN_POINT('',(3.25E-1,-5.413E0,1.778E0));
#1358=LINE('',#1357,#1356);
#1359=DIRECTION('',(0.E0,0.E0,-1.E0));
#1360=VECTOR('',#1359,6.5E-1);
#1361=CARTESIAN_POINT('',(3.25E-1,4.02E0,1.595E0));
#1362=LINE('',#1361,#1360);
#1363=DIRECTION('',(0.E0,-1.E0,0.E0));
#1364=VECTOR('',#1363,6.25E0);
#1365=CARTESIAN_POINT('',(3.25E-1,4.02E0,9.45E-1));
#1366=LINE('',#1365,#1364);
#1367=DIRECTION('',(-1.E0,0.E0,0.E0));
#1368=VECTOR('',#1367,6.5E-1);
#1369=CARTESIAN_POINT('',(3.25E-1,-4.763E0,7.275E0));
#1370=LINE('',#1369,#1368);
#1371=DIRECTION('',(-1.E0,0.E0,0.E0));
#1372=VECTOR('',#1371,6.5E-1);
#1373=CARTESIAN_POINT('',(3.25E-1,-4.763E0,1.778E0));
#1374=LINE('',#1373,#1372);
#1375=DIRECTION('',(0.E0,0.E0,1.E0));
#1376=VECTOR('',#1375,5.497E0);
#1377=CARTESIAN_POINT('',(3.25E-1,-4.763E0,1.778E0));
#1378=LINE('',#1377,#1376);
#1379=DIRECTION('',(-3.481553119114E-1,-3.481553119114E-1,8.703882797785E-1));
#1380=VECTOR('',#1379,5.744562646538E-1);
#1381=CARTESIAN_POINT('',(3.25E-1,-4.763E0,7.275E0));
#1382=LINE('',#1381,#1380);
#1383=DIRECTION('',(-3.481553119114E-1,3.481553119114E-1,-8.703882797785E-1));
#1384=VECTOR('',#1383,5.744562646538E-1);
#1385=CARTESIAN_POINT('',(-1.25E-1,-4.963E0,7.775E0));
#1386=LINE('',#1385,#1384);
#1387=CARTESIAN_POINT('',(3.25E-1,-4.58E0,1.778E0));
#1388=DIRECTION('',(-1.E0,0.E0,0.E0));
#1389=DIRECTION('',(0.E0,-1.092896174863E-1,-9.940099494018E-1));
#1390=AXIS2_PLACEMENT_3D('',#1387,#1388,#1389);
#1392=CARTESIAN_POINT('',(-3.25E-1,-4.58E0,1.778E0));
#1393=DIRECTION('',(-1.E0,0.E0,0.E0));
#1394=DIRECTION('',(0.E0,-2.400960384154E-2,-9.997117279113E-1));
#1395=AXIS2_PLACEMENT_3D('',#1392,#1393,#1394);
#1397=DIRECTION('',(1.E0,0.E0,0.E0));
#1398=VECTOR('',#1397,6.5E-1);
#1399=CARTESIAN_POINT('',(-3.25E-1,-5.413E0,7.275E0));
#1400=LINE('',#1399,#1398);
#1401=DIRECTION('',(1.E0,0.E0,0.E0));
#1402=VECTOR('',#1401,6.5E-1);
#1403=CARTESIAN_POINT('',(-3.25E-1,-5.413E0,1.778E0));
#1404=LINE('',#1403,#1402);
#1405=DIRECTION('',(0.E0,0.E0,1.E0));
#1406=VECTOR('',#1405,5.497E0);
#1407=CARTESIAN_POINT('',(-3.25E-1,-5.413E0,1.778E0));
#1408=LINE('',#1407,#1406);
#1409=DIRECTION('',(3.481553119114E-1,3.481553119114E-1,8.703882797785E-1));
#1410=VECTOR('',#1409,5.744562646538E-1);
#1411=CARTESIAN_POINT('',(-3.25E-1,-5.413E0,7.275E0));
#1412=LINE('',#1411,#1410);
#1413=DIRECTION('',(3.481553119114E-1,-3.481553119114E-1,-8.703882797785E-1));
#1414=VECTOR('',#1413,5.744562646538E-1);
#1415=CARTESIAN_POINT('',(1.25E-1,-5.213E0,7.775E0));
#1416=LINE('',#1415,#1414);
#1417=DIRECTION('',(3.481553119114E-1,-8.703882797785E-1,-3.481553119114E-1));
#1418=VECTOR('',#1417,5.744562646538E-1);
#1419=CARTESIAN_POINT('',(1.25E-1,4.52E0,1.145E0));
#1420=LINE('',#1419,#1418);
#1421=DIRECTION('',(1.E0,0.E0,0.E0));
#1422=VECTOR('',#1421,2.5E-1);
#1423=CARTESIAN_POINT('',(-1.25E-1,4.52E0,1.395E0));
#1424=LINE('',#1423,#1422);
#1425=DIRECTION('',(0.E0,0.E0,1.E0));
#1426=VECTOR('',#1425,2.5E-1);
#1427=CARTESIAN_POINT('',(-1.25E-1,4.52E0,1.145E0));
#1428=LINE('',#1427,#1426);
#1429=DIRECTION('',(-1.E0,0.E0,0.E0));
#1430=VECTOR('',#1429,2.5E-1);
#1431=CARTESIAN_POINT('',(1.25E-1,4.52E0,1.145E0));
#1432=LINE('',#1431,#1430);
#1433=DIRECTION('',(0.E0,0.E0,-1.E0));
#1434=VECTOR('',#1433,2.5E-1);
#1435=CARTESIAN_POINT('',(1.25E-1,4.52E0,1.395E0));
#1436=LINE('',#1435,#1434);
#1437=DIRECTION('',(-3.481553119114E-1,-8.703882797785E-1,-3.481553119114E-1));
#1438=VECTOR('',#1437,5.744562646538E-1);
#1439=CARTESIAN_POINT('',(-1.25E-1,4.52E0,1.145E0));
#1440=LINE('',#1439,#1438);
#1441=DIRECTION('',(-1.E0,0.E0,0.E0));
#1442=VECTOR('',#1441,6.5E-1);
#1443=CARTESIAN_POINT('',(3.25E-1,4.02E0,9.45E-1));
#1444=LINE('',#1443,#1442);
#1445=DIRECTION('',(0.E0,-1.E0,0.E0));
#1446=VECTOR('',#1445,6.25E0);
#1447=CARTESIAN_POINT('',(-3.25E-1,4.02E0,9.45E-1));
#1448=LINE('',#1447,#1446);
#1449=DIRECTION('',(1.E0,0.E0,0.E0));
#1450=VECTOR('',#1449,6.5E-1);
#1451=CARTESIAN_POINT('',(-2.865E0,4.02E0,1.595E0));
#1452=LINE('',#1451,#1450);
#1453=DIRECTION('',(0.E0,-1.E0,0.E0));
#1454=VECTOR('',#1453,6.25E0);
#1455=CARTESIAN_POINT('',(-2.215E0,4.02E0,1.595E0));
#1456=LINE('',#1455,#1454);
#1457=DIRECTION('',(3.481553119114E-1,-8.703882797785E-1,3.481553119114E-1));
#1458=VECTOR('',#1457,5.744562646538E-1);
#1459=CARTESIAN_POINT('',(-2.415E0,4.52E0,1.395E0));
#1460=LINE('',#1459,#1458);
#1461=DIRECTION('',(-3.481553119114E-1,-8.703882797785E-1,3.481553119114E-1));
#1462=VECTOR('',#1461,5.744562646538E-1);
#1463=CARTESIAN_POINT('',(-2.665E0,4.52E0,1.395E0));
#1464=LINE('',#1463,#1462);
#1465=DIRECTION('',(0.E0,-1.E0,0.E0));
#1466=VECTOR('',#1465,6.5E-1);
#1467=CARTESIAN_POINT('',(-2.865E0,-4.763E0,7.275E0));
#1468=LINE('',#1467,#1466);
#1469=CARTESIAN_POINT('',(-2.865E0,-4.58E0,1.778E0));
#1470=DIRECTION('',(-1.E0,0.E0,0.E0));
#1471=DIRECTION('',(0.E0,-1.092896174863E-1,-9.940099494018E-1));
#1472=AXIS2_PLACEMENT_3D('',#1469,#1470,#1471);
#1474=DIRECTION('',(0.E0,0.E0,1.E0));
#1475=VECTOR('',#1474,5.497E0);
#1476=CARTESIAN_POINT('',(-2.865E0,-4.763E0,1.778E0));
#1477=LINE('',#1476,#1475);
#1478=DIRECTION('',(0.E0,0.E0,1.E0));
#1479=VECTOR('',#1478,6.5E-1);
#1480=CARTESIAN_POINT('',(-2.865E0,4.02E0,9.45E-1));
#1481=LINE('',#1480,#1479);
#1482=DIRECTION('',(0.E0,-1.E0,0.E0));
#1483=VECTOR('',#1482,6.25E0);
#1484=CARTESIAN_POINT('',(-2.865E0,4.02E0,1.595E0));
#1485=LINE('',#1484,#1483);
#1486=DIRECTION('',(0.E0,1.E0,0.E0));
#1487=VECTOR('',#1486,2.5E-1);
#1488=CARTESIAN_POINT('',(-2.415E0,-5.213E0,7.775E0));
#1489=LINE('',#1488,#1487);
#1490=DIRECTION('',(1.E0,0.E0,0.E0));
#1491=VECTOR('',#1490,2.5E-1);
#1492=CARTESIAN_POINT('',(-2.665E0,-5.213E0,7.775E0));
#1493=LINE('',#1492,#1491);
#1494=DIRECTION('',(0.E0,-1.E0,0.E0));
#1495=VECTOR('',#1494,2.5E-1);
#1496=CARTESIAN_POINT('',(-2.665E0,-4.963E0,7.775E0));
#1497=LINE('',#1496,#1495);
#1498=DIRECTION('',(-1.E0,0.E0,0.E0));
#1499=VECTOR('',#1498,2.5E-1);
#1500=CARTESIAN_POINT('',(-2.415E0,-4.963E0,7.775E0));
#1501=LINE('',#1500,#1499);
#1502=DIRECTION('',(0.E0,1.E0,0.E0));
#1503=VECTOR('',#1502,6.5E-1);
#1504=CARTESIAN_POINT('',(-2.215E0,-5.413E0,7.275E0));
#1505=LINE('',#1504,#1503);
#1506=CARTESIAN_POINT('',(-2.215E0,-4.58E0,1.778E0));
#1507=DIRECTION('',(-1.E0,0.E0,0.E0));
#1508=DIRECTION('',(0.E0,-2.400960384154E-2,-9.997117279113E-1));
#1509=AXIS2_PLACEMENT_3D('',#1506,#1507,#1508);
#1511=DIRECTION('',(0.E0,0.E0,1.E0));
#1512=VECTOR('',#1511,5.497E0);
#1513=CARTESIAN_POINT('',(-2.215E0,-5.413E0,1.778E0));
#1514=LINE('',#1513,#1512);
#1515=DIRECTION('',(0.E0,0.E0,-1.E0));
#1516=VECTOR('',#1515,6.5E-1);
#1517=CARTESIAN_POINT('',(-2.215E0,4.02E0,1.595E0));
#1518=LINE('',#1517,#1516);
#1519=DIRECTION('',(0.E0,-1.E0,0.E0));
#1520=VECTOR('',#1519,6.25E0);
#1521=CARTESIAN_POINT('',(-2.215E0,4.02E0,9.45E-1));
#1522=LINE('',#1521,#1520);
#1523=DIRECTION('',(-1.E0,0.E0,0.E0));
#1524=VECTOR('',#1523,6.5E-1);
#1525=CARTESIAN_POINT('',(-2.215E0,-4.763E0,7.275E0));
#1526=LINE('',#1525,#1524);
#1527=DIRECTION('',(-1.E0,0.E0,0.E0));
#1528=VECTOR('',#1527,6.5E-1);
#1529=CARTESIAN_POINT('',(-2.215E0,-4.763E0,1.778E0));
#1530=LINE('',#1529,#1528);
#1531=DIRECTION('',(0.E0,0.E0,1.E0));
#1532=VECTOR('',#1531,5.497E0);
#1533=CARTESIAN_POINT('',(-2.215E0,-4.763E0,1.778E0));
#1534=LINE('',#1533,#1532);
#1535=DIRECTION('',(-3.481553119114E-1,-3.481553119114E-1,8.703882797785E-1));
#1536=VECTOR('',#1535,5.744562646538E-1);
#1537=CARTESIAN_POINT('',(-2.215E0,-4.763E0,7.275E0));
#1538=LINE('',#1537,#1536);
#1539=DIRECTION('',(-3.481553119114E-1,3.481553119114E-1,-8.703882797785E-1));
#1540=VECTOR('',#1539,5.744562646538E-1);
#1541=CARTESIAN_POINT('',(-2.665E0,-4.963E0,7.775E0));
#1542=LINE('',#1541,#1540);
#1543=CARTESIAN_POINT('',(-2.215E0,-4.58E0,1.778E0));
#1544=DIRECTION('',(-1.E0,0.E0,0.E0));
#1545=DIRECTION('',(0.E0,-1.092896174863E-1,-9.940099494018E-1));
#1546=AXIS2_PLACEMENT_3D('',#1543,#1544,#1545);
#1548=CARTESIAN_POINT('',(-2.865E0,-4.58E0,1.778E0));
#1549=DIRECTION('',(-1.E0,0.E0,0.E0));
#1550=DIRECTION('',(0.E0,-2.400960384154E-2,-9.997117279113E-1));
#1551=AXIS2_PLACEMENT_3D('',#1548,#1549,#1550);
#1553=DIRECTION('',(1.E0,0.E0,0.E0));
#1554=VECTOR('',#1553,6.5E-1);
#1555=CARTESIAN_POINT('',(-2.865E0,-5.413E0,7.275E0));
#1556=LINE('',#1555,#1554);
#1557=DIRECTION('',(1.E0,0.E0,0.E0));
#1558=VECTOR('',#1557,6.5E-1);
#1559=CARTESIAN_POINT('',(-2.865E0,-5.413E0,1.778E0));
#1560=LINE('',#1559,#1558);
#1561=DIRECTION('',(0.E0,0.E0,1.E0));
#1562=VECTOR('',#1561,5.497E0);
#1563=CARTESIAN_POINT('',(-2.865E0,-5.413E0,1.778E0));
#1564=LINE('',#1563,#1562);
#1565=DIRECTION('',(3.481553119114E-1,3.481553119114E-1,8.703882797785E-1));
#1566=VECTOR('',#1565,5.744562646538E-1);
#1567=CARTESIAN_POINT('',(-2.865E0,-5.413E0,7.275E0));
#1568=LINE('',#1567,#1566);
#1569=DIRECTION('',(3.481553119114E-1,-3.481553119114E-1,-8.703882797785E-1));
#1570=VECTOR('',#1569,5.744562646538E-1);
#1571=CARTESIAN_POINT('',(-2.415E0,-5.213E0,7.775E0));
#1572=LINE('',#1571,#1570);
#1573=DIRECTION('',(3.481553119114E-1,-8.703882797785E-1,-3.481553119114E-1));
#1574=VECTOR('',#1573,5.744562646538E-1);
#1575=CARTESIAN_POINT('',(-2.415E0,4.52E0,1.145E0));
#1576=LINE('',#1575,#1574);
#1577=DIRECTION('',(1.E0,0.E0,0.E0));
#1578=VECTOR('',#1577,2.5E-1);
#1579=CARTESIAN_POINT('',(-2.665E0,4.52E0,1.395E0));
#1580=LINE('',#1579,#1578);
#1581=DIRECTION('',(0.E0,0.E0,1.E0));
#1582=VECTOR('',#1581,2.5E-1);
#1583=CARTESIAN_POINT('',(-2.665E0,4.52E0,1.145E0));
#1584=LINE('',#1583,#1582);
#1585=DIRECTION('',(-1.E0,0.E0,0.E0));
#1586=VECTOR('',#1585,2.5E-1);
#1587=CARTESIAN_POINT('',(-2.415E0,4.52E0,1.145E0));
#1588=LINE('',#1587,#1586);
#1589=DIRECTION('',(0.E0,0.E0,-1.E0));
#1590=VECTOR('',#1589,2.5E-1);
#1591=CARTESIAN_POINT('',(-2.415E0,4.52E0,1.395E0));
#1592=LINE('',#1591,#1590);
#1593=DIRECTION('',(-3.481553119114E-1,-8.703882797785E-1,-3.481553119114E-1));
#1594=VECTOR('',#1593,5.744562646538E-1);
#1595=CARTESIAN_POINT('',(-2.665E0,4.52E0,1.145E0));
#1596=LINE('',#1595,#1594);
#1597=DIRECTION('',(-1.E0,0.E0,0.E0));
#1598=VECTOR('',#1597,6.5E-1);
#1599=CARTESIAN_POINT('',(-2.215E0,4.02E0,9.45E-1));
#1600=LINE('',#1599,#1598);
#1601=DIRECTION('',(0.E0,-1.E0,0.E0));
#1602=VECTOR('',#1601,6.25E0);
#1603=CARTESIAN_POINT('',(-2.865E0,4.02E0,9.45E-1));
#1604=LINE('',#1603,#1602);
#1605=DIRECTION('',(1.E0,0.E0,0.E0));
#1606=VECTOR('',#1605,6.5E-1);
#1607=CARTESIAN_POINT('',(-5.405E0,4.02E0,1.595E0));
#1608=LINE('',#1607,#1606);
#1609=DIRECTION('',(0.E0,-1.E0,0.E0));
#1610=VECTOR('',#1609,6.25E0);
#1611=CARTESIAN_POINT('',(-4.755E0,4.02E0,1.595E0));
#1612=LINE('',#1611,#1610);
#1613=DIRECTION('',(3.481553119114E-1,-8.703882797785E-1,3.481553119114E-1));
#1614=VECTOR('',#1613,5.744562646538E-1);
#1615=CARTESIAN_POINT('',(-4.955E0,4.52E0,1.395E0));
#1616=LINE('',#1615,#1614);
#1617=DIRECTION('',(-3.481553119114E-1,-8.703882797785E-1,3.481553119114E-1));
#1618=VECTOR('',#1617,5.744562646538E-1);
#1619=CARTESIAN_POINT('',(-5.205E0,4.52E0,1.395E0));
#1620=LINE('',#1619,#1618);
#1621=DIRECTION('',(0.E0,-1.E0,0.E0));
#1622=VECTOR('',#1621,6.5E-1);
#1623=CARTESIAN_POINT('',(-5.405E0,-4.763E0,7.275E0));
#1624=LINE('',#1623,#1622);
#1625=CARTESIAN_POINT('',(-5.405E0,-4.58E0,1.778E0));
#1626=DIRECTION('',(-1.E0,0.E0,0.E0));
#1627=DIRECTION('',(0.E0,-1.092896174863E-1,-9.940099494018E-1));
#1628=AXIS2_PLACEMENT_3D('',#1625,#1626,#1627);
#1630=DIRECTION('',(0.E0,0.E0,1.E0));
#1631=VECTOR('',#1630,5.497E0);
#1632=CARTESIAN_POINT('',(-5.405E0,-4.763E0,1.778E0));
#1633=LINE('',#1632,#1631);
#1634=DIRECTION('',(0.E0,0.E0,1.E0));
#1635=VECTOR('',#1634,6.5E-1);
#1636=CARTESIAN_POINT('',(-5.405E0,4.02E0,9.45E-1));
#1637=LINE('',#1636,#1635);
#1638=DIRECTION('',(0.E0,-1.E0,0.E0));
#1639=VECTOR('',#1638,6.25E0);
#1640=CARTESIAN_POINT('',(-5.405E0,4.02E0,1.595E0));
#1641=LINE('',#1640,#1639);
#1642=DIRECTION('',(0.E0,1.E0,0.E0));
#1643=VECTOR('',#1642,2.5E-1);
#1644=CARTESIAN_POINT('',(-4.955E0,-5.213E0,7.775E0));
#1645=LINE('',#1644,#1643);
#1646=DIRECTION('',(1.E0,0.E0,0.E0));
#1647=VECTOR('',#1646,2.5E-1);
#1648=CARTESIAN_POINT('',(-5.205E0,-5.213E0,7.775E0));
#1649=LINE('',#1648,#1647);
#1650=DIRECTION('',(0.E0,-1.E0,0.E0));
#1651=VECTOR('',#1650,2.5E-1);
#1652=CARTESIAN_POINT('',(-5.205E0,-4.963E0,7.775E0));
#1653=LINE('',#1652,#1651);
#1654=DIRECTION('',(-1.E0,0.E0,0.E0));
#1655=VECTOR('',#1654,2.5E-1);
#1656=CARTESIAN_POINT('',(-4.955E0,-4.963E0,7.775E0));
#1657=LINE('',#1656,#1655);
#1658=DIRECTION('',(0.E0,1.E0,0.E0));
#1659=VECTOR('',#1658,6.5E-1);
#1660=CARTESIAN_POINT('',(-4.755E0,-5.413E0,7.275E0));
#1661=LINE('',#1660,#1659);
#1662=CARTESIAN_POINT('',(-4.755E0,-4.58E0,1.778E0));
#1663=DIRECTION('',(-1.E0,0.E0,0.E0));
#1664=DIRECTION('',(0.E0,-2.400960384154E-2,-9.997117279113E-1));
#1665=AXIS2_PLACEMENT_3D('',#1662,#1663,#1664);
#1667=DIRECTION('',(0.E0,0.E0,1.E0));
#1668=VECTOR('',#1667,5.497E0);
#1669=CARTESIAN_POINT('',(-4.755E0,-5.413E0,1.778E0));
#1670=LINE('',#1669,#1668);
#1671=DIRECTION('',(0.E0,0.E0,-1.E0));
#1672=VECTOR('',#1671,6.5E-1);
#1673=CARTESIAN_POINT('',(-4.755E0,4.02E0,1.595E0));
#1674=LINE('',#1673,#1672);
#1675=DIRECTION('',(0.E0,-1.E0,0.E0));
#1676=VECTOR('',#1675,6.25E0);
#1677=CARTESIAN_POINT('',(-4.755E0,4.02E0,9.45E-1));
#1678=LINE('',#1677,#1676);
#1679=DIRECTION('',(-1.E0,0.E0,0.E0));
#1680=VECTOR('',#1679,6.5E-1);
#1681=CARTESIAN_POINT('',(-4.755E0,-4.763E0,7.275E0));
#1682=LINE('',#1681,#1680);
#1683=DIRECTION('',(-1.E0,0.E0,0.E0));
#1684=VECTOR('',#1683,6.5E-1);
#1685=CARTESIAN_POINT('',(-4.755E0,-4.763E0,1.778E0));
#1686=LINE('',#1685,#1684);
#1687=DIRECTION('',(0.E0,0.E0,1.E0));
#1688=VECTOR('',#1687,5.497E0);
#1689=CARTESIAN_POINT('',(-4.755E0,-4.763E0,1.778E0));
#1690=LINE('',#1689,#1688);
#1691=DIRECTION('',(-3.481553119114E-1,-3.481553119114E-1,8.703882797785E-1));
#1692=VECTOR('',#1691,5.744562646538E-1);
#1693=CARTESIAN_POINT('',(-4.755E0,-4.763E0,7.275E0));
#1694=LINE('',#1693,#1692);
#1695=DIRECTION('',(-3.481553119114E-1,3.481553119114E-1,-8.703882797785E-1));
#1696=VECTOR('',#1695,5.744562646538E-1);
#1697=CARTESIAN_POINT('',(-5.205E0,-4.963E0,7.775E0));
#1698=LINE('',#1697,#1696);
#1699=CARTESIAN_POINT('',(-4.755E0,-4.58E0,1.778E0));
#1700=DIRECTION('',(-1.E0,0.E0,0.E0));
#1701=DIRECTION('',(0.E0,-1.092896174863E-1,-9.940099494018E-1));
#1702=AXIS2_PLACEMENT_3D('',#1699,#1700,#1701);
#1704=CARTESIAN_POINT('',(-5.405E0,-4.58E0,1.778E0));
#1705=DIRECTION('',(-1.E0,0.E0,0.E0));
#1706=DIRECTION('',(0.E0,-2.400960384154E-2,-9.997117279113E-1));
#1707=AXIS2_PLACEMENT_3D('',#1704,#1705,#1706);
#1709=DIRECTION('',(1.E0,0.E0,0.E0));
#1710=VECTOR('',#1709,6.5E-1);
#1711=CARTESIAN_POINT('',(-5.405E0,-5.413E0,7.275E0));
#1712=LINE('',#1711,#1710);
#1713=DIRECTION('',(1.E0,0.E0,0.E0));
#1714=VECTOR('',#1713,6.5E-1);
#1715=CARTESIAN_POINT('',(-5.405E0,-5.413E0,1.778E0));
#1716=LINE('',#1715,#1714);
#1717=DIRECTION('',(0.E0,0.E0,1.E0));
#1718=VECTOR('',#1717,5.497E0);
#1719=CARTESIAN_POINT('',(-5.405E0,-5.413E0,1.778E0));
#1720=LINE('',#1719,#1718);
#1721=DIRECTION('',(3.481553119114E-1,3.481553119114E-1,8.703882797785E-1));
#1722=VECTOR('',#1721,5.744562646538E-1);
#1723=CARTESIAN_POINT('',(-5.405E0,-5.413E0,7.275E0));
#1724=LINE('',#1723,#1722);
#1725=DIRECTION('',(3.481553119114E-1,-3.481553119114E-1,-8.703882797785E-1));
#1726=VECTOR('',#1725,5.744562646538E-1);
#1727=CARTESIAN_POINT('',(-4.955E0,-5.213E0,7.775E0));
#1728=LINE('',#1727,#1726);
#1729=DIRECTION('',(3.481553119114E-1,-8.703882797785E-1,-3.481553119114E-1));
#1730=VECTOR('',#1729,5.744562646538E-1);
#1731=CARTESIAN_POINT('',(-4.955E0,4.52E0,1.145E0));
#1732=LINE('',#1731,#1730);
#1733=DIRECTION('',(1.E0,0.E0,0.E0));
#1734=VECTOR('',#1733,2.5E-1);
#1735=CARTESIAN_POINT('',(-5.205E0,4.52E0,1.395E0));
#1736=LINE('',#1735,#1734);
#1737=DIRECTION('',(0.E0,0.E0,1.E0));
#1738=VECTOR('',#1737,2.5E-1);
#1739=CARTESIAN_POINT('',(-5.205E0,4.52E0,1.145E0));
#1740=LINE('',#1739,#1738);
#1741=DIRECTION('',(-1.E0,0.E0,0.E0));
#1742=VECTOR('',#1741,2.5E-1);
#1743=CARTESIAN_POINT('',(-4.955E0,4.52E0,1.145E0));
#1744=LINE('',#1743,#1742);
#1745=DIRECTION('',(0.E0,0.E0,-1.E0));
#1746=VECTOR('',#1745,2.5E-1);
#1747=CARTESIAN_POINT('',(-4.955E0,4.52E0,1.395E0));
#1748=LINE('',#1747,#1746);
#1749=DIRECTION('',(-3.481553119114E-1,-8.703882797785E-1,-3.481553119114E-1));
#1750=VECTOR('',#1749,5.744562646538E-1);
#1751=CARTESIAN_POINT('',(-5.205E0,4.52E0,1.145E0));
#1752=LINE('',#1751,#1750);
#1753=DIRECTION('',(-1.E0,0.E0,0.E0));
#1754=VECTOR('',#1753,6.5E-1);
#1755=CARTESIAN_POINT('',(-4.755E0,4.02E0,9.45E-1));
#1756=LINE('',#1755,#1754);
#1757=DIRECTION('',(0.E0,-1.E0,0.E0));
#1758=VECTOR('',#1757,6.25E0);
#1759=CARTESIAN_POINT('',(-5.405E0,4.02E0,9.45E-1));
#1760=LINE('',#1759,#1758);
#1761=DIRECTION('',(0.E0,-1.E0,0.E0));
#1762=VECTOR('',#1761,2.52E0);
#1763=CARTESIAN_POINT('',(5.405E0,-4.6E0,-9.45E-1));
#1764=LINE('',#1763,#1762);
#1765=DIRECTION('',(1.E0,0.E0,0.E0));
#1766=VECTOR('',#1765,6.5E-1);
#1767=CARTESIAN_POINT('',(4.755E0,4.02E0,-9.45E-1));
#1768=LINE('',#1767,#1766);
#1769=DIRECTION('',(0.E0,-1.E0,0.E0));
#1770=VECTOR('',#1769,6.25E0);
#1771=CARTESIAN_POINT('',(5.405E0,4.02E0,-9.45E-1));
#1772=LINE('',#1771,#1770);
#1773=DIRECTION('',(0.E0,1.E0,0.E0));
#1774=VECTOR('',#1773,6.5E-1);
#1775=CARTESIAN_POINT('',(5.405E0,-7.953E0,7.275E0));
#1776=LINE('',#1775,#1774);
#1777=DIRECTION('',(0.E0,-1.E0,0.E0));
#1778=VECTOR('',#1777,2.52E0);
#1779=CARTESIAN_POINT('',(5.405E0,-4.6E0,-1.595E0));
#1780=LINE('',#1779,#1778);
#1781=CARTESIAN_POINT('',(5.405E0,-7.12E0,-7.62E-1));
#1782=DIRECTION('',(-1.E0,0.E0,0.E0));
#1783=DIRECTION('',(0.E0,0.E0,-1.E0));
#1784=AXIS2_PLACEMENT_3D('',#1781,#1782,#1783);
#1786=DIRECTION('',(0.E0,0.E0,1.E0));
#1787=VECTOR('',#1786,8.037E0);
#1788=CARTESIAN_POINT('',(5.405E0,-7.953E0,-7.62E-1));
#1789=LINE('',#1788,#1787);
#1790=DIRECTION('',(0.E0,0.E0,-1.E0));
#1791=VECTOR('',#1790,6.5E-1);
#1792=CARTESIAN_POINT('',(5.405E0,4.02E0,-9.45E-1));
#1793=LINE('',#1792,#1791);
#1794=DIRECTION('',(0.E0,-1.E0,0.E0));
#1795=VECTOR('',#1794,6.25E0);
#1796=CARTESIAN_POINT('',(5.405E0,4.02E0,-1.595E0));
#1797=LINE('',#1796,#1795);
#1798=DIRECTION('',(3.481553119114E-1,3.481553119114E-1,8.703882797785E-1));
#1799=VECTOR('',#1798,5.744562646538E-1);
#1800=CARTESIAN_POINT('',(4.755E0,-7.953E0,7.275E0));
#1801=LINE('',#1800,#1799);
#1802=DIRECTION('',(3.481553119114E-1,-3.481553119114E-1,-8.703882797785E-1));
#1803=VECTOR('',#1802,5.744562646538E-1);
#1804=CARTESIAN_POINT('',(5.205E0,-7.753E0,7.775E0));
#1805=LINE('',#1804,#1803);
#1806=DIRECTION('',(1.E0,0.E0,0.E0));
#1807=VECTOR('',#1806,6.5E-1);
#1808=CARTESIAN_POINT('',(4.755E0,-7.953E0,7.275E0));
#1809=LINE('',#1808,#1807);
#1810=DIRECTION('',(1.E0,0.E0,0.E0));
#1811=VECTOR('',#1810,6.5E-1);
#1812=CARTESIAN_POINT('',(4.755E0,-7.953E0,-7.62E-1));
#1813=LINE('',#1812,#1811);
#1814=DIRECTION('',(0.E0,0.E0,1.E0));
#1815=VECTOR('',#1814,8.037E0);
#1816=CARTESIAN_POINT('',(4.755E0,-7.953E0,-7.62E-1));
#1817=LINE('',#1816,#1815);
#1818=DIRECTION('',(1.E0,0.E0,0.E0));
#1819=VECTOR('',#1818,6.5E-1);
#1820=CARTESIAN_POINT('',(4.755E0,-7.12E0,-1.595E0));
#1821=LINE('',#1820,#1819);
#1822=CARTESIAN_POINT('',(4.755E0,-7.12E0,-7.62E-1));
#1823=DIRECTION('',(-1.E0,0.E0,0.E0));
#1824=DIRECTION('',(0.E0,0.E0,-1.E0));
#1825=AXIS2_PLACEMENT_3D('',#1822,#1823,#1824);
#1827=DIRECTION('',(0.E0,-1.E0,0.E0));
#1828=VECTOR('',#1827,2.52E0);
#1829=CARTESIAN_POINT('',(4.755E0,-4.6E0,-1.595E0));
#1830=LINE('',#1829,#1828);
#1831=DIRECTION('',(-1.E0,0.E0,0.E0));
#1832=VECTOR('',#1831,6.5E-1);
#1833=CARTESIAN_POINT('',(5.405E0,4.02E0,-1.595E0));
#1834=LINE('',#1833,#1832);
#1835=DIRECTION('',(0.E0,-1.E0,0.E0));
#1836=VECTOR('',#1835,6.25E0);
#1837=CARTESIAN_POINT('',(4.755E0,4.02E0,-1.595E0));
#1838=LINE('',#1837,#1836);
#1839=DIRECTION('',(0.E0,-1.E0,0.E0));
#1840=VECTOR('',#1839,6.5E-1);
#1841=CARTESIAN_POINT('',(4.755E0,-7.303E0,7.275E0));
#1842=LINE('',#1841,#1840);
#1843=DIRECTION('',(0.E0,-1.E0,0.E0));
#1844=VECTOR('',#1843,2.52E0);
#1845=CARTESIAN_POINT('',(4.755E0,-4.6E0,-9.45E-1));
#1846=LINE('',#1845,#1844);
#1847=CARTESIAN_POINT('',(4.755E0,-7.12E0,-7.62E-1));
#1848=DIRECTION('',(-1.E0,0.E0,0.E0));
#1849=DIRECTION('',(0.E0,0.E0,-1.E0));
#1850=AXIS2_PLACEMENT_3D('',#1847,#1848,#1849);
#1852=DIRECTION('',(0.E0,0.E0,1.E0));
#1853=VECTOR('',#1852,8.037E0);
#1854=CARTESIAN_POINT('',(4.755E0,-7.303E0,-7.62E-1));
#1855=LINE('',#1854,#1853);
#1856=DIRECTION('',(0.E0,0.E0,1.E0));
#1857=VECTOR('',#1856,6.5E-1);
#1858=CARTESIAN_POINT('',(4.755E0,4.02E0,-1.595E0));
#1859=LINE('',#1858,#1857);
#1860=DIRECTION('',(0.E0,-1.E0,0.E0));
#1861=VECTOR('',#1860,6.25E0);
#1862=CARTESIAN_POINT('',(4.755E0,4.02E0,-9.45E-1));
#1863=LINE('',#1862,#1861);
#1864=DIRECTION('',(0.E0,1.E0,0.E0));
#1865=VECTOR('',#1864,2.5E-1);
#1866=CARTESIAN_POINT('',(5.205E0,-7.753E0,7.775E0));
#1867=LINE('',#1866,#1865);
#1868=DIRECTION('',(1.E0,0.E0,0.E0));
#1869=VECTOR('',#1868,2.5E-1);
#1870=CARTESIAN_POINT('',(4.955E0,-7.753E0,7.775E0));
#1871=LINE('',#1870,#1869);
#1872=DIRECTION('',(0.E0,-1.E0,0.E0));
#1873=VECTOR('',#1872,2.5E-1);
#1874=CARTESIAN_POINT('',(4.955E0,-7.503E0,7.775E0));
#1875=LINE('',#1874,#1873);
#1876=DIRECTION('',(-1.E0,0.E0,0.E0));
#1877=VECTOR('',#1876,2.5E-1);
#1878=CARTESIAN_POINT('',(5.205E0,-7.503E0,7.775E0));
#1879=LINE('',#1878,#1877);
#1880=DIRECTION('',(-3.481553119114E-1,-3.481553119114E-1,8.703882797785E-1));
#1881=VECTOR('',#1880,5.744562646538E-1);
#1882=CARTESIAN_POINT('',(5.405E0,-7.303E0,7.275E0));
#1883=LINE('',#1882,#1881);
#1884=DIRECTION('',(-3.481553119114E-1,3.481553119114E-1,-8.703882797785E-1));
#1885=VECTOR('',#1884,5.744562646538E-1);
#1886=CARTESIAN_POINT('',(4.955E0,-7.503E0,7.775E0));
#1887=LINE('',#1886,#1885);
#1888=DIRECTION('',(-1.E0,0.E0,0.E0));
#1889=VECTOR('',#1888,6.5E-1);
#1890=CARTESIAN_POINT('',(5.405E0,-7.303E0,7.275E0));
#1891=LINE('',#1890,#1889);
#1892=DIRECTION('',(-1.E0,0.E0,0.E0));
#1893=VECTOR('',#1892,6.5E-1);
#1894=CARTESIAN_POINT('',(5.405E0,-7.303E0,-7.62E-1));
#1895=LINE('',#1894,#1893);
#1896=DIRECTION('',(0.E0,0.E0,1.E0));
#1897=VECTOR('',#1896,8.037E0);
#1898=CARTESIAN_POINT('',(5.405E0,-7.303E0,-7.62E-1));
#1899=LINE('',#1898,#1897);
#1900=DIRECTION('',(-1.E0,0.E0,0.E0));
#1901=VECTOR('',#1900,6.5E-1);
#1902=CARTESIAN_POINT('',(5.405E0,-7.12E0,-9.45E-1));
#1903=LINE('',#1902,#1901);
#1904=CARTESIAN_POINT('',(5.405E0,-7.12E0,-7.62E-1));
#1905=DIRECTION('',(-1.E0,0.E0,0.E0));
#1906=DIRECTION('',(0.E0,0.E0,-1.E0));
#1907=AXIS2_PLACEMENT_3D('',#1904,#1905,#1906);
#1909=DIRECTION('',(-3.481553119114E-1,-8.703882797785E-1,3.481553119114E-1));
#1910=VECTOR('',#1909,5.744562646538E-1);
#1911=CARTESIAN_POINT('',(4.955E0,4.52E0,-1.145E0));
#1912=LINE('',#1911,#1910);
#1913=DIRECTION('',(-3.481553119114E-1,-8.703882797785E-1,-3.481553119114E-1));
#1914=VECTOR('',#1913,5.744562646538E-1);
#1915=CARTESIAN_POINT('',(4.955E0,4.52E0,-1.395E0));
#1916=LINE('',#1915,#1914);
#1917=DIRECTION('',(1.E0,0.E0,0.E0));
#1918=VECTOR('',#1917,2.5E-1);
#1919=CARTESIAN_POINT('',(4.955E0,4.52E0,-1.145E0));
#1920=LINE('',#1919,#1918);
#1921=DIRECTION('',(0.E0,0.E0,1.E0));
#1922=VECTOR('',#1921,2.5E-1);
#1923=CARTESIAN_POINT('',(4.955E0,4.52E0,-1.395E0));
#1924=LINE('',#1923,#1922);
#1925=DIRECTION('',(-1.E0,0.E0,0.E0));
#1926=VECTOR('',#1925,2.5E-1);
#1927=CARTESIAN_POINT('',(5.205E0,4.52E0,-1.395E0));
#1928=LINE('',#1927,#1926);
#1929=DIRECTION('',(0.E0,0.E0,-1.E0));
#1930=VECTOR('',#1929,2.5E-1);
#1931=CARTESIAN_POINT('',(5.205E0,4.52E0,-1.145E0));
#1932=LINE('',#1931,#1930);
#1933=DIRECTION('',(3.481553119114E-1,-8.703882797785E-1,3.481553119114E-1));
#1934=VECTOR('',#1933,5.744562646538E-1);
#1935=CARTESIAN_POINT('',(5.205E0,4.52E0,-1.145E0));
#1936=LINE('',#1935,#1934);
#1937=DIRECTION('',(3.481553119114E-1,-8.703882797785E-1,-3.481553119114E-1));
#1938=VECTOR('',#1937,5.744562646538E-1);
#1939=CARTESIAN_POINT('',(5.205E0,4.52E0,-1.395E0));
#1940=LINE('',#1939,#1938);
#1941=DIRECTION('',(0.E0,-1.E0,0.E0));
#1942=VECTOR('',#1941,2.52E0);
#1943=CARTESIAN_POINT('',(2.865E0,-4.6E0,-9.45E-1));
#1944=LINE('',#1943,#1942);
#1945=DIRECTION('',(1.E0,0.E0,0.E0));
#1946=VECTOR('',#1945,6.5E-1);
#1947=CARTESIAN_POINT('',(2.215E0,4.02E0,-9.45E-1));
#1948=LINE('',#1947,#1946);
#1949=DIRECTION('',(0.E0,-1.E0,0.E0));
#1950=VECTOR('',#1949,6.25E0);
#1951=CARTESIAN_POINT('',(2.865E0,4.02E0,-9.45E-1));
#1952=LINE('',#1951,#1950);
#1953=DIRECTION('',(0.E0,1.E0,0.E0));
#1954=VECTOR('',#1953,6.5E-1);
#1955=CARTESIAN_POINT('',(2.865E0,-7.953E0,7.275E0));
#1956=LINE('',#1955,#1954);
#1957=DIRECTION('',(0.E0,-1.E0,0.E0));
#1958=VECTOR('',#1957,2.52E0);
#1959=CARTESIAN_POINT('',(2.865E0,-4.6E0,-1.595E0));
#1960=LINE('',#1959,#1958);
#1961=CARTESIAN_POINT('',(2.865E0,-7.12E0,-7.62E-1));
#1962=DIRECTION('',(-1.E0,0.E0,0.E0));
#1963=DIRECTION('',(0.E0,0.E0,-1.E0));
#1964=AXIS2_PLACEMENT_3D('',#1961,#1962,#1963);
#1966=DIRECTION('',(0.E0,0.E0,1.E0));
#1967=VECTOR('',#1966,8.037E0);
#1968=CARTESIAN_POINT('',(2.865E0,-7.953E0,-7.62E-1));
#1969=LINE('',#1968,#1967);
#1970=DIRECTION('',(0.E0,0.E0,-1.E0));
#1971=VECTOR('',#1970,6.5E-1);
#1972=CARTESIAN_POINT('',(2.865E0,4.02E0,-9.45E-1));
#1973=LINE('',#1972,#1971);
#1974=DIRECTION('',(0.E0,-1.E0,0.E0));
#1975=VECTOR('',#1974,6.25E0);
#1976=CARTESIAN_POINT('',(2.865E0,4.02E0,-1.595E0));
#1977=LINE('',#1976,#1975);
#1978=DIRECTION('',(3.481553119114E-1,3.481553119114E-1,8.703882797785E-1));
#1979=VECTOR('',#1978,5.744562646538E-1);
#1980=CARTESIAN_POINT('',(2.215E0,-7.953E0,7.275E0));
#1981=LINE('',#1980,#1979);
#1982=DIRECTION('',(3.481553119114E-1,-3.481553119114E-1,-8.703882797785E-1));
#1983=VECTOR('',#1982,5.744562646538E-1);
#1984=CARTESIAN_POINT('',(2.665E0,-7.753E0,7.775E0));
#1985=LINE('',#1984,#1983);
#1986=DIRECTION('',(1.E0,0.E0,0.E0));
#1987=VECTOR('',#1986,6.5E-1);
#1988=CARTESIAN_POINT('',(2.215E0,-7.953E0,7.275E0));
#1989=LINE('',#1988,#1987);
#1990=DIRECTION('',(1.E0,0.E0,0.E0));
#1991=VECTOR('',#1990,6.5E-1);
#1992=CARTESIAN_POINT('',(2.215E0,-7.953E0,-7.62E-1));
#1993=LINE('',#1992,#1991);
#1994=DIRECTION('',(0.E0,0.E0,1.E0));
#1995=VECTOR('',#1994,8.037E0);
#1996=CARTESIAN_POINT('',(2.215E0,-7.953E0,-7.62E-1));
#1997=LINE('',#1996,#1995);
#1998=DIRECTION('',(1.E0,0.E0,0.E0));
#1999=VECTOR('',#1998,6.5E-1);
#2000=CARTESIAN_POINT('',(2.215E0,-7.12E0,-1.595E0));
#2001=LINE('',#2000,#1999);
#2002=CARTESIAN_POINT('',(2.215E0,-7.12E0,-7.62E-1));
#2003=DIRECTION('',(-1.E0,0.E0,0.E0));
#2004=DIRECTION('',(0.E0,0.E0,-1.E0));
#2005=AXIS2_PLACEMENT_3D('',#2002,#2003,#2004);
#2007=DIRECTION('',(0.E0,-1.E0,0.E0));
#2008=VECTOR('',#2007,2.52E0);
#2009=CARTESIAN_POINT('',(2.215E0,-4.6E0,-1.595E0));
#2010=LINE('',#2009,#2008);
#2011=DIRECTION('',(-1.E0,0.E0,0.E0));
#2012=VECTOR('',#2011,6.5E-1);
#2013=CARTESIAN_POINT('',(2.865E0,4.02E0,-1.595E0));
#2014=LINE('',#2013,#2012);
#2015=DIRECTION('',(0.E0,-1.E0,0.E0));
#2016=VECTOR('',#2015,6.25E0);
#2017=CARTESIAN_POINT('',(2.215E0,4.02E0,-1.595E0));
#2018=LINE('',#2017,#2016);
#2019=DIRECTION('',(0.E0,-1.E0,0.E0));
#2020=VECTOR('',#2019,6.5E-1);
#2021=CARTESIAN_POINT('',(2.215E0,-7.303E0,7.275E0));
#2022=LINE('',#2021,#2020);
#2023=DIRECTION('',(0.E0,-1.E0,0.E0));
#2024=VECTOR('',#2023,2.52E0);
#2025=CARTESIAN_POINT('',(2.215E0,-4.6E0,-9.45E-1));
#2026=LINE('',#2025,#2024);
#2027=CARTESIAN_POINT('',(2.215E0,-7.12E0,-7.62E-1));
#2028=DIRECTION('',(-1.E0,0.E0,0.E0));
#2029=DIRECTION('',(0.E0,0.E0,-1.E0));
#2030=AXIS2_PLACEMENT_3D('',#2027,#2028,#2029);
#2032=DIRECTION('',(0.E0,0.E0,1.E0));
#2033=VECTOR('',#2032,8.037E0);
#2034=CARTESIAN_POINT('',(2.215E0,-7.303E0,-7.62E-1));
#2035=LINE('',#2034,#2033);
#2036=DIRECTION('',(0.E0,0.E0,1.E0));
#2037=VECTOR('',#2036,6.5E-1);
#2038=CARTESIAN_POINT('',(2.215E0,4.02E0,-1.595E0));
#2039=LINE('',#2038,#2037);
#2040=DIRECTION('',(0.E0,-1.E0,0.E0));
#2041=VECTOR('',#2040,6.25E0);
#2042=CARTESIAN_POINT('',(2.215E0,4.02E0,-9.45E-1));
#2043=LINE('',#2042,#2041);
#2044=DIRECTION('',(0.E0,1.E0,0.E0));
#2045=VECTOR('',#2044,2.5E-1);
#2046=CARTESIAN_POINT('',(2.665E0,-7.753E0,7.775E0));
#2047=LINE('',#2046,#2045);
#2048=DIRECTION('',(1.E0,0.E0,0.E0));
#2049=VECTOR('',#2048,2.5E-1);
#2050=CARTESIAN_POINT('',(2.415E0,-7.753E0,7.775E0));
#2051=LINE('',#2050,#2049);
#2052=DIRECTION('',(0.E0,-1.E0,0.E0));
#2053=VECTOR('',#2052,2.5E-1);
#2054=CARTESIAN_POINT('',(2.415E0,-7.503E0,7.775E0));
#2055=LINE('',#2054,#2053);
#2056=DIRECTION('',(-1.E0,0.E0,0.E0));
#2057=VECTOR('',#2056,2.5E-1);
#2058=CARTESIAN_POINT('',(2.665E0,-7.503E0,7.775E0));
#2059=LINE('',#2058,#2057);
#2060=DIRECTION('',(-3.481553119114E-1,-3.481553119114E-1,8.703882797785E-1));
#2061=VECTOR('',#2060,5.744562646538E-1);
#2062=CARTESIAN_POINT('',(2.865E0,-7.303E0,7.275E0));
#2063=LINE('',#2062,#2061);
#2064=DIRECTION('',(-3.481553119114E-1,3.481553119114E-1,-8.703882797785E-1));
#2065=VECTOR('',#2064,5.744562646538E-1);
#2066=CARTESIAN_POINT('',(2.415E0,-7.503E0,7.775E0));
#2067=LINE('',#2066,#2065);
#2068=DIRECTION('',(-1.E0,0.E0,0.E0));
#2069=VECTOR('',#2068,6.5E-1);
#2070=CARTESIAN_POINT('',(2.865E0,-7.303E0,7.275E0));
#2071=LINE('',#2070,#2069);
#2072=DIRECTION('',(-1.E0,0.E0,0.E0));
#2073=VECTOR('',#2072,6.5E-1);
#2074=CARTESIAN_POINT('',(2.865E0,-7.303E0,-7.62E-1));
#2075=LINE('',#2074,#2073);
#2076=DIRECTION('',(0.E0,0.E0,1.E0));
#2077=VECTOR('',#2076,8.037E0);
#2078=CARTESIAN_POINT('',(2.865E0,-7.303E0,-7.62E-1));
#2079=LINE('',#2078,#2077);
#2080=DIRECTION('',(-1.E0,0.E0,0.E0));
#2081=VECTOR('',#2080,6.5E-1);
#2082=CARTESIAN_POINT('',(2.865E0,-7.12E0,-9.45E-1));
#2083=LINE('',#2082,#2081);
#2084=CARTESIAN_POINT('',(2.865E0,-7.12E0,-7.62E-1));
#2085=DIRECTION('',(-1.E0,0.E0,0.E0));
#2086=DIRECTION('',(0.E0,0.E0,-1.E0));
#2087=AXIS2_PLACEMENT_3D('',#2084,#2085,#2086);
#2089=DIRECTION('',(-3.481553119114E-1,-8.703882797785E-1,3.481553119114E-1));
#2090=VECTOR('',#2089,5.744562646538E-1);
#2091=CARTESIAN_POINT('',(2.415E0,4.52E0,-1.145E0));
#2092=LINE('',#2091,#2090);
#2093=DIRECTION('',(-3.481553119114E-1,-8.703882797785E-1,-3.481553119114E-1));
#2094=VECTOR('',#2093,5.744562646538E-1);
#2095=CARTESIAN_POINT('',(2.415E0,4.52E0,-1.395E0));
#2096=LINE('',#2095,#2094);
#2097=DIRECTION('',(1.E0,0.E0,0.E0));
#2098=VECTOR('',#2097,2.5E-1);
#2099=CARTESIAN_POINT('',(2.415E0,4.52E0,-1.145E0));
#2100=LINE('',#2099,#2098);
#2101=DIRECTION('',(0.E0,0.E0,1.E0));
#2102=VECTOR('',#2101,2.5E-1);
#2103=CARTESIAN_POINT('',(2.415E0,4.52E0,-1.395E0));
#2104=LINE('',#2103,#2102);
#2105=DIRECTION('',(-1.E0,0.E0,0.E0));
#2106=VECTOR('',#2105,2.5E-1);
#2107=CARTESIAN_POINT('',(2.665E0,4.52E0,-1.395E0));
#2108=LINE('',#2107,#2106);
#2109=DIRECTION('',(0.E0,0.E0,-1.E0));
#2110=VECTOR('',#2109,2.5E-1);
#2111=CARTESIAN_POINT('',(2.665E0,4.52E0,-1.145E0));
#2112=LINE('',#2111,#2110);
#2113=DIRECTION('',(3.481553119114E-1,-8.703882797785E-1,3.481553119114E-1));
#2114=VECTOR('',#2113,5.744562646538E-1);
#2115=CARTESIAN_POINT('',(2.665E0,4.52E0,-1.145E0));
#2116=LINE('',#2115,#2114);
#2117=DIRECTION('',(3.481553119114E-1,-8.703882797785E-1,-3.481553119114E-1));
#2118=VECTOR('',#2117,5.744562646538E-1);
#2119=CARTESIAN_POINT('',(2.665E0,4.52E0,-1.395E0));
#2120=LINE('',#2119,#2118);
#2121=DIRECTION('',(0.E0,-1.E0,0.E0));
#2122=VECTOR('',#2121,2.52E0);
#2123=CARTESIAN_POINT('',(3.25E-1,-4.6E0,-9.45E-1));
#2124=LINE('',#2123,#2122);
#2125=DIRECTION('',(1.E0,0.E0,0.E0));
#2126=VECTOR('',#2125,6.5E-1);
#2127=CARTESIAN_POINT('',(-3.25E-1,4.02E0,-9.45E-1));
#2128=LINE('',#2127,#2126);
#2129=DIRECTION('',(0.E0,-1.E0,0.E0));
#2130=VECTOR('',#2129,6.25E0);
#2131=CARTESIAN_POINT('',(3.25E-1,4.02E0,-9.45E-1));
#2132=LINE('',#2131,#2130);
#2133=DIRECTION('',(0.E0,1.E0,0.E0));
#2134=VECTOR('',#2133,6.5E-1);
#2135=CARTESIAN_POINT('',(3.25E-1,-7.953E0,7.275E0));
#2136=LINE('',#2135,#2134);
#2137=DIRECTION('',(0.E0,-1.E0,0.E0));
#2138=VECTOR('',#2137,2.52E0);
#2139=CARTESIAN_POINT('',(3.25E-1,-4.6E0,-1.595E0));
#2140=LINE('',#2139,#2138);
#2141=CARTESIAN_POINT('',(3.25E-1,-7.12E0,-7.62E-1));
#2142=DIRECTION('',(-1.E0,0.E0,0.E0));
#2143=DIRECTION('',(0.E0,0.E0,-1.E0));
#2144=AXIS2_PLACEMENT_3D('',#2141,#2142,#2143);
#2146=DIRECTION('',(0.E0,0.E0,1.E0));
#2147=VECTOR('',#2146,8.037E0);
#2148=CARTESIAN_POINT('',(3.25E-1,-7.953E0,-7.62E-1));
#2149=LINE('',#2148,#2147);
#2150=DIRECTION('',(0.E0,0.E0,-1.E0));
#2151=VECTOR('',#2150,6.5E-1);
#2152=CARTESIAN_POINT('',(3.25E-1,4.02E0,-9.45E-1));
#2153=LINE('',#2152,#2151);
#2154=DIRECTION('',(0.E0,-1.E0,0.E0));
#2155=VECTOR('',#2154,6.25E0);
#2156=CARTESIAN_POINT('',(3.25E-1,4.02E0,-1.595E0));
#2157=LINE('',#2156,#2155);
#2158=DIRECTION('',(3.481553119114E-1,3.481553119114E-1,8.703882797785E-1));
#2159=VECTOR('',#2158,5.744562646538E-1);
#2160=CARTESIAN_POINT('',(-3.25E-1,-7.953E0,7.275E0));
#2161=LINE('',#2160,#2159);
#2162=DIRECTION('',(3.481553119114E-1,-3.481553119114E-1,-8.703882797785E-1));
#2163=VECTOR('',#2162,5.744562646538E-1);
#2164=CARTESIAN_POINT('',(1.25E-1,-7.753E0,7.775E0));
#2165=LINE('',#2164,#2163);
#2166=DIRECTION('',(1.E0,0.E0,0.E0));
#2167=VECTOR('',#2166,6.5E-1);
#2168=CARTESIAN_POINT('',(-3.25E-1,-7.953E0,7.275E0));
#2169=LINE('',#2168,#2167);
#2170=DIRECTION('',(1.E0,0.E0,0.E0));
#2171=VECTOR('',#2170,6.5E-1);
#2172=CARTESIAN_POINT('',(-3.25E-1,-7.953E0,-7.62E-1));
#2173=LINE('',#2172,#2171);
#2174=DIRECTION('',(0.E0,0.E0,1.E0));
#2175=VECTOR('',#2174,8.037E0);
#2176=CARTESIAN_POINT('',(-3.25E-1,-7.953E0,-7.62E-1));
#2177=LINE('',#2176,#2175);
#2178=DIRECTION('',(1.E0,0.E0,0.E0));
#2179=VECTOR('',#2178,6.5E-1);
#2180=CARTESIAN_POINT('',(-3.25E-1,-7.12E0,-1.595E0));
#2181=LINE('',#2180,#2179);
#2182=CARTESIAN_POINT('',(-3.25E-1,-7.12E0,-7.62E-1));
#2183=DIRECTION('',(-1.E0,0.E0,0.E0));
#2184=DIRECTION('',(0.E0,0.E0,-1.E0));
#2185=AXIS2_PLACEMENT_3D('',#2182,#2183,#2184);
#2187=DIRECTION('',(0.E0,-1.E0,0.E0));
#2188=VECTOR('',#2187,2.52E0);
#2189=CARTESIAN_POINT('',(-3.25E-1,-4.6E0,-1.595E0));
#2190=LINE('',#2189,#2188);
#2191=DIRECTION('',(-1.E0,0.E0,0.E0));
#2192=VECTOR('',#2191,6.5E-1);
#2193=CARTESIAN_POINT('',(3.25E-1,4.02E0,-1.595E0));
#2194=LINE('',#2193,#2192);
#2195=DIRECTION('',(0.E0,-1.E0,0.E0));
#2196=VECTOR('',#2195,6.25E0);
#2197=CARTESIAN_POINT('',(-3.25E-1,4.02E0,-1.595E0));
#2198=LINE('',#2197,#2196);
#2199=DIRECTION('',(0.E0,-1.E0,0.E0));
#2200=VECTOR('',#2199,6.5E-1);
#2201=CARTESIAN_POINT('',(-3.25E-1,-7.303E0,7.275E0));
#2202=LINE('',#2201,#2200);
#2203=DIRECTION('',(0.E0,-1.E0,0.E0));
#2204=VECTOR('',#2203,2.52E0);
#2205=CARTESIAN_POINT('',(-3.25E-1,-4.6E0,-9.45E-1));
#2206=LINE('',#2205,#2204);
#2207=CARTESIAN_POINT('',(-3.25E-1,-7.12E0,-7.62E-1));
#2208=DIRECTION('',(-1.E0,0.E0,0.E0));
#2209=DIRECTION('',(0.E0,0.E0,-1.E0));
#2210=AXIS2_PLACEMENT_3D('',#2207,#2208,#2209);
#2212=DIRECTION('',(0.E0,0.E0,1.E0));
#2213=VECTOR('',#2212,8.037E0);
#2214=CARTESIAN_POINT('',(-3.25E-1,-7.303E0,-7.62E-1));
#2215=LINE('',#2214,#2213);
#2216=DIRECTION('',(0.E0,0.E0,1.E0));
#2217=VECTOR('',#2216,6.5E-1);
#2218=CARTESIAN_POINT('',(-3.25E-1,4.02E0,-1.595E0));
#2219=LINE('',#2218,#2217);
#2220=DIRECTION('',(0.E0,-1.E0,0.E0));
#2221=VECTOR('',#2220,6.25E0);
#2222=CARTESIAN_POINT('',(-3.25E-1,4.02E0,-9.45E-1));
#2223=LINE('',#2222,#2221);
#2224=DIRECTION('',(0.E0,1.E0,0.E0));
#2225=VECTOR('',#2224,2.5E-1);
#2226=CARTESIAN_POINT('',(1.25E-1,-7.753E0,7.775E0));
#2227=LINE('',#2226,#2225);
#2228=DIRECTION('',(1.E0,0.E0,0.E0));
#2229=VECTOR('',#2228,2.5E-1);
#2230=CARTESIAN_POINT('',(-1.25E-1,-7.753E0,7.775E0));
#2231=LINE('',#2230,#2229);
#2232=DIRECTION('',(0.E0,-1.E0,0.E0));
#2233=VECTOR('',#2232,2.5E-1);
#2234=CARTESIAN_POINT('',(-1.25E-1,-7.503E0,7.775E0));
#2235=LINE('',#2234,#2233);
#2236=DIRECTION('',(-1.E0,0.E0,0.E0));
#2237=VECTOR('',#2236,2.5E-1);
#2238=CARTESIAN_POINT('',(1.25E-1,-7.503E0,7.775E0));
#2239=LINE('',#2238,#2237);
#2240=DIRECTION('',(-3.481553119114E-1,-3.481553119114E-1,8.703882797785E-1));
#2241=VECTOR('',#2240,5.744562646538E-1);
#2242=CARTESIAN_POINT('',(3.25E-1,-7.303E0,7.275E0));
#2243=LINE('',#2242,#2241);
#2244=DIRECTION('',(-3.481553119114E-1,3.481553119114E-1,-8.703882797785E-1));
#2245=VECTOR('',#2244,5.744562646538E-1);
#2246=CARTESIAN_POINT('',(-1.25E-1,-7.503E0,7.775E0));
#2247=LINE('',#2246,#2245);
#2248=DIRECTION('',(-1.E0,0.E0,0.E0));
#2249=VECTOR('',#2248,6.5E-1);
#2250=CARTESIAN_POINT('',(3.25E-1,-7.303E0,7.275E0));
#2251=LINE('',#2250,#2249);
#2252=DIRECTION('',(-1.E0,0.E0,0.E0));
#2253=VECTOR('',#2252,6.5E-1);
#2254=CARTESIAN_POINT('',(3.25E-1,-7.303E0,-7.62E-1));
#2255=LINE('',#2254,#2253);
#2256=DIRECTION('',(0.E0,0.E0,1.E0));
#2257=VECTOR('',#2256,8.037E0);
#2258=CARTESIAN_POINT('',(3.25E-1,-7.303E0,-7.62E-1));
#2259=LINE('',#2258,#2257);
#2260=DIRECTION('',(-1.E0,0.E0,0.E0));
#2261=VECTOR('',#2260,6.5E-1);
#2262=CARTESIAN_POINT('',(3.25E-1,-7.12E0,-9.45E-1));
#2263=LINE('',#2262,#2261);
#2264=CARTESIAN_POINT('',(3.25E-1,-7.12E0,-7.62E-1));
#2265=DIRECTION('',(-1.E0,0.E0,0.E0));
#2266=DIRECTION('',(0.E0,0.E0,-1.E0));
#2267=AXIS2_PLACEMENT_3D('',#2264,#2265,#2266);
#2269=DIRECTION('',(-3.481553119114E-1,-8.703882797785E-1,3.481553119114E-1));
#2270=VECTOR('',#2269,5.744562646538E-1);
#2271=CARTESIAN_POINT('',(-1.25E-1,4.52E0,-1.145E0));
#2272=LINE('',#2271,#2270);
#2273=DIRECTION('',(-3.481553119114E-1,-8.703882797785E-1,-3.481553119114E-1));
#2274=VECTOR('',#2273,5.744562646538E-1);
#2275=CARTESIAN_POINT('',(-1.25E-1,4.52E0,-1.395E0));
#2276=LINE('',#2275,#2274);
#2277=DIRECTION('',(1.E0,0.E0,0.E0));
#2278=VECTOR('',#2277,2.5E-1);
#2279=CARTESIAN_POINT('',(-1.25E-1,4.52E0,-1.145E0));
#2280=LINE('',#2279,#2278);
#2281=DIRECTION('',(0.E0,0.E0,1.E0));
#2282=VECTOR('',#2281,2.5E-1);
#2283=CARTESIAN_POINT('',(-1.25E-1,4.52E0,-1.395E0));
#2284=LINE('',#2283,#2282);
#2285=DIRECTION('',(-1.E0,0.E0,0.E0));
#2286=VECTOR('',#2285,2.5E-1);
#2287=CARTESIAN_POINT('',(1.25E-1,4.52E0,-1.395E0));
#2288=LINE('',#2287,#2286);
#2289=DIRECTION('',(0.E0,0.E0,-1.E0));
#2290=VECTOR('',#2289,2.5E-1);
#2291=CARTESIAN_POINT('',(1.25E-1,4.52E0,-1.145E0));
#2292=LINE('',#2291,#2290);
#2293=DIRECTION('',(3.481553119114E-1,-8.703882797785E-1,3.481553119114E-1));
#2294=VECTOR('',#2293,5.744562646538E-1);
#2295=CARTESIAN_POINT('',(1.25E-1,4.52E0,-1.145E0));
#2296=LINE('',#2295,#2294);
#2297=DIRECTION('',(3.481553119114E-1,-8.703882797785E-1,-3.481553119114E-1));
#2298=VECTOR('',#2297,5.744562646538E-1);
#2299=CARTESIAN_POINT('',(1.25E-1,4.52E0,-1.395E0));
#2300=LINE('',#2299,#2298);
#2301=DIRECTION('',(0.E0,-1.E0,0.E0));
#2302=VECTOR('',#2301,2.52E0);
#2303=CARTESIAN_POINT('',(-2.215E0,-4.6E0,-9.45E-1));
#2304=LINE('',#2303,#2302);
#2305=DIRECTION('',(1.E0,0.E0,0.E0));
#2306=VECTOR('',#2305,6.5E-1);
#2307=CARTESIAN_POINT('',(-2.865E0,4.02E0,-9.45E-1));
#2308=LINE('',#2307,#2306);
#2309=DIRECTION('',(0.E0,-1.E0,0.E0));
#2310=VECTOR('',#2309,6.25E0);
#2311=CARTESIAN_POINT('',(-2.215E0,4.02E0,-9.45E-1));
#2312=LINE('',#2311,#2310);
#2313=DIRECTION('',(0.E0,1.E0,0.E0));
#2314=VECTOR('',#2313,6.5E-1);
#2315=CARTESIAN_POINT('',(-2.215E0,-7.953E0,7.275E0));
#2316=LINE('',#2315,#2314);
#2317=DIRECTION('',(0.E0,-1.E0,0.E0));
#2318=VECTOR('',#2317,2.52E0);
#2319=CARTESIAN_POINT('',(-2.215E0,-4.6E0,-1.595E0));
#2320=LINE('',#2319,#2318);
#2321=CARTESIAN_POINT('',(-2.215E0,-7.12E0,-7.62E-1));
#2322=DIRECTION('',(-1.E0,0.E0,0.E0));
#2323=DIRECTION('',(0.E0,0.E0,-1.E0));
#2324=AXIS2_PLACEMENT_3D('',#2321,#2322,#2323);
#2326=DIRECTION('',(0.E0,0.E0,1.E0));
#2327=VECTOR('',#2326,8.037E0);
#2328=CARTESIAN_POINT('',(-2.215E0,-7.953E0,-7.62E-1));
#2329=LINE('',#2328,#2327);
#2330=DIRECTION('',(0.E0,0.E0,-1.E0));
#2331=VECTOR('',#2330,6.5E-1);
#2332=CARTESIAN_POINT('',(-2.215E0,4.02E0,-9.45E-1));
#2333=LINE('',#2332,#2331);
#2334=DIRECTION('',(0.E0,-1.E0,0.E0));
#2335=VECTOR('',#2334,6.25E0);
#2336=CARTESIAN_POINT('',(-2.215E0,4.02E0,-1.595E0));
#2337=LINE('',#2336,#2335);
#2338=DIRECTION('',(3.481553119114E-1,3.481553119114E-1,8.703882797785E-1));
#2339=VECTOR('',#2338,5.744562646538E-1);
#2340=CARTESIAN_POINT('',(-2.865E0,-7.953E0,7.275E0));
#2341=LINE('',#2340,#2339);
#2342=DIRECTION('',(3.481553119114E-1,-3.481553119114E-1,-8.703882797785E-1));
#2343=VECTOR('',#2342,5.744562646538E-1);
#2344=CARTESIAN_POINT('',(-2.415E0,-7.753E0,7.775E0));
#2345=LINE('',#2344,#2343);
#2346=DIRECTION('',(1.E0,0.E0,0.E0));
#2347=VECTOR('',#2346,6.5E-1);
#2348=CARTESIAN_POINT('',(-2.865E0,-7.953E0,7.275E0));
#2349=LINE('',#2348,#2347);
#2350=DIRECTION('',(1.E0,0.E0,0.E0));
#2351=VECTOR('',#2350,6.5E-1);
#2352=CARTESIAN_POINT('',(-2.865E0,-7.953E0,-7.62E-1));
#2353=LINE('',#2352,#2351);
#2354=DIRECTION('',(0.E0,0.E0,1.E0));
#2355=VECTOR('',#2354,8.037E0);
#2356=CARTESIAN_POINT('',(-2.865E0,-7.953E0,-7.62E-1));
#2357=LINE('',#2356,#2355);
#2358=DIRECTION('',(1.E0,0.E0,0.E0));
#2359=VECTOR('',#2358,6.5E-1);
#2360=CARTESIAN_POINT('',(-2.865E0,-7.12E0,-1.595E0));
#2361=LINE('',#2360,#2359);
#2362=CARTESIAN_POINT('',(-2.865E0,-7.12E0,-7.62E-1));
#2363=DIRECTION('',(-1.E0,0.E0,0.E0));
#2364=DIRECTION('',(0.E0,0.E0,-1.E0));
#2365=AXIS2_PLACEMENT_3D('',#2362,#2363,#2364);
#2367=DIRECTION('',(0.E0,-1.E0,0.E0));
#2368=VECTOR('',#2367,2.52E0);
#2369=CARTESIAN_POINT('',(-2.865E0,-4.6E0,-1.595E0));
#2370=LINE('',#2369,#2368);
#2371=DIRECTION('',(-1.E0,0.E0,0.E0));
#2372=VECTOR('',#2371,6.5E-1);
#2373=CARTESIAN_POINT('',(-2.215E0,4.02E0,-1.595E0));
#2374=LINE('',#2373,#2372);
#2375=DIRECTION('',(0.E0,-1.E0,0.E0));
#2376=VECTOR('',#2375,6.25E0);
#2377=CARTESIAN_POINT('',(-2.865E0,4.02E0,-1.595E0));
#2378=LINE('',#2377,#2376);
#2379=DIRECTION('',(0.E0,-1.E0,0.E0));
#2380=VECTOR('',#2379,6.5E-1);
#2381=CARTESIAN_POINT('',(-2.865E0,-7.303E0,7.275E0));
#2382=LINE('',#2381,#2380);
#2383=DIRECTION('',(0.E0,-1.E0,0.E0));
#2384=VECTOR('',#2383,2.52E0);
#2385=CARTESIAN_POINT('',(-2.865E0,-4.6E0,-9.45E-1));
#2386=LINE('',#2385,#2384);
#2387=CARTESIAN_POINT('',(-2.865E0,-7.12E0,-7.62E-1));
#2388=DIRECTION('',(-1.E0,0.E0,0.E0));
#2389=DIRECTION('',(0.E0,0.E0,-1.E0));
#2390=AXIS2_PLACEMENT_3D('',#2387,#2388,#2389);
#2392=DIRECTION('',(0.E0,0.E0,1.E0));
#2393=VECTOR('',#2392,8.037E0);
#2394=CARTESIAN_POINT('',(-2.865E0,-7.303E0,-7.62E-1));
#2395=LINE('',#2394,#2393);
#2396=DIRECTION('',(0.E0,0.E0,1.E0));
#2397=VECTOR('',#2396,6.5E-1);
#2398=CARTESIAN_POINT('',(-2.865E0,4.02E0,-1.595E0));
#2399=LINE('',#2398,#2397);
#2400=DIRECTION('',(0.E0,-1.E0,0.E0));
#2401=VECTOR('',#2400,6.25E0);
#2402=CARTESIAN_POINT('',(-2.865E0,4.02E0,-9.45E-1));
#2403=LINE('',#2402,#2401);
#2404=DIRECTION('',(0.E0,1.E0,0.E0));
#2405=VECTOR('',#2404,2.5E-1);
#2406=CARTESIAN_POINT('',(-2.415E0,-7.753E0,7.775E0));
#2407=LINE('',#2406,#2405);
#2408=DIRECTION('',(1.E0,0.E0,0.E0));
#2409=VECTOR('',#2408,2.5E-1);
#2410=CARTESIAN_POINT('',(-2.665E0,-7.753E0,7.775E0));
#2411=LINE('',#2410,#2409);
#2412=DIRECTION('',(0.E0,-1.E0,0.E0));
#2413=VECTOR('',#2412,2.5E-1);
#2414=CARTESIAN_POINT('',(-2.665E0,-7.503E0,7.775E0));
#2415=LINE('',#2414,#2413);
#2416=DIRECTION('',(-1.E0,0.E0,0.E0));
#2417=VECTOR('',#2416,2.5E-1);
#2418=CARTESIAN_POINT('',(-2.415E0,-7.503E0,7.775E0));
#2419=LINE('',#2418,#2417);
#2420=DIRECTION('',(-3.481553119114E-1,-3.481553119114E-1,8.703882797785E-1));
#2421=VECTOR('',#2420,5.744562646538E-1);
#2422=CARTESIAN_POINT('',(-2.215E0,-7.303E0,7.275E0));
#2423=LINE('',#2422,#2421);
#2424=DIRECTION('',(-3.481553119114E-1,3.481553119114E-1,-8.703882797785E-1));
#2425=VECTOR('',#2424,5.744562646538E-1);
#2426=CARTESIAN_POINT('',(-2.665E0,-7.503E0,7.775E0));
#2427=LINE('',#2426,#2425);
#2428=DIRECTION('',(-1.E0,0.E0,0.E0));
#2429=VECTOR('',#2428,6.5E-1);
#2430=CARTESIAN_POINT('',(-2.215E0,-7.303E0,7.275E0));
#2431=LINE('',#2430,#2429);
#2432=DIRECTION('',(-1.E0,0.E0,0.E0));
#2433=VECTOR('',#2432,6.5E-1);
#2434=CARTESIAN_POINT('',(-2.215E0,-7.303E0,-7.62E-1));
#2435=LINE('',#2434,#2433);
#2436=DIRECTION('',(0.E0,0.E0,1.E0));
#2437=VECTOR('',#2436,8.037E0);
#2438=CARTESIAN_POINT('',(-2.215E0,-7.303E0,-7.62E-1));
#2439=LINE('',#2438,#2437);
#2440=DIRECTION('',(-1.E0,0.E0,0.E0));
#2441=VECTOR('',#2440,6.5E-1);
#2442=CARTESIAN_POINT('',(-2.215E0,-7.12E0,-9.45E-1));
#2443=LINE('',#2442,#2441);
#2444=CARTESIAN_POINT('',(-2.215E0,-7.12E0,-7.62E-1));
#2445=DIRECTION('',(-1.E0,0.E0,0.E0));
#2446=DIRECTION('',(0.E0,0.E0,-1.E0));
#2447=AXIS2_PLACEMENT_3D('',#2444,#2445,#2446);
#2449=DIRECTION('',(-3.481553119114E-1,-8.703882797785E-1,3.481553119114E-1));
#2450=VECTOR('',#2449,5.744562646538E-1);
#2451=CARTESIAN_POINT('',(-2.665E0,4.52E0,-1.145E0));
#2452=LINE('',#2451,#2450);
#2453=DIRECTION('',(-3.481553119114E-1,-8.703882797785E-1,-3.481553119114E-1));
#2454=VECTOR('',#2453,5.744562646538E-1);
#2455=CARTESIAN_POINT('',(-2.665E0,4.52E0,-1.395E0));
#2456=LINE('',#2455,#2454);
#2457=DIRECTION('',(1.E0,0.E0,0.E0));
#2458=VECTOR('',#2457,2.5E-1);
#2459=CARTESIAN_POINT('',(-2.665E0,4.52E0,-1.145E0));
#2460=LINE('',#2459,#2458);
#2461=DIRECTION('',(0.E0,0.E0,1.E0));
#2462=VECTOR('',#2461,2.5E-1);
#2463=CARTESIAN_POINT('',(-2.665E0,4.52E0,-1.395E0));
#2464=LINE('',#2463,#2462);
#2465=DIRECTION('',(-1.E0,0.E0,0.E0));
#2466=VECTOR('',#2465,2.5E-1);
#2467=CARTESIAN_POINT('',(-2.415E0,4.52E0,-1.395E0));
#2468=LINE('',#2467,#2466);
#2469=DIRECTION('',(0.E0,0.E0,-1.E0));
#2470=VECTOR('',#2469,2.5E-1);
#2471=CARTESIAN_POINT('',(-2.415E0,4.52E0,-1.145E0));
#2472=LINE('',#2471,#2470);
#2473=DIRECTION('',(3.481553119114E-1,-8.703882797785E-1,3.481553119114E-1));
#2474=VECTOR('',#2473,5.744562646538E-1);
#2475=CARTESIAN_POINT('',(-2.415E0,4.52E0,-1.145E0));
#2476=LINE('',#2475,#2474);
#2477=DIRECTION('',(3.481553119114E-1,-8.703882797785E-1,-3.481553119114E-1));
#2478=VECTOR('',#2477,5.744562646538E-1);
#2479=CARTESIAN_POINT('',(-2.415E0,4.52E0,-1.395E0));
#2480=LINE('',#2479,#2478);
#2481=DIRECTION('',(0.E0,-1.E0,0.E0));
#2482=VECTOR('',#2481,2.52E0);
#2483=CARTESIAN_POINT('',(-4.755E0,-4.6E0,-9.45E-1));
#2484=LINE('',#2483,#2482);
#2485=DIRECTION('',(1.E0,0.E0,0.E0));
#2486=VECTOR('',#2485,6.5E-1);
#2487=CARTESIAN_POINT('',(-5.405E0,4.02E0,-9.45E-1));
#2488=LINE('',#2487,#2486);
#2489=DIRECTION('',(0.E0,-1.E0,0.E0));
#2490=VECTOR('',#2489,6.25E0);
#2491=CARTESIAN_POINT('',(-4.755E0,4.02E0,-9.45E-1));
#2492=LINE('',#2491,#2490);
#2493=DIRECTION('',(0.E0,1.E0,0.E0));
#2494=VECTOR('',#2493,6.5E-1);
#2495=CARTESIAN_POINT('',(-4.755E0,-7.953E0,7.275E0));
#2496=LINE('',#2495,#2494);
#2497=DIRECTION('',(0.E0,-1.E0,0.E0));
#2498=VECTOR('',#2497,2.52E0);
#2499=CARTESIAN_POINT('',(-4.755E0,-4.6E0,-1.595E0));
#2500=LINE('',#2499,#2498);
#2501=CARTESIAN_POINT('',(-4.755E0,-7.12E0,-7.62E-1));
#2502=DIRECTION('',(-1.E0,0.E0,0.E0));
#2503=DIRECTION('',(0.E0,0.E0,-1.E0));
#2504=AXIS2_PLACEMENT_3D('',#2501,#2502,#2503);
#2506=DIRECTION('',(0.E0,0.E0,1.E0));
#2507=VECTOR('',#2506,8.037E0);
#2508=CARTESIAN_POINT('',(-4.755E0,-7.953E0,-7.62E-1));
#2509=LINE('',#2508,#2507);
#2510=DIRECTION('',(0.E0,0.E0,-1.E0));
#2511=VECTOR('',#2510,6.5E-1);
#2512=CARTESIAN_POINT('',(-4.755E0,4.02E0,-9.45E-1));
#2513=LINE('',#2512,#2511);
#2514=DIRECTION('',(0.E0,-1.E0,0.E0));
#2515=VECTOR('',#2514,6.25E0);
#2516=CARTESIAN_POINT('',(-4.755E0,4.02E0,-1.595E0));
#2517=LINE('',#2516,#2515);
#2518=DIRECTION('',(3.481553119114E-1,3.481553119114E-1,8.703882797785E-1));
#2519=VECTOR('',#2518,5.744562646538E-1);
#2520=CARTESIAN_POINT('',(-5.405E0,-7.953E0,7.275E0));
#2521=LINE('',#2520,#2519);
#2522=DIRECTION('',(3.481553119114E-1,-3.481553119114E-1,-8.703882797785E-1));
#2523=VECTOR('',#2522,5.744562646538E-1);
#2524=CARTESIAN_POINT('',(-4.955E0,-7.753E0,7.775E0));
#2525=LINE('',#2524,#2523);
#2526=DIRECTION('',(1.E0,0.E0,0.E0));
#2527=VECTOR('',#2526,6.5E-1);
#2528=CARTESIAN_POINT('',(-5.405E0,-7.953E0,7.275E0));
#2529=LINE('',#2528,#2527);
#2530=DIRECTION('',(1.E0,0.E0,0.E0));
#2531=VECTOR('',#2530,6.5E-1);
#2532=CARTESIAN_POINT('',(-5.405E0,-7.953E0,-7.62E-1));
#2533=LINE('',#2532,#2531);
#2534=DIRECTION('',(0.E0,0.E0,1.E0));
#2535=VECTOR('',#2534,8.037E0);
#2536=CARTESIAN_POINT('',(-5.405E0,-7.953E0,-7.62E-1));
#2537=LINE('',#2536,#2535);
#2538=DIRECTION('',(1.E0,0.E0,0.E0));
#2539=VECTOR('',#2538,6.5E-1);
#2540=CARTESIAN_POINT('',(-5.405E0,-7.12E0,-1.595E0));
#2541=LINE('',#2540,#2539);
#2542=CARTESIAN_POINT('',(-5.405E0,-7.12E0,-7.62E-1));
#2543=DIRECTION('',(-1.E0,0.E0,0.E0));
#2544=DIRECTION('',(0.E0,0.E0,-1.E0));
#2545=AXIS2_PLACEMENT_3D('',#2542,#2543,#2544);
#2547=DIRECTION('',(0.E0,-1.E0,0.E0));
#2548=VECTOR('',#2547,2.52E0);
#2549=CARTESIAN_POINT('',(-5.405E0,-4.6E0,-1.595E0));
#2550=LINE('',#2549,#2548);
#2551=DIRECTION('',(-1.E0,0.E0,0.E0));
#2552=VECTOR('',#2551,6.5E-1);
#2553=CARTESIAN_POINT('',(-4.755E0,4.02E0,-1.595E0));
#2554=LINE('',#2553,#2552);
#2555=DIRECTION('',(0.E0,-1.E0,0.E0));
#2556=VECTOR('',#2555,6.25E0);
#2557=CARTESIAN_POINT('',(-5.405E0,4.02E0,-1.595E0));
#2558=LINE('',#2557,#2556);
#2559=DIRECTION('',(0.E0,-1.E0,0.E0));
#2560=VECTOR('',#2559,6.5E-1);
#2561=CARTESIAN_POINT('',(-5.405E0,-7.303E0,7.275E0));
#2562=LINE('',#2561,#2560);
#2563=DIRECTION('',(0.E0,-1.E0,0.E0));
#2564=VECTOR('',#2563,2.52E0);
#2565=CARTESIAN_POINT('',(-5.405E0,-4.6E0,-9.45E-1));
#2566=LINE('',#2565,#2564);
#2567=CARTESIAN_POINT('',(-5.405E0,-7.12E0,-7.62E-1));
#2568=DIRECTION('',(-1.E0,0.E0,0.E0));
#2569=DIRECTION('',(0.E0,0.E0,-1.E0));
#2570=AXIS2_PLACEMENT_3D('',#2567,#2568,#2569);
#2572=DIRECTION('',(0.E0,0.E0,1.E0));
#2573=VECTOR('',#2572,8.037E0);
#2574=CARTESIAN_POINT('',(-5.405E0,-7.303E0,-7.62E-1));
#2575=LINE('',#2574,#2573);
#2576=DIRECTION('',(0.E0,0.E0,1.E0));
#2577=VECTOR('',#2576,6.5E-1);
#2578=CARTESIAN_POINT('',(-5.405E0,4.02E0,-1.595E0));
#2579=LINE('',#2578,#2577);
#2580=DIRECTION('',(0.E0,-1.E0,0.E0));
#2581=VECTOR('',#2580,6.25E0);
#2582=CARTESIAN_POINT('',(-5.405E0,4.02E0,-9.45E-1));
#2583=LINE('',#2582,#2581);
#2584=DIRECTION('',(0.E0,1.E0,0.E0));
#2585=VECTOR('',#2584,2.5E-1);
#2586=CARTESIAN_POINT('',(-4.955E0,-7.753E0,7.775E0));
#2587=LINE('',#2586,#2585);
#2588=DIRECTION('',(1.E0,0.E0,0.E0));
#2589=VECTOR('',#2588,2.5E-1);
#2590=CARTESIAN_POINT('',(-5.205E0,-7.753E0,7.775E0));
#2591=LINE('',#2590,#2589);
#2592=DIRECTION('',(0.E0,-1.E0,0.E0));
#2593=VECTOR('',#2592,2.5E-1);
#2594=CARTESIAN_POINT('',(-5.205E0,-7.503E0,7.775E0));
#2595=LINE('',#2594,#2593);
#2596=DIRECTION('',(-1.E0,0.E0,0.E0));
#2597=VECTOR('',#2596,2.5E-1);
#2598=CARTESIAN_POINT('',(-4.955E0,-7.503E0,7.775E0));
#2599=LINE('',#2598,#2597);
#2600=DIRECTION('',(-3.481553119114E-1,-3.481553119114E-1,8.703882797785E-1));
#2601=VECTOR('',#2600,5.744562646538E-1);
#2602=CARTESIAN_POINT('',(-4.755E0,-7.303E0,7.275E0));
#2603=LINE('',#2602,#2601);
#2604=DIRECTION('',(-3.481553119114E-1,3.481553119114E-1,-8.703882797785E-1));
#2605=VECTOR('',#2604,5.744562646538E-1);
#2606=CARTESIAN_POINT('',(-5.205E0,-7.503E0,7.775E0));
#2607=LINE('',#2606,#2605);
#2608=DIRECTION('',(-1.E0,0.E0,0.E0));
#2609=VECTOR('',#2608,6.5E-1);
#2610=CARTESIAN_POINT('',(-4.755E0,-7.303E0,7.275E0));
#2611=LINE('',#2610,#2609);
#2612=DIRECTION('',(-1.E0,0.E0,0.E0));
#2613=VECTOR('',#2612,6.5E-1);
#2614=CARTESIAN_POINT('',(-4.755E0,-7.303E0,-7.62E-1));
#2615=LINE('',#2614,#2613);
#2616=DIRECTION('',(0.E0,0.E0,1.E0));
#2617=VECTOR('',#2616,8.037E0);
#2618=CARTESIAN_POINT('',(-4.755E0,-7.303E0,-7.62E-1));
#2619=LINE('',#2618,#2617);
#2620=DIRECTION('',(-1.E0,0.E0,0.E0));
#2621=VECTOR('',#2620,6.5E-1);
#2622=CARTESIAN_POINT('',(-4.755E0,-7.12E0,-9.45E-1));
#2623=LINE('',#2622,#2621);
#2624=CARTESIAN_POINT('',(-4.755E0,-7.12E0,-7.62E-1));
#2625=DIRECTION('',(-1.E0,0.E0,0.E0));
#2626=DIRECTION('',(0.E0,0.E0,-1.E0));
#2627=AXIS2_PLACEMENT_3D('',#2624,#2625,#2626);
#2629=DIRECTION('',(-3.481553119114E-1,-8.703882797785E-1,3.481553119114E-1));
#2630=VECTOR('',#2629,5.744562646538E-1);
#2631=CARTESIAN_POINT('',(-5.205E0,4.52E0,-1.145E0));
#2632=LINE('',#2631,#2630);
#2633=DIRECTION('',(-3.481553119114E-1,-8.703882797785E-1,-3.481553119114E-1));
#2634=VECTOR('',#2633,5.744562646538E-1);
#2635=CARTESIAN_POINT('',(-5.205E0,4.52E0,-1.395E0));
#2636=LINE('',#2635,#2634);
#2637=DIRECTION('',(1.E0,0.E0,0.E0));
#2638=VECTOR('',#2637,2.5E-1);
#2639=CARTESIAN_POINT('',(-5.205E0,4.52E0,-1.145E0));
#2640=LINE('',#2639,#2638);
#2641=DIRECTION('',(0.E0,0.E0,1.E0));
#2642=VECTOR('',#2641,2.5E-1);
#2643=CARTESIAN_POINT('',(-5.205E0,4.52E0,-1.395E0));
#2644=LINE('',#2643,#2642);
#2645=DIRECTION('',(-1.E0,0.E0,0.E0));
#2646=VECTOR('',#2645,2.5E-1);
#2647=CARTESIAN_POINT('',(-4.955E0,4.52E0,-1.395E0));
#2648=LINE('',#2647,#2646);
#2649=DIRECTION('',(0.E0,0.E0,-1.E0));
#2650=VECTOR('',#2649,2.5E-1);
#2651=CARTESIAN_POINT('',(-4.955E0,4.52E0,-1.145E0));
#2652=LINE('',#2651,#2650);
#2653=DIRECTION('',(3.481553119114E-1,-8.703882797785E-1,3.481553119114E-1));
#2654=VECTOR('',#2653,5.744562646538E-1);
#2655=CARTESIAN_POINT('',(-4.955E0,4.52E0,-1.145E0));
#2656=LINE('',#2655,#2654);
#2657=DIRECTION('',(3.481553119114E-1,-8.703882797785E-1,-3.481553119114E-1));
#2658=VECTOR('',#2657,5.744562646538E-1);
#2659=CARTESIAN_POINT('',(-4.955E0,4.52E0,-1.395E0));
#2660=LINE('',#2659,#2658);
#2661=DIRECTION('',(2.588190451025E-1,0.E0,9.659258262891E-1));
#2662=VECTOR('',#2661,8.023390398178E-1);
#2663=CARTESIAN_POINT('',(2.825E0,2.47E0,-4.875E0));
#2664=LINE('',#2663,#2662);
#2665=CARTESIAN_POINT('',(-7.52E0,5.45E0,4.875E0));
#2666=CARTESIAN_POINT('',(-7.52E0,-5.45E0,4.875E0));
#2667=VERTEX_POINT('',#2665);
#2668=VERTEX_POINT('',#2666);
#2669=CARTESIAN_POINT('',(7.52E0,-5.45E0,4.875E0));
#2670=CARTESIAN_POINT('',(7.52E0,5.45E0,4.875E0));
#2671=VERTEX_POINT('',#2669);
#2672=VERTEX_POINT('',#2670);
#2673=CARTESIAN_POINT('',(-6.47E0,5.45E0,4.1E0));
#2674=CARTESIAN_POINT('',(-6.62E0,5.45E0,4.25E0));
#2675=VERTEX_POINT('',#2673);
#2676=VERTEX_POINT('',#2674);
#2677=CARTESIAN_POINT('',(-6.62E0,5.45E0,4.875E0));
#2678=VERTEX_POINT('',#2677);
#2679=CARTESIAN_POINT('',(6.62E0,5.45E0,4.875E0));
#2680=VERTEX_POINT('',#2679);
#2681=CARTESIAN_POINT('',(-6.62E0,-5.45E0,4.875E0));
#2682=VERTEX_POINT('',#2681);
#2683=CARTESIAN_POINT('',(6.62E0,-5.45E0,4.875E0));
#2684=VERTEX_POINT('',#2683);
#2685=CARTESIAN_POINT('',(-7.52E0,-5.45E0,-2.875E0));
#2686=CARTESIAN_POINT('',(-7.52E0,-4.6E0,-2.875E0));
#2687=VERTEX_POINT('',#2685);
#2688=VERTEX_POINT('',#2686);
#2689=CARTESIAN_POINT('',(-7.52E0,-4.6E0,2.825E0));
#2690=VERTEX_POINT('',#2689);
#2691=CARTESIAN_POINT('',(-7.52E0,-5.45E0,2.825E0));
#2692=VERTEX_POINT('',#2691);
#2693=CARTESIAN_POINT('',(-6.62E0,-5.45E0,-2.875E0));
#2694=VERTEX_POINT('',#2693);
#2695=CARTESIAN_POINT('',(6.62E0,-5.45E0,-2.875E0));
#2696=CARTESIAN_POINT('',(7.52E0,-5.45E0,-2.875E0));
#2697=VERTEX_POINT('',#2695);
#2698=VERTEX_POINT('',#2696);
#2699=CARTESIAN_POINT('',(-6.62E0,-5.45E0,2.825E0));
#2700=VERTEX_POINT('',#2699);
#2701=CARTESIAN_POINT('',(6.62E0,-5.45E0,2.825E0));
#2702=CARTESIAN_POINT('',(7.52E0,-5.45E0,2.825E0));
#2703=VERTEX_POINT('',#2701);
#2704=VERTEX_POINT('',#2702);
#2705=CARTESIAN_POINT('',(7.52E0,-4.6E0,-2.875E0));
#2706=VERTEX_POINT('',#2705);
#2707=CARTESIAN_POINT('',(7.52E0,-4.6E0,2.825E0));
#2708=VERTEX_POINT('',#2707);
#2709=CARTESIAN_POINT('',(6.62E0,-3.1E0,2.525E0));
#2710=CARTESIAN_POINT('',(-6.62E0,-3.1E0,2.525E0));
#2711=VERTEX_POINT('',#2709);
#2712=VERTEX_POINT('',#2710);
#2713=CARTESIAN_POINT('',(6.47E0,-3.1E0,4.1E0));
#2714=CARTESIAN_POINT('',(1.E0,-3.1E0,4.1E0));
#2715=VERTEX_POINT('',#2713);
#2716=VERTEX_POINT('',#2714);
#2717=CARTESIAN_POINT('',(-6.47E0,-3.1E0,4.1E0));
#2718=CARTESIAN_POINT('',(-6.62E0,-3.1E0,4.25E0));
#2719=VERTEX_POINT('',#2717);
#2720=VERTEX_POINT('',#2718);
#2721=CARTESIAN_POINT('',(-6.62E0,-4.6E0,2.825E0));
#2722=VERTEX_POINT('',#2721);
#2723=CARTESIAN_POINT('',(6.62E0,-4.6E0,2.825E0));
#2724=VERTEX_POINT('',#2723);
#2725=CARTESIAN_POINT('',(6.62E0,-3.1E0,4.25E0));
#2726=VERTEX_POINT('',#2725);
#2727=CARTESIAN_POINT('',(6.62E0,-3.1E0,-2.575E0));
#2728=CARTESIAN_POINT('',(-6.62E0,-3.1E0,-2.575E0));
#2729=VERTEX_POINT('',#2727);
#2730=VERTEX_POINT('',#2728);
#2731=CARTESIAN_POINT('',(-6.62E0,-4.6E0,-2.875E0));
#2732=VERTEX_POINT('',#2731);
#2733=CARTESIAN_POINT('',(6.62E0,-4.6E0,-2.875E0));
#2734=VERTEX_POINT('',#2733);
#2735=CARTESIAN_POINT('',(-6.62E0,-4.6E0,2.4488E0));
#2736=CARTESIAN_POINT('',(6.62E0,-4.6E0,2.4488E0));
#2737=VERTEX_POINT('',#2735);
#2738=VERTEX_POINT('',#2736);
#2739=CARTESIAN_POINT('',(-6.62E0,-4.5238E0,2.525E0));
#2740=CARTESIAN_POINT('',(6.62E0,-4.5238E0,2.525E0));
#2741=VERTEX_POINT('',#2739);
#2742=VERTEX_POINT('',#2740);
#2743=CARTESIAN_POINT('',(-6.62E0,-4.6E0,-2.4988E0));
#2744=CARTESIAN_POINT('',(6.62E0,-4.6E0,-2.4988E0));
#2745=VERTEX_POINT('',#2743);
#2746=VERTEX_POINT('',#2744);
#2747=CARTESIAN_POINT('',(-6.62E0,-4.5238E0,-2.575E0));
#2748=CARTESIAN_POINT('',(6.62E0,-4.5238E0,-2.575E0));
#2749=VERTEX_POINT('',#2747);
#2750=VERTEX_POINT('',#2748);
#2751=CARTESIAN_POINT('',(-6.6E0,-1.73E0,3.175E0));
#2752=CARTESIAN_POINT('',(6.6E0,-1.73E0,3.175E0));
#2753=VERTEX_POINT('',#2751);
#2754=VERTEX_POINT('',#2752);
#2755=CARTESIAN_POINT('',(6.6E0,-1.73E0,-3.175E0));
#2756=CARTESIAN_POINT('',(2.012488663526E0,-1.73E0,-3.175E0));
#2757=VERTEX_POINT('',#2755);
#2758=VERTEX_POINT('',#2756);
#2759=CARTESIAN_POINT('',(-2.012488663526E0,-1.73E0,-3.175E0));
#2760=CARTESIAN_POINT('',(-6.6E0,-1.73E0,-3.175E0));
#2761=VERTEX_POINT('',#2759);
#2762=VERTEX_POINT('',#2760);
#2763=CARTESIAN_POINT('',(-6.6E0,-2.23E0,-2.54E0));
#2764=CARTESIAN_POINT('',(-6.6E0,-2.23E0,2.54E0));
#2765=VERTEX_POINT('',#2763);
#2766=VERTEX_POINT('',#2764);
#2767=CARTESIAN_POINT('',(6.6E0,-2.23E0,2.54E0));
#2768=VERTEX_POINT('',#2767);
#2769=CARTESIAN_POINT('',(6.6E0,-2.23E0,-2.54E0));
#2770=VERTEX_POINT('',#2769);
#2771=CARTESIAN_POINT('',(-6.6E0,-1.73E0,2.54E0));
#2772=CARTESIAN_POINT('',(6.6E0,-1.73E0,2.54E0));
#2773=VERTEX_POINT('',#2771);
#2774=VERTEX_POINT('',#2772);
#2775=CARTESIAN_POINT('',(-6.6E0,-1.73E0,-2.54E0));
#2776=CARTESIAN_POINT('',(6.6E0,-1.73E0,-2.54E0));
#2777=VERTEX_POINT('',#2775);
#2778=VERTEX_POINT('',#2776);
#2779=CARTESIAN_POINT('',(-7.52E0,5.45E0,-4.1E0));
#2780=CARTESIAN_POINT('',(-7.52E0,-5.45E0,-4.1E0));
#2781=VERTEX_POINT('',#2779);
#2782=VERTEX_POINT('',#2780);
#2783=CARTESIAN_POINT('',(-6.62E0,-5.45E0,-4.1E0));
#2784=VERTEX_POINT('',#2783);
#2785=CARTESIAN_POINT('',(7.52E0,-5.45E0,-4.1E0));
#2786=CARTESIAN_POINT('',(6.62E0,-5.45E0,-4.1E0));
#2787=VERTEX_POINT('',#2785);
#2788=VERTEX_POINT('',#2786);
#2789=CARTESIAN_POINT('',(7.52E0,5.45E0,-4.1E0));
#2790=VERTEX_POINT('',#2789);
#2791=CARTESIAN_POINT('',(-3.032660624134E0,5.45E0,-4.1E0));
#2792=VERTEX_POINT('',#2791);
#2793=CARTESIAN_POINT('',(-2.825E0,5.45E0,-4.875E0));
#2794=VERTEX_POINT('',#2793);
#2795=CARTESIAN_POINT('',(2.825E0,5.45E0,-4.875E0));
#2796=CARTESIAN_POINT('',(3.032660624134E0,5.45E0,-4.1E0));
#2797=VERTEX_POINT('',#2795);
#2798=VERTEX_POINT('',#2796);
#2799=CARTESIAN_POINT('',(-6.62E0,-3.1E0,-4.1E0));
#2800=VERTEX_POINT('',#2799);
#2801=CARTESIAN_POINT('',(6.62E0,-3.1E0,-4.1E0));
#2802=VERTEX_POINT('',#2801);
#2803=CARTESIAN_POINT('',(-2.825E0,2.47E0,-4.875E0));
#2804=CARTESIAN_POINT('',(2.825E0,2.47E0,-4.875E0));
#2805=VERTEX_POINT('',#2803);
#2806=VERTEX_POINT('',#2804);
#2807=CARTESIAN_POINT('',(-1.931561649764E0,-1.73E0,-4.1E0));
#2808=CARTESIAN_POINT('',(1.931561649764E0,-1.73E0,-4.1E0));
#2809=VERTEX_POINT('',#2807);
#2810=VERTEX_POINT('',#2808);
#2811=CARTESIAN_POINT('',(1.925E0,2.47E0,-4.175E0));
#2812=CARTESIAN_POINT('',(1.931561649764E0,2.47E0,-4.1E0));
#2813=VERTEX_POINT('',#2811);
#2814=VERTEX_POINT('',#2812);
#2815=CARTESIAN_POINT('',(-1.925E0,2.47E0,-4.175E0));
#2816=VERTEX_POINT('',#2815);
#2817=CARTESIAN_POINT('',(-1.931561649764E0,2.47E0,-4.1E0));
#2818=VERTEX_POINT('',#2817);
#2819=CARTESIAN_POINT('',(-3.032660624134E0,2.47E0,-4.1E0));
#2820=VERTEX_POINT('',#2819);
#2821=CARTESIAN_POINT('',(3.032660624134E0,2.47E0,-4.1E0));
#2822=VERTEX_POINT('',#2821);
#2823=CARTESIAN_POINT('',(-6.9E0,5.45E0,-3.475E0));
#2824=CARTESIAN_POINT('',(-6.9E0,5.45E0,3.475E0));
#2825=VERTEX_POINT('',#2823);
#2826=VERTEX_POINT('',#2824);
#2827=CARTESIAN_POINT('',(-6.6E0,5.15E0,-3.175E0));
#2828=CARTESIAN_POINT('',(-6.6E0,5.15E0,3.175E0));
#2829=VERTEX_POINT('',#2827);
#2830=VERTEX_POINT('',#2828);
#2831=CARTESIAN_POINT('',(6.9E0,5.45E0,3.475E0));
#2832=VERTEX_POINT('',#2831);
#2833=CARTESIAN_POINT('',(6.6E0,5.15E0,3.175E0));
#2834=VERTEX_POINT('',#2833);
#2835=CARTESIAN_POINT('',(6.9E0,5.45E0,-3.475E0));
#2836=VERTEX_POINT('',#2835);
#2837=CARTESIAN_POINT('',(6.6E0,5.15E0,-3.175E0));
#2838=VERTEX_POINT('',#2837);
#2839=CARTESIAN_POINT('',(1.986242064468E0,5.45E0,-3.475E0));
#2840=VERTEX_POINT('',#2839);
#2841=CARTESIAN_POINT('',(2.012488663526E0,5.15E0,-3.175E0));
#2842=VERTEX_POINT('',#2841);
#2843=CARTESIAN_POINT('',(1.898753400942E0,5.45E0,-4.475E0));
#2844=CARTESIAN_POINT('',(-1.898753400942E0,5.45E0,-4.475E0));
#2845=VERTEX_POINT('',#2843);
#2846=VERTEX_POINT('',#2844);
#2847=CARTESIAN_POINT('',(1.925E0,5.15E0,-4.175E0));
#2848=CARTESIAN_POINT('',(-1.925E0,5.15E0,-4.175E0));
#2849=VERTEX_POINT('',#2847);
#2850=VERTEX_POINT('',#2848);
#2851=CARTESIAN_POINT('',(-1.986242064468E0,5.45E0,-3.475E0));
#2852=VERTEX_POINT('',#2851);
#2853=CARTESIAN_POINT('',(-2.012488663526E0,5.15E0,-3.175E0));
#2854=VERTEX_POINT('',#2853);
#2855=CARTESIAN_POINT('',(6.62E0,5.45E0,4.25E0));
#2856=VERTEX_POINT('',#2855);
#2857=CARTESIAN_POINT('',(6.47E0,5.45E0,4.1E0));
#2858=VERTEX_POINT('',#2857);
#2859=CARTESIAN_POINT('',(-9.E-1,5.45E0,4.2E0));
#2860=CARTESIAN_POINT('',(-9.E-1,5.45E0,4.875E0));
#2861=VERTEX_POINT('',#2859);
#2862=VERTEX_POINT('',#2860);
#2863=CARTESIAN_POINT('',(9.E-1,5.45E0,4.875E0));
#2864=VERTEX_POINT('',#2863);
#2865=CARTESIAN_POINT('',(9.E-1,5.45E0,4.2E0));
#2866=VERTEX_POINT('',#2865);
#2867=CARTESIAN_POINT('',(1.E0,5.45E0,4.1E0));
#2868=VERTEX_POINT('',#2867);
#2869=CARTESIAN_POINT('',(-1.E0,5.45E0,4.1E0));
#2870=VERTEX_POINT('',#2869);
#2871=CARTESIAN_POINT('',(-1.E0,-3.1E0,4.1E0));
#2872=VERTEX_POINT('',#2871);
#2873=CARTESIAN_POINT('',(-9.E-1,-3.1E0,4.2E0));
#2874=CARTESIAN_POINT('',(-9.E-1,-3.1E0,4.875E0));
#2875=VERTEX_POINT('',#2873);
#2876=VERTEX_POINT('',#2874);
#2877=CARTESIAN_POINT('',(9.E-1,-3.1E0,4.875E0));
#2878=VERTEX_POINT('',#2877);
#2879=CARTESIAN_POINT('',(9.E-1,-3.1E0,4.2E0));
#2880=VERTEX_POINT('',#2879);
#2881=CARTESIAN_POINT('',(5.405E0,-4.763E0,1.778E0));
#2882=CARTESIAN_POINT('',(4.755E0,-4.763E0,1.778E0));
#2883=VERTEX_POINT('',#2881);
#2884=VERTEX_POINT('',#2882);
#2885=CARTESIAN_POINT('',(4.755E0,-5.413E0,1.778E0));
#2886=CARTESIAN_POINT('',(5.405E0,-5.413E0,1.778E0));
#2887=VERTEX_POINT('',#2885);
#2888=VERTEX_POINT('',#2886);
#2889=CARTESIAN_POINT('',(4.755E0,-4.6E0,1.596096179259E0));
#2890=CARTESIAN_POINT('',(4.755E0,-4.6E0,9.452401306499E-1));
#2891=VERTEX_POINT('',#2889);
#2892=VERTEX_POINT('',#2890);
#2893=CARTESIAN_POINT('',(5.405E0,-4.6E0,1.596096179259E0));
#2894=CARTESIAN_POINT('',(5.405E0,-4.6E0,9.452401306499E-1));
#2895=VERTEX_POINT('',#2893);
#2896=VERTEX_POINT('',#2894);
#2897=CARTESIAN_POINT('',(5.405E0,-2.23E0,1.595E0));
#2898=CARTESIAN_POINT('',(4.755E0,-2.23E0,1.595E0));
#2899=VERTEX_POINT('',#2897);
#2900=VERTEX_POINT('',#2898);
#2901=CARTESIAN_POINT('',(4.755E0,-2.23E0,9.45E-1));
#2902=VERTEX_POINT('',#2901);
#2903=CARTESIAN_POINT('',(5.405E0,-2.23E0,9.45E-1));
#2904=VERTEX_POINT('',#2903);
#2905=CARTESIAN_POINT('',(5.405E0,-7.12E0,-9.45E-1));
#2906=CARTESIAN_POINT('',(4.755E0,-7.12E0,-9.45E-1));
#2907=VERTEX_POINT('',#2905);
#2908=VERTEX_POINT('',#2906);
#2909=CARTESIAN_POINT('',(4.755E0,-7.12E0,-1.595E0));
#2910=CARTESIAN_POINT('',(5.405E0,-7.12E0,-1.595E0));
#2911=VERTEX_POINT('',#2909);
#2912=VERTEX_POINT('',#2910);
#2913=CARTESIAN_POINT('',(5.405E0,-7.303E0,-7.62E-1));
#2914=CARTESIAN_POINT('',(4.755E0,-7.303E0,-7.62E-1));
#2915=VERTEX_POINT('',#2913);
#2916=VERTEX_POINT('',#2914);
#2917=CARTESIAN_POINT('',(4.755E0,-7.953E0,-7.62E-1));
#2918=CARTESIAN_POINT('',(5.405E0,-7.953E0,-7.62E-1));
#2919=VERTEX_POINT('',#2917);
#2920=VERTEX_POINT('',#2918);
#2921=CARTESIAN_POINT('',(5.405E0,-2.23E0,-9.45E-1));
#2922=CARTESIAN_POINT('',(4.755E0,-2.23E0,-9.45E-1));
#2923=VERTEX_POINT('',#2921);
#2924=VERTEX_POINT('',#2922);
#2925=CARTESIAN_POINT('',(4.755E0,-2.23E0,-1.595E0));
#2926=VERTEX_POINT('',#2925);
#2927=CARTESIAN_POINT('',(5.405E0,-2.23E0,-1.595E0));
#2928=VERTEX_POINT('',#2927);
#2929=CARTESIAN_POINT('',(5.405E0,-4.6E0,-9.45E-1));
#2930=VERTEX_POINT('',#2929);
#2931=CARTESIAN_POINT('',(4.755E0,-4.6E0,-9.45E-1));
#2932=VERTEX_POINT('',#2931);
#2933=CARTESIAN_POINT('',(4.755E0,-4.6E0,-1.595E0));
#2934=VERTEX_POINT('',#2933);
#2935=CARTESIAN_POINT('',(5.405E0,-4.6E0,-1.595E0));
#2936=VERTEX_POINT('',#2935);
#2937=CARTESIAN_POINT('',(2.865E0,-4.763E0,1.778E0));
#2938=CARTESIAN_POINT('',(2.215E0,-4.763E0,1.778E0));
#2939=VERTEX_POINT('',#2937);
#2940=VERTEX_POINT('',#2938);
#2941=CARTESIAN_POINT('',(2.215E0,-5.413E0,1.778E0));
#2942=CARTESIAN_POINT('',(2.865E0,-5.413E0,1.778E0));
#2943=VERTEX_POINT('',#2941);
#2944=VERTEX_POINT('',#2942);
#2945=CARTESIAN_POINT('',(2.215E0,-4.6E0,9.452401306499E-1));
#2946=VERTEX_POINT('',#2945);
#2947=CARTESIAN_POINT('',(3.25E-1,-4.763E0,1.778E0));
#2948=CARTESIAN_POINT('',(-3.25E-1,-4.763E0,1.778E0));
#2949=VERTEX_POINT('',#2947);
#2950=VERTEX_POINT('',#2948);
#2951=CARTESIAN_POINT('',(-3.25E-1,-5.413E0,1.778E0));
#2952=CARTESIAN_POINT('',(3.25E-1,-5.413E0,1.778E0));
#2953=VERTEX_POINT('',#2951);
#2954=VERTEX_POINT('',#2952);
#2955=CARTESIAN_POINT('',(-2.215E0,-4.763E0,1.778E0));
#2956=CARTESIAN_POINT('',(-2.865E0,-4.763E0,1.778E0));
#2957=VERTEX_POINT('',#2955);
#2958=VERTEX_POINT('',#2956);
#2959=CARTESIAN_POINT('',(-2.865E0,-5.413E0,1.778E0));
#2960=CARTESIAN_POINT('',(-2.215E0,-5.413E0,1.778E0));
#2961=VERTEX_POINT('',#2959);
#2962=VERTEX_POINT('',#2960);
#2963=CARTESIAN_POINT('',(-4.755E0,-4.763E0,1.778E0));
#2964=CARTESIAN_POINT('',(-5.405E0,-4.763E0,1.778E0));
#2965=VERTEX_POINT('',#2963);
#2966=VERTEX_POINT('',#2964);
#2967=CARTESIAN_POINT('',(-5.405E0,-5.413E0,1.778E0));
#2968=CARTESIAN_POINT('',(-4.755E0,-5.413E0,1.778E0));
#2969=VERTEX_POINT('',#2967);
#2970=VERTEX_POINT('',#2968);
#2971=CARTESIAN_POINT('',(2.865E0,-2.23E0,1.595E0));
#2972=CARTESIAN_POINT('',(2.215E0,-2.23E0,1.595E0));
#2973=VERTEX_POINT('',#2971);
#2974=VERTEX_POINT('',#2972);
#2975=CARTESIAN_POINT('',(2.215E0,-2.23E0,9.45E-1));
#2976=VERTEX_POINT('',#2975);
#2977=CARTESIAN_POINT('',(2.865E0,-2.23E0,9.45E-1));
#2978=VERTEX_POINT('',#2977);
#2979=CARTESIAN_POINT('',(2.865E0,-4.6E0,9.452401306499E-1));
#2980=VERTEX_POINT('',#2979);
#2981=CARTESIAN_POINT('',(3.25E-1,-2.23E0,1.595E0));
#2982=CARTESIAN_POINT('',(-3.25E-1,-2.23E0,1.595E0));
#2983=VERTEX_POINT('',#2981);
#2984=VERTEX_POINT('',#2982);
#2985=CARTESIAN_POINT('',(-3.25E-1,-2.23E0,9.45E-1));
#2986=VERTEX_POINT('',#2985);
#2987=CARTESIAN_POINT('',(3.25E-1,-2.23E0,9.45E-1));
#2988=VERTEX_POINT('',#2987);
#2989=CARTESIAN_POINT('',(-3.25E-1,-4.6E0,9.452401306499E-1));
#2990=VERTEX_POINT('',#2989);
#2991=CARTESIAN_POINT('',(3.25E-1,-4.6E0,9.452401306499E-1));
#2992=VERTEX_POINT('',#2991);
#2993=CARTESIAN_POINT('',(-2.215E0,-2.23E0,1.595E0));
#2994=CARTESIAN_POINT('',(-2.865E0,-2.23E0,1.595E0));
#2995=VERTEX_POINT('',#2993);
#2996=VERTEX_POINT('',#2994);
#2997=CARTESIAN_POINT('',(-2.865E0,-2.23E0,9.45E-1));
#2998=VERTEX_POINT('',#2997);
#2999=CARTESIAN_POINT('',(-2.215E0,-2.23E0,9.45E-1));
#3000=VERTEX_POINT('',#2999);
#3001=CARTESIAN_POINT('',(-2.865E0,-4.6E0,9.452401306499E-1));
#3002=VERTEX_POINT('',#3001);
#3003=CARTESIAN_POINT('',(-2.215E0,-4.6E0,9.452401306499E-1));
#3004=VERTEX_POINT('',#3003);
#3005=CARTESIAN_POINT('',(-4.755E0,-2.23E0,1.595E0));
#3006=CARTESIAN_POINT('',(-5.405E0,-2.23E0,1.595E0));
#3007=VERTEX_POINT('',#3005);
#3008=VERTEX_POINT('',#3006);
#3009=CARTESIAN_POINT('',(-5.405E0,-2.23E0,9.45E-1));
#3010=VERTEX_POINT('',#3009);
#3011=CARTESIAN_POINT('',(-4.755E0,-2.23E0,9.45E-1));
#3012=VERTEX_POINT('',#3011);
#3013=CARTESIAN_POINT('',(-5.405E0,-4.6E0,9.452401306499E-1));
#3014=VERTEX_POINT('',#3013);
#3015=CARTESIAN_POINT('',(-4.755E0,-4.6E0,9.452401306499E-1));
#3016=VERTEX_POINT('',#3015);
#3017=CARTESIAN_POINT('',(2.215E0,-4.6E0,1.596096179259E0));
#3018=VERTEX_POINT('',#3017);
#3019=CARTESIAN_POINT('',(2.865E0,-4.6E0,1.596096179259E0));
#3020=VERTEX_POINT('',#3019);
#3021=CARTESIAN_POINT('',(-3.25E-1,-4.6E0,1.596096179259E0));
#3022=VERTEX_POINT('',#3021);
#3023=CARTESIAN_POINT('',(3.25E-1,-4.6E0,1.596096179259E0));
#3024=VERTEX_POINT('',#3023);
#3025=CARTESIAN_POINT('',(-2.865E0,-4.6E0,1.596096179259E0));
#3026=VERTEX_POINT('',#3025);
#3027=CARTESIAN_POINT('',(-2.215E0,-4.6E0,1.596096179259E0));
#3028=VERTEX_POINT('',#3027);
#3029=CARTESIAN_POINT('',(-5.405E0,-4.6E0,1.596096179259E0));
#3030=VERTEX_POINT('',#3029);
#3031=CARTESIAN_POINT('',(-4.755E0,-4.6E0,1.596096179259E0));
#3032=VERTEX_POINT('',#3031);
#3033=CARTESIAN_POINT('',(5.405E0,-7.953E0,7.275E0));
#3034=CARTESIAN_POINT('',(5.405E0,-7.303E0,7.275E0));
#3035=VERTEX_POINT('',#3033);
#3036=VERTEX_POINT('',#3034);
#3037=CARTESIAN_POINT('',(5.205E0,-7.753E0,7.775E0));
#3038=CARTESIAN_POINT('',(5.205E0,-7.503E0,7.775E0));
#3039=VERTEX_POINT('',#3037);
#3040=VERTEX_POINT('',#3038);
#3041=CARTESIAN_POINT('',(4.755E0,-7.303E0,7.275E0));
#3042=VERTEX_POINT('',#3041);
#3043=CARTESIAN_POINT('',(4.955E0,-7.503E0,7.775E0));
#3044=VERTEX_POINT('',#3043);
#3045=CARTESIAN_POINT('',(4.955E0,-7.753E0,7.775E0));
#3046=VERTEX_POINT('',#3045);
#3047=CARTESIAN_POINT('',(4.755E0,-7.953E0,7.275E0));
#3048=VERTEX_POINT('',#3047);
#3049=CARTESIAN_POINT('',(4.755E0,4.02E0,-9.45E-1));
#3050=CARTESIAN_POINT('',(5.405E0,4.02E0,-9.45E-1));
#3051=VERTEX_POINT('',#3049);
#3052=VERTEX_POINT('',#3050);
#3053=CARTESIAN_POINT('',(4.955E0,4.52E0,-1.145E0));
#3054=CARTESIAN_POINT('',(5.205E0,4.52E0,-1.145E0));
#3055=VERTEX_POINT('',#3053);
#3056=VERTEX_POINT('',#3054);
#3057=CARTESIAN_POINT('',(5.205E0,4.52E0,-1.395E0));
#3058=VERTEX_POINT('',#3057);
#3059=CARTESIAN_POINT('',(5.405E0,4.02E0,-1.595E0));
#3060=VERTEX_POINT('',#3059);
#3061=CARTESIAN_POINT('',(4.955E0,4.52E0,-1.395E0));
#3062=VERTEX_POINT('',#3061);
#3063=CARTESIAN_POINT('',(4.755E0,4.02E0,-1.595E0));
#3064=VERTEX_POINT('',#3063);
#3065=CARTESIAN_POINT('',(5.405E0,-5.413E0,7.275E0));
#3066=CARTESIAN_POINT('',(5.405E0,-4.763E0,7.275E0));
#3067=VERTEX_POINT('',#3065);
#3068=VERTEX_POINT('',#3066);
#3069=CARTESIAN_POINT('',(5.205E0,-5.213E0,7.775E0));
#3070=CARTESIAN_POINT('',(5.205E0,-4.963E0,7.775E0));
#3071=VERTEX_POINT('',#3069);
#3072=VERTEX_POINT('',#3070);
#3073=CARTESIAN_POINT('',(4.755E0,-4.763E0,7.275E0));
#3074=VERTEX_POINT('',#3073);
#3075=CARTESIAN_POINT('',(4.955E0,-4.963E0,7.775E0));
#3076=VERTEX_POINT('',#3075);
#3077=CARTESIAN_POINT('',(4.955E0,-5.213E0,7.775E0));
#3078=VERTEX_POINT('',#3077);
#3079=CARTESIAN_POINT('',(4.755E0,-5.413E0,7.275E0));
#3080=VERTEX_POINT('',#3079);
#3081=CARTESIAN_POINT('',(4.755E0,4.02E0,1.595E0));
#3082=CARTESIAN_POINT('',(5.405E0,4.02E0,1.595E0));
#3083=VERTEX_POINT('',#3081);
#3084=VERTEX_POINT('',#3082);
#3085=CARTESIAN_POINT('',(4.955E0,4.52E0,1.395E0));
#3086=CARTESIAN_POINT('',(5.205E0,4.52E0,1.395E0));
#3087=VERTEX_POINT('',#3085);
#3088=VERTEX_POINT('',#3086);
#3089=CARTESIAN_POINT('',(5.205E0,4.52E0,1.145E0));
#3090=VERTEX_POINT('',#3089);
#3091=CARTESIAN_POINT('',(5.405E0,4.02E0,9.45E-1));
#3092=VERTEX_POINT('',#3091);
#3093=CARTESIAN_POINT('',(4.955E0,4.52E0,1.145E0));
#3094=VERTEX_POINT('',#3093);
#3095=CARTESIAN_POINT('',(4.755E0,4.02E0,9.45E-1));
#3096=VERTEX_POINT('',#3095);
#3097=CARTESIAN_POINT('',(2.865E0,-5.413E0,7.275E0));
#3098=CARTESIAN_POINT('',(2.865E0,-4.763E0,7.275E0));
#3099=VERTEX_POINT('',#3097);
#3100=VERTEX_POINT('',#3098);
#3101=CARTESIAN_POINT('',(2.665E0,-5.213E0,7.775E0));
#3102=CARTESIAN_POINT('',(2.665E0,-4.963E0,7.775E0));
#3103=VERTEX_POINT('',#3101);
#3104=VERTEX_POINT('',#3102);
#3105=CARTESIAN_POINT('',(2.215E0,-4.763E0,7.275E0));
#3106=VERTEX_POINT('',#3105);
#3107=CARTESIAN_POINT('',(2.415E0,-4.963E0,7.775E0));
#3108=VERTEX_POINT('',#3107);
#3109=CARTESIAN_POINT('',(2.415E0,-5.213E0,7.775E0));
#3110=VERTEX_POINT('',#3109);
#3111=CARTESIAN_POINT('',(2.215E0,-5.413E0,7.275E0));
#3112=VERTEX_POINT('',#3111);
#3113=CARTESIAN_POINT('',(2.215E0,4.02E0,1.595E0));
#3114=CARTESIAN_POINT('',(2.865E0,4.02E0,1.595E0));
#3115=VERTEX_POINT('',#3113);
#3116=VERTEX_POINT('',#3114);
#3117=CARTESIAN_POINT('',(2.415E0,4.52E0,1.395E0));
#3118=CARTESIAN_POINT('',(2.665E0,4.52E0,1.395E0));
#3119=VERTEX_POINT('',#3117);
#3120=VERTEX_POINT('',#3118);
#3121=CARTESIAN_POINT('',(2.665E0,4.52E0,1.145E0));
#3122=VERTEX_POINT('',#3121);
#3123=CARTESIAN_POINT('',(2.865E0,4.02E0,9.45E-1));
#3124=VERTEX_POINT('',#3123);
#3125=CARTESIAN_POINT('',(2.415E0,4.52E0,1.145E0));
#3126=VERTEX_POINT('',#3125);
#3127=CARTESIAN_POINT('',(2.215E0,4.02E0,9.45E-1));
#3128=VERTEX_POINT('',#3127);
#3129=CARTESIAN_POINT('',(3.25E-1,-5.413E0,7.275E0));
#3130=CARTESIAN_POINT('',(3.25E-1,-4.763E0,7.275E0));
#3131=VERTEX_POINT('',#3129);
#3132=VERTEX_POINT('',#3130);
#3133=CARTESIAN_POINT('',(1.25E-1,-5.213E0,7.775E0));
#3134=CARTESIAN_POINT('',(1.25E-1,-4.963E0,7.775E0));
#3135=VERTEX_POINT('',#3133);
#3136=VERTEX_POINT('',#3134);
#3137=CARTESIAN_POINT('',(-3.25E-1,-4.763E0,7.275E0));
#3138=VERTEX_POINT('',#3137);
#3139=CARTESIAN_POINT('',(-1.25E-1,-4.963E0,7.775E0));
#3140=VERTEX_POINT('',#3139);
#3141=CARTESIAN_POINT('',(-1.25E-1,-5.213E0,7.775E0));
#3142=VERTEX_POINT('',#3141);
#3143=CARTESIAN_POINT('',(-3.25E-1,-5.413E0,7.275E0));
#3144=VERTEX_POINT('',#3143);
#3145=CARTESIAN_POINT('',(-3.25E-1,4.02E0,1.595E0));
#3146=CARTESIAN_POINT('',(3.25E-1,4.02E0,1.595E0));
#3147=VERTEX_POINT('',#3145);
#3148=VERTEX_POINT('',#3146);
#3149=CARTESIAN_POINT('',(-1.25E-1,4.52E0,1.395E0));
#3150=CARTESIAN_POINT('',(1.25E-1,4.52E0,1.395E0));
#3151=VERTEX_POINT('',#3149);
#3152=VERTEX_POINT('',#3150);
#3153=CARTESIAN_POINT('',(1.25E-1,4.52E0,1.145E0));
#3154=VERTEX_POINT('',#3153);
#3155=CARTESIAN_POINT('',(3.25E-1,4.02E0,9.45E-1));
#3156=VERTEX_POINT('',#3155);
#3157=CARTESIAN_POINT('',(-1.25E-1,4.52E0,1.145E0));
#3158=VERTEX_POINT('',#3157);
#3159=CARTESIAN_POINT('',(-3.25E-1,4.02E0,9.45E-1));
#3160=VERTEX_POINT('',#3159);
#3161=CARTESIAN_POINT('',(-2.215E0,-5.413E0,7.275E0));
#3162=CARTESIAN_POINT('',(-2.215E0,-4.763E0,7.275E0));
#3163=VERTEX_POINT('',#3161);
#3164=VERTEX_POINT('',#3162);
#3165=CARTESIAN_POINT('',(-2.415E0,-5.213E0,7.775E0));
#3166=CARTESIAN_POINT('',(-2.415E0,-4.963E0,7.775E0));
#3167=VERTEX_POINT('',#3165);
#3168=VERTEX_POINT('',#3166);
#3169=CARTESIAN_POINT('',(-2.865E0,-4.763E0,7.275E0));
#3170=VERTEX_POINT('',#3169);
#3171=CARTESIAN_POINT('',(-2.665E0,-4.963E0,7.775E0));
#3172=VERTEX_POINT('',#3171);
#3173=CARTESIAN_POINT('',(-2.665E0,-5.213E0,7.775E0));
#3174=VERTEX_POINT('',#3173);
#3175=CARTESIAN_POINT('',(-2.865E0,-5.413E0,7.275E0));
#3176=VERTEX_POINT('',#3175);
#3177=CARTESIAN_POINT('',(-2.865E0,4.02E0,1.595E0));
#3178=CARTESIAN_POINT('',(-2.215E0,4.02E0,1.595E0));
#3179=VERTEX_POINT('',#3177);
#3180=VERTEX_POINT('',#3178);
#3181=CARTESIAN_POINT('',(-2.665E0,4.52E0,1.395E0));
#3182=CARTESIAN_POINT('',(-2.415E0,4.52E0,1.395E0));
#3183=VERTEX_POINT('',#3181);
#3184=VERTEX_POINT('',#3182);
#3185=CARTESIAN_POINT('',(-2.415E0,4.52E0,1.145E0));
#3186=VERTEX_POINT('',#3185);
#3187=CARTESIAN_POINT('',(-2.215E0,4.02E0,9.45E-1));
#3188=VERTEX_POINT('',#3187);
#3189=CARTESIAN_POINT('',(-2.665E0,4.52E0,1.145E0));
#3190=VERTEX_POINT('',#3189);
#3191=CARTESIAN_POINT('',(-2.865E0,4.02E0,9.45E-1));
#3192=VERTEX_POINT('',#3191);
#3193=CARTESIAN_POINT('',(-4.755E0,-5.413E0,7.275E0));
#3194=CARTESIAN_POINT('',(-4.755E0,-4.763E0,7.275E0));
#3195=VERTEX_POINT('',#3193);
#3196=VERTEX_POINT('',#3194);
#3197=CARTESIAN_POINT('',(-4.955E0,-5.213E0,7.775E0));
#3198=CARTESIAN_POINT('',(-4.955E0,-4.963E0,7.775E0));
#3199=VERTEX_POINT('',#3197);
#3200=VERTEX_POINT('',#3198);
#3201=CARTESIAN_POINT('',(-5.405E0,-4.763E0,7.275E0));
#3202=VERTEX_POINT('',#3201);
#3203=CARTESIAN_POINT('',(-5.205E0,-4.963E0,7.775E0));
#3204=VERTEX_POINT('',#3203);
#3205=CARTESIAN_POINT('',(-5.205E0,-5.213E0,7.775E0));
#3206=VERTEX_POINT('',#3205);
#3207=CARTESIAN_POINT('',(-5.405E0,-5.413E0,7.275E0));
#3208=VERTEX_POINT('',#3207);
#3209=CARTESIAN_POINT('',(-5.405E0,4.02E0,1.595E0));
#3210=CARTESIAN_POINT('',(-4.755E0,4.02E0,1.595E0));
#3211=VERTEX_POINT('',#3209);
#3212=VERTEX_POINT('',#3210);
#3213=CARTESIAN_POINT('',(-5.205E0,4.52E0,1.395E0));
#3214=CARTESIAN_POINT('',(-4.955E0,4.52E0,1.395E0));
#3215=VERTEX_POINT('',#3213);
#3216=VERTEX_POINT('',#3214);
#3217=CARTESIAN_POINT('',(-4.955E0,4.52E0,1.145E0));
#3218=VERTEX_POINT('',#3217);
#3219=CARTESIAN_POINT('',(-4.755E0,4.02E0,9.45E-1));
#3220=VERTEX_POINT('',#3219);
#3221=CARTESIAN_POINT('',(-5.205E0,4.52E0,1.145E0));
#3222=VERTEX_POINT('',#3221);
#3223=CARTESIAN_POINT('',(-5.405E0,4.02E0,9.45E-1));
#3224=VERTEX_POINT('',#3223);
#3225=CARTESIAN_POINT('',(2.865E0,-7.12E0,-9.45E-1));
#3226=CARTESIAN_POINT('',(2.215E0,-7.12E0,-9.45E-1));
#3227=VERTEX_POINT('',#3225);
#3228=VERTEX_POINT('',#3226);
#3229=CARTESIAN_POINT('',(2.215E0,-7.12E0,-1.595E0));
#3230=CARTESIAN_POINT('',(2.865E0,-7.12E0,-1.595E0));
#3231=VERTEX_POINT('',#3229);
#3232=VERTEX_POINT('',#3230);
#3233=CARTESIAN_POINT('',(2.865E0,-7.303E0,-7.62E-1));
#3234=CARTESIAN_POINT('',(2.215E0,-7.303E0,-7.62E-1));
#3235=VERTEX_POINT('',#3233);
#3236=VERTEX_POINT('',#3234);
#3237=CARTESIAN_POINT('',(2.215E0,-7.953E0,-7.62E-1));
#3238=CARTESIAN_POINT('',(2.865E0,-7.953E0,-7.62E-1));
#3239=VERTEX_POINT('',#3237);
#3240=VERTEX_POINT('',#3238);
#3241=CARTESIAN_POINT('',(2.865E0,-4.6E0,-9.45E-1));
#3242=CARTESIAN_POINT('',(2.215E0,-4.6E0,-9.45E-1));
#3243=VERTEX_POINT('',#3241);
#3244=VERTEX_POINT('',#3242);
#3245=CARTESIAN_POINT('',(2.215E0,-4.6E0,-1.595E0));
#3246=VERTEX_POINT('',#3245);
#3247=CARTESIAN_POINT('',(2.865E0,-4.6E0,-1.595E0));
#3248=VERTEX_POINT('',#3247);
#3249=CARTESIAN_POINT('',(2.865E0,-2.23E0,-9.45E-1));
#3250=CARTESIAN_POINT('',(2.215E0,-2.23E0,-9.45E-1));
#3251=VERTEX_POINT('',#3249);
#3252=VERTEX_POINT('',#3250);
#3253=CARTESIAN_POINT('',(2.215E0,-2.23E0,-1.595E0));
#3254=VERTEX_POINT('',#3253);
#3255=CARTESIAN_POINT('',(2.865E0,-2.23E0,-1.595E0));
#3256=VERTEX_POINT('',#3255);
#3257=CARTESIAN_POINT('',(3.25E-1,-7.12E0,-9.45E-1));
#3258=CARTESIAN_POINT('',(-3.25E-1,-7.12E0,-9.45E-1));
#3259=VERTEX_POINT('',#3257);
#3260=VERTEX_POINT('',#3258);
#3261=CARTESIAN_POINT('',(-3.25E-1,-7.12E0,-1.595E0));
#3262=CARTESIAN_POINT('',(3.25E-1,-7.12E0,-1.595E0));
#3263=VERTEX_POINT('',#3261);
#3264=VERTEX_POINT('',#3262);
#3265=CARTESIAN_POINT('',(3.25E-1,-7.303E0,-7.62E-1));
#3266=CARTESIAN_POINT('',(-3.25E-1,-7.303E0,-7.62E-1));
#3267=VERTEX_POINT('',#3265);
#3268=VERTEX_POINT('',#3266);
#3269=CARTESIAN_POINT('',(-3.25E-1,-7.953E0,-7.62E-1));
#3270=CARTESIAN_POINT('',(3.25E-1,-7.953E0,-7.62E-1));
#3271=VERTEX_POINT('',#3269);
#3272=VERTEX_POINT('',#3270);
#3273=CARTESIAN_POINT('',(3.25E-1,-4.6E0,-9.45E-1));
#3274=CARTESIAN_POINT('',(-3.25E-1,-4.6E0,-9.45E-1));
#3275=VERTEX_POINT('',#3273);
#3276=VERTEX_POINT('',#3274);
#3277=CARTESIAN_POINT('',(-3.25E-1,-4.6E0,-1.595E0));
#3278=VERTEX_POINT('',#3277);
#3279=CARTESIAN_POINT('',(3.25E-1,-4.6E0,-1.595E0));
#3280=VERTEX_POINT('',#3279);
#3281=CARTESIAN_POINT('',(3.25E-1,-2.23E0,-9.45E-1));
#3282=CARTESIAN_POINT('',(-3.25E-1,-2.23E0,-9.45E-1));
#3283=VERTEX_POINT('',#3281);
#3284=VERTEX_POINT('',#3282);
#3285=CARTESIAN_POINT('',(-3.25E-1,-2.23E0,-1.595E0));
#3286=VERTEX_POINT('',#3285);
#3287=CARTESIAN_POINT('',(3.25E-1,-2.23E0,-1.595E0));
#3288=VERTEX_POINT('',#3287);
#3289=CARTESIAN_POINT('',(-2.215E0,-7.12E0,-9.45E-1));
#3290=CARTESIAN_POINT('',(-2.865E0,-7.12E0,-9.45E-1));
#3291=VERTEX_POINT('',#3289);
#3292=VERTEX_POINT('',#3290);
#3293=CARTESIAN_POINT('',(-2.865E0,-7.12E0,-1.595E0));
#3294=CARTESIAN_POINT('',(-2.215E0,-7.12E0,-1.595E0));
#3295=VERTEX_POINT('',#3293);
#3296=VERTEX_POINT('',#3294);
#3297=CARTESIAN_POINT('',(-2.215E0,-7.303E0,-7.62E-1));
#3298=CARTESIAN_POINT('',(-2.865E0,-7.303E0,-7.62E-1));
#3299=VERTEX_POINT('',#3297);
#3300=VERTEX_POINT('',#3298);
#3301=CARTESIAN_POINT('',(-2.865E0,-7.953E0,-7.62E-1));
#3302=CARTESIAN_POINT('',(-2.215E0,-7.953E0,-7.62E-1));
#3303=VERTEX_POINT('',#3301);
#3304=VERTEX_POINT('',#3302);
#3305=CARTESIAN_POINT('',(-2.215E0,-4.6E0,-9.45E-1));
#3306=CARTESIAN_POINT('',(-2.865E0,-4.6E0,-9.45E-1));
#3307=VERTEX_POINT('',#3305);
#3308=VERTEX_POINT('',#3306);
#3309=CARTESIAN_POINT('',(-2.865E0,-4.6E0,-1.595E0));
#3310=VERTEX_POINT('',#3309);
#3311=CARTESIAN_POINT('',(-2.215E0,-4.6E0,-1.595E0));
#3312=VERTEX_POINT('',#3311);
#3313=CARTESIAN_POINT('',(-2.215E0,-2.23E0,-9.45E-1));
#3314=CARTESIAN_POINT('',(-2.865E0,-2.23E0,-9.45E-1));
#3315=VERTEX_POINT('',#3313);
#3316=VERTEX_POINT('',#3314);
#3317=CARTESIAN_POINT('',(-2.865E0,-2.23E0,-1.595E0));
#3318=VERTEX_POINT('',#3317);
#3319=CARTESIAN_POINT('',(-2.215E0,-2.23E0,-1.595E0));
#3320=VERTEX_POINT('',#3319);
#3321=CARTESIAN_POINT('',(-4.755E0,-7.12E0,-9.45E-1));
#3322=CARTESIAN_POINT('',(-5.405E0,-7.12E0,-9.45E-1));
#3323=VERTEX_POINT('',#3321);
#3324=VERTEX_POINT('',#3322);
#3325=CARTESIAN_POINT('',(-5.405E0,-7.12E0,-1.595E0));
#3326=CARTESIAN_POINT('',(-4.755E0,-7.12E0,-1.595E0));
#3327=VERTEX_POINT('',#3325);
#3328=VERTEX_POINT('',#3326);
#3329=CARTESIAN_POINT('',(-4.755E0,-7.303E0,-7.62E-1));
#3330=CARTESIAN_POINT('',(-5.405E0,-7.303E0,-7.62E-1));
#3331=VERTEX_POINT('',#3329);
#3332=VERTEX_POINT('',#3330);
#3333=CARTESIAN_POINT('',(-5.405E0,-7.953E0,-7.62E-1));
#3334=CARTESIAN_POINT('',(-4.755E0,-7.953E0,-7.62E-1));
#3335=VERTEX_POINT('',#3333);
#3336=VERTEX_POINT('',#3334);
#3337=CARTESIAN_POINT('',(-4.755E0,-4.6E0,-9.45E-1));
#3338=CARTESIAN_POINT('',(-5.405E0,-4.6E0,-9.45E-1));
#3339=VERTEX_POINT('',#3337);
#3340=VERTEX_POINT('',#3338);
#3341=CARTESIAN_POINT('',(-5.405E0,-4.6E0,-1.595E0));
#3342=VERTEX_POINT('',#3341);
#3343=CARTESIAN_POINT('',(-4.755E0,-4.6E0,-1.595E0));
#3344=VERTEX_POINT('',#3343);
#3345=CARTESIAN_POINT('',(-4.755E0,-2.23E0,-9.45E-1));
#3346=CARTESIAN_POINT('',(-5.405E0,-2.23E0,-9.45E-1));
#3347=VERTEX_POINT('',#3345);
#3348=VERTEX_POINT('',#3346);
#3349=CARTESIAN_POINT('',(-5.405E0,-2.23E0,-1.595E0));
#3350=VERTEX_POINT('',#3349);
#3351=CARTESIAN_POINT('',(-4.755E0,-2.23E0,-1.595E0));
#3352=VERTEX_POINT('',#3351);
#3353=CARTESIAN_POINT('',(2.865E0,-7.953E0,7.275E0));
#3354=CARTESIAN_POINT('',(2.865E0,-7.303E0,7.275E0));
#3355=VERTEX_POINT('',#3353);
#3356=VERTEX_POINT('',#3354);
#3357=CARTESIAN_POINT('',(2.665E0,-7.753E0,7.775E0));
#3358=CARTESIAN_POINT('',(2.665E0,-7.503E0,7.775E0));
#3359=VERTEX_POINT('',#3357);
#3360=VERTEX_POINT('',#3358);
#3361=CARTESIAN_POINT('',(2.215E0,-7.303E0,7.275E0));
#3362=VERTEX_POINT('',#3361);
#3363=CARTESIAN_POINT('',(2.415E0,-7.503E0,7.775E0));
#3364=VERTEX_POINT('',#3363);
#3365=CARTESIAN_POINT('',(2.415E0,-7.753E0,7.775E0));
#3366=VERTEX_POINT('',#3365);
#3367=CARTESIAN_POINT('',(2.215E0,-7.953E0,7.275E0));
#3368=VERTEX_POINT('',#3367);
#3369=CARTESIAN_POINT('',(2.215E0,4.02E0,-9.45E-1));
#3370=CARTESIAN_POINT('',(2.865E0,4.02E0,-9.45E-1));
#3371=VERTEX_POINT('',#3369);
#3372=VERTEX_POINT('',#3370);
#3373=CARTESIAN_POINT('',(2.415E0,4.52E0,-1.145E0));
#3374=CARTESIAN_POINT('',(2.665E0,4.52E0,-1.145E0));
#3375=VERTEX_POINT('',#3373);
#3376=VERTEX_POINT('',#3374);
#3377=CARTESIAN_POINT('',(2.665E0,4.52E0,-1.395E0));
#3378=VERTEX_POINT('',#3377);
#3379=CARTESIAN_POINT('',(2.865E0,4.02E0,-1.595E0));
#3380=VERTEX_POINT('',#3379);
#3381=CARTESIAN_POINT('',(2.415E0,4.52E0,-1.395E0));
#3382=VERTEX_POINT('',#3381);
#3383=CARTESIAN_POINT('',(2.215E0,4.02E0,-1.595E0));
#3384=VERTEX_POINT('',#3383);
#3385=CARTESIAN_POINT('',(3.25E-1,-7.953E0,7.275E0));
#3386=CARTESIAN_POINT('',(3.25E-1,-7.303E0,7.275E0));
#3387=VERTEX_POINT('',#3385);
#3388=VERTEX_POINT('',#3386);
#3389=CARTESIAN_POINT('',(1.25E-1,-7.753E0,7.775E0));
#3390=CARTESIAN_POINT('',(1.25E-1,-7.503E0,7.775E0));
#3391=VERTEX_POINT('',#3389);
#3392=VERTEX_POINT('',#3390);
#3393=CARTESIAN_POINT('',(-3.25E-1,-7.303E0,7.275E0));
#3394=VERTEX_POINT('',#3393);
#3395=CARTESIAN_POINT('',(-1.25E-1,-7.503E0,7.775E0));
#3396=VERTEX_POINT('',#3395);
#3397=CARTESIAN_POINT('',(-1.25E-1,-7.753E0,7.775E0));
#3398=VERTEX_POINT('',#3397);
#3399=CARTESIAN_POINT('',(-3.25E-1,-7.953E0,7.275E0));
#3400=VERTEX_POINT('',#3399);
#3401=CARTESIAN_POINT('',(-3.25E-1,4.02E0,-9.45E-1));
#3402=CARTESIAN_POINT('',(3.25E-1,4.02E0,-9.45E-1));
#3403=VERTEX_POINT('',#3401);
#3404=VERTEX_POINT('',#3402);
#3405=CARTESIAN_POINT('',(-1.25E-1,4.52E0,-1.145E0));
#3406=CARTESIAN_POINT('',(1.25E-1,4.52E0,-1.145E0));
#3407=VERTEX_POINT('',#3405);
#3408=VERTEX_POINT('',#3406);
#3409=CARTESIAN_POINT('',(1.25E-1,4.52E0,-1.395E0));
#3410=VERTEX_POINT('',#3409);
#3411=CARTESIAN_POINT('',(3.25E-1,4.02E0,-1.595E0));
#3412=VERTEX_POINT('',#3411);
#3413=CARTESIAN_POINT('',(-1.25E-1,4.52E0,-1.395E0));
#3414=VERTEX_POINT('',#3413);
#3415=CARTESIAN_POINT('',(-3.25E-1,4.02E0,-1.595E0));
#3416=VERTEX_POINT('',#3415);
#3417=CARTESIAN_POINT('',(-2.215E0,-7.953E0,7.275E0));
#3418=CARTESIAN_POINT('',(-2.215E0,-7.303E0,7.275E0));
#3419=VERTEX_POINT('',#3417);
#3420=VERTEX_POINT('',#3418);
#3421=CARTESIAN_POINT('',(-2.415E0,-7.753E0,7.775E0));
#3422=CARTESIAN_POINT('',(-2.415E0,-7.503E0,7.775E0));
#3423=VERTEX_POINT('',#3421);
#3424=VERTEX_POINT('',#3422);
#3425=CARTESIAN_POINT('',(-2.865E0,-7.303E0,7.275E0));
#3426=VERTEX_POINT('',#3425);
#3427=CARTESIAN_POINT('',(-2.665E0,-7.503E0,7.775E0));
#3428=VERTEX_POINT('',#3427);
#3429=CARTESIAN_POINT('',(-2.665E0,-7.753E0,7.775E0));
#3430=VERTEX_POINT('',#3429);
#3431=CARTESIAN_POINT('',(-2.865E0,-7.953E0,7.275E0));
#3432=VERTEX_POINT('',#3431);
#3433=CARTESIAN_POINT('',(-2.865E0,4.02E0,-9.45E-1));
#3434=CARTESIAN_POINT('',(-2.215E0,4.02E0,-9.45E-1));
#3435=VERTEX_POINT('',#3433);
#3436=VERTEX_POINT('',#3434);
#3437=CARTESIAN_POINT('',(-2.665E0,4.52E0,-1.145E0));
#3438=CARTESIAN_POINT('',(-2.415E0,4.52E0,-1.145E0));
#3439=VERTEX_POINT('',#3437);
#3440=VERTEX_POINT('',#3438);
#3441=CARTESIAN_POINT('',(-2.415E0,4.52E0,-1.395E0));
#3442=VERTEX_POINT('',#3441);
#3443=CARTESIAN_POINT('',(-2.215E0,4.02E0,-1.595E0));
#3444=VERTEX_POINT('',#3443);
#3445=CARTESIAN_POINT('',(-2.665E0,4.52E0,-1.395E0));
#3446=VERTEX_POINT('',#3445);
#3447=CARTESIAN_POINT('',(-2.865E0,4.02E0,-1.595E0));
#3448=VERTEX_POINT('',#3447);
#3449=CARTESIAN_POINT('',(-4.755E0,-7.953E0,7.275E0));
#3450=CARTESIAN_POINT('',(-4.755E0,-7.303E0,7.275E0));
#3451=VERTEX_POINT('',#3449);
#3452=VERTEX_POINT('',#3450);
#3453=CARTESIAN_POINT('',(-4.955E0,-7.753E0,7.775E0));
#3454=CARTESIAN_POINT('',(-4.955E0,-7.503E0,7.775E0));
#3455=VERTEX_POINT('',#3453);
#3456=VERTEX_POINT('',#3454);
#3457=CARTESIAN_POINT('',(-5.405E0,-7.303E0,7.275E0));
#3458=VERTEX_POINT('',#3457);
#3459=CARTESIAN_POINT('',(-5.205E0,-7.503E0,7.775E0));
#3460=VERTEX_POINT('',#3459);
#3461=CARTESIAN_POINT('',(-5.205E0,-7.753E0,7.775E0));
#3462=VERTEX_POINT('',#3461);
#3463=CARTESIAN_POINT('',(-5.405E0,-7.953E0,7.275E0));
#3464=VERTEX_POINT('',#3463);
#3465=CARTESIAN_POINT('',(-5.405E0,4.02E0,-9.45E-1));
#3466=CARTESIAN_POINT('',(-4.755E0,4.02E0,-9.45E-1));
#3467=VERTEX_POINT('',#3465);
#3468=VERTEX_POINT('',#3466);
#3469=CARTESIAN_POINT('',(-5.205E0,4.52E0,-1.145E0));
#3470=CARTESIAN_POINT('',(-4.955E0,4.52E0,-1.145E0));
#3471=VERTEX_POINT('',#3469);
#3472=VERTEX_POINT('',#3470);
#3473=CARTESIAN_POINT('',(-4.955E0,4.52E0,-1.395E0));
#3474=VERTEX_POINT('',#3473);
#3475=CARTESIAN_POINT('',(-4.755E0,4.02E0,-1.595E0));
#3476=VERTEX_POINT('',#3475);
#3477=CARTESIAN_POINT('',(-5.205E0,4.52E0,-1.395E0));
#3478=VERTEX_POINT('',#3477);
#3479=CARTESIAN_POINT('',(-5.405E0,4.02E0,-1.595E0));
#3480=VERTEX_POINT('',#3479);
#3481=CARTESIAN_POINT('',(0.E0,0.E0,-4.875E0));
#3482=DIRECTION('',(0.E0,0.E0,1.E0));
#3483=DIRECTION('',(1.E0,0.E0,0.E0));
#3484=AXIS2_PLACEMENT_3D('',#3481,#3482,#3483);
#3485=PLANE('',#3484);
#3487=ORIENTED_EDGE('',*,*,#3486,.T.);
#3489=ORIENTED_EDGE('',*,*,#3488,.T.);
#3491=ORIENTED_EDGE('',*,*,#3490,.T.);
#3493=ORIENTED_EDGE('',*,*,#3492,.F.);
#3494=EDGE_LOOP('',(#3487,#3489,#3491,#3493));
#3495=FACE_OUTER_BOUND('',#3494,.F.);
#3496=ADVANCED_FACE('',(#3495),#3485,.F.);
#3497=CARTESIAN_POINT('',(7.52E0,2.47E0,-4.875E0));
#3498=DIRECTION('',(0.E0,1.E0,0.E0));
#3499=DIRECTION('',(0.E0,0.E0,1.E0));
#3500=AXIS2_PLACEMENT_3D('',#3497,#3498,#3499);
#3501=PLANE('',#3500);
#3502=ORIENTED_EDGE('',*,*,#3486,.F.);
#3504=ORIENTED_EDGE('',*,*,#3503,.F.);
#3506=ORIENTED_EDGE('',*,*,#3505,.F.);
#3508=ORIENTED_EDGE('',*,*,#3507,.F.);
#3510=ORIENTED_EDGE('',*,*,#3509,.F.);
#3512=ORIENTED_EDGE('',*,*,#3511,.T.);
#3514=ORIENTED_EDGE('',*,*,#3513,.F.);
#3516=ORIENTED_EDGE('',*,*,#3515,.F.);
#3517=EDGE_LOOP('',(#3502,#3504,#3506,#3508,#3510,#3512,#3514,#3516));
#3518=FACE_OUTER_BOUND('',#3517,.F.);
#3519=ADVANCED_FACE('',(#3518),#3501,.F.);
#3520=CARTESIAN_POINT('',(-3.032660624134E0,5.45E0,-4.1E0));
#3521=DIRECTION('',(9.659258262891E-1,0.E0,2.588190451025E-1));
#3522=DIRECTION('',(2.588190451025E-1,0.E0,-9.659258262891E-1));
#3523=AXIS2_PLACEMENT_3D('',#3520,#3521,#3522);
#3524=PLANE('',#3523);
#3525=ORIENTED_EDGE('',*,*,#3503,.T.);
#3526=ORIENTED_EDGE('',*,*,#3492,.T.);
#3528=ORIENTED_EDGE('',*,*,#3527,.F.);
#3530=ORIENTED_EDGE('',*,*,#3529,.T.);
#3531=EDGE_LOOP('',(#3525,#3526,#3528,#3530));
#3532=FACE_OUTER_BOUND('',#3531,.F.);
#3533=ADVANCED_FACE('',(#3532),#3524,.F.);
#3534=CARTESIAN_POINT('',(7.52E0,5.45E0,-4.875E0));
#3535=DIRECTION('',(0.E0,1.E0,0.E0));
#3536=DIRECTION('',(-1.E0,0.E0,0.E0));
#3537=AXIS2_PLACEMENT_3D('',#3534,#3535,#3536);
#3538=PLANE('',#3537);
#3540=ORIENTED_EDGE('',*,*,#3539,.T.);
#3541=ORIENTED_EDGE('',*,*,#3527,.T.);
#3542=ORIENTED_EDGE('',*,*,#3490,.F.);
#3544=ORIENTED_EDGE('',*,*,#3543,.T.);
#3546=ORIENTED_EDGE('',*,*,#3545,.F.);
#3548=ORIENTED_EDGE('',*,*,#3547,.T.);
#3550=ORIENTED_EDGE('',*,*,#3549,.T.);
#3552=ORIENTED_EDGE('',*,*,#3551,.T.);
#3554=ORIENTED_EDGE('',*,*,#3553,.T.);
#3556=ORIENTED_EDGE('',*,*,#3555,.T.);
#3558=ORIENTED_EDGE('',*,*,#3557,.F.);
#3560=ORIENTED_EDGE('',*,*,#3559,.F.);
#3562=ORIENTED_EDGE('',*,*,#3561,.F.);
#3564=ORIENTED_EDGE('',*,*,#3563,.F.);
#3566=ORIENTED_EDGE('',*,*,#3565,.F.);
#3568=ORIENTED_EDGE('',*,*,#3567,.T.);
#3570=ORIENTED_EDGE('',*,*,#3569,.T.);
#3572=ORIENTED_EDGE('',*,*,#3571,.F.);
#3574=ORIENTED_EDGE('',*,*,#3573,.T.);
#3576=ORIENTED_EDGE('',*,*,#3575,.F.);
#3577=EDGE_LOOP('',(#3540,#3541,#3542,#3544,#3546,#3548,#3550,#3552,#3554,#3556,
#3558,#3560,#3562,#3564,#3566,#3568,#3570,#3572,#3574,#3576));
#3578=FACE_OUTER_BOUND('',#3577,.F.);
#3580=ORIENTED_EDGE('',*,*,#3579,.T.);
#3582=ORIENTED_EDGE('',*,*,#3581,.T.);
#3584=ORIENTED_EDGE('',*,*,#3583,.T.);
#3586=ORIENTED_EDGE('',*,*,#3585,.T.);
#3588=ORIENTED_EDGE('',*,*,#3587,.T.);
#3590=ORIENTED_EDGE('',*,*,#3589,.T.);
#3592=ORIENTED_EDGE('',*,*,#3591,.T.);
#3594=ORIENTED_EDGE('',*,*,#3593,.T.);
#3595=EDGE_LOOP('',(#3580,#3582,#3584,#3586,#3588,#3590,#3592,#3594));
#3596=FACE_BOUND('',#3595,.F.);
#3597=ADVANCED_FACE('',(#3578,#3596),#3538,.T.);
#3598=CARTESIAN_POINT('',(-6.6E0,5.45E0,3.475E0));
#3599=DIRECTION('',(0.E0,7.071067811865E-1,-7.071067811865E-1));
#3600=DIRECTION('',(1.E0,0.E0,0.E0));
#3601=AXIS2_PLACEMENT_3D('',#3598,#3599,#3600);
#3602=PLANE('',#3601);
#3603=ORIENTED_EDGE('',*,*,#3579,.F.);
#3605=ORIENTED_EDGE('',*,*,#3604,.T.);
#3607=ORIENTED_EDGE('',*,*,#3606,.T.);
#3609=ORIENTED_EDGE('',*,*,#3608,.F.);
#3610=EDGE_LOOP('',(#3603,#3605,#3607,#3609));
#3611=FACE_OUTER_BOUND('',#3610,.F.);
#3612=ADVANCED_FACE('',(#3611),#3602,.T.);
#3613=CARTESIAN_POINT('',(-6.9E0,5.45E0,-3.175E0));
#3614=DIRECTION('',(7.071067811865E-1,7.071067811865E-1,0.E0));
#3615=DIRECTION('',(0.E0,0.E0,1.E0));
#3616=AXIS2_PLACEMENT_3D('',#3613,#3614,#3615);
#3617=PLANE('',#3616);
#3618=ORIENTED_EDGE('',*,*,#3593,.F.);
#3620=ORIENTED_EDGE('',*,*,#3619,.T.);
#3622=ORIENTED_EDGE('',*,*,#3621,.T.);
#3623=ORIENTED_EDGE('',*,*,#3604,.F.);
#3624=EDGE_LOOP('',(#3618,#3620,#3622,#3623));
#3625=FACE_OUTER_BOUND('',#3624,.F.);
#3626=ADVANCED_FACE('',(#3625),#3617,.T.);
#3627=CARTESIAN_POINT('',(-1.986242064468E0,5.45E0,-3.475E0));
#3628=DIRECTION('',(0.E0,7.071067811865E-1,7.071067811865E-1));
#3629=DIRECTION('',(-1.E0,0.E0,0.E0));
#3630=AXIS2_PLACEMENT_3D('',#3627,#3628,#3629);
#3631=PLANE('',#3630);
#3632=ORIENTED_EDGE('',*,*,#3591,.F.);
#3634=ORIENTED_EDGE('',*,*,#3633,.T.);
#3636=ORIENTED_EDGE('',*,*,#3635,.T.);
#3637=ORIENTED_EDGE('',*,*,#3619,.F.);
#3638=EDGE_LOOP('',(#3632,#3634,#3636,#3637));
#3639=FACE_OUTER_BOUND('',#3638,.F.);
#3640=ADVANCED_FACE('',(#3639),#3631,.T.);
#3641=CARTESIAN_POINT('',(-1.925E0,5.45E0,-4.175E0));
#3642=DIRECTION('',(-9.961946980917E-1,0.E0,-8.715574274766E-2));
#3643=DIRECTION('',(-8.715574274766E-2,0.E0,9.961946980917E-1));
#3644=AXIS2_PLACEMENT_3D('',#3641,#3642,#3643);
#3645=PLANE('',#3644);
#3646=ORIENTED_EDGE('',*,*,#3507,.T.);
#3648=ORIENTED_EDGE('',*,*,#3647,.F.);
#3650=ORIENTED_EDGE('',*,*,#3649,.T.);
#3652=ORIENTED_EDGE('',*,*,#3651,.F.);
#3653=ORIENTED_EDGE('',*,*,#3633,.F.);
#3654=ORIENTED_EDGE('',*,*,#3589,.F.);
#3656=ORIENTED_EDGE('',*,*,#3655,.T.);
#3658=ORIENTED_EDGE('',*,*,#3657,.T.);
#3659=EDGE_LOOP('',(#3646,#3648,#3650,#3652,#3653,#3654,#3656,#3658));
#3660=FACE_OUTER_BOUND('',#3659,.F.);
#3661=ADVANCED_FACE('',(#3660),#3645,.F.);
#3662=CARTESIAN_POINT('',(-7.52E0,5.45E0,-4.1E0));
#3663=DIRECTION('',(0.E0,0.E0,1.E0));
#3664=DIRECTION('',(1.E0,0.E0,0.E0));
#3665=AXIS2_PLACEMENT_3D('',#3662,#3663,#3664);
#3666=PLANE('',#3665);
#3668=ORIENTED_EDGE('',*,*,#3667,.T.);
#3670=ORIENTED_EDGE('',*,*,#3669,.F.);
#3672=ORIENTED_EDGE('',*,*,#3671,.F.);
#3674=ORIENTED_EDGE('',*,*,#3673,.T.);
#3675=ORIENTED_EDGE('',*,*,#3545,.T.);
#3677=ORIENTED_EDGE('',*,*,#3676,.T.);
#3678=ORIENTED_EDGE('',*,*,#3513,.T.);
#3680=ORIENTED_EDGE('',*,*,#3679,.F.);
#3682=ORIENTED_EDGE('',*,*,#3681,.F.);
#3683=ORIENTED_EDGE('',*,*,#3647,.T.);
#3684=ORIENTED_EDGE('',*,*,#3505,.T.);
#3685=ORIENTED_EDGE('',*,*,#3529,.F.);
#3686=ORIENTED_EDGE('',*,*,#3539,.F.);
#3688=ORIENTED_EDGE('',*,*,#3687,.T.);
#3690=ORIENTED_EDGE('',*,*,#3689,.T.);
#3692=ORIENTED_EDGE('',*,*,#3691,.T.);
#3693=EDGE_LOOP('',(#3668,#3670,#3672,#3674,#3675,#3677,#3678,#3680,#3682,#3683,
#3684,#3685,#3686,#3688,#3690,#3692));
#3694=FACE_OUTER_BOUND('',#3693,.F.);
#3695=ADVANCED_FACE('',(#3694),#3666,.F.);
#3696=CARTESIAN_POINT('',(6.62E0,-3.1E0,-4.875E0));
#3697=DIRECTION('',(0.E0,1.E0,0.E0));
#3698=DIRECTION('',(0.E0,0.E0,1.E0));
#3699=AXIS2_PLACEMENT_3D('',#3696,#3697,#3698);
#3700=PLANE('',#3699);
#3701=ORIENTED_EDGE('',*,*,#3667,.F.);
#3703=ORIENTED_EDGE('',*,*,#3702,.T.);
#3705=ORIENTED_EDGE('',*,*,#3704,.F.);
#3707=ORIENTED_EDGE('',*,*,#3706,.F.);
#3708=EDGE_LOOP('',(#3701,#3703,#3705,#3707));
#3709=FACE_OUTER_BOUND('',#3708,.F.);
#3710=ADVANCED_FACE('',(#3709),#3700,.F.);
#3711=CARTESIAN_POINT('',(-6.62E0,5.45E0,4.25E0));
#3712=DIRECTION('',(-1.E0,0.E0,0.E0));
#3713=DIRECTION('',(0.E0,0.E0,1.E0));
#3714=AXIS2_PLACEMENT_3D('',#3711,#3712,#3713);
#3715=PLANE('',#3714);
#3717=ORIENTED_EDGE('',*,*,#3716,.T.);
#3719=ORIENTED_EDGE('',*,*,#3718,.F.);
#3721=ORIENTED_EDGE('',*,*,#3720,.F.);
#3723=ORIENTED_EDGE('',*,*,#3722,.F.);
#3725=ORIENTED_EDGE('',*,*,#3724,.F.);
#3727=ORIENTED_EDGE('',*,*,#3726,.F.);
#3729=ORIENTED_EDGE('',*,*,#3728,.T.);
#3731=ORIENTED_EDGE('',*,*,#3730,.T.);
#3732=ORIENTED_EDGE('',*,*,#3571,.T.);
#3733=EDGE_LOOP('',(#3717,#3719,#3721,#3723,#3725,#3727,#3729,#3731,#3732));
#3734=FACE_OUTER_BOUND('',#3733,.F.);
#3735=ADVANCED_FACE('',(#3734),#3715,.F.);
#3736=CARTESIAN_POINT('',(-6.62E0,5.45E0,4.25E0));
#3737=DIRECTION('',(-1.E0,0.E0,0.E0));
#3738=DIRECTION('',(0.E0,0.E0,1.E0));
#3739=AXIS2_PLACEMENT_3D('',#3736,#3737,#3738);
#3740=PLANE('',#3739);
#3741=ORIENTED_EDGE('',*,*,#3691,.F.);
#3743=ORIENTED_EDGE('',*,*,#3742,.T.);
#3745=ORIENTED_EDGE('',*,*,#3744,.T.);
#3747=ORIENTED_EDGE('',*,*,#3746,.T.);
#3749=ORIENTED_EDGE('',*,*,#3748,.T.);
#3751=ORIENTED_EDGE('',*,*,#3750,.F.);
#3752=ORIENTED_EDGE('',*,*,#3702,.F.);
#3753=EDGE_LOOP('',(#3741,#3743,#3745,#3747,#3749,#3751,#3752));
#3754=FACE_OUTER_BOUND('',#3753,.F.);
#3755=ADVANCED_FACE('',(#3754),#3740,.F.);
#3756=CARTESIAN_POINT('',(-6.47E0,5.45E0,4.25E0));
#3757=DIRECTION('',(0.E0,1.E0,0.E0));
#3758=DIRECTION('',(1.E0,0.E0,0.E0));
#3759=AXIS2_PLACEMENT_3D('',#3756,#3757,#3758);
#3760=CYLINDRICAL_SURFACE('',#3759,1.5E-1);
#3762=ORIENTED_EDGE('',*,*,#3761,.T.);
#3763=ORIENTED_EDGE('',*,*,#3716,.F.);
#3764=ORIENTED_EDGE('',*,*,#3569,.F.);
#3766=ORIENTED_EDGE('',*,*,#3765,.T.);
#3767=EDGE_LOOP('',(#3762,#3763,#3764,#3766));
#3768=FACE_OUTER_BOUND('',#3767,.F.);
#3769=ADVANCED_FACE('',(#3768),#3760,.F.);
#3770=CARTESIAN_POINT('',(6.62E0,-3.1E0,2.525E0));
#3771=DIRECTION('',(0.E0,1.E0,0.E0));
#3772=DIRECTION('',(0.E0,0.E0,1.E0));
#3773=AXIS2_PLACEMENT_3D('',#3770,#3771,#3772);
#3774=PLANE('',#3773);
#3776=ORIENTED_EDGE('',*,*,#3775,.F.);
#3778=ORIENTED_EDGE('',*,*,#3777,.F.);
#3780=ORIENTED_EDGE('',*,*,#3779,.F.);
#3782=ORIENTED_EDGE('',*,*,#3781,.T.);
#3783=ORIENTED_EDGE('',*,*,#3718,.T.);
#3784=ORIENTED_EDGE('',*,*,#3761,.F.);
#3786=ORIENTED_EDGE('',*,*,#3785,.F.);
#3788=ORIENTED_EDGE('',*,*,#3787,.F.);
#3790=ORIENTED_EDGE('',*,*,#3789,.T.);
#3792=ORIENTED_EDGE('',*,*,#3791,.T.);
#3794=ORIENTED_EDGE('',*,*,#3793,.T.);
#3796=ORIENTED_EDGE('',*,*,#3795,.F.);
#3797=EDGE_LOOP('',(#3776,#3778,#3780,#3782,#3783,#3784,#3786,#3788,#3790,#3792,
#3794,#3796));
#3798=FACE_OUTER_BOUND('',#3797,.F.);
#3799=ADVANCED_FACE('',(#3798),#3774,.F.);
#3800=CARTESIAN_POINT('',(6.47E0,5.45E0,4.1E0));
#3801=DIRECTION('',(0.E0,0.E0,-1.E0));
#3802=DIRECTION('',(-1.E0,0.E0,0.E0));
#3803=AXIS2_PLACEMENT_3D('',#3800,#3801,#3802);
#3804=PLANE('',#3803);
#3805=ORIENTED_EDGE('',*,*,#3775,.T.);
#3807=ORIENTED_EDGE('',*,*,#3806,.T.);
#3808=ORIENTED_EDGE('',*,*,#3555,.F.);
#3810=ORIENTED_EDGE('',*,*,#3809,.T.);
#3811=EDGE_LOOP('',(#3805,#3807,#3808,#3810));
#3812=FACE_OUTER_BOUND('',#3811,.F.);
#3813=ADVANCED_FACE('',(#3812),#3804,.F.);
#3814=CARTESIAN_POINT('',(6.47E0,5.45E0,4.1E0));
#3815=DIRECTION('',(0.E0,0.E0,-1.E0));
#3816=DIRECTION('',(-1.E0,0.E0,0.E0));
#3817=AXIS2_PLACEMENT_3D('',#3814,#3815,#3816);
#3818=PLANE('',#3817);
#3819=ORIENTED_EDGE('',*,*,#3765,.F.);
#3820=ORIENTED_EDGE('',*,*,#3567,.F.);
#3822=ORIENTED_EDGE('',*,*,#3821,.F.);
#3823=ORIENTED_EDGE('',*,*,#3785,.T.);
#3824=EDGE_LOOP('',(#3819,#3820,#3822,#3823));
#3825=FACE_OUTER_BOUND('',#3824,.F.);
#3826=ADVANCED_FACE('',(#3825),#3818,.F.);
#3827=CARTESIAN_POINT('',(1.E0,5.45E0,4.2E0));
#3828=DIRECTION('',(0.E0,1.E0,0.E0));
#3829=DIRECTION('',(1.E0,0.E0,0.E0));
#3830=AXIS2_PLACEMENT_3D('',#3827,#3828,#3829);
#3831=CYLINDRICAL_SURFACE('',#3830,1.E-1);
#3832=ORIENTED_EDGE('',*,*,#3795,.T.);
#3834=ORIENTED_EDGE('',*,*,#3833,.F.);
#3835=ORIENTED_EDGE('',*,*,#3557,.T.);
#3836=ORIENTED_EDGE('',*,*,#3806,.F.);
#3837=EDGE_LOOP('',(#3832,#3834,#3835,#3836));
#3838=FACE_OUTER_BOUND('',#3837,.F.);
#3839=ADVANCED_FACE('',(#3838),#3831,.F.);
#3840=CARTESIAN_POINT('',(9.E-1,5.45E0,4.875E0));
#3841=DIRECTION('',(1.E0,0.E0,0.E0));
#3842=DIRECTION('',(0.E0,0.E0,-1.E0));
#3843=AXIS2_PLACEMENT_3D('',#3840,#3841,#3842);
#3844=PLANE('',#3843);
#3845=ORIENTED_EDGE('',*,*,#3793,.F.);
#3847=ORIENTED_EDGE('',*,*,#3846,.F.);
#3848=ORIENTED_EDGE('',*,*,#3559,.T.);
#3849=ORIENTED_EDGE('',*,*,#3833,.T.);
#3850=EDGE_LOOP('',(#3845,#3847,#3848,#3849));
#3851=FACE_OUTER_BOUND('',#3850,.F.);
#3852=ADVANCED_FACE('',(#3851),#3844,.T.);
#3853=CARTESIAN_POINT('',(-9.E-1,5.45E0,4.875E0));
#3854=DIRECTION('',(0.E0,0.E0,1.E0));
#3855=DIRECTION('',(1.E0,0.E0,0.E0));
#3856=AXIS2_PLACEMENT_3D('',#3853,#3854,#3855);
#3857=PLANE('',#3856);
#3858=ORIENTED_EDGE('',*,*,#3791,.F.);
#3860=ORIENTED_EDGE('',*,*,#3859,.F.);
#3861=ORIENTED_EDGE('',*,*,#3561,.T.);
#3862=ORIENTED_EDGE('',*,*,#3846,.T.);
#3863=EDGE_LOOP('',(#3858,#3860,#3861,#3862));
#3864=FACE_OUTER_BOUND('',#3863,.F.);
#3865=ADVANCED_FACE('',(#3864),#3857,.T.);
#3866=CARTESIAN_POINT('',(-9.E-1,5.45E0,4.2E0));
#3867=DIRECTION('',(-1.E0,0.E0,0.E0));
#3868=DIRECTION('',(0.E0,0.E0,1.E0));
#3869=AXIS2_PLACEMENT_3D('',#3866,#3867,#3868);
#3870=PLANE('',#3869);
#3871=ORIENTED_EDGE('',*,*,#3789,.F.);
#3873=ORIENTED_EDGE('',*,*,#3872,.F.);
#3874=ORIENTED_EDGE('',*,*,#3563,.T.);
#3875=ORIENTED_EDGE('',*,*,#3859,.T.);
#3876=EDGE_LOOP('',(#3871,#3873,#3874,#3875));
#3877=FACE_OUTER_BOUND('',#3876,.F.);
#3878=ADVANCED_FACE('',(#3877),#3870,.T.);
#3879=CARTESIAN_POINT('',(-1.E0,5.45E0,4.2E0));
#3880=DIRECTION('',(0.E0,1.E0,0.E0));
#3881=DIRECTION('',(1.E0,0.E0,0.E0));
#3882=AXIS2_PLACEMENT_3D('',#3879,#3880,#3881);
#3883=CYLINDRICAL_SURFACE('',#3882,1.E-1);
#3884=ORIENTED_EDGE('',*,*,#3787,.T.);
#3885=ORIENTED_EDGE('',*,*,#3821,.T.);
#3886=ORIENTED_EDGE('',*,*,#3565,.T.);
#3887=ORIENTED_EDGE('',*,*,#3872,.T.);
#3888=EDGE_LOOP('',(#3884,#3885,#3886,#3887));
#3889=FACE_OUTER_BOUND('',#3888,.F.);
#3890=ADVANCED_FACE('',(#3889),#3883,.F.);
#3891=CARTESIAN_POINT('',(6.47E0,5.45E0,4.25E0));
#3892=DIRECTION('',(0.E0,1.E0,0.E0));
#3893=DIRECTION('',(1.E0,0.E0,0.E0));
#3894=AXIS2_PLACEMENT_3D('',#3891,#3892,#3893);
#3895=CYLINDRICAL_SURFACE('',#3894,1.5E-1);
#3896=ORIENTED_EDGE('',*,*,#3777,.T.);
#3897=ORIENTED_EDGE('',*,*,#3809,.F.);
#3898=ORIENTED_EDGE('',*,*,#3553,.F.);
#3900=ORIENTED_EDGE('',*,*,#3899,.T.);
#3901=EDGE_LOOP('',(#3896,#3897,#3898,#3900));
#3902=FACE_OUTER_BOUND('',#3901,.F.);
#3903=ADVANCED_FACE('',(#3902),#3895,.F.);
#3904=CARTESIAN_POINT('',(6.62E0,5.45E0,4.875E0));
#3905=DIRECTION('',(1.E0,0.E0,0.E0));
#3906=DIRECTION('',(0.E0,0.E0,-1.E0));
#3907=AXIS2_PLACEMENT_3D('',#3904,#3905,#3906);
#3908=PLANE('',#3907);
#3910=ORIENTED_EDGE('',*,*,#3909,.T.);
#3912=ORIENTED_EDGE('',*,*,#3911,.F.);
#3914=ORIENTED_EDGE('',*,*,#3913,.T.);
#3916=ORIENTED_EDGE('',*,*,#3915,.T.);
#3917=ORIENTED_EDGE('',*,*,#3779,.T.);
#3918=ORIENTED_EDGE('',*,*,#3899,.F.);
#3919=ORIENTED_EDGE('',*,*,#3551,.F.);
#3921=ORIENTED_EDGE('',*,*,#3920,.T.);
#3923=ORIENTED_EDGE('',*,*,#3922,.F.);
#3924=EDGE_LOOP('',(#3910,#3912,#3914,#3916,#3917,#3918,#3919,#3921,#3923));
#3925=FACE_OUTER_BOUND('',#3924,.F.);
#3926=ADVANCED_FACE('',(#3925),#3908,.F.);
#3927=CARTESIAN_POINT('',(6.62E0,5.45E0,4.875E0));
#3928=DIRECTION('',(1.E0,0.E0,0.E0));
#3929=DIRECTION('',(0.E0,0.E0,-1.E0));
#3930=AXIS2_PLACEMENT_3D('',#3927,#3928,#3929);
#3931=PLANE('',#3930);
#3933=ORIENTED_EDGE('',*,*,#3932,.F.);
#3934=ORIENTED_EDGE('',*,*,#3669,.T.);
#3935=ORIENTED_EDGE('',*,*,#3706,.T.);
#3937=ORIENTED_EDGE('',*,*,#3936,.T.);
#3939=ORIENTED_EDGE('',*,*,#3938,.F.);
#3941=ORIENTED_EDGE('',*,*,#3940,.F.);
#3943=ORIENTED_EDGE('',*,*,#3942,.F.);
#3944=EDGE_LOOP('',(#3933,#3934,#3935,#3937,#3939,#3941,#3943));
#3945=FACE_OUTER_BOUND('',#3944,.F.);
#3946=ADVANCED_FACE('',(#3945),#3931,.F.);
#3947=CARTESIAN_POINT('',(7.52E0,-4.6E0,2.825E0));
#3948=DIRECTION('',(0.E0,0.E0,1.E0));
#3949=DIRECTION('',(0.E0,-1.E0,0.E0));
#3950=AXIS2_PLACEMENT_3D('',#3947,#3948,#3949);
#3951=PLANE('',#3950);
#3952=ORIENTED_EDGE('',*,*,#3726,.T.);
#3954=ORIENTED_EDGE('',*,*,#3953,.T.);
#3956=ORIENTED_EDGE('',*,*,#3955,.F.);
#3958=ORIENTED_EDGE('',*,*,#3957,.T.);
#3959=EDGE_LOOP('',(#3952,#3954,#3956,#3958));
#3960=FACE_OUTER_BOUND('',#3959,.F.);
#3961=ADVANCED_FACE('',(#3960),#3951,.F.);
#3962=CARTESIAN_POINT('',(7.52E0,-4.6E0,2.825E0));
#3963=DIRECTION('',(0.E0,0.E0,1.E0));
#3964=DIRECTION('',(0.E0,-1.E0,0.E0));
#3965=AXIS2_PLACEMENT_3D('',#3962,#3963,#3964);
#3966=PLANE('',#3965);
#3968=ORIENTED_EDGE('',*,*,#3967,.T.);
#3969=ORIENTED_EDGE('',*,*,#3909,.F.);
#3971=ORIENTED_EDGE('',*,*,#3970,.T.);
#3973=ORIENTED_EDGE('',*,*,#3972,.T.);
#3974=EDGE_LOOP('',(#3968,#3969,#3971,#3973));
#3975=FACE_OUTER_BOUND('',#3974,.F.);
#3976=ADVANCED_FACE('',(#3975),#3966,.F.);
#3977=CARTESIAN_POINT('',(6.62E0,-4.6E0,4.875E0));
#3978=DIRECTION('',(0.E0,1.E0,0.E0));
#3979=DIRECTION('',(-1.E0,0.E0,0.E0));
#3980=AXIS2_PLACEMENT_3D('',#3977,#3978,#3979);
#3981=PLANE('',#3980);
#3983=ORIENTED_EDGE('',*,*,#3982,.T.);
#3984=ORIENTED_EDGE('',*,*,#3911,.T.);
#3985=ORIENTED_EDGE('',*,*,#3967,.F.);
#3987=ORIENTED_EDGE('',*,*,#3986,.F.);
#3989=ORIENTED_EDGE('',*,*,#3988,.T.);
#3990=ORIENTED_EDGE('',*,*,#3940,.T.);
#3992=ORIENTED_EDGE('',*,*,#3991,.F.);
#3993=ORIENTED_EDGE('',*,*,#3746,.F.);
#3995=ORIENTED_EDGE('',*,*,#3994,.T.);
#3997=ORIENTED_EDGE('',*,*,#3996,.T.);
#3998=ORIENTED_EDGE('',*,*,#3953,.F.);
#3999=ORIENTED_EDGE('',*,*,#3724,.T.);
#4000=EDGE_LOOP('',(#3983,#3984,#3985,#3987,#3989,#3990,#3992,#3993,#3995,#3997,
#3998,#3999));
#4001=FACE_OUTER_BOUND('',#4000,.F.);
#4003=ORIENTED_EDGE('',*,*,#4002,.T.);
#4005=ORIENTED_EDGE('',*,*,#4004,.F.);
#4007=ORIENTED_EDGE('',*,*,#4006,.F.);
#4009=ORIENTED_EDGE('',*,*,#4008,.T.);
#4010=EDGE_LOOP('',(#4003,#4005,#4007,#4009));
#4011=FACE_BOUND('',#4010,.F.);
#4013=ORIENTED_EDGE('',*,*,#4012,.T.);
#4015=ORIENTED_EDGE('',*,*,#4014,.F.);
#4017=ORIENTED_EDGE('',*,*,#4016,.F.);
#4019=ORIENTED_EDGE('',*,*,#4018,.T.);
#4020=EDGE_LOOP('',(#4013,#4015,#4017,#4019));
#4021=FACE_BOUND('',#4020,.F.);
#4023=ORIENTED_EDGE('',*,*,#4022,.T.);
#4025=ORIENTED_EDGE('',*,*,#4024,.F.);
#4027=ORIENTED_EDGE('',*,*,#4026,.F.);
#4029=ORIENTED_EDGE('',*,*,#4028,.T.);
#4030=EDGE_LOOP('',(#4023,#4025,#4027,#4029));
#4031=FACE_BOUND('',#4030,.F.);
#4033=ORIENTED_EDGE('',*,*,#4032,.T.);
#4035=ORIENTED_EDGE('',*,*,#4034,.F.);
#4037=ORIENTED_EDGE('',*,*,#4036,.F.);
#4039=ORIENTED_EDGE('',*,*,#4038,.T.);
#4040=EDGE_LOOP('',(#4033,#4035,#4037,#4039));
#4041=FACE_BOUND('',#4040,.F.);
#4043=ORIENTED_EDGE('',*,*,#4042,.T.);
#4045=ORIENTED_EDGE('',*,*,#4044,.F.);
#4047=ORIENTED_EDGE('',*,*,#4046,.F.);
#4049=ORIENTED_EDGE('',*,*,#4048,.T.);
#4050=EDGE_LOOP('',(#4043,#4045,#4047,#4049));
#4051=FACE_BOUND('',#4050,.F.);
#4053=ORIENTED_EDGE('',*,*,#4052,.T.);
#4055=ORIENTED_EDGE('',*,*,#4054,.T.);
#4057=ORIENTED_EDGE('',*,*,#4056,.T.);
#4059=ORIENTED_EDGE('',*,*,#4058,.F.);
#4060=EDGE_LOOP('',(#4053,#4055,#4057,#4059));
#4061=FACE_BOUND('',#4060,.F.);
#4063=ORIENTED_EDGE('',*,*,#4062,.T.);
#4065=ORIENTED_EDGE('',*,*,#4064,.T.);
#4067=ORIENTED_EDGE('',*,*,#4066,.T.);
#4069=ORIENTED_EDGE('',*,*,#4068,.F.);
#4070=EDGE_LOOP('',(#4063,#4065,#4067,#4069));
#4071=FACE_BOUND('',#4070,.F.);
#4073=ORIENTED_EDGE('',*,*,#4072,.T.);
#4075=ORIENTED_EDGE('',*,*,#4074,.T.);
#4077=ORIENTED_EDGE('',*,*,#4076,.T.);
#4079=ORIENTED_EDGE('',*,*,#4078,.F.);
#4080=EDGE_LOOP('',(#4073,#4075,#4077,#4079));
#4081=FACE_BOUND('',#4080,.F.);
#4083=ORIENTED_EDGE('',*,*,#4082,.T.);
#4085=ORIENTED_EDGE('',*,*,#4084,.T.);
#4087=ORIENTED_EDGE('',*,*,#4086,.T.);
#4089=ORIENTED_EDGE('',*,*,#4088,.F.);
#4090=EDGE_LOOP('',(#4083,#4085,#4087,#4089));
#4091=FACE_BOUND('',#4090,.F.);
#4093=ORIENTED_EDGE('',*,*,#4092,.T.);
#4095=ORIENTED_EDGE('',*,*,#4094,.T.);
#4097=ORIENTED_EDGE('',*,*,#4096,.T.);
#4099=ORIENTED_EDGE('',*,*,#4098,.F.);
#4100=EDGE_LOOP('',(#4093,#4095,#4097,#4099));
#4101=FACE_BOUND('',#4100,.F.);
#4102=ADVANCED_FACE('',(#4001,#4011,#4021,#4031,#4041,#4051,#4061,#4071,#4081,
#4091,#4101),#3981,.F.);
#4103=CARTESIAN_POINT('',(-6.62E0,-4.6E0,2.4488E0));
#4104=DIRECTION('',(0.E0,-7.071067811865E-1,7.071067811865E-1));
#4105=DIRECTION('',(1.E0,0.E0,0.E0));
#4106=AXIS2_PLACEMENT_3D('',#4103,#4104,#4105);
#4107=PLANE('',#4106);
#4108=ORIENTED_EDGE('',*,*,#3982,.F.);
#4109=ORIENTED_EDGE('',*,*,#3722,.T.);
#4111=ORIENTED_EDGE('',*,*,#4110,.T.);
#4112=ORIENTED_EDGE('',*,*,#3913,.F.);
#4113=EDGE_LOOP('',(#4108,#4109,#4111,#4112));
#4114=FACE_OUTER_BOUND('',#4113,.F.);
#4115=ADVANCED_FACE('',(#4114),#4107,.T.);
#4116=CARTESIAN_POINT('',(6.62E0,-4.6E0,2.525E0));
#4117=DIRECTION('',(0.E0,0.E0,-1.E0));
#4118=DIRECTION('',(0.E0,1.E0,0.E0));
#4119=AXIS2_PLACEMENT_3D('',#4116,#4117,#4118);
#4120=PLANE('',#4119);
#4121=ORIENTED_EDGE('',*,*,#4110,.F.);
#4122=ORIENTED_EDGE('',*,*,#3720,.T.);
#4123=ORIENTED_EDGE('',*,*,#3781,.F.);
#4124=ORIENTED_EDGE('',*,*,#3915,.F.);
#4125=EDGE_LOOP('',(#4121,#4122,#4123,#4124));
#4126=FACE_OUTER_BOUND('',#4125,.F.);
#4127=ADVANCED_FACE('',(#4126),#4120,.F.);
#4128=CARTESIAN_POINT('',(7.52E0,-5.45E0,-4.875E0));
#4129=DIRECTION('',(1.E0,0.E0,0.E0));
#4130=DIRECTION('',(0.E0,1.E0,0.E0));
#4131=AXIS2_PLACEMENT_3D('',#4128,#4129,#4130);
#4132=PLANE('',#4131);
#4133=ORIENTED_EDGE('',*,*,#3673,.F.);
#4135=ORIENTED_EDGE('',*,*,#4134,.T.);
#4137=ORIENTED_EDGE('',*,*,#4136,.T.);
#4138=ORIENTED_EDGE('',*,*,#3986,.T.);
#4139=ORIENTED_EDGE('',*,*,#3972,.F.);
#4141=ORIENTED_EDGE('',*,*,#4140,.T.);
#4143=ORIENTED_EDGE('',*,*,#4142,.T.);
#4144=ORIENTED_EDGE('',*,*,#3547,.F.);
#4145=EDGE_LOOP('',(#4133,#4135,#4137,#4138,#4139,#4141,#4143,#4144));
#4146=FACE_OUTER_BOUND('',#4145,.F.);
#4147=ADVANCED_FACE('',(#4146),#4132,.T.);
#4148=CARTESIAN_POINT('',(-7.52E0,-5.45E0,-4.875E0));
#4149=DIRECTION('',(0.E0,-1.E0,0.E0));
#4150=DIRECTION('',(1.E0,0.E0,0.E0));
#4151=AXIS2_PLACEMENT_3D('',#4148,#4149,#4150);
#4152=PLANE('',#4151);
#4153=ORIENTED_EDGE('',*,*,#3957,.F.);
#4155=ORIENTED_EDGE('',*,*,#4154,.T.);
#4157=ORIENTED_EDGE('',*,*,#4156,.T.);
#4158=ORIENTED_EDGE('',*,*,#3728,.F.);
#4159=EDGE_LOOP('',(#4153,#4155,#4157,#4158));
#4160=FACE_OUTER_BOUND('',#4159,.F.);
#4161=ADVANCED_FACE('',(#4160),#4152,.T.);
#4162=CARTESIAN_POINT('',(-7.52E0,-5.45E0,-4.875E0));
#4163=DIRECTION('',(0.E0,-1.E0,0.E0));
#4164=DIRECTION('',(1.E0,0.E0,0.E0));
#4165=AXIS2_PLACEMENT_3D('',#4162,#4163,#4164);
#4166=PLANE('',#4165);
#4167=ORIENTED_EDGE('',*,*,#3970,.F.);
#4168=ORIENTED_EDGE('',*,*,#3922,.T.);
#4170=ORIENTED_EDGE('',*,*,#4169,.T.);
#4171=ORIENTED_EDGE('',*,*,#4140,.F.);
#4172=EDGE_LOOP('',(#4167,#4168,#4170,#4171));
#4173=FACE_OUTER_BOUND('',#4172,.F.);
#4174=ADVANCED_FACE('',(#4173),#4166,.T.);
#4175=CARTESIAN_POINT('',(-7.52E0,-5.45E0,-4.875E0));
#4176=DIRECTION('',(0.E0,-1.E0,0.E0));
#4177=DIRECTION('',(1.E0,0.E0,0.E0));
#4178=AXIS2_PLACEMENT_3D('',#4175,#4176,#4177);
#4179=PLANE('',#4178);
#4180=ORIENTED_EDGE('',*,*,#3689,.F.);
#4182=ORIENTED_EDGE('',*,*,#4181,.T.);
#4184=ORIENTED_EDGE('',*,*,#4183,.T.);
#4185=ORIENTED_EDGE('',*,*,#3742,.F.);
#4186=EDGE_LOOP('',(#4180,#4182,#4184,#4185));
#4187=FACE_OUTER_BOUND('',#4186,.F.);
#4188=ADVANCED_FACE('',(#4187),#4179,.T.);
#4189=CARTESIAN_POINT('',(-7.52E0,-5.45E0,-4.875E0));
#4190=DIRECTION('',(0.E0,-1.E0,0.E0));
#4191=DIRECTION('',(1.E0,0.E0,0.E0));
#4192=AXIS2_PLACEMENT_3D('',#4189,#4190,#4191);
#4193=PLANE('',#4192);
#4194=ORIENTED_EDGE('',*,*,#3671,.T.);
#4195=ORIENTED_EDGE('',*,*,#3932,.T.);
#4197=ORIENTED_EDGE('',*,*,#4196,.T.);
#4198=ORIENTED_EDGE('',*,*,#4134,.F.);
#4199=EDGE_LOOP('',(#4194,#4195,#4197,#4198));
#4200=FACE_OUTER_BOUND('',#4199,.F.);
#4201=ADVANCED_FACE('',(#4200),#4193,.T.);
#4202=CARTESIAN_POINT('',(-7.52E0,5.45E0,-4.875E0));
#4203=DIRECTION('',(-1.E0,0.E0,0.E0));
#4204=DIRECTION('',(0.E0,-1.E0,0.E0));
#4205=AXIS2_PLACEMENT_3D('',#4202,#4203,#4204);
#4206=PLANE('',#4205);
#4207=ORIENTED_EDGE('',*,*,#3687,.F.);
#4208=ORIENTED_EDGE('',*,*,#3575,.T.);
#4210=ORIENTED_EDGE('',*,*,#4209,.T.);
#4211=ORIENTED_EDGE('',*,*,#4154,.F.);
#4212=ORIENTED_EDGE('',*,*,#3955,.T.);
#4213=ORIENTED_EDGE('',*,*,#3996,.F.);
#4215=ORIENTED_EDGE('',*,*,#4214,.F.);
#4216=ORIENTED_EDGE('',*,*,#4181,.F.);
#4217=EDGE_LOOP('',(#4207,#4208,#4210,#4211,#4212,#4213,#4215,#4216));
#4218=FACE_OUTER_BOUND('',#4217,.F.);
#4219=ADVANCED_FACE('',(#4218),#4206,.T.);
#4220=CARTESIAN_POINT('',(0.E0,0.E0,4.875E0));
#4221=DIRECTION('',(0.E0,0.E0,1.E0));
#4222=DIRECTION('',(1.E0,0.E0,0.E0));
#4223=AXIS2_PLACEMENT_3D('',#4220,#4221,#4222);
#4224=PLANE('',#4223);
#4225=ORIENTED_EDGE('',*,*,#3730,.F.);
#4226=ORIENTED_EDGE('',*,*,#4156,.F.);
#4227=ORIENTED_EDGE('',*,*,#4209,.F.);
#4228=ORIENTED_EDGE('',*,*,#3573,.F.);
#4229=EDGE_LOOP('',(#4225,#4226,#4227,#4228));
#4230=FACE_OUTER_BOUND('',#4229,.F.);
#4231=ADVANCED_FACE('',(#4230),#4224,.T.);
#4232=CARTESIAN_POINT('',(0.E0,0.E0,4.875E0));
#4233=DIRECTION('',(0.E0,0.E0,1.E0));
#4234=DIRECTION('',(1.E0,0.E0,0.E0));
#4235=AXIS2_PLACEMENT_3D('',#4232,#4233,#4234);
#4236=PLANE('',#4235);
#4237=ORIENTED_EDGE('',*,*,#3549,.F.);
#4238=ORIENTED_EDGE('',*,*,#4142,.F.);
#4239=ORIENTED_EDGE('',*,*,#4169,.F.);
#4240=ORIENTED_EDGE('',*,*,#3920,.F.);
#4241=EDGE_LOOP('',(#4237,#4238,#4239,#4240));
#4242=FACE_OUTER_BOUND('',#4241,.F.);
#4243=ADVANCED_FACE('',(#4242),#4236,.T.);
#4244=CARTESIAN_POINT('',(7.52E0,-5.45E0,-2.875E0));
#4245=DIRECTION('',(0.E0,0.E0,-1.E0));
#4246=DIRECTION('',(0.E0,1.E0,0.E0));
#4247=AXIS2_PLACEMENT_3D('',#4244,#4245,#4246);
#4248=PLANE('',#4247);
#4249=ORIENTED_EDGE('',*,*,#3744,.F.);
#4250=ORIENTED_EDGE('',*,*,#4183,.F.);
#4251=ORIENTED_EDGE('',*,*,#4214,.T.);
#4252=ORIENTED_EDGE('',*,*,#3994,.F.);
#4253=EDGE_LOOP('',(#4249,#4250,#4251,#4252));
#4254=FACE_OUTER_BOUND('',#4253,.F.);
#4255=ADVANCED_FACE('',(#4254),#4248,.F.);
#4256=CARTESIAN_POINT('',(7.52E0,-5.45E0,-2.875E0));
#4257=DIRECTION('',(0.E0,0.E0,-1.E0));
#4258=DIRECTION('',(0.E0,1.E0,0.E0));
#4259=AXIS2_PLACEMENT_3D('',#4256,#4257,#4258);
#4260=PLANE('',#4259);
#4261=ORIENTED_EDGE('',*,*,#3988,.F.);
#4262=ORIENTED_EDGE('',*,*,#4136,.F.);
#4263=ORIENTED_EDGE('',*,*,#4196,.F.);
#4264=ORIENTED_EDGE('',*,*,#3942,.T.);
#4265=EDGE_LOOP('',(#4261,#4262,#4263,#4264));
#4266=FACE_OUTER_BOUND('',#4265,.F.);
#4267=ADVANCED_FACE('',(#4266),#4260,.F.);
#4268=CARTESIAN_POINT('',(-6.62E0,-4.6E0,-2.4988E0));
#4269=DIRECTION('',(0.E0,7.071067811865E-1,7.071067811865E-1));
#4270=DIRECTION('',(1.E0,0.E0,0.E0));
#4271=AXIS2_PLACEMENT_3D('',#4268,#4269,#4270);
#4272=PLANE('',#4271);
#4273=ORIENTED_EDGE('',*,*,#3991,.T.);
#4274=ORIENTED_EDGE('',*,*,#3938,.T.);
#4276=ORIENTED_EDGE('',*,*,#4275,.F.);
#4277=ORIENTED_EDGE('',*,*,#3748,.F.);
#4278=EDGE_LOOP('',(#4273,#4274,#4276,#4277));
#4279=FACE_OUTER_BOUND('',#4278,.F.);
#4280=ADVANCED_FACE('',(#4279),#4272,.F.);
#4281=CARTESIAN_POINT('',(6.62E0,-3.1E0,-2.575E0));
#4282=DIRECTION('',(0.E0,0.E0,1.E0));
#4283=DIRECTION('',(0.E0,-1.E0,0.E0));
#4284=AXIS2_PLACEMENT_3D('',#4281,#4282,#4283);
#4285=PLANE('',#4284);
#4286=ORIENTED_EDGE('',*,*,#4275,.T.);
#4287=ORIENTED_EDGE('',*,*,#3936,.F.);
#4288=ORIENTED_EDGE('',*,*,#3704,.T.);
#4289=ORIENTED_EDGE('',*,*,#3750,.T.);
#4290=EDGE_LOOP('',(#4286,#4287,#4288,#4289));
#4291=FACE_OUTER_BOUND('',#4290,.F.);
#4292=ADVANCED_FACE('',(#4291),#4285,.F.);
#4293=CARTESIAN_POINT('',(4.755E0,4.52E0,1.595E0));
#4294=DIRECTION('',(-1.E0,0.E0,0.E0));
#4295=DIRECTION('',(0.E0,0.E0,-1.E0));
#4296=AXIS2_PLACEMENT_3D('',#4293,#4294,#4295);
#4297=PLANE('',#4296);
#4299=ORIENTED_EDGE('',*,*,#4298,.T.);
#4301=ORIENTED_EDGE('',*,*,#4300,.F.);
#4303=ORIENTED_EDGE('',*,*,#4302,.F.);
#4304=ORIENTED_EDGE('',*,*,#4002,.F.);
#4306=ORIENTED_EDGE('',*,*,#4305,.T.);
#4308=ORIENTED_EDGE('',*,*,#4307,.T.);
#4309=EDGE_LOOP('',(#4299,#4301,#4303,#4304,#4306,#4308));
#4310=FACE_OUTER_BOUND('',#4309,.F.);
#4311=ADVANCED_FACE('',(#4310),#4297,.T.);
#4312=CARTESIAN_POINT('',(4.755E0,4.52E0,1.595E0));
#4313=DIRECTION('',(-1.E0,0.E0,0.E0));
#4314=DIRECTION('',(0.E0,0.E0,-1.E0));
#4315=AXIS2_PLACEMENT_3D('',#4312,#4313,#4314);
#4316=PLANE('',#4315);
#4318=ORIENTED_EDGE('',*,*,#4317,.T.);
#4320=ORIENTED_EDGE('',*,*,#4319,.T.);
#4322=ORIENTED_EDGE('',*,*,#4321,.T.);
#4324=ORIENTED_EDGE('',*,*,#4323,.F.);
#4325=EDGE_LOOP('',(#4318,#4320,#4322,#4324));
#4326=FACE_OUTER_BOUND('',#4325,.F.);
#4327=ADVANCED_FACE('',(#4326),#4316,.T.);
#4328=CARTESIAN_POINT('',(4.855E0,-5.088E0,7.525E0));
#4329=DIRECTION('',(-9.284766908853E-1,0.E0,3.713906763541E-1));
#4330=DIRECTION('',(0.E0,-1.E0,0.E0));
#4331=AXIS2_PLACEMENT_3D('',#4328,#4329,#4330);
#4332=PLANE('',#4331);
#4334=ORIENTED_EDGE('',*,*,#4333,.T.);
#4336=ORIENTED_EDGE('',*,*,#4335,.F.);
#4337=ORIENTED_EDGE('',*,*,#4298,.F.);
#4339=ORIENTED_EDGE('',*,*,#4338,.F.);
#4340=EDGE_LOOP('',(#4334,#4336,#4337,#4339));
#4341=FACE_OUTER_BOUND('',#4340,.F.);
#4342=ADVANCED_FACE('',(#4341),#4332,.T.);
#4343=CARTESIAN_POINT('',(5.08E0,-5.088E0,7.775E0));
#4344=DIRECTION('',(0.E0,0.E0,1.E0));
#4345=DIRECTION('',(0.E0,-1.E0,0.E0));
#4346=AXIS2_PLACEMENT_3D('',#4343,#4344,#4345);
#4347=PLANE('',#4346);
#4349=ORIENTED_EDGE('',*,*,#4348,.F.);
#4351=ORIENTED_EDGE('',*,*,#4350,.F.);
#4352=ORIENTED_EDGE('',*,*,#4333,.F.);
#4354=ORIENTED_EDGE('',*,*,#4353,.F.);
#4355=EDGE_LOOP('',(#4349,#4351,#4352,#4354));
#4356=FACE_OUTER_BOUND('',#4355,.F.);
#4357=ADVANCED_FACE('',(#4356),#4347,.T.);
#4358=CARTESIAN_POINT('',(5.305E0,-5.088E0,7.525E0));
#4359=DIRECTION('',(9.284766908853E-1,0.E0,3.713906763541E-1));
#4360=DIRECTION('',(0.E0,-1.E0,0.E0));
#4361=AXIS2_PLACEMENT_3D('',#4358,#4359,#4360);
#4362=PLANE('',#4361);
#4364=ORIENTED_EDGE('',*,*,#4363,.F.);
#4366=ORIENTED_EDGE('',*,*,#4365,.F.);
#4367=ORIENTED_EDGE('',*,*,#4348,.T.);
#4369=ORIENTED_EDGE('',*,*,#4368,.F.);
#4370=EDGE_LOOP('',(#4364,#4366,#4367,#4369));
#4371=FACE_OUTER_BOUND('',#4370,.F.);
#4372=ADVANCED_FACE('',(#4371),#4362,.T.);
#4373=CARTESIAN_POINT('',(5.405E0,4.52E0,9.45E-1));
#4374=DIRECTION('',(1.E0,0.E0,0.E0));
#4375=DIRECTION('',(0.E0,0.E0,1.E0));
#4376=AXIS2_PLACEMENT_3D('',#4373,#4374,#4375);
#4377=PLANE('',#4376);
#4378=ORIENTED_EDGE('',*,*,#4363,.T.);
#4380=ORIENTED_EDGE('',*,*,#4379,.F.);
#4382=ORIENTED_EDGE('',*,*,#4381,.F.);
#4383=ORIENTED_EDGE('',*,*,#4006,.T.);
#4385=ORIENTED_EDGE('',*,*,#4384,.T.);
#4387=ORIENTED_EDGE('',*,*,#4386,.T.);
#4388=EDGE_LOOP('',(#4378,#4380,#4382,#4383,#4385,#4387));
#4389=FACE_OUTER_BOUND('',#4388,.F.);
#4390=ADVANCED_FACE('',(#4389),#4377,.T.);
#4391=CARTESIAN_POINT('',(5.405E0,4.52E0,9.45E-1));
#4392=DIRECTION('',(1.E0,0.E0,0.E0));
#4393=DIRECTION('',(0.E0,0.E0,1.E0));
#4394=AXIS2_PLACEMENT_3D('',#4391,#4392,#4393);
#4395=PLANE('',#4394);
#4397=ORIENTED_EDGE('',*,*,#4396,.T.);
#4399=ORIENTED_EDGE('',*,*,#4398,.T.);
#4401=ORIENTED_EDGE('',*,*,#4400,.F.);
#4403=ORIENTED_EDGE('',*,*,#4402,.F.);
#4404=EDGE_LOOP('',(#4397,#4399,#4401,#4403));
#4405=FACE_OUTER_BOUND('',#4404,.F.);
#4406=ADVANCED_FACE('',(#4405),#4395,.T.);
#4407=CARTESIAN_POINT('',(5.405E0,-4.763E0,1.778E0));
#4408=DIRECTION('',(0.E0,1.E0,0.E0));
#4409=DIRECTION('',(-1.E0,0.E0,0.E0));
#4410=AXIS2_PLACEMENT_3D('',#4407,#4408,#4409);
#4411=PLANE('',#4410);
#4413=ORIENTED_EDGE('',*,*,#4412,.T.);
#4414=ORIENTED_EDGE('',*,*,#4307,.F.);
#4416=ORIENTED_EDGE('',*,*,#4415,.F.);
#4417=ORIENTED_EDGE('',*,*,#4379,.T.);
#4418=EDGE_LOOP('',(#4413,#4414,#4416,#4417));
#4419=FACE_OUTER_BOUND('',#4418,.F.);
#4420=ADVANCED_FACE('',(#4419),#4411,.T.);
#4421=CARTESIAN_POINT('',(5.08E0,-4.863E0,7.525E0));
#4422=DIRECTION('',(0.E0,9.284766908853E-1,3.713906763541E-1));
#4423=DIRECTION('',(-1.E0,0.E0,0.E0));
#4424=AXIS2_PLACEMENT_3D('',#4421,#4422,#4423);
#4425=PLANE('',#4424);
#4426=ORIENTED_EDGE('',*,*,#4412,.F.);
#4427=ORIENTED_EDGE('',*,*,#4368,.T.);
#4428=ORIENTED_EDGE('',*,*,#4353,.T.);
#4429=ORIENTED_EDGE('',*,*,#4338,.T.);
#4430=EDGE_LOOP('',(#4426,#4427,#4428,#4429));
#4431=FACE_OUTER_BOUND('',#4430,.F.);
#4432=ADVANCED_FACE('',(#4431),#4425,.T.);
#4433=CARTESIAN_POINT('',(6.08E0,-4.58E0,1.778E0));
#4434=DIRECTION('',(-1.E0,0.E0,0.E0));
#4435=DIRECTION('',(0.E0,0.E0,1.E0));
#4436=AXIS2_PLACEMENT_3D('',#4433,#4434,#4435);
#4437=CYLINDRICAL_SURFACE('',#4436,1.83E-1);
#4438=ORIENTED_EDGE('',*,*,#4008,.F.);
#4439=ORIENTED_EDGE('',*,*,#4381,.T.);
#4440=ORIENTED_EDGE('',*,*,#4415,.T.);
#4441=ORIENTED_EDGE('',*,*,#4305,.F.);
#4442=EDGE_LOOP('',(#4438,#4439,#4440,#4441));
#4443=FACE_OUTER_BOUND('',#4442,.F.);
#4444=ADVANCED_FACE('',(#4443),#4437,.F.);
#4445=CARTESIAN_POINT('',(6.08E0,-4.58E0,1.778E0));
#4446=DIRECTION('',(-1.E0,0.E0,0.E0));
#4447=DIRECTION('',(0.E0,0.E0,1.E0));
#4448=AXIS2_PLACEMENT_3D('',#4445,#4446,#4447);
#4449=CYLINDRICAL_SURFACE('',#4448,8.33E-1);
#4450=ORIENTED_EDGE('',*,*,#4004,.T.);
#4451=ORIENTED_EDGE('',*,*,#4302,.T.);
#4453=ORIENTED_EDGE('',*,*,#4452,.T.);
#4454=ORIENTED_EDGE('',*,*,#4384,.F.);
#4455=EDGE_LOOP('',(#4450,#4451,#4453,#4454));
#4456=FACE_OUTER_BOUND('',#4455,.F.);
#4457=ADVANCED_FACE('',(#4456),#4449,.T.);
#4458=CARTESIAN_POINT('',(4.755E0,-5.413E0,1.778E0));
#4459=DIRECTION('',(0.E0,-1.E0,0.E0));
#4460=DIRECTION('',(1.E0,0.E0,0.E0));
#4461=AXIS2_PLACEMENT_3D('',#4458,#4459,#4460);
#4462=PLANE('',#4461);
#4464=ORIENTED_EDGE('',*,*,#4463,.T.);
#4465=ORIENTED_EDGE('',*,*,#4386,.F.);
#4466=ORIENTED_EDGE('',*,*,#4452,.F.);
#4467=ORIENTED_EDGE('',*,*,#4300,.T.);
#4468=EDGE_LOOP('',(#4464,#4465,#4466,#4467));
#4469=FACE_OUTER_BOUND('',#4468,.F.);
#4470=ADVANCED_FACE('',(#4469),#4462,.T.);
#4471=CARTESIAN_POINT('',(5.08E0,-5.313E0,7.525E0));
#4472=DIRECTION('',(0.E0,-9.284766908853E-1,3.713906763541E-1));
#4473=DIRECTION('',(-1.E0,0.E0,0.E0));
#4474=AXIS2_PLACEMENT_3D('',#4471,#4472,#4473);
#4475=PLANE('',#4474);
#4476=ORIENTED_EDGE('',*,*,#4463,.F.);
#4477=ORIENTED_EDGE('',*,*,#4335,.T.);
#4478=ORIENTED_EDGE('',*,*,#4350,.T.);
#4479=ORIENTED_EDGE('',*,*,#4365,.T.);
#4480=EDGE_LOOP('',(#4476,#4477,#4478,#4479));
#4481=FACE_OUTER_BOUND('',#4480,.F.);
#4482=ADVANCED_FACE('',(#4481),#4475,.T.);
#4483=CARTESIAN_POINT('',(5.305E0,4.27E0,1.27E0));
#4484=DIRECTION('',(9.284766908853E-1,3.713906763541E-1,0.E0));
#4485=DIRECTION('',(0.E0,0.E0,-1.E0));
#4486=AXIS2_PLACEMENT_3D('',#4483,#4484,#4485);
#4487=PLANE('',#4486);
#4489=ORIENTED_EDGE('',*,*,#4488,.T.);
#4491=ORIENTED_EDGE('',*,*,#4490,.T.);
#4492=ORIENTED_EDGE('',*,*,#4396,.F.);
#4494=ORIENTED_EDGE('',*,*,#4493,.F.);
#4495=EDGE_LOOP('',(#4489,#4491,#4492,#4494));
#4496=FACE_OUTER_BOUND('',#4495,.F.);
#4497=ADVANCED_FACE('',(#4496),#4487,.T.);
#4498=CARTESIAN_POINT('',(5.08E0,4.52E0,1.27E0));
#4499=DIRECTION('',(0.E0,-1.E0,0.E0));
#4500=DIRECTION('',(0.E0,0.E0,-1.E0));
#4501=AXIS2_PLACEMENT_3D('',#4498,#4499,#4500);
#4502=PLANE('',#4501);
#4504=ORIENTED_EDGE('',*,*,#4503,.F.);
#4506=ORIENTED_EDGE('',*,*,#4505,.F.);
#4508=ORIENTED_EDGE('',*,*,#4507,.F.);
#4509=ORIENTED_EDGE('',*,*,#4488,.F.);
#4510=EDGE_LOOP('',(#4504,#4506,#4508,#4509));
#4511=FACE_OUTER_BOUND('',#4510,.F.);
#4512=ADVANCED_FACE('',(#4511),#4502,.F.);
#4513=CARTESIAN_POINT('',(5.08E0,4.27E0,1.495E0));
#4514=DIRECTION('',(0.E0,3.713906763541E-1,9.284766908853E-1));
#4515=DIRECTION('',(-1.E0,0.E0,0.E0));
#4516=AXIS2_PLACEMENT_3D('',#4513,#4514,#4515);
#4517=PLANE('',#4516);
#4519=ORIENTED_EDGE('',*,*,#4518,.F.);
#4521=ORIENTED_EDGE('',*,*,#4520,.F.);
#4522=ORIENTED_EDGE('',*,*,#4503,.T.);
#4523=ORIENTED_EDGE('',*,*,#4493,.T.);
#4524=EDGE_LOOP('',(#4519,#4521,#4522,#4523));
#4525=FACE_OUTER_BOUND('',#4524,.F.);
#4526=ADVANCED_FACE('',(#4525),#4517,.T.);
#4527=CARTESIAN_POINT('',(5.405E0,4.52E0,1.595E0));
#4528=DIRECTION('',(0.E0,0.E0,1.E0));
#4529=DIRECTION('',(-1.E0,0.E0,0.E0));
#4530=AXIS2_PLACEMENT_3D('',#4527,#4528,#4529);
#4531=PLANE('',#4530);
#4532=ORIENTED_EDGE('',*,*,#4518,.T.);
#4533=ORIENTED_EDGE('',*,*,#4402,.T.);
#4535=ORIENTED_EDGE('',*,*,#4534,.T.);
#4536=ORIENTED_EDGE('',*,*,#4319,.F.);
#4537=EDGE_LOOP('',(#4532,#4533,#4535,#4536));
#4538=FACE_OUTER_BOUND('',#4537,.F.);
#4539=ADVANCED_FACE('',(#4538),#4531,.T.);
#4540=CARTESIAN_POINT('',(7.52E0,-2.23E0,-4.875E0));
#4541=DIRECTION('',(0.E0,1.E0,0.E0));
#4542=DIRECTION('',(1.E0,0.E0,0.E0));
#4543=AXIS2_PLACEMENT_3D('',#4540,#4541,#4542);
#4544=PLANE('',#4543);
#4546=ORIENTED_EDGE('',*,*,#4545,.F.);
#4548=ORIENTED_EDGE('',*,*,#4547,.F.);
#4550=ORIENTED_EDGE('',*,*,#4549,.F.);
#4552=ORIENTED_EDGE('',*,*,#4551,.F.);
#4553=EDGE_LOOP('',(#4546,#4548,#4550,#4552));
#4554=FACE_OUTER_BOUND('',#4553,.F.);
#4555=ORIENTED_EDGE('',*,*,#4534,.F.);
#4556=ORIENTED_EDGE('',*,*,#4400,.T.);
#4558=ORIENTED_EDGE('',*,*,#4557,.F.);
#4559=ORIENTED_EDGE('',*,*,#4321,.F.);
#4560=EDGE_LOOP('',(#4555,#4556,#4558,#4559));
#4561=FACE_BOUND('',#4560,.F.);
#4563=ORIENTED_EDGE('',*,*,#4562,.F.);
#4565=ORIENTED_EDGE('',*,*,#4564,.T.);
#4567=ORIENTED_EDGE('',*,*,#4566,.F.);
#4569=ORIENTED_EDGE('',*,*,#4568,.F.);
#4570=EDGE_LOOP('',(#4563,#4565,#4567,#4569));
#4571=FACE_BOUND('',#4570,.F.);
#4573=ORIENTED_EDGE('',*,*,#4572,.F.);
#4575=ORIENTED_EDGE('',*,*,#4574,.T.);
#4577=ORIENTED_EDGE('',*,*,#4576,.F.);
#4579=ORIENTED_EDGE('',*,*,#4578,.F.);
#4580=EDGE_LOOP('',(#4573,#4575,#4577,#4579));
#4581=FACE_BOUND('',#4580,.F.);
#4583=ORIENTED_EDGE('',*,*,#4582,.F.);
#4585=ORIENTED_EDGE('',*,*,#4584,.T.);
#4587=ORIENTED_EDGE('',*,*,#4586,.F.);
#4589=ORIENTED_EDGE('',*,*,#4588,.F.);
#4590=EDGE_LOOP('',(#4583,#4585,#4587,#4589));
#4591=FACE_BOUND('',#4590,.F.);
#4593=ORIENTED_EDGE('',*,*,#4592,.F.);
#4595=ORIENTED_EDGE('',*,*,#4594,.T.);
#4597=ORIENTED_EDGE('',*,*,#4596,.F.);
#4599=ORIENTED_EDGE('',*,*,#4598,.F.);
#4600=EDGE_LOOP('',(#4593,#4595,#4597,#4599));
#4601=FACE_BOUND('',#4600,.F.);
#4603=ORIENTED_EDGE('',*,*,#4602,.F.);
#4605=ORIENTED_EDGE('',*,*,#4604,.T.);
#4607=ORIENTED_EDGE('',*,*,#4606,.F.);
#4609=ORIENTED_EDGE('',*,*,#4608,.F.);
#4610=EDGE_LOOP('',(#4603,#4605,#4607,#4609));
#4611=FACE_BOUND('',#4610,.F.);
#4613=ORIENTED_EDGE('',*,*,#4612,.F.);
#4615=ORIENTED_EDGE('',*,*,#4614,.T.);
#4617=ORIENTED_EDGE('',*,*,#4616,.F.);
#4619=ORIENTED_EDGE('',*,*,#4618,.F.);
#4620=EDGE_LOOP('',(#4613,#4615,#4617,#4619));
#4621=FACE_BOUND('',#4620,.F.);
#4623=ORIENTED_EDGE('',*,*,#4622,.F.);
#4625=ORIENTED_EDGE('',*,*,#4624,.T.);
#4627=ORIENTED_EDGE('',*,*,#4626,.F.);
#4629=ORIENTED_EDGE('',*,*,#4628,.F.);
#4630=EDGE_LOOP('',(#4623,#4625,#4627,#4629));
#4631=FACE_BOUND('',#4630,.F.);
#4633=ORIENTED_EDGE('',*,*,#4632,.F.);
#4635=ORIENTED_EDGE('',*,*,#4634,.T.);
#4637=ORIENTED_EDGE('',*,*,#4636,.F.);
#4639=ORIENTED_EDGE('',*,*,#4638,.F.);
#4640=EDGE_LOOP('',(#4633,#4635,#4637,#4639));
#4641=FACE_BOUND('',#4640,.F.);
#4643=ORIENTED_EDGE('',*,*,#4642,.F.);
#4645=ORIENTED_EDGE('',*,*,#4644,.T.);
#4647=ORIENTED_EDGE('',*,*,#4646,.F.);
#4649=ORIENTED_EDGE('',*,*,#4648,.F.);
#4650=EDGE_LOOP('',(#4643,#4645,#4647,#4649));
#4651=FACE_BOUND('',#4650,.F.);
#4652=ADVANCED_FACE('',(#4554,#4561,#4571,#4581,#4591,#4601,#4611,#4621,#4631,
#4641,#4651),#4544,.T.);
#4653=CARTESIAN_POINT('',(-6.6E0,5.45E0,-3.175E0));
#4654=DIRECTION('',(-1.E0,0.E0,0.E0));
#4655=DIRECTION('',(0.E0,0.E0,1.E0));
#4656=AXIS2_PLACEMENT_3D('',#4653,#4654,#4655);
#4657=PLANE('',#4656);
#4659=ORIENTED_EDGE('',*,*,#4658,.T.);
#4661=ORIENTED_EDGE('',*,*,#4660,.T.);
#4662=ORIENTED_EDGE('',*,*,#4545,.T.);
#4664=ORIENTED_EDGE('',*,*,#4663,.F.);
#4666=ORIENTED_EDGE('',*,*,#4665,.T.);
#4668=ORIENTED_EDGE('',*,*,#4667,.F.);
#4669=ORIENTED_EDGE('',*,*,#3621,.F.);
#4671=ORIENTED_EDGE('',*,*,#4670,.T.);
#4672=EDGE_LOOP('',(#4659,#4661,#4662,#4664,#4666,#4668,#4669,#4671));
#4673=FACE_OUTER_BOUND('',#4672,.F.);
#4674=ADVANCED_FACE('',(#4673),#4657,.F.);
#4675=CARTESIAN_POINT('',(7.52E0,-1.73E0,-4.875E0));
#4676=DIRECTION('',(0.E0,1.E0,0.E0));
#4677=DIRECTION('',(1.E0,0.E0,0.E0));
#4678=AXIS2_PLACEMENT_3D('',#4675,#4676,#4677);
#4679=PLANE('',#4678);
#4681=ORIENTED_EDGE('',*,*,#4680,.T.);
#4683=ORIENTED_EDGE('',*,*,#4682,.F.);
#4685=ORIENTED_EDGE('',*,*,#4684,.F.);
#4686=ORIENTED_EDGE('',*,*,#4665,.F.);
#4687=EDGE_LOOP('',(#4681,#4683,#4685,#4686));
#4688=FACE_OUTER_BOUND('',#4687,.F.);
#4689=ADVANCED_FACE('',(#4688),#4679,.T.);
#4690=CARTESIAN_POINT('',(7.52E0,-1.73E0,-4.875E0));
#4691=DIRECTION('',(0.E0,1.E0,0.E0));
#4692=DIRECTION('',(1.E0,0.E0,0.E0));
#4693=AXIS2_PLACEMENT_3D('',#4690,#4691,#4692);
#4694=PLANE('',#4693);
#4695=ORIENTED_EDGE('',*,*,#3681,.T.);
#4697=ORIENTED_EDGE('',*,*,#4696,.F.);
#4699=ORIENTED_EDGE('',*,*,#4698,.F.);
#4701=ORIENTED_EDGE('',*,*,#4700,.F.);
#4703=ORIENTED_EDGE('',*,*,#4702,.F.);
#4704=ORIENTED_EDGE('',*,*,#4658,.F.);
#4706=ORIENTED_EDGE('',*,*,#4705,.F.);
#4707=ORIENTED_EDGE('',*,*,#3649,.F.);
#4708=EDGE_LOOP('',(#4695,#4697,#4699,#4701,#4703,#4704,#4706,#4707));
#4709=FACE_OUTER_BOUND('',#4708,.F.);
#4710=ADVANCED_FACE('',(#4709),#4694,.T.);
#4711=CARTESIAN_POINT('',(-6.6E0,-1.73E0,2.54E0));
#4712=DIRECTION('',(0.E0,0.E0,1.E0));
#4713=DIRECTION('',(1.E0,0.E0,0.E0));
#4714=AXIS2_PLACEMENT_3D('',#4711,#4712,#4713);
#4715=PLANE('',#4714);
#4716=ORIENTED_EDGE('',*,*,#4680,.F.);
#4717=ORIENTED_EDGE('',*,*,#4663,.T.);
#4718=ORIENTED_EDGE('',*,*,#4551,.T.);
#4720=ORIENTED_EDGE('',*,*,#4719,.F.);
#4721=EDGE_LOOP('',(#4716,#4717,#4718,#4720));
#4722=FACE_OUTER_BOUND('',#4721,.F.);
#4723=ADVANCED_FACE('',(#4722),#4715,.F.);
#4724=CARTESIAN_POINT('',(6.6E0,5.45E0,3.175E0));
#4725=DIRECTION('',(1.E0,0.E0,0.E0));
#4726=DIRECTION('',(0.E0,0.E0,-1.E0));
#4727=AXIS2_PLACEMENT_3D('',#4724,#4725,#4726);
#4728=PLANE('',#4727);
#4729=ORIENTED_EDGE('',*,*,#4682,.T.);
#4730=ORIENTED_EDGE('',*,*,#4719,.T.);
#4731=ORIENTED_EDGE('',*,*,#4549,.T.);
#4733=ORIENTED_EDGE('',*,*,#4732,.F.);
#4734=ORIENTED_EDGE('',*,*,#4700,.T.);
#4736=ORIENTED_EDGE('',*,*,#4735,.F.);
#4738=ORIENTED_EDGE('',*,*,#4737,.F.);
#4740=ORIENTED_EDGE('',*,*,#4739,.T.);
#4741=EDGE_LOOP('',(#4729,#4730,#4731,#4733,#4734,#4736,#4738,#4740));
#4742=FACE_OUTER_BOUND('',#4741,.F.);
#4743=ADVANCED_FACE('',(#4742),#4728,.F.);
#4744=CARTESIAN_POINT('',(6.6E0,-1.73E0,-2.54E0));
#4745=DIRECTION('',(0.E0,0.E0,-1.E0));
#4746=DIRECTION('',(-1.E0,0.E0,0.E0));
#4747=AXIS2_PLACEMENT_3D('',#4744,#4745,#4746);
#4748=PLANE('',#4747);
#4749=ORIENTED_EDGE('',*,*,#4702,.T.);
#4750=ORIENTED_EDGE('',*,*,#4732,.T.);
#4751=ORIENTED_EDGE('',*,*,#4547,.T.);
#4752=ORIENTED_EDGE('',*,*,#4660,.F.);
#4753=EDGE_LOOP('',(#4749,#4750,#4751,#4752));
#4754=FACE_OUTER_BOUND('',#4753,.F.);
#4755=ADVANCED_FACE('',(#4754),#4748,.F.);
#4756=CARTESIAN_POINT('',(6.6E0,5.45E0,-3.175E0));
#4757=DIRECTION('',(0.E0,0.E0,-1.E0));
#4758=DIRECTION('',(-1.E0,0.E0,0.E0));
#4759=AXIS2_PLACEMENT_3D('',#4756,#4757,#4758);
#4760=PLANE('',#4759);
#4762=ORIENTED_EDGE('',*,*,#4761,.F.);
#4763=ORIENTED_EDGE('',*,*,#4735,.T.);
#4764=ORIENTED_EDGE('',*,*,#4698,.T.);
#4766=ORIENTED_EDGE('',*,*,#4765,.F.);
#4767=EDGE_LOOP('',(#4762,#4763,#4764,#4766));
#4768=FACE_OUTER_BOUND('',#4767,.F.);
#4769=ADVANCED_FACE('',(#4768),#4760,.F.);
#4770=CARTESIAN_POINT('',(6.6E0,5.45E0,-3.475E0));
#4771=DIRECTION('',(0.E0,7.071067811865E-1,7.071067811865E-1));
#4772=DIRECTION('',(-1.E0,0.E0,0.E0));
#4773=AXIS2_PLACEMENT_3D('',#4770,#4771,#4772);
#4774=PLANE('',#4773);
#4775=ORIENTED_EDGE('',*,*,#3583,.F.);
#4777=ORIENTED_EDGE('',*,*,#4776,.T.);
#4778=ORIENTED_EDGE('',*,*,#4761,.T.);
#4780=ORIENTED_EDGE('',*,*,#4779,.F.);
#4781=EDGE_LOOP('',(#4775,#4777,#4778,#4780));
#4782=FACE_OUTER_BOUND('',#4781,.F.);
#4783=ADVANCED_FACE('',(#4782),#4774,.T.);
#4784=CARTESIAN_POINT('',(6.9E0,5.45E0,3.175E0));
#4785=DIRECTION('',(-7.071067811865E-1,7.071067811865E-1,0.E0));
#4786=DIRECTION('',(0.E0,0.E0,-1.E0));
#4787=AXIS2_PLACEMENT_3D('',#4784,#4785,#4786);
#4788=PLANE('',#4787);
#4789=ORIENTED_EDGE('',*,*,#3581,.F.);
#4790=ORIENTED_EDGE('',*,*,#3608,.T.);
#4791=ORIENTED_EDGE('',*,*,#4737,.T.);
#4792=ORIENTED_EDGE('',*,*,#4776,.F.);
#4793=EDGE_LOOP('',(#4789,#4790,#4791,#4792));
#4794=FACE_OUTER_BOUND('',#4793,.F.);
#4795=ADVANCED_FACE('',(#4794),#4788,.T.);
#4796=CARTESIAN_POINT('',(2.012488663526E0,5.45E0,-3.175E0));
#4797=DIRECTION('',(9.961946980917E-1,0.E0,-8.715574274766E-2));
#4798=DIRECTION('',(-8.715574274766E-2,0.E0,-9.961946980917E-1));
#4799=AXIS2_PLACEMENT_3D('',#4796,#4797,#4798);
#4800=PLANE('',#4799);
#4801=ORIENTED_EDGE('',*,*,#3511,.F.);
#4803=ORIENTED_EDGE('',*,*,#4802,.F.);
#4805=ORIENTED_EDGE('',*,*,#4804,.F.);
#4806=ORIENTED_EDGE('',*,*,#3585,.F.);
#4807=ORIENTED_EDGE('',*,*,#4779,.T.);
#4808=ORIENTED_EDGE('',*,*,#4765,.T.);
#4809=ORIENTED_EDGE('',*,*,#4696,.T.);
#4810=ORIENTED_EDGE('',*,*,#3679,.T.);
#4811=EDGE_LOOP('',(#4801,#4803,#4805,#4806,#4807,#4808,#4809,#4810));
#4812=FACE_OUTER_BOUND('',#4811,.F.);
#4813=ADVANCED_FACE('',(#4812),#4800,.F.);
#4814=CARTESIAN_POINT('',(1.925E0,5.45E0,-4.175E0));
#4815=DIRECTION('',(0.E0,0.E0,-1.E0));
#4816=DIRECTION('',(-1.E0,0.E0,0.E0));
#4817=AXIS2_PLACEMENT_3D('',#4814,#4815,#4816);
#4818=PLANE('',#4817);
#4819=ORIENTED_EDGE('',*,*,#3509,.T.);
#4820=ORIENTED_EDGE('',*,*,#3657,.F.);
#4822=ORIENTED_EDGE('',*,*,#4821,.F.);
#4823=ORIENTED_EDGE('',*,*,#4802,.T.);
#4824=EDGE_LOOP('',(#4819,#4820,#4822,#4823));
#4825=FACE_OUTER_BOUND('',#4824,.F.);
#4826=ADVANCED_FACE('',(#4825),#4818,.F.);
#4827=CARTESIAN_POINT('',(1.898753400942E0,5.45E0,-4.475E0));
#4828=DIRECTION('',(0.E0,7.071067811865E-1,7.071067811865E-1));
#4829=DIRECTION('',(-1.E0,0.E0,0.E0));
#4830=AXIS2_PLACEMENT_3D('',#4827,#4828,#4829);
#4831=PLANE('',#4830);
#4832=ORIENTED_EDGE('',*,*,#3587,.F.);
#4833=ORIENTED_EDGE('',*,*,#4804,.T.);
#4834=ORIENTED_EDGE('',*,*,#4821,.T.);
#4835=ORIENTED_EDGE('',*,*,#3655,.F.);
#4836=EDGE_LOOP('',(#4832,#4833,#4834,#4835));
#4837=FACE_OUTER_BOUND('',#4836,.F.);
#4838=ADVANCED_FACE('',(#4837),#4831,.T.);
#4839=CARTESIAN_POINT('',(-6.6E0,5.45E0,3.175E0));
#4840=DIRECTION('',(0.E0,0.E0,1.E0));
#4841=DIRECTION('',(1.E0,0.E0,0.E0));
#4842=AXIS2_PLACEMENT_3D('',#4839,#4840,#4841);
#4843=PLANE('',#4842);
#4844=ORIENTED_EDGE('',*,*,#3606,.F.);
#4845=ORIENTED_EDGE('',*,*,#4667,.T.);
#4846=ORIENTED_EDGE('',*,*,#4684,.T.);
#4847=ORIENTED_EDGE('',*,*,#4739,.F.);
#4848=EDGE_LOOP('',(#4844,#4845,#4846,#4847));
#4849=FACE_OUTER_BOUND('',#4848,.F.);
#4850=ADVANCED_FACE('',(#4849),#4843,.F.);
#4851=CARTESIAN_POINT('',(-2.012488663526E0,5.45E0,-3.175E0));
#4852=DIRECTION('',(0.E0,0.E0,-1.E0));
#4853=DIRECTION('',(-1.E0,0.E0,0.E0));
#4854=AXIS2_PLACEMENT_3D('',#4851,#4852,#4853);
#4855=PLANE('',#4854);
#4856=ORIENTED_EDGE('',*,*,#3635,.F.);
#4857=ORIENTED_EDGE('',*,*,#3651,.T.);
#4858=ORIENTED_EDGE('',*,*,#4705,.T.);
#4859=ORIENTED_EDGE('',*,*,#4670,.F.);
#4860=EDGE_LOOP('',(#4856,#4857,#4858,#4859));
#4861=FACE_OUTER_BOUND('',#4860,.F.);
#4862=ADVANCED_FACE('',(#4861),#4855,.F.);
#4863=CARTESIAN_POINT('',(4.755E0,4.52E0,9.45E-1));
#4864=DIRECTION('',(0.E0,0.E0,-1.E0));
#4865=DIRECTION('',(1.E0,0.E0,0.E0));
#4866=AXIS2_PLACEMENT_3D('',#4863,#4864,#4865);
#4867=PLANE('',#4866);
#4869=ORIENTED_EDGE('',*,*,#4868,.T.);
#4870=ORIENTED_EDGE('',*,*,#4323,.T.);
#4871=ORIENTED_EDGE('',*,*,#4557,.T.);
#4872=ORIENTED_EDGE('',*,*,#4398,.F.);
#4873=EDGE_LOOP('',(#4869,#4870,#4871,#4872));
#4874=FACE_OUTER_BOUND('',#4873,.F.);
#4875=ADVANCED_FACE('',(#4874),#4867,.T.);
#4876=CARTESIAN_POINT('',(5.08E0,4.27E0,1.045E0));
#4877=DIRECTION('',(0.E0,3.713906763541E-1,-9.284766908853E-1));
#4878=DIRECTION('',(-1.E0,0.E0,0.E0));
#4879=AXIS2_PLACEMENT_3D('',#4876,#4877,#4878);
#4880=PLANE('',#4879);
#4881=ORIENTED_EDGE('',*,*,#4507,.T.);
#4883=ORIENTED_EDGE('',*,*,#4882,.T.);
#4884=ORIENTED_EDGE('',*,*,#4868,.F.);
#4885=ORIENTED_EDGE('',*,*,#4490,.F.);
#4886=EDGE_LOOP('',(#4881,#4883,#4884,#4885));
#4887=FACE_OUTER_BOUND('',#4886,.F.);
#4888=ADVANCED_FACE('',(#4887),#4880,.T.);
#4889=CARTESIAN_POINT('',(4.855E0,4.27E0,1.27E0));
#4890=DIRECTION('',(-9.284766908853E-1,3.713906763541E-1,0.E0));
#4891=DIRECTION('',(0.E0,0.E0,-1.E0));
#4892=AXIS2_PLACEMENT_3D('',#4889,#4890,#4891);
#4893=PLANE('',#4892);
#4894=ORIENTED_EDGE('',*,*,#4317,.F.);
#4895=ORIENTED_EDGE('',*,*,#4882,.F.);
#4896=ORIENTED_EDGE('',*,*,#4505,.T.);
#4897=ORIENTED_EDGE('',*,*,#4520,.T.);
#4898=EDGE_LOOP('',(#4894,#4895,#4896,#4897));
#4899=FACE_OUTER_BOUND('',#4898,.F.);
#4900=ADVANCED_FACE('',(#4899),#4893,.T.);
#4901=CARTESIAN_POINT('',(2.865E0,4.52E0,1.595E0));
#4902=DIRECTION('',(0.E0,0.E0,1.E0));
#4903=DIRECTION('',(-1.E0,0.E0,0.E0));
#4904=AXIS2_PLACEMENT_3D('',#4901,#4902,#4903);
#4905=PLANE('',#4904);
#4907=ORIENTED_EDGE('',*,*,#4906,.T.);
#4909=ORIENTED_EDGE('',*,*,#4908,.T.);
#4910=ORIENTED_EDGE('',*,*,#4562,.T.);
#4912=ORIENTED_EDGE('',*,*,#4911,.F.);
#4913=EDGE_LOOP('',(#4907,#4909,#4910,#4912));
#4914=FACE_OUTER_BOUND('',#4913,.F.);
#4915=ADVANCED_FACE('',(#4914),#4905,.T.);
#4916=CARTESIAN_POINT('',(2.54E0,4.27E0,1.495E0));
#4917=DIRECTION('',(0.E0,3.713906763541E-1,9.284766908853E-1));
#4918=DIRECTION('',(-1.E0,0.E0,0.E0));
#4919=AXIS2_PLACEMENT_3D('',#4916,#4917,#4918);
#4920=PLANE('',#4919);
#4921=ORIENTED_EDGE('',*,*,#4906,.F.);
#4923=ORIENTED_EDGE('',*,*,#4922,.F.);
#4925=ORIENTED_EDGE('',*,*,#4924,.T.);
#4927=ORIENTED_EDGE('',*,*,#4926,.T.);
#4928=EDGE_LOOP('',(#4921,#4923,#4925,#4927));
#4929=FACE_OUTER_BOUND('',#4928,.F.);
#4930=ADVANCED_FACE('',(#4929),#4920,.T.);
#4931=CARTESIAN_POINT('',(2.315E0,4.27E0,1.27E0));
#4932=DIRECTION('',(-9.284766908853E-1,3.713906763541E-1,0.E0));
#4933=DIRECTION('',(0.E0,0.E0,-1.E0));
#4934=AXIS2_PLACEMENT_3D('',#4931,#4932,#4933);
#4935=PLANE('',#4934);
#4937=ORIENTED_EDGE('',*,*,#4936,.F.);
#4939=ORIENTED_EDGE('',*,*,#4938,.F.);
#4941=ORIENTED_EDGE('',*,*,#4940,.T.);
#4942=ORIENTED_EDGE('',*,*,#4922,.T.);
#4943=EDGE_LOOP('',(#4937,#4939,#4941,#4942));
#4944=FACE_OUTER_BOUND('',#4943,.F.);
#4945=ADVANCED_FACE('',(#4944),#4935,.T.);
#4946=CARTESIAN_POINT('',(2.215E0,4.52E0,1.595E0));
#4947=DIRECTION('',(-1.E0,0.E0,0.E0));
#4948=DIRECTION('',(0.E0,0.E0,-1.E0));
#4949=AXIS2_PLACEMENT_3D('',#4946,#4947,#4948);
#4950=PLANE('',#4949);
#4952=ORIENTED_EDGE('',*,*,#4951,.T.);
#4954=ORIENTED_EDGE('',*,*,#4953,.F.);
#4956=ORIENTED_EDGE('',*,*,#4955,.F.);
#4957=ORIENTED_EDGE('',*,*,#4012,.F.);
#4959=ORIENTED_EDGE('',*,*,#4958,.T.);
#4961=ORIENTED_EDGE('',*,*,#4960,.T.);
#4962=EDGE_LOOP('',(#4952,#4954,#4956,#4957,#4959,#4961));
#4963=FACE_OUTER_BOUND('',#4962,.F.);
#4964=ADVANCED_FACE('',(#4963),#4950,.T.);
#4965=CARTESIAN_POINT('',(2.215E0,4.52E0,1.595E0));
#4966=DIRECTION('',(-1.E0,0.E0,0.E0));
#4967=DIRECTION('',(0.E0,0.E0,-1.E0));
#4968=AXIS2_PLACEMENT_3D('',#4965,#4966,#4967);
#4969=PLANE('',#4968);
#4970=ORIENTED_EDGE('',*,*,#4936,.T.);
#4971=ORIENTED_EDGE('',*,*,#4911,.T.);
#4972=ORIENTED_EDGE('',*,*,#4568,.T.);
#4974=ORIENTED_EDGE('',*,*,#4973,.F.);
#4975=EDGE_LOOP('',(#4970,#4971,#4972,#4974));
#4976=FACE_OUTER_BOUND('',#4975,.F.);
#4977=ADVANCED_FACE('',(#4976),#4969,.T.);
#4978=CARTESIAN_POINT('',(2.315E0,-5.088E0,7.525E0));
#4979=DIRECTION('',(-9.284766908853E-1,0.E0,3.713906763541E-1));
#4980=DIRECTION('',(0.E0,-1.E0,0.E0));
#4981=AXIS2_PLACEMENT_3D('',#4978,#4979,#4980);
#4982=PLANE('',#4981);
#4984=ORIENTED_EDGE('',*,*,#4983,.T.);
#4986=ORIENTED_EDGE('',*,*,#4985,.F.);
#4987=ORIENTED_EDGE('',*,*,#4951,.F.);
#4989=ORIENTED_EDGE('',*,*,#4988,.F.);
#4990=EDGE_LOOP('',(#4984,#4986,#4987,#4989));
#4991=FACE_OUTER_BOUND('',#4990,.F.);
#4992=ADVANCED_FACE('',(#4991),#4982,.T.);
#4993=CARTESIAN_POINT('',(2.54E0,-5.088E0,7.775E0));
#4994=DIRECTION('',(0.E0,0.E0,1.E0));
#4995=DIRECTION('',(0.E0,-1.E0,0.E0));
#4996=AXIS2_PLACEMENT_3D('',#4993,#4994,#4995);
#4997=PLANE('',#4996);
#4999=ORIENTED_EDGE('',*,*,#4998,.F.);
#5001=ORIENTED_EDGE('',*,*,#5000,.F.);
#5002=ORIENTED_EDGE('',*,*,#4983,.F.);
#5004=ORIENTED_EDGE('',*,*,#5003,.F.);
#5005=EDGE_LOOP('',(#4999,#5001,#5002,#5004));
#5006=FACE_OUTER_BOUND('',#5005,.F.);
#5007=ADVANCED_FACE('',(#5006),#4997,.T.);
#5008=CARTESIAN_POINT('',(2.765E0,-5.088E0,7.525E0));
#5009=DIRECTION('',(9.284766908853E-1,0.E0,3.713906763541E-1));
#5010=DIRECTION('',(0.E0,-1.E0,0.E0));
#5011=AXIS2_PLACEMENT_3D('',#5008,#5009,#5010);
#5012=PLANE('',#5011);
#5014=ORIENTED_EDGE('',*,*,#5013,.F.);
#5016=ORIENTED_EDGE('',*,*,#5015,.F.);
#5017=ORIENTED_EDGE('',*,*,#4998,.T.);
#5019=ORIENTED_EDGE('',*,*,#5018,.F.);
#5020=EDGE_LOOP('',(#5014,#5016,#5017,#5019));
#5021=FACE_OUTER_BOUND('',#5020,.F.);
#5022=ADVANCED_FACE('',(#5021),#5012,.T.);
#5023=CARTESIAN_POINT('',(2.865E0,4.52E0,9.45E-1));
#5024=DIRECTION('',(1.E0,0.E0,0.E0));
#5025=DIRECTION('',(0.E0,0.E0,1.E0));
#5026=AXIS2_PLACEMENT_3D('',#5023,#5024,#5025);
#5027=PLANE('',#5026);
#5028=ORIENTED_EDGE('',*,*,#5013,.T.);
#5030=ORIENTED_EDGE('',*,*,#5029,.F.);
#5032=ORIENTED_EDGE('',*,*,#5031,.F.);
#5033=ORIENTED_EDGE('',*,*,#4016,.T.);
#5035=ORIENTED_EDGE('',*,*,#5034,.T.);
#5037=ORIENTED_EDGE('',*,*,#5036,.T.);
#5038=EDGE_LOOP('',(#5028,#5030,#5032,#5033,#5035,#5037));
#5039=FACE_OUTER_BOUND('',#5038,.F.);
#5040=ADVANCED_FACE('',(#5039),#5027,.T.);
#5041=CARTESIAN_POINT('',(2.865E0,4.52E0,9.45E-1));
#5042=DIRECTION('',(1.E0,0.E0,0.E0));
#5043=DIRECTION('',(0.E0,0.E0,1.E0));
#5044=AXIS2_PLACEMENT_3D('',#5041,#5042,#5043);
#5045=PLANE('',#5044);
#5047=ORIENTED_EDGE('',*,*,#5046,.T.);
#5049=ORIENTED_EDGE('',*,*,#5048,.T.);
#5050=ORIENTED_EDGE('',*,*,#4564,.F.);
#5051=ORIENTED_EDGE('',*,*,#4908,.F.);
#5052=EDGE_LOOP('',(#5047,#5049,#5050,#5051));
#5053=FACE_OUTER_BOUND('',#5052,.F.);
#5054=ADVANCED_FACE('',(#5053),#5045,.T.);
#5055=CARTESIAN_POINT('',(2.865E0,-4.763E0,1.778E0));
#5056=DIRECTION('',(0.E0,1.E0,0.E0));
#5057=DIRECTION('',(-1.E0,0.E0,0.E0));
#5058=AXIS2_PLACEMENT_3D('',#5055,#5056,#5057);
#5059=PLANE('',#5058);
#5061=ORIENTED_EDGE('',*,*,#5060,.T.);
#5062=ORIENTED_EDGE('',*,*,#4960,.F.);
#5064=ORIENTED_EDGE('',*,*,#5063,.F.);
#5065=ORIENTED_EDGE('',*,*,#5029,.T.);
#5066=EDGE_LOOP('',(#5061,#5062,#5064,#5065));
#5067=FACE_OUTER_BOUND('',#5066,.F.);
#5068=ADVANCED_FACE('',(#5067),#5059,.T.);
#5069=CARTESIAN_POINT('',(2.54E0,-4.863E0,7.525E0));
#5070=DIRECTION('',(0.E0,9.284766908853E-1,3.713906763541E-1));
#5071=DIRECTION('',(-1.E0,0.E0,0.E0));
#5072=AXIS2_PLACEMENT_3D('',#5069,#5070,#5071);
#5073=PLANE('',#5072);
#5074=ORIENTED_EDGE('',*,*,#5060,.F.);
#5075=ORIENTED_EDGE('',*,*,#5018,.T.);
#5076=ORIENTED_EDGE('',*,*,#5003,.T.);
#5077=ORIENTED_EDGE('',*,*,#4988,.T.);
#5078=EDGE_LOOP('',(#5074,#5075,#5076,#5077));
#5079=FACE_OUTER_BOUND('',#5078,.F.);
#5080=ADVANCED_FACE('',(#5079),#5073,.T.);
#5081=CARTESIAN_POINT('',(3.54E0,-4.58E0,1.778E0));
#5082=DIRECTION('',(-1.E0,0.E0,0.E0));
#5083=DIRECTION('',(0.E0,0.E0,1.E0));
#5084=AXIS2_PLACEMENT_3D('',#5081,#5082,#5083);
#5085=CYLINDRICAL_SURFACE('',#5084,1.83E-1);
#5086=ORIENTED_EDGE('',*,*,#4018,.F.);
#5087=ORIENTED_EDGE('',*,*,#5031,.T.);
#5088=ORIENTED_EDGE('',*,*,#5063,.T.);
#5089=ORIENTED_EDGE('',*,*,#4958,.F.);
#5090=EDGE_LOOP('',(#5086,#5087,#5088,#5089));
#5091=FACE_OUTER_BOUND('',#5090,.F.);
#5092=ADVANCED_FACE('',(#5091),#5085,.F.);
#5093=CARTESIAN_POINT('',(3.54E0,-4.58E0,1.778E0));
#5094=DIRECTION('',(-1.E0,0.E0,0.E0));
#5095=DIRECTION('',(0.E0,0.E0,1.E0));
#5096=AXIS2_PLACEMENT_3D('',#5093,#5094,#5095);
#5097=CYLINDRICAL_SURFACE('',#5096,8.33E-1);
#5098=ORIENTED_EDGE('',*,*,#4955,.T.);
#5100=ORIENTED_EDGE('',*,*,#5099,.T.);
#5101=ORIENTED_EDGE('',*,*,#5034,.F.);
#5102=ORIENTED_EDGE('',*,*,#4014,.T.);
#5103=EDGE_LOOP('',(#5098,#5100,#5101,#5102));
#5104=FACE_OUTER_BOUND('',#5103,.F.);
#5105=ADVANCED_FACE('',(#5104),#5097,.T.);
#5106=CARTESIAN_POINT('',(2.215E0,-5.413E0,1.778E0));
#5107=DIRECTION('',(0.E0,-1.E0,0.E0));
#5108=DIRECTION('',(1.E0,0.E0,0.E0));
#5109=AXIS2_PLACEMENT_3D('',#5106,#5107,#5108);
#5110=PLANE('',#5109);
#5112=ORIENTED_EDGE('',*,*,#5111,.T.);
#5113=ORIENTED_EDGE('',*,*,#5036,.F.);
#5114=ORIENTED_EDGE('',*,*,#5099,.F.);
#5115=ORIENTED_EDGE('',*,*,#4953,.T.);
#5116=EDGE_LOOP('',(#5112,#5113,#5114,#5115));
#5117=FACE_OUTER_BOUND('',#5116,.F.);
#5118=ADVANCED_FACE('',(#5117),#5110,.T.);
#5119=CARTESIAN_POINT('',(2.54E0,-5.313E0,7.525E0));
#5120=DIRECTION('',(0.E0,-9.284766908853E-1,3.713906763541E-1));
#5121=DIRECTION('',(-1.E0,0.E0,0.E0));
#5122=AXIS2_PLACEMENT_3D('',#5119,#5120,#5121);
#5123=PLANE('',#5122);
#5124=ORIENTED_EDGE('',*,*,#5111,.F.);
#5125=ORIENTED_EDGE('',*,*,#4985,.T.);
#5126=ORIENTED_EDGE('',*,*,#5000,.T.);
#5127=ORIENTED_EDGE('',*,*,#5015,.T.);
#5128=EDGE_LOOP('',(#5124,#5125,#5126,#5127));
#5129=FACE_OUTER_BOUND('',#5128,.F.);
#5130=ADVANCED_FACE('',(#5129),#5123,.T.);
#5131=CARTESIAN_POINT('',(2.765E0,4.27E0,1.27E0));
#5132=DIRECTION('',(9.284766908853E-1,3.713906763541E-1,0.E0));
#5133=DIRECTION('',(0.E0,0.E0,-1.E0));
#5134=AXIS2_PLACEMENT_3D('',#5131,#5132,#5133);
#5135=PLANE('',#5134);
#5137=ORIENTED_EDGE('',*,*,#5136,.T.);
#5139=ORIENTED_EDGE('',*,*,#5138,.T.);
#5140=ORIENTED_EDGE('',*,*,#5046,.F.);
#5141=ORIENTED_EDGE('',*,*,#4926,.F.);
#5142=EDGE_LOOP('',(#5137,#5139,#5140,#5141));
#5143=FACE_OUTER_BOUND('',#5142,.F.);
#5144=ADVANCED_FACE('',(#5143),#5135,.T.);
#5145=CARTESIAN_POINT('',(2.54E0,4.52E0,1.27E0));
#5146=DIRECTION('',(0.E0,-1.E0,0.E0));
#5147=DIRECTION('',(0.E0,0.E0,-1.E0));
#5148=AXIS2_PLACEMENT_3D('',#5145,#5146,#5147);
#5149=PLANE('',#5148);
#5150=ORIENTED_EDGE('',*,*,#4924,.F.);
#5151=ORIENTED_EDGE('',*,*,#4940,.F.);
#5153=ORIENTED_EDGE('',*,*,#5152,.F.);
#5154=ORIENTED_EDGE('',*,*,#5136,.F.);
#5155=EDGE_LOOP('',(#5150,#5151,#5153,#5154));
#5156=FACE_OUTER_BOUND('',#5155,.F.);
#5157=ADVANCED_FACE('',(#5156),#5149,.F.);
#5158=CARTESIAN_POINT('',(2.54E0,4.27E0,1.045E0));
#5159=DIRECTION('',(0.E0,3.713906763541E-1,-9.284766908853E-1));
#5160=DIRECTION('',(-1.E0,0.E0,0.E0));
#5161=AXIS2_PLACEMENT_3D('',#5158,#5159,#5160);
#5162=PLANE('',#5161);
#5163=ORIENTED_EDGE('',*,*,#5152,.T.);
#5164=ORIENTED_EDGE('',*,*,#4938,.T.);
#5166=ORIENTED_EDGE('',*,*,#5165,.F.);
#5167=ORIENTED_EDGE('',*,*,#5138,.F.);
#5168=EDGE_LOOP('',(#5163,#5164,#5166,#5167));
#5169=FACE_OUTER_BOUND('',#5168,.F.);
#5170=ADVANCED_FACE('',(#5169),#5162,.T.);
#5171=CARTESIAN_POINT('',(2.215E0,4.52E0,9.45E-1));
#5172=DIRECTION('',(0.E0,0.E0,-1.E0));
#5173=DIRECTION('',(1.E0,0.E0,0.E0));
#5174=AXIS2_PLACEMENT_3D('',#5171,#5172,#5173);
#5175=PLANE('',#5174);
#5176=ORIENTED_EDGE('',*,*,#5165,.T.);
#5177=ORIENTED_EDGE('',*,*,#4973,.T.);
#5178=ORIENTED_EDGE('',*,*,#4566,.T.);
#5179=ORIENTED_EDGE('',*,*,#5048,.F.);
#5180=EDGE_LOOP('',(#5176,#5177,#5178,#5179));
#5181=FACE_OUTER_BOUND('',#5180,.F.);
#5182=ADVANCED_FACE('',(#5181),#5175,.T.);
#5183=CARTESIAN_POINT('',(3.25E-1,4.52E0,1.595E0));
#5184=DIRECTION('',(0.E0,0.E0,1.E0));
#5185=DIRECTION('',(-1.E0,0.E0,0.E0));
#5186=AXIS2_PLACEMENT_3D('',#5183,#5184,#5185);
#5187=PLANE('',#5186);
#5189=ORIENTED_EDGE('',*,*,#5188,.T.);
#5191=ORIENTED_EDGE('',*,*,#5190,.T.);
#5192=ORIENTED_EDGE('',*,*,#4572,.T.);
#5194=ORIENTED_EDGE('',*,*,#5193,.F.);
#5195=EDGE_LOOP('',(#5189,#5191,#5192,#5194));
#5196=FACE_OUTER_BOUND('',#5195,.F.);
#5197=ADVANCED_FACE('',(#5196),#5187,.T.);
#5198=CARTESIAN_POINT('',(0.E0,4.27E0,1.495E0));
#5199=DIRECTION('',(0.E0,3.713906763541E-1,9.284766908853E-1));
#5200=DIRECTION('',(-1.E0,0.E0,0.E0));
#5201=AXIS2_PLACEMENT_3D('',#5198,#5199,#5200);
#5202=PLANE('',#5201);
#5203=ORIENTED_EDGE('',*,*,#5188,.F.);
#5205=ORIENTED_EDGE('',*,*,#5204,.F.);
#5207=ORIENTED_EDGE('',*,*,#5206,.T.);
#5209=ORIENTED_EDGE('',*,*,#5208,.T.);
#5210=EDGE_LOOP('',(#5203,#5205,#5207,#5209));
#5211=FACE_OUTER_BOUND('',#5210,.F.);
#5212=ADVANCED_FACE('',(#5211),#5202,.T.);
#5213=CARTESIAN_POINT('',(-2.25E-1,4.27E0,1.27E0));
#5214=DIRECTION('',(-9.284766908853E-1,3.713906763541E-1,0.E0));
#5215=DIRECTION('',(0.E0,0.E0,-1.E0));
#5216=AXIS2_PLACEMENT_3D('',#5213,#5214,#5215);
#5217=PLANE('',#5216);
#5219=ORIENTED_EDGE('',*,*,#5218,.F.);
#5221=ORIENTED_EDGE('',*,*,#5220,.F.);
#5223=ORIENTED_EDGE('',*,*,#5222,.T.);
#5224=ORIENTED_EDGE('',*,*,#5204,.T.);
#5225=EDGE_LOOP('',(#5219,#5221,#5223,#5224));
#5226=FACE_OUTER_BOUND('',#5225,.F.);
#5227=ADVANCED_FACE('',(#5226),#5217,.T.);
#5228=CARTESIAN_POINT('',(-3.25E-1,4.52E0,1.595E0));
#5229=DIRECTION('',(-1.E0,0.E0,0.E0));
#5230=DIRECTION('',(0.E0,0.E0,-1.E0));
#5231=AXIS2_PLACEMENT_3D('',#5228,#5229,#5230);
#5232=PLANE('',#5231);
#5234=ORIENTED_EDGE('',*,*,#5233,.T.);
#5236=ORIENTED_EDGE('',*,*,#5235,.F.);
#5238=ORIENTED_EDGE('',*,*,#5237,.F.);
#5239=ORIENTED_EDGE('',*,*,#4022,.F.);
#5241=ORIENTED_EDGE('',*,*,#5240,.T.);
#5243=ORIENTED_EDGE('',*,*,#5242,.T.);
#5244=EDGE_LOOP('',(#5234,#5236,#5238,#5239,#5241,#5243));
#5245=FACE_OUTER_BOUND('',#5244,.F.);
#5246=ADVANCED_FACE('',(#5245),#5232,.T.);
#5247=CARTESIAN_POINT('',(-3.25E-1,4.52E0,1.595E0));
#5248=DIRECTION('',(-1.E0,0.E0,0.E0));
#5249=DIRECTION('',(0.E0,0.E0,-1.E0));
#5250=AXIS2_PLACEMENT_3D('',#5247,#5248,#5249);
#5251=PLANE('',#5250);
#5252=ORIENTED_EDGE('',*,*,#5218,.T.);
#5253=ORIENTED_EDGE('',*,*,#5193,.T.);
#5254=ORIENTED_EDGE('',*,*,#4578,.T.);
#5256=ORIENTED_EDGE('',*,*,#5255,.F.);
#5257=EDGE_LOOP('',(#5252,#5253,#5254,#5256));
#5258=FACE_OUTER_BOUND('',#5257,.F.);
#5259=ADVANCED_FACE('',(#5258),#5251,.T.);
#5260=CARTESIAN_POINT('',(-2.25E-1,-5.088E0,7.525E0));
#5261=DIRECTION('',(-9.284766908853E-1,0.E0,3.713906763541E-1));
#5262=DIRECTION('',(0.E0,-1.E0,0.E0));
#5263=AXIS2_PLACEMENT_3D('',#5260,#5261,#5262);
#5264=PLANE('',#5263);
#5266=ORIENTED_EDGE('',*,*,#5265,.T.);
#5268=ORIENTED_EDGE('',*,*,#5267,.F.);
#5269=ORIENTED_EDGE('',*,*,#5233,.F.);
#5271=ORIENTED_EDGE('',*,*,#5270,.F.);
#5272=EDGE_LOOP('',(#5266,#5268,#5269,#5271));
#5273=FACE_OUTER_BOUND('',#5272,.F.);
#5274=ADVANCED_FACE('',(#5273),#5264,.T.);
#5275=CARTESIAN_POINT('',(0.E0,-5.088E0,7.775E0));
#5276=DIRECTION('',(0.E0,0.E0,1.E0));
#5277=DIRECTION('',(0.E0,-1.E0,0.E0));
#5278=AXIS2_PLACEMENT_3D('',#5275,#5276,#5277);
#5279=PLANE('',#5278);
#5281=ORIENTED_EDGE('',*,*,#5280,.F.);
#5283=ORIENTED_EDGE('',*,*,#5282,.F.);
#5284=ORIENTED_EDGE('',*,*,#5265,.F.);
#5286=ORIENTED_EDGE('',*,*,#5285,.F.);
#5287=EDGE_LOOP('',(#5281,#5283,#5284,#5286));
#5288=FACE_OUTER_BOUND('',#5287,.F.);
#5289=ADVANCED_FACE('',(#5288),#5279,.T.);
#5290=CARTESIAN_POINT('',(2.25E-1,-5.088E0,7.525E0));
#5291=DIRECTION('',(9.284766908853E-1,0.E0,3.713906763541E-1));
#5292=DIRECTION('',(0.E0,-1.E0,0.E0));
#5293=AXIS2_PLACEMENT_3D('',#5290,#5291,#5292);
#5294=PLANE('',#5293);
#5296=ORIENTED_EDGE('',*,*,#5295,.F.);
#5298=ORIENTED_EDGE('',*,*,#5297,.F.);
#5299=ORIENTED_EDGE('',*,*,#5280,.T.);
#5301=ORIENTED_EDGE('',*,*,#5300,.F.);
#5302=EDGE_LOOP('',(#5296,#5298,#5299,#5301));
#5303=FACE_OUTER_BOUND('',#5302,.F.);
#5304=ADVANCED_FACE('',(#5303),#5294,.T.);
#5305=CARTESIAN_POINT('',(3.25E-1,4.52E0,9.45E-1));
#5306=DIRECTION('',(1.E0,0.E0,0.E0));
#5307=DIRECTION('',(0.E0,0.E0,1.E0));
#5308=AXIS2_PLACEMENT_3D('',#5305,#5306,#5307);
#5309=PLANE('',#5308);
#5310=ORIENTED_EDGE('',*,*,#5295,.T.);
#5312=ORIENTED_EDGE('',*,*,#5311,.F.);
#5314=ORIENTED_EDGE('',*,*,#5313,.F.);
#5315=ORIENTED_EDGE('',*,*,#4026,.T.);
#5317=ORIENTED_EDGE('',*,*,#5316,.T.);
#5319=ORIENTED_EDGE('',*,*,#5318,.T.);
#5320=EDGE_LOOP('',(#5310,#5312,#5314,#5315,#5317,#5319));
#5321=FACE_OUTER_BOUND('',#5320,.F.);
#5322=ADVANCED_FACE('',(#5321),#5309,.T.);
#5323=CARTESIAN_POINT('',(3.25E-1,4.52E0,9.45E-1));
#5324=DIRECTION('',(1.E0,0.E0,0.E0));
#5325=DIRECTION('',(0.E0,0.E0,1.E0));
#5326=AXIS2_PLACEMENT_3D('',#5323,#5324,#5325);
#5327=PLANE('',#5326);
#5329=ORIENTED_EDGE('',*,*,#5328,.T.);
#5331=ORIENTED_EDGE('',*,*,#5330,.T.);
#5332=ORIENTED_EDGE('',*,*,#4574,.F.);
#5333=ORIENTED_EDGE('',*,*,#5190,.F.);
#5334=EDGE_LOOP('',(#5329,#5331,#5332,#5333));
#5335=FACE_OUTER_BOUND('',#5334,.F.);
#5336=ADVANCED_FACE('',(#5335),#5327,.T.);
#5337=CARTESIAN_POINT('',(3.25E-1,-4.763E0,1.778E0));
#5338=DIRECTION('',(0.E0,1.E0,0.E0));
#5339=DIRECTION('',(-1.E0,0.E0,0.E0));
#5340=AXIS2_PLACEMENT_3D('',#5337,#5338,#5339);
#5341=PLANE('',#5340);
#5343=ORIENTED_EDGE('',*,*,#5342,.T.);
#5344=ORIENTED_EDGE('',*,*,#5242,.F.);
#5346=ORIENTED_EDGE('',*,*,#5345,.F.);
#5347=ORIENTED_EDGE('',*,*,#5311,.T.);
#5348=EDGE_LOOP('',(#5343,#5344,#5346,#5347));
#5349=FACE_OUTER_BOUND('',#5348,.F.);
#5350=ADVANCED_FACE('',(#5349),#5341,.T.);
#5351=CARTESIAN_POINT('',(0.E0,-4.863E0,7.525E0));
#5352=DIRECTION('',(0.E0,9.284766908853E-1,3.713906763541E-1));
#5353=DIRECTION('',(-1.E0,0.E0,0.E0));
#5354=AXIS2_PLACEMENT_3D('',#5351,#5352,#5353);
#5355=PLANE('',#5354);
#5356=ORIENTED_EDGE('',*,*,#5342,.F.);
#5357=ORIENTED_EDGE('',*,*,#5300,.T.);
#5358=ORIENTED_EDGE('',*,*,#5285,.T.);
#5359=ORIENTED_EDGE('',*,*,#5270,.T.);
#5360=EDGE_LOOP('',(#5356,#5357,#5358,#5359));
#5361=FACE_OUTER_BOUND('',#5360,.F.);
#5362=ADVANCED_FACE('',(#5361),#5355,.T.);
#5363=CARTESIAN_POINT('',(1.E0,-4.58E0,1.778E0));
#5364=DIRECTION('',(-1.E0,0.E0,0.E0));
#5365=DIRECTION('',(0.E0,0.E0,1.E0));
#5366=AXIS2_PLACEMENT_3D('',#5363,#5364,#5365);
#5367=CYLINDRICAL_SURFACE('',#5366,1.83E-1);
#5368=ORIENTED_EDGE('',*,*,#4028,.F.);
#5369=ORIENTED_EDGE('',*,*,#5313,.T.);
#5370=ORIENTED_EDGE('',*,*,#5345,.T.);
#5371=ORIENTED_EDGE('',*,*,#5240,.F.);
#5372=EDGE_LOOP('',(#5368,#5369,#5370,#5371));
#5373=FACE_OUTER_BOUND('',#5372,.F.);
#5374=ADVANCED_FACE('',(#5373),#5367,.F.);
#5375=CARTESIAN_POINT('',(1.E0,-4.58E0,1.778E0));
#5376=DIRECTION('',(-1.E0,0.E0,0.E0));
#5377=DIRECTION('',(0.E0,0.E0,1.E0));
#5378=AXIS2_PLACEMENT_3D('',#5375,#5376,#5377);
#5379=CYLINDRICAL_SURFACE('',#5378,8.33E-1);
#5380=ORIENTED_EDGE('',*,*,#5237,.T.);
#5382=ORIENTED_EDGE('',*,*,#5381,.T.);
#5383=ORIENTED_EDGE('',*,*,#5316,.F.);
#5384=ORIENTED_EDGE('',*,*,#4024,.T.);
#5385=EDGE_LOOP('',(#5380,#5382,#5383,#5384));
#5386=FACE_OUTER_BOUND('',#5385,.F.);
#5387=ADVANCED_FACE('',(#5386),#5379,.T.);
#5388=CARTESIAN_POINT('',(-3.25E-1,-5.413E0,1.778E0));
#5389=DIRECTION('',(0.E0,-1.E0,0.E0));
#5390=DIRECTION('',(1.E0,0.E0,0.E0));
#5391=AXIS2_PLACEMENT_3D('',#5388,#5389,#5390);
#5392=PLANE('',#5391);
#5394=ORIENTED_EDGE('',*,*,#5393,.T.);
#5395=ORIENTED_EDGE('',*,*,#5318,.F.);
#5396=ORIENTED_EDGE('',*,*,#5381,.F.);
#5397=ORIENTED_EDGE('',*,*,#5235,.T.);
#5398=EDGE_LOOP('',(#5394,#5395,#5396,#5397));
#5399=FACE_OUTER_BOUND('',#5398,.F.);
#5400=ADVANCED_FACE('',(#5399),#5392,.T.);
#5401=CARTESIAN_POINT('',(0.E0,-5.313E0,7.525E0));
#5402=DIRECTION('',(0.E0,-9.284766908853E-1,3.713906763541E-1));
#5403=DIRECTION('',(-1.E0,0.E0,0.E0));
#5404=AXIS2_PLACEMENT_3D('',#5401,#5402,#5403);
#5405=PLANE('',#5404);
#5406=ORIENTED_EDGE('',*,*,#5393,.F.);
#5407=ORIENTED_EDGE('',*,*,#5267,.T.);
#5408=ORIENTED_EDGE('',*,*,#5282,.T.);
#5409=ORIENTED_EDGE('',*,*,#5297,.T.);
#5410=EDGE_LOOP('',(#5406,#5407,#5408,#5409));
#5411=FACE_OUTER_BOUND('',#5410,.F.);
#5412=ADVANCED_FACE('',(#5411),#5405,.T.);
#5413=CARTESIAN_POINT('',(2.25E-1,4.27E0,1.27E0));
#5414=DIRECTION('',(9.284766908853E-1,3.713906763541E-1,0.E0));
#5415=DIRECTION('',(0.E0,0.E0,-1.E0));
#5416=AXIS2_PLACEMENT_3D('',#5413,#5414,#5415);
#5417=PLANE('',#5416);
#5419=ORIENTED_EDGE('',*,*,#5418,.T.);
#5421=ORIENTED_EDGE('',*,*,#5420,.T.);
#5422=ORIENTED_EDGE('',*,*,#5328,.F.);
#5423=ORIENTED_EDGE('',*,*,#5208,.F.);
#5424=EDGE_LOOP('',(#5419,#5421,#5422,#5423));
#5425=FACE_OUTER_BOUND('',#5424,.F.);
#5426=ADVANCED_FACE('',(#5425),#5417,.T.);
#5427=CARTESIAN_POINT('',(0.E0,4.52E0,1.27E0));
#5428=DIRECTION('',(0.E0,-1.E0,0.E0));
#5429=DIRECTION('',(0.E0,0.E0,-1.E0));
#5430=AXIS2_PLACEMENT_3D('',#5427,#5428,#5429);
#5431=PLANE('',#5430);
#5432=ORIENTED_EDGE('',*,*,#5206,.F.);
#5433=ORIENTED_EDGE('',*,*,#5222,.F.);
#5435=ORIENTED_EDGE('',*,*,#5434,.F.);
#5436=ORIENTED_EDGE('',*,*,#5418,.F.);
#5437=EDGE_LOOP('',(#5432,#5433,#5435,#5436));
#5438=FACE_OUTER_BOUND('',#5437,.F.);
#5439=ADVANCED_FACE('',(#5438),#5431,.F.);
#5440=CARTESIAN_POINT('',(0.E0,4.27E0,1.045E0));
#5441=DIRECTION('',(0.E0,3.713906763541E-1,-9.284766908853E-1));
#5442=DIRECTION('',(-1.E0,0.E0,0.E0));
#5443=AXIS2_PLACEMENT_3D('',#5440,#5441,#5442);
#5444=PLANE('',#5443);
#5445=ORIENTED_EDGE('',*,*,#5434,.T.);
#5446=ORIENTED_EDGE('',*,*,#5220,.T.);
#5448=ORIENTED_EDGE('',*,*,#5447,.F.);
#5449=ORIENTED_EDGE('',*,*,#5420,.F.);
#5450=EDGE_LOOP('',(#5445,#5446,#5448,#5449));
#5451=FACE_OUTER_BOUND('',#5450,.F.);
#5452=ADVANCED_FACE('',(#5451),#5444,.T.);
#5453=CARTESIAN_POINT('',(-3.25E-1,4.52E0,9.45E-1));
#5454=DIRECTION('',(0.E0,0.E0,-1.E0));
#5455=DIRECTION('',(1.E0,0.E0,0.E0));
#5456=AXIS2_PLACEMENT_3D('',#5453,#5454,#5455);
#5457=PLANE('',#5456);
#5458=ORIENTED_EDGE('',*,*,#5447,.T.);
#5459=ORIENTED_EDGE('',*,*,#5255,.T.);
#5460=ORIENTED_EDGE('',*,*,#4576,.T.);
#5461=ORIENTED_EDGE('',*,*,#5330,.F.);
#5462=EDGE_LOOP('',(#5458,#5459,#5460,#5461));
#5463=FACE_OUTER_BOUND('',#5462,.F.);
#5464=ADVANCED_FACE('',(#5463),#5457,.T.);
#5465=CARTESIAN_POINT('',(-2.215E0,4.52E0,1.595E0));
#5466=DIRECTION('',(0.E0,0.E0,1.E0));
#5467=DIRECTION('',(-1.E0,0.E0,0.E0));
#5468=AXIS2_PLACEMENT_3D('',#5465,#5466,#5467);
#5469=PLANE('',#5468);
#5471=ORIENTED_EDGE('',*,*,#5470,.T.);
#5473=ORIENTED_EDGE('',*,*,#5472,.T.);
#5474=ORIENTED_EDGE('',*,*,#4582,.T.);
#5476=ORIENTED_EDGE('',*,*,#5475,.F.);
#5477=EDGE_LOOP('',(#5471,#5473,#5474,#5476));
#5478=FACE_OUTER_BOUND('',#5477,.F.);
#5479=ADVANCED_FACE('',(#5478),#5469,.T.);
#5480=CARTESIAN_POINT('',(-2.54E0,4.27E0,1.495E0));
#5481=DIRECTION('',(0.E0,3.713906763541E-1,9.284766908853E-1));
#5482=DIRECTION('',(-1.E0,0.E0,0.E0));
#5483=AXIS2_PLACEMENT_3D('',#5480,#5481,#5482);
#5484=PLANE('',#5483);
#5485=ORIENTED_EDGE('',*,*,#5470,.F.);
#5487=ORIENTED_EDGE('',*,*,#5486,.F.);
#5489=ORIENTED_EDGE('',*,*,#5488,.T.);
#5491=ORIENTED_EDGE('',*,*,#5490,.T.);
#5492=EDGE_LOOP('',(#5485,#5487,#5489,#5491));
#5493=FACE_OUTER_BOUND('',#5492,.F.);
#5494=ADVANCED_FACE('',(#5493),#5484,.T.);
#5495=CARTESIAN_POINT('',(-2.765E0,4.27E0,1.27E0));
#5496=DIRECTION('',(-9.284766908853E-1,3.713906763541E-1,0.E0));
#5497=DIRECTION('',(0.E0,0.E0,-1.E0));
#5498=AXIS2_PLACEMENT_3D('',#5495,#5496,#5497);
#5499=PLANE('',#5498);
#5501=ORIENTED_EDGE('',*,*,#5500,.F.);
#5503=ORIENTED_EDGE('',*,*,#5502,.F.);
#5505=ORIENTED_EDGE('',*,*,#5504,.T.);
#5506=ORIENTED_EDGE('',*,*,#5486,.T.);
#5507=EDGE_LOOP('',(#5501,#5503,#5505,#5506));
#5508=FACE_OUTER_BOUND('',#5507,.F.);
#5509=ADVANCED_FACE('',(#5508),#5499,.T.);
#5510=CARTESIAN_POINT('',(-2.865E0,4.52E0,1.595E0));
#5511=DIRECTION('',(-1.E0,0.E0,0.E0));
#5512=DIRECTION('',(0.E0,0.E0,-1.E0));
#5513=AXIS2_PLACEMENT_3D('',#5510,#5511,#5512);
#5514=PLANE('',#5513);
#5516=ORIENTED_EDGE('',*,*,#5515,.T.);
#5518=ORIENTED_EDGE('',*,*,#5517,.F.);
#5520=ORIENTED_EDGE('',*,*,#5519,.F.);
#5521=ORIENTED_EDGE('',*,*,#4032,.F.);
#5523=ORIENTED_EDGE('',*,*,#5522,.T.);
#5525=ORIENTED_EDGE('',*,*,#5524,.T.);
#5526=EDGE_LOOP('',(#5516,#5518,#5520,#5521,#5523,#5525));
#5527=FACE_OUTER_BOUND('',#5526,.F.);
#5528=ADVANCED_FACE('',(#5527),#5514,.T.);
#5529=CARTESIAN_POINT('',(-2.865E0,4.52E0,1.595E0));
#5530=DIRECTION('',(-1.E0,0.E0,0.E0));
#5531=DIRECTION('',(0.E0,0.E0,-1.E0));
#5532=AXIS2_PLACEMENT_3D('',#5529,#5530,#5531);
#5533=PLANE('',#5532);
#5534=ORIENTED_EDGE('',*,*,#5500,.T.);
#5535=ORIENTED_EDGE('',*,*,#5475,.T.);
#5536=ORIENTED_EDGE('',*,*,#4588,.T.);
#5538=ORIENTED_EDGE('',*,*,#5537,.F.);
#5539=EDGE_LOOP('',(#5534,#5535,#5536,#5538));
#5540=FACE_OUTER_BOUND('',#5539,.F.);
#5541=ADVANCED_FACE('',(#5540),#5533,.T.);
#5542=CARTESIAN_POINT('',(-2.765E0,-5.088E0,7.525E0));
#5543=DIRECTION('',(-9.284766908853E-1,0.E0,3.713906763541E-1));
#5544=DIRECTION('',(0.E0,-1.E0,0.E0));
#5545=AXIS2_PLACEMENT_3D('',#5542,#5543,#5544);
#5546=PLANE('',#5545);
#5548=ORIENTED_EDGE('',*,*,#5547,.T.);
#5550=ORIENTED_EDGE('',*,*,#5549,.F.);
#5551=ORIENTED_EDGE('',*,*,#5515,.F.);
#5553=ORIENTED_EDGE('',*,*,#5552,.F.);
#5554=EDGE_LOOP('',(#5548,#5550,#5551,#5553));
#5555=FACE_OUTER_BOUND('',#5554,.F.);
#5556=ADVANCED_FACE('',(#5555),#5546,.T.);
#5557=CARTESIAN_POINT('',(-2.54E0,-5.088E0,7.775E0));
#5558=DIRECTION('',(0.E0,0.E0,1.E0));
#5559=DIRECTION('',(0.E0,-1.E0,0.E0));
#5560=AXIS2_PLACEMENT_3D('',#5557,#5558,#5559);
#5561=PLANE('',#5560);
#5563=ORIENTED_EDGE('',*,*,#5562,.F.);
#5565=ORIENTED_EDGE('',*,*,#5564,.F.);
#5566=ORIENTED_EDGE('',*,*,#5547,.F.);
#5568=ORIENTED_EDGE('',*,*,#5567,.F.);
#5569=EDGE_LOOP('',(#5563,#5565,#5566,#5568));
#5570=FACE_OUTER_BOUND('',#5569,.F.);
#5571=ADVANCED_FACE('',(#5570),#5561,.T.);
#5572=CARTESIAN_POINT('',(-2.315E0,-5.088E0,7.525E0));
#5573=DIRECTION('',(9.284766908853E-1,0.E0,3.713906763541E-1));
#5574=DIRECTION('',(0.E0,-1.E0,0.E0));
#5575=AXIS2_PLACEMENT_3D('',#5572,#5573,#5574);
#5576=PLANE('',#5575);
#5578=ORIENTED_EDGE('',*,*,#5577,.F.);
#5580=ORIENTED_EDGE('',*,*,#5579,.F.);
#5581=ORIENTED_EDGE('',*,*,#5562,.T.);
#5583=ORIENTED_EDGE('',*,*,#5582,.F.);
#5584=EDGE_LOOP('',(#5578,#5580,#5581,#5583));
#5585=FACE_OUTER_BOUND('',#5584,.F.);
#5586=ADVANCED_FACE('',(#5585),#5576,.T.);
#5587=CARTESIAN_POINT('',(-2.215E0,4.52E0,9.45E-1));
#5588=DIRECTION('',(1.E0,0.E0,0.E0));
#5589=DIRECTION('',(0.E0,0.E0,1.E0));
#5590=AXIS2_PLACEMENT_3D('',#5587,#5588,#5589);
#5591=PLANE('',#5590);
#5592=ORIENTED_EDGE('',*,*,#5577,.T.);
#5594=ORIENTED_EDGE('',*,*,#5593,.F.);
#5596=ORIENTED_EDGE('',*,*,#5595,.F.);
#5597=ORIENTED_EDGE('',*,*,#4036,.T.);
#5599=ORIENTED_EDGE('',*,*,#5598,.T.);
#5601=ORIENTED_EDGE('',*,*,#5600,.T.);
#5602=EDGE_LOOP('',(#5592,#5594,#5596,#5597,#5599,#5601));
#5603=FACE_OUTER_BOUND('',#5602,.F.);
#5604=ADVANCED_FACE('',(#5603),#5591,.T.);
#5605=CARTESIAN_POINT('',(-2.215E0,4.52E0,9.45E-1));
#5606=DIRECTION('',(1.E0,0.E0,0.E0));
#5607=DIRECTION('',(0.E0,0.E0,1.E0));
#5608=AXIS2_PLACEMENT_3D('',#5605,#5606,#5607);
#5609=PLANE('',#5608);
#5611=ORIENTED_EDGE('',*,*,#5610,.T.);
#5613=ORIENTED_EDGE('',*,*,#5612,.T.);
#5614=ORIENTED_EDGE('',*,*,#4584,.F.);
#5615=ORIENTED_EDGE('',*,*,#5472,.F.);
#5616=EDGE_LOOP('',(#5611,#5613,#5614,#5615));
#5617=FACE_OUTER_BOUND('',#5616,.F.);
#5618=ADVANCED_FACE('',(#5617),#5609,.T.);
#5619=CARTESIAN_POINT('',(-2.215E0,-4.763E0,1.778E0));
#5620=DIRECTION('',(0.E0,1.E0,0.E0));
#5621=DIRECTION('',(-1.E0,0.E0,0.E0));
#5622=AXIS2_PLACEMENT_3D('',#5619,#5620,#5621);
#5623=PLANE('',#5622);
#5625=ORIENTED_EDGE('',*,*,#5624,.T.);
#5626=ORIENTED_EDGE('',*,*,#5524,.F.);
#5628=ORIENTED_EDGE('',*,*,#5627,.F.);
#5629=ORIENTED_EDGE('',*,*,#5593,.T.);
#5630=EDGE_LOOP('',(#5625,#5626,#5628,#5629));
#5631=FACE_OUTER_BOUND('',#5630,.F.);
#5632=ADVANCED_FACE('',(#5631),#5623,.T.);
#5633=CARTESIAN_POINT('',(-2.54E0,-4.863E0,7.525E0));
#5634=DIRECTION('',(0.E0,9.284766908853E-1,3.713906763541E-1));
#5635=DIRECTION('',(-1.E0,0.E0,0.E0));
#5636=AXIS2_PLACEMENT_3D('',#5633,#5634,#5635);
#5637=PLANE('',#5636);
#5638=ORIENTED_EDGE('',*,*,#5624,.F.);
#5639=ORIENTED_EDGE('',*,*,#5582,.T.);
#5640=ORIENTED_EDGE('',*,*,#5567,.T.);
#5641=ORIENTED_EDGE('',*,*,#5552,.T.);
#5642=EDGE_LOOP('',(#5638,#5639,#5640,#5641));
#5643=FACE_OUTER_BOUND('',#5642,.F.);
#5644=ADVANCED_FACE('',(#5643),#5637,.T.);
#5645=CARTESIAN_POINT('',(-1.54E0,-4.58E0,1.778E0));
#5646=DIRECTION('',(-1.E0,0.E0,0.E0));
#5647=DIRECTION('',(0.E0,0.E0,1.E0));
#5648=AXIS2_PLACEMENT_3D('',#5645,#5646,#5647);
#5649=CYLINDRICAL_SURFACE('',#5648,1.83E-1);
#5650=ORIENTED_EDGE('',*,*,#4038,.F.);
#5651=ORIENTED_EDGE('',*,*,#5595,.T.);
#5652=ORIENTED_EDGE('',*,*,#5627,.T.);
#5653=ORIENTED_EDGE('',*,*,#5522,.F.);
#5654=EDGE_LOOP('',(#5650,#5651,#5652,#5653));
#5655=FACE_OUTER_BOUND('',#5654,.F.);
#5656=ADVANCED_FACE('',(#5655),#5649,.F.);
#5657=CARTESIAN_POINT('',(-1.54E0,-4.58E0,1.778E0));
#5658=DIRECTION('',(-1.E0,0.E0,0.E0));
#5659=DIRECTION('',(0.E0,0.E0,1.E0));
#5660=AXIS2_PLACEMENT_3D('',#5657,#5658,#5659);
#5661=CYLINDRICAL_SURFACE('',#5660,8.33E-1);
#5662=ORIENTED_EDGE('',*,*,#5519,.T.);
#5664=ORIENTED_EDGE('',*,*,#5663,.T.);
#5665=ORIENTED_EDGE('',*,*,#5598,.F.);
#5666=ORIENTED_EDGE('',*,*,#4034,.T.);
#5667=EDGE_LOOP('',(#5662,#5664,#5665,#5666));
#5668=FACE_OUTER_BOUND('',#5667,.F.);
#5669=ADVANCED_FACE('',(#5668),#5661,.T.);
#5670=CARTESIAN_POINT('',(-2.865E0,-5.413E0,1.778E0));
#5671=DIRECTION('',(0.E0,-1.E0,0.E0));
#5672=DIRECTION('',(1.E0,0.E0,0.E0));
#5673=AXIS2_PLACEMENT_3D('',#5670,#5671,#5672);
#5674=PLANE('',#5673);
#5676=ORIENTED_EDGE('',*,*,#5675,.T.);
#5677=ORIENTED_EDGE('',*,*,#5600,.F.);
#5678=ORIENTED_EDGE('',*,*,#5663,.F.);
#5679=ORIENTED_EDGE('',*,*,#5517,.T.);
#5680=EDGE_LOOP('',(#5676,#5677,#5678,#5679));
#5681=FACE_OUTER_BOUND('',#5680,.F.);
#5682=ADVANCED_FACE('',(#5681),#5674,.T.);
#5683=CARTESIAN_POINT('',(-2.54E0,-5.313E0,7.525E0));
#5684=DIRECTION('',(0.E0,-9.284766908853E-1,3.713906763541E-1));
#5685=DIRECTION('',(-1.E0,0.E0,0.E0));
#5686=AXIS2_PLACEMENT_3D('',#5683,#5684,#5685);
#5687=PLANE('',#5686);
#5688=ORIENTED_EDGE('',*,*,#5675,.F.);
#5689=ORIENTED_EDGE('',*,*,#5549,.T.);
#5690=ORIENTED_EDGE('',*,*,#5564,.T.);
#5691=ORIENTED_EDGE('',*,*,#5579,.T.);
#5692=EDGE_LOOP('',(#5688,#5689,#5690,#5691));
#5693=FACE_OUTER_BOUND('',#5692,.F.);
#5694=ADVANCED_FACE('',(#5693),#5687,.T.);
#5695=CARTESIAN_POINT('',(-2.315E0,4.27E0,1.27E0));
#5696=DIRECTION('',(9.284766908853E-1,3.713906763541E-1,0.E0));
#5697=DIRECTION('',(0.E0,0.E0,-1.E0));
#5698=AXIS2_PLACEMENT_3D('',#5695,#5696,#5697);
#5699=PLANE('',#5698);
#5701=ORIENTED_EDGE('',*,*,#5700,.T.);
#5703=ORIENTED_EDGE('',*,*,#5702,.T.);
#5704=ORIENTED_EDGE('',*,*,#5610,.F.);
#5705=ORIENTED_EDGE('',*,*,#5490,.F.);
#5706=EDGE_LOOP('',(#5701,#5703,#5704,#5705));
#5707=FACE_OUTER_BOUND('',#5706,.F.);
#5708=ADVANCED_FACE('',(#5707),#5699,.T.);
#5709=CARTESIAN_POINT('',(-2.54E0,4.52E0,1.27E0));
#5710=DIRECTION('',(0.E0,-1.E0,0.E0));
#5711=DIRECTION('',(0.E0,0.E0,-1.E0));
#5712=AXIS2_PLACEMENT_3D('',#5709,#5710,#5711);
#5713=PLANE('',#5712);
#5714=ORIENTED_EDGE('',*,*,#5488,.F.);
#5715=ORIENTED_EDGE('',*,*,#5504,.F.);
#5717=ORIENTED_EDGE('',*,*,#5716,.F.);
#5718=ORIENTED_EDGE('',*,*,#5700,.F.);
#5719=EDGE_LOOP('',(#5714,#5715,#5717,#5718));
#5720=FACE_OUTER_BOUND('',#5719,.F.);
#5721=ADVANCED_FACE('',(#5720),#5713,.F.);
#5722=CARTESIAN_POINT('',(-2.54E0,4.27E0,1.045E0));
#5723=DIRECTION('',(0.E0,3.713906763541E-1,-9.284766908853E-1));
#5724=DIRECTION('',(-1.E0,0.E0,0.E0));
#5725=AXIS2_PLACEMENT_3D('',#5722,#5723,#5724);
#5726=PLANE('',#5725);
#5727=ORIENTED_EDGE('',*,*,#5716,.T.);
#5728=ORIENTED_EDGE('',*,*,#5502,.T.);
#5730=ORIENTED_EDGE('',*,*,#5729,.F.);
#5731=ORIENTED_EDGE('',*,*,#5702,.F.);
#5732=EDGE_LOOP('',(#5727,#5728,#5730,#5731));
#5733=FACE_OUTER_BOUND('',#5732,.F.);
#5734=ADVANCED_FACE('',(#5733),#5726,.T.);
#5735=CARTESIAN_POINT('',(-2.865E0,4.52E0,9.45E-1));
#5736=DIRECTION('',(0.E0,0.E0,-1.E0));
#5737=DIRECTION('',(1.E0,0.E0,0.E0));
#5738=AXIS2_PLACEMENT_3D('',#5735,#5736,#5737);
#5739=PLANE('',#5738);
#5740=ORIENTED_EDGE('',*,*,#5729,.T.);
#5741=ORIENTED_EDGE('',*,*,#5537,.T.);
#5742=ORIENTED_EDGE('',*,*,#4586,.T.);
#5743=ORIENTED_EDGE('',*,*,#5612,.F.);
#5744=EDGE_LOOP('',(#5740,#5741,#5742,#5743));
#5745=FACE_OUTER_BOUND('',#5744,.F.);
#5746=ADVANCED_FACE('',(#5745),#5739,.T.);
#5747=CARTESIAN_POINT('',(-4.755E0,4.52E0,1.595E0));
#5748=DIRECTION('',(0.E0,0.E0,1.E0));
#5749=DIRECTION('',(-1.E0,0.E0,0.E0));
#5750=AXIS2_PLACEMENT_3D('',#5747,#5748,#5749);
#5751=PLANE('',#5750);
#5753=ORIENTED_EDGE('',*,*,#5752,.T.);
#5755=ORIENTED_EDGE('',*,*,#5754,.T.);
#5756=ORIENTED_EDGE('',*,*,#4592,.T.);
#5758=ORIENTED_EDGE('',*,*,#5757,.F.);
#5759=EDGE_LOOP('',(#5753,#5755,#5756,#5758));
#5760=FACE_OUTER_BOUND('',#5759,.F.);
#5761=ADVANCED_FACE('',(#5760),#5751,.T.);
#5762=CARTESIAN_POINT('',(-5.08E0,4.27E0,1.495E0));
#5763=DIRECTION('',(0.E0,3.713906763541E-1,9.284766908853E-1));
#5764=DIRECTION('',(-1.E0,0.E0,0.E0));
#5765=AXIS2_PLACEMENT_3D('',#5762,#5763,#5764);
#5766=PLANE('',#5765);
#5767=ORIENTED_EDGE('',*,*,#5752,.F.);
#5769=ORIENTED_EDGE('',*,*,#5768,.F.);
#5771=ORIENTED_EDGE('',*,*,#5770,.T.);
#5773=ORIENTED_EDGE('',*,*,#5772,.T.);
#5774=EDGE_LOOP('',(#5767,#5769,#5771,#5773));
#5775=FACE_OUTER_BOUND('',#5774,.F.);
#5776=ADVANCED_FACE('',(#5775),#5766,.T.);
#5777=CARTESIAN_POINT('',(-5.305E0,4.27E0,1.27E0));
#5778=DIRECTION('',(-9.284766908853E-1,3.713906763541E-1,0.E0));
#5779=DIRECTION('',(0.E0,0.E0,-1.E0));
#5780=AXIS2_PLACEMENT_3D('',#5777,#5778,#5779);
#5781=PLANE('',#5780);
#5783=ORIENTED_EDGE('',*,*,#5782,.F.);
#5785=ORIENTED_EDGE('',*,*,#5784,.F.);
#5787=ORIENTED_EDGE('',*,*,#5786,.T.);
#5788=ORIENTED_EDGE('',*,*,#5768,.T.);
#5789=EDGE_LOOP('',(#5783,#5785,#5787,#5788));
#5790=FACE_OUTER_BOUND('',#5789,.F.);
#5791=ADVANCED_FACE('',(#5790),#5781,.T.);
#5792=CARTESIAN_POINT('',(-5.405E0,4.52E0,1.595E0));
#5793=DIRECTION('',(-1.E0,0.E0,0.E0));
#5794=DIRECTION('',(0.E0,0.E0,-1.E0));
#5795=AXIS2_PLACEMENT_3D('',#5792,#5793,#5794);
#5796=PLANE('',#5795);
#5798=ORIENTED_EDGE('',*,*,#5797,.T.);
#5800=ORIENTED_EDGE('',*,*,#5799,.F.);
#5802=ORIENTED_EDGE('',*,*,#5801,.F.);
#5803=ORIENTED_EDGE('',*,*,#4042,.F.);
#5805=ORIENTED_EDGE('',*,*,#5804,.T.);
#5807=ORIENTED_EDGE('',*,*,#5806,.T.);
#5808=EDGE_LOOP('',(#5798,#5800,#5802,#5803,#5805,#5807));
#5809=FACE_OUTER_BOUND('',#5808,.F.);
#5810=ADVANCED_FACE('',(#5809),#5796,.T.);
#5811=CARTESIAN_POINT('',(-5.405E0,4.52E0,1.595E0));
#5812=DIRECTION('',(-1.E0,0.E0,0.E0));
#5813=DIRECTION('',(0.E0,0.E0,-1.E0));
#5814=AXIS2_PLACEMENT_3D('',#5811,#5812,#5813);
#5815=PLANE('',#5814);
#5816=ORIENTED_EDGE('',*,*,#5782,.T.);
#5817=ORIENTED_EDGE('',*,*,#5757,.T.);
#5818=ORIENTED_EDGE('',*,*,#4598,.T.);
#5820=ORIENTED_EDGE('',*,*,#5819,.F.);
#5821=EDGE_LOOP('',(#5816,#5817,#5818,#5820));
#5822=FACE_OUTER_BOUND('',#5821,.F.);
#5823=ADVANCED_FACE('',(#5822),#5815,.T.);
#5824=CARTESIAN_POINT('',(-5.305E0,-5.088E0,7.525E0));
#5825=DIRECTION('',(-9.284766908853E-1,0.E0,3.713906763541E-1));
#5826=DIRECTION('',(0.E0,-1.E0,0.E0));
#5827=AXIS2_PLACEMENT_3D('',#5824,#5825,#5826);
#5828=PLANE('',#5827);
#5830=ORIENTED_EDGE('',*,*,#5829,.T.);
#5832=ORIENTED_EDGE('',*,*,#5831,.F.);
#5833=ORIENTED_EDGE('',*,*,#5797,.F.);
#5835=ORIENTED_EDGE('',*,*,#5834,.F.);
#5836=EDGE_LOOP('',(#5830,#5832,#5833,#5835));
#5837=FACE_OUTER_BOUND('',#5836,.F.);
#5838=ADVANCED_FACE('',(#5837),#5828,.T.);
#5839=CARTESIAN_POINT('',(-5.08E0,-5.088E0,7.775E0));
#5840=DIRECTION('',(0.E0,0.E0,1.E0));
#5841=DIRECTION('',(0.E0,-1.E0,0.E0));
#5842=AXIS2_PLACEMENT_3D('',#5839,#5840,#5841);
#5843=PLANE('',#5842);
#5845=ORIENTED_EDGE('',*,*,#5844,.F.);
#5847=ORIENTED_EDGE('',*,*,#5846,.F.);
#5848=ORIENTED_EDGE('',*,*,#5829,.F.);
#5850=ORIENTED_EDGE('',*,*,#5849,.F.);
#5851=EDGE_LOOP('',(#5845,#5847,#5848,#5850));
#5852=FACE_OUTER_BOUND('',#5851,.F.);
#5853=ADVANCED_FACE('',(#5852),#5843,.T.);
#5854=CARTESIAN_POINT('',(-4.855E0,-5.088E0,7.525E0));
#5855=DIRECTION('',(9.284766908853E-1,0.E0,3.713906763541E-1));
#5856=DIRECTION('',(0.E0,-1.E0,0.E0));
#5857=AXIS2_PLACEMENT_3D('',#5854,#5855,#5856);
#5858=PLANE('',#5857);
#5860=ORIENTED_EDGE('',*,*,#5859,.F.);
#5862=ORIENTED_EDGE('',*,*,#5861,.F.);
#5863=ORIENTED_EDGE('',*,*,#5844,.T.);
#5865=ORIENTED_EDGE('',*,*,#5864,.F.);
#5866=EDGE_LOOP('',(#5860,#5862,#5863,#5865));
#5867=FACE_OUTER_BOUND('',#5866,.F.);
#5868=ADVANCED_FACE('',(#5867),#5858,.T.);
#5869=CARTESIAN_POINT('',(-4.755E0,4.52E0,9.45E-1));
#5870=DIRECTION('',(1.E0,0.E0,0.E0));
#5871=DIRECTION('',(0.E0,0.E0,1.E0));
#5872=AXIS2_PLACEMENT_3D('',#5869,#5870,#5871);
#5873=PLANE('',#5872);
#5874=ORIENTED_EDGE('',*,*,#5859,.T.);
#5876=ORIENTED_EDGE('',*,*,#5875,.F.);
#5878=ORIENTED_EDGE('',*,*,#5877,.F.);
#5879=ORIENTED_EDGE('',*,*,#4046,.T.);
#5881=ORIENTED_EDGE('',*,*,#5880,.T.);
#5883=ORIENTED_EDGE('',*,*,#5882,.T.);
#5884=EDGE_LOOP('',(#5874,#5876,#5878,#5879,#5881,#5883));
#5885=FACE_OUTER_BOUND('',#5884,.F.);
#5886=ADVANCED_FACE('',(#5885),#5873,.T.);
#5887=CARTESIAN_POINT('',(-4.755E0,4.52E0,9.45E-1));
#5888=DIRECTION('',(1.E0,0.E0,0.E0));
#5889=DIRECTION('',(0.E0,0.E0,1.E0));
#5890=AXIS2_PLACEMENT_3D('',#5887,#5888,#5889);
#5891=PLANE('',#5890);
#5893=ORIENTED_EDGE('',*,*,#5892,.T.);
#5895=ORIENTED_EDGE('',*,*,#5894,.T.);
#5896=ORIENTED_EDGE('',*,*,#4594,.F.);
#5897=ORIENTED_EDGE('',*,*,#5754,.F.);
#5898=EDGE_LOOP('',(#5893,#5895,#5896,#5897));
#5899=FACE_OUTER_BOUND('',#5898,.F.);
#5900=ADVANCED_FACE('',(#5899),#5891,.T.);
#5901=CARTESIAN_POINT('',(-4.755E0,-4.763E0,1.778E0));
#5902=DIRECTION('',(0.E0,1.E0,0.E0));
#5903=DIRECTION('',(-1.E0,0.E0,0.E0));
#5904=AXIS2_PLACEMENT_3D('',#5901,#5902,#5903);
#5905=PLANE('',#5904);
#5907=ORIENTED_EDGE('',*,*,#5906,.T.);
#5908=ORIENTED_EDGE('',*,*,#5806,.F.);
#5910=ORIENTED_EDGE('',*,*,#5909,.F.);
#5911=ORIENTED_EDGE('',*,*,#5875,.T.);
#5912=EDGE_LOOP('',(#5907,#5908,#5910,#5911));
#5913=FACE_OUTER_BOUND('',#5912,.F.);
#5914=ADVANCED_FACE('',(#5913),#5905,.T.);
#5915=CARTESIAN_POINT('',(-5.08E0,-4.863E0,7.525E0));
#5916=DIRECTION('',(0.E0,9.284766908853E-1,3.713906763541E-1));
#5917=DIRECTION('',(-1.E0,0.E0,0.E0));
#5918=AXIS2_PLACEMENT_3D('',#5915,#5916,#5917);
#5919=PLANE('',#5918);
#5920=ORIENTED_EDGE('',*,*,#5906,.F.);
#5921=ORIENTED_EDGE('',*,*,#5864,.T.);
#5922=ORIENTED_EDGE('',*,*,#5849,.T.);
#5923=ORIENTED_EDGE('',*,*,#5834,.T.);
#5924=EDGE_LOOP('',(#5920,#5921,#5922,#5923));
#5925=FACE_OUTER_BOUND('',#5924,.F.);
#5926=ADVANCED_FACE('',(#5925),#5919,.T.);
#5927=CARTESIAN_POINT('',(-4.08E0,-4.58E0,1.778E0));
#5928=DIRECTION('',(-1.E0,0.E0,0.E0));
#5929=DIRECTION('',(0.E0,0.E0,1.E0));
#5930=AXIS2_PLACEMENT_3D('',#5927,#5928,#5929);
#5931=CYLINDRICAL_SURFACE('',#5930,1.83E-1);
#5932=ORIENTED_EDGE('',*,*,#4048,.F.);
#5933=ORIENTED_EDGE('',*,*,#5877,.T.);
#5934=ORIENTED_EDGE('',*,*,#5909,.T.);
#5935=ORIENTED_EDGE('',*,*,#5804,.F.);
#5936=EDGE_LOOP('',(#5932,#5933,#5934,#5935));
#5937=FACE_OUTER_BOUND('',#5936,.F.);
#5938=ADVANCED_FACE('',(#5937),#5931,.F.);
#5939=CARTESIAN_POINT('',(-4.08E0,-4.58E0,1.778E0));
#5940=DIRECTION('',(-1.E0,0.E0,0.E0));
#5941=DIRECTION('',(0.E0,0.E0,1.E0));
#5942=AXIS2_PLACEMENT_3D('',#5939,#5940,#5941);
#5943=CYLINDRICAL_SURFACE('',#5942,8.33E-1);
#5944=ORIENTED_EDGE('',*,*,#5801,.T.);
#5946=ORIENTED_EDGE('',*,*,#5945,.T.);
#5947=ORIENTED_EDGE('',*,*,#5880,.F.);
#5948=ORIENTED_EDGE('',*,*,#4044,.T.);
#5949=EDGE_LOOP('',(#5944,#5946,#5947,#5948));
#5950=FACE_OUTER_BOUND('',#5949,.F.);
#5951=ADVANCED_FACE('',(#5950),#5943,.T.);
#5952=CARTESIAN_POINT('',(-5.405E0,-5.413E0,1.778E0));
#5953=DIRECTION('',(0.E0,-1.E0,0.E0));
#5954=DIRECTION('',(1.E0,0.E0,0.E0));
#5955=AXIS2_PLACEMENT_3D('',#5952,#5953,#5954);
#5956=PLANE('',#5955);
#5958=ORIENTED_EDGE('',*,*,#5957,.T.);
#5959=ORIENTED_EDGE('',*,*,#5882,.F.);
#5960=ORIENTED_EDGE('',*,*,#5945,.F.);
#5961=ORIENTED_EDGE('',*,*,#5799,.T.);
#5962=EDGE_LOOP('',(#5958,#5959,#5960,#5961));
#5963=FACE_OUTER_BOUND('',#5962,.F.);
#5964=ADVANCED_FACE('',(#5963),#5956,.T.);
#5965=CARTESIAN_POINT('',(-5.08E0,-5.313E0,7.525E0));
#5966=DIRECTION('',(0.E0,-9.284766908853E-1,3.713906763541E-1));
#5967=DIRECTION('',(-1.E0,0.E0,0.E0));
#5968=AXIS2_PLACEMENT_3D('',#5965,#5966,#5967);
#5969=PLANE('',#5968);
#5970=ORIENTED_EDGE('',*,*,#5957,.F.);
#5971=ORIENTED_EDGE('',*,*,#5831,.T.);
#5972=ORIENTED_EDGE('',*,*,#5846,.T.);
#5973=ORIENTED_EDGE('',*,*,#5861,.T.);
#5974=EDGE_LOOP('',(#5970,#5971,#5972,#5973));
#5975=FACE_OUTER_BOUND('',#5974,.F.);
#5976=ADVANCED_FACE('',(#5975),#5969,.T.);
#5977=CARTESIAN_POINT('',(-4.855E0,4.27E0,1.27E0));
#5978=DIRECTION('',(9.284766908853E-1,3.713906763541E-1,0.E0));
#5979=DIRECTION('',(0.E0,0.E0,-1.E0));
#5980=AXIS2_PLACEMENT_3D('',#5977,#5978,#5979);
#5981=PLANE('',#5980);
#5983=ORIENTED_EDGE('',*,*,#5982,.T.);
#5985=ORIENTED_EDGE('',*,*,#5984,.T.);
#5986=ORIENTED_EDGE('',*,*,#5892,.F.);
#5987=ORIENTED_EDGE('',*,*,#5772,.F.);
#5988=EDGE_LOOP('',(#5983,#5985,#5986,#5987));
#5989=FACE_OUTER_BOUND('',#5988,.F.);
#5990=ADVANCED_FACE('',(#5989),#5981,.T.);
#5991=CARTESIAN_POINT('',(-5.08E0,4.52E0,1.27E0));
#5992=DIRECTION('',(0.E0,-1.E0,0.E0));
#5993=DIRECTION('',(0.E0,0.E0,-1.E0));
#5994=AXIS2_PLACEMENT_3D('',#5991,#5992,#5993);
#5995=PLANE('',#5994);
#5996=ORIENTED_EDGE('',*,*,#5770,.F.);
#5997=ORIENTED_EDGE('',*,*,#5786,.F.);
#5999=ORIENTED_EDGE('',*,*,#5998,.F.);
#6000=ORIENTED_EDGE('',*,*,#5982,.F.);
#6001=EDGE_LOOP('',(#5996,#5997,#5999,#6000));
#6002=FACE_OUTER_BOUND('',#6001,.F.);
#6003=ADVANCED_FACE('',(#6002),#5995,.F.);
#6004=CARTESIAN_POINT('',(-5.08E0,4.27E0,1.045E0));
#6005=DIRECTION('',(0.E0,3.713906763541E-1,-9.284766908853E-1));
#6006=DIRECTION('',(-1.E0,0.E0,0.E0));
#6007=AXIS2_PLACEMENT_3D('',#6004,#6005,#6006);
#6008=PLANE('',#6007);
#6009=ORIENTED_EDGE('',*,*,#5998,.T.);
#6010=ORIENTED_EDGE('',*,*,#5784,.T.);
#6012=ORIENTED_EDGE('',*,*,#6011,.F.);
#6013=ORIENTED_EDGE('',*,*,#5984,.F.);
#6014=EDGE_LOOP('',(#6009,#6010,#6012,#6013));
#6015=FACE_OUTER_BOUND('',#6014,.F.);
#6016=ADVANCED_FACE('',(#6015),#6008,.T.);
#6017=CARTESIAN_POINT('',(-5.405E0,4.52E0,9.45E-1));
#6018=DIRECTION('',(0.E0,0.E0,-1.E0));
#6019=DIRECTION('',(1.E0,0.E0,0.E0));
#6020=AXIS2_PLACEMENT_3D('',#6017,#6018,#6019);
#6021=PLANE('',#6020);
#6022=ORIENTED_EDGE('',*,*,#6011,.T.);
#6023=ORIENTED_EDGE('',*,*,#5819,.T.);
#6024=ORIENTED_EDGE('',*,*,#4596,.T.);
#6025=ORIENTED_EDGE('',*,*,#5894,.F.);
#6026=EDGE_LOOP('',(#6022,#6023,#6024,#6025));
#6027=FACE_OUTER_BOUND('',#6026,.F.);
#6028=ADVANCED_FACE('',(#6027),#6021,.T.);
#6029=CARTESIAN_POINT('',(5.405E0,4.52E0,-9.45E-1));
#6030=DIRECTION('',(0.E0,0.E0,1.E0));
#6031=DIRECTION('',(-1.E0,0.E0,0.E0));
#6032=AXIS2_PLACEMENT_3D('',#6029,#6030,#6031);
#6033=PLANE('',#6032);
#6035=ORIENTED_EDGE('',*,*,#6034,.T.);
#6037=ORIENTED_EDGE('',*,*,#6036,.T.);
#6039=ORIENTED_EDGE('',*,*,#6038,.F.);
#6040=ORIENTED_EDGE('',*,*,#4052,.F.);
#6041=EDGE_LOOP('',(#6035,#6037,#6039,#6040));
#6042=FACE_OUTER_BOUND('',#6041,.F.);
#6043=ADVANCED_FACE('',(#6042),#6033,.T.);
#6044=CARTESIAN_POINT('',(5.405E0,4.52E0,-9.45E-1));
#6045=DIRECTION('',(0.E0,0.E0,1.E0));
#6046=DIRECTION('',(-1.E0,0.E0,0.E0));
#6047=AXIS2_PLACEMENT_3D('',#6044,#6045,#6046);
#6048=PLANE('',#6047);
#6050=ORIENTED_EDGE('',*,*,#6049,.T.);
#6052=ORIENTED_EDGE('',*,*,#6051,.T.);
#6053=ORIENTED_EDGE('',*,*,#4602,.T.);
#6055=ORIENTED_EDGE('',*,*,#6054,.F.);
#6056=EDGE_LOOP('',(#6050,#6052,#6053,#6055));
#6057=FACE_OUTER_BOUND('',#6056,.F.);
#6058=ADVANCED_FACE('',(#6057),#6048,.T.);
#6059=CARTESIAN_POINT('',(5.405E0,4.52E0,-1.595E0));
#6060=DIRECTION('',(1.E0,0.E0,0.E0));
#6061=DIRECTION('',(0.E0,0.E0,1.E0));
#6062=AXIS2_PLACEMENT_3D('',#6059,#6060,#6061);
#6063=PLANE('',#6062);
#6065=ORIENTED_EDGE('',*,*,#6064,.T.);
#6067=ORIENTED_EDGE('',*,*,#6066,.F.);
#6069=ORIENTED_EDGE('',*,*,#6068,.F.);
#6070=ORIENTED_EDGE('',*,*,#6034,.F.);
#6071=ORIENTED_EDGE('',*,*,#4058,.T.);
#6073=ORIENTED_EDGE('',*,*,#6072,.T.);
#6075=ORIENTED_EDGE('',*,*,#6074,.T.);
#6077=ORIENTED_EDGE('',*,*,#6076,.T.);
#6078=EDGE_LOOP('',(#6065,#6067,#6069,#6070,#6071,#6073,#6075,#6077));
#6079=FACE_OUTER_BOUND('',#6078,.F.);
#6080=ADVANCED_FACE('',(#6079),#6063,.T.);
#6081=CARTESIAN_POINT('',(5.405E0,4.52E0,-1.595E0));
#6082=DIRECTION('',(1.E0,0.E0,0.E0));
#6083=DIRECTION('',(0.E0,0.E0,1.E0));
#6084=AXIS2_PLACEMENT_3D('',#6081,#6082,#6083);
#6085=PLANE('',#6084);
#6087=ORIENTED_EDGE('',*,*,#6086,.T.);
#6089=ORIENTED_EDGE('',*,*,#6088,.T.);
#6090=ORIENTED_EDGE('',*,*,#4604,.F.);
#6091=ORIENTED_EDGE('',*,*,#6051,.F.);
#6092=EDGE_LOOP('',(#6087,#6089,#6090,#6091));
#6093=FACE_OUTER_BOUND('',#6092,.F.);
#6094=ADVANCED_FACE('',(#6093),#6085,.T.);
#6095=CARTESIAN_POINT('',(5.305E0,-7.628E0,7.525E0));
#6096=DIRECTION('',(9.284766908853E-1,0.E0,3.713906763541E-1));
#6097=DIRECTION('',(0.E0,-1.E0,0.E0));
#6098=AXIS2_PLACEMENT_3D('',#6095,#6096,#6097);
#6099=PLANE('',#6098);
#6100=ORIENTED_EDGE('',*,*,#6064,.F.);
#6102=ORIENTED_EDGE('',*,*,#6101,.F.);
#6104=ORIENTED_EDGE('',*,*,#6103,.T.);
#6106=ORIENTED_EDGE('',*,*,#6105,.F.);
#6107=EDGE_LOOP('',(#6100,#6102,#6104,#6106));
#6108=FACE_OUTER_BOUND('',#6107,.F.);
#6109=ADVANCED_FACE('',(#6108),#6099,.T.);
#6110=CARTESIAN_POINT('',(5.08E0,-7.853E0,7.525E0));
#6111=DIRECTION('',(0.E0,-9.284766908853E-1,3.713906763541E-1));
#6112=DIRECTION('',(-1.E0,0.E0,0.E0));
#6113=AXIS2_PLACEMENT_3D('',#6110,#6111,#6112);
#6114=PLANE('',#6113);
#6116=ORIENTED_EDGE('',*,*,#6115,.F.);
#6118=ORIENTED_EDGE('',*,*,#6117,.T.);
#6120=ORIENTED_EDGE('',*,*,#6119,.T.);
#6121=ORIENTED_EDGE('',*,*,#6101,.T.);
#6122=EDGE_LOOP('',(#6116,#6118,#6120,#6121));
#6123=FACE_OUTER_BOUND('',#6122,.F.);
#6124=ADVANCED_FACE('',(#6123),#6114,.T.);
#6125=CARTESIAN_POINT('',(4.755E0,-7.953E0,-7.62E-1));
#6126=DIRECTION('',(0.E0,-1.E0,0.E0));
#6127=DIRECTION('',(1.E0,0.E0,0.E0));
#6128=AXIS2_PLACEMENT_3D('',#6125,#6126,#6127);
#6129=PLANE('',#6128);
#6130=ORIENTED_EDGE('',*,*,#6115,.T.);
#6131=ORIENTED_EDGE('',*,*,#6076,.F.);
#6133=ORIENTED_EDGE('',*,*,#6132,.F.);
#6135=ORIENTED_EDGE('',*,*,#6134,.T.);
#6136=EDGE_LOOP('',(#6130,#6131,#6133,#6135));
#6137=FACE_OUTER_BOUND('',#6136,.F.);
#6138=ADVANCED_FACE('',(#6137),#6129,.T.);
#6139=CARTESIAN_POINT('',(6.08E0,-7.12E0,-7.62E-1));
#6140=DIRECTION('',(-1.E0,0.E0,0.E0));
#6141=DIRECTION('',(0.E0,0.E0,1.E0));
#6142=AXIS2_PLACEMENT_3D('',#6139,#6140,#6141);
#6143=CYLINDRICAL_SURFACE('',#6142,8.33E-1);
#6145=ORIENTED_EDGE('',*,*,#6144,.F.);
#6147=ORIENTED_EDGE('',*,*,#6146,.T.);
#6148=ORIENTED_EDGE('',*,*,#6132,.T.);
#6149=ORIENTED_EDGE('',*,*,#6074,.F.);
#6150=EDGE_LOOP('',(#6145,#6147,#6148,#6149));
#6151=FACE_OUTER_BOUND('',#6150,.F.);
#6152=ADVANCED_FACE('',(#6151),#6143,.T.);
#6153=CARTESIAN_POINT('',(4.755E0,4.52E0,-1.595E0));
#6154=DIRECTION('',(0.E0,0.E0,-1.E0));
#6155=DIRECTION('',(1.E0,0.E0,0.E0));
#6156=AXIS2_PLACEMENT_3D('',#6153,#6154,#6155);
#6157=PLANE('',#6156);
#6159=ORIENTED_EDGE('',*,*,#6158,.T.);
#6160=ORIENTED_EDGE('',*,*,#6144,.T.);
#6161=ORIENTED_EDGE('',*,*,#6072,.F.);
#6162=ORIENTED_EDGE('',*,*,#4056,.F.);
#6163=EDGE_LOOP('',(#6159,#6160,#6161,#6162));
#6164=FACE_OUTER_BOUND('',#6163,.F.);
#6165=ADVANCED_FACE('',(#6164),#6157,.T.);
#6166=CARTESIAN_POINT('',(4.755E0,4.52E0,-1.595E0));
#6167=DIRECTION('',(0.E0,0.E0,-1.E0));
#6168=DIRECTION('',(1.E0,0.E0,0.E0));
#6169=AXIS2_PLACEMENT_3D('',#6166,#6167,#6168);
#6170=PLANE('',#6169);
#6172=ORIENTED_EDGE('',*,*,#6171,.T.);
#6174=ORIENTED_EDGE('',*,*,#6173,.T.);
#6175=ORIENTED_EDGE('',*,*,#4606,.T.);
#6176=ORIENTED_EDGE('',*,*,#6088,.F.);
#6177=EDGE_LOOP('',(#6172,#6174,#6175,#6176));
#6178=FACE_OUTER_BOUND('',#6177,.F.);
#6179=ADVANCED_FACE('',(#6178),#6170,.T.);
#6180=CARTESIAN_POINT('',(4.755E0,4.52E0,-9.45E-1));
#6181=DIRECTION('',(-1.E0,0.E0,0.E0));
#6182=DIRECTION('',(0.E0,0.E0,-1.E0));
#6183=AXIS2_PLACEMENT_3D('',#6180,#6181,#6182);
#6184=PLANE('',#6183);
#6186=ORIENTED_EDGE('',*,*,#6185,.T.);
#6187=ORIENTED_EDGE('',*,*,#6134,.F.);
#6188=ORIENTED_EDGE('',*,*,#6146,.F.);
#6189=ORIENTED_EDGE('',*,*,#6158,.F.);
#6190=ORIENTED_EDGE('',*,*,#4054,.F.);
#6191=ORIENTED_EDGE('',*,*,#6038,.T.);
#6193=ORIENTED_EDGE('',*,*,#6192,.T.);
#6195=ORIENTED_EDGE('',*,*,#6194,.T.);
#6196=EDGE_LOOP('',(#6186,#6187,#6188,#6189,#6190,#6191,#6193,#6195));
#6197=FACE_OUTER_BOUND('',#6196,.F.);
#6198=ADVANCED_FACE('',(#6197),#6184,.T.);
#6199=CARTESIAN_POINT('',(4.755E0,4.52E0,-9.45E-1));
#6200=DIRECTION('',(-1.E0,0.E0,0.E0));
#6201=DIRECTION('',(0.E0,0.E0,-1.E0));
#6202=AXIS2_PLACEMENT_3D('',#6199,#6200,#6201);
#6203=PLANE('',#6202);
#6205=ORIENTED_EDGE('',*,*,#6204,.T.);
#6206=ORIENTED_EDGE('',*,*,#6054,.T.);
#6207=ORIENTED_EDGE('',*,*,#4608,.T.);
#6208=ORIENTED_EDGE('',*,*,#6173,.F.);
#6209=EDGE_LOOP('',(#6205,#6206,#6207,#6208));
#6210=FACE_OUTER_BOUND('',#6209,.F.);
#6211=ADVANCED_FACE('',(#6210),#6203,.T.);
#6212=CARTESIAN_POINT('',(4.855E0,-7.628E0,7.525E0));
#6213=DIRECTION('',(-9.284766908853E-1,0.E0,3.713906763541E-1));
#6214=DIRECTION('',(0.E0,-1.E0,0.E0));
#6215=AXIS2_PLACEMENT_3D('',#6212,#6213,#6214);
#6216=PLANE('',#6215);
#6218=ORIENTED_EDGE('',*,*,#6217,.T.);
#6219=ORIENTED_EDGE('',*,*,#6117,.F.);
#6220=ORIENTED_EDGE('',*,*,#6185,.F.);
#6222=ORIENTED_EDGE('',*,*,#6221,.F.);
#6223=EDGE_LOOP('',(#6218,#6219,#6220,#6222));
#6224=FACE_OUTER_BOUND('',#6223,.F.);
#6225=ADVANCED_FACE('',(#6224),#6216,.T.);
#6226=CARTESIAN_POINT('',(5.08E0,-7.628E0,7.775E0));
#6227=DIRECTION('',(0.E0,0.E0,1.E0));
#6228=DIRECTION('',(0.E0,-1.E0,0.E0));
#6229=AXIS2_PLACEMENT_3D('',#6226,#6227,#6228);
#6230=PLANE('',#6229);
#6231=ORIENTED_EDGE('',*,*,#6103,.F.);
#6232=ORIENTED_EDGE('',*,*,#6119,.F.);
#6233=ORIENTED_EDGE('',*,*,#6217,.F.);
#6235=ORIENTED_EDGE('',*,*,#6234,.F.);
#6236=EDGE_LOOP('',(#6231,#6232,#6233,#6235));
#6237=FACE_OUTER_BOUND('',#6236,.F.);
#6238=ADVANCED_FACE('',(#6237),#6230,.T.);
#6239=CARTESIAN_POINT('',(5.08E0,-7.403E0,7.525E0));
#6240=DIRECTION('',(0.E0,9.284766908853E-1,3.713906763541E-1));
#6241=DIRECTION('',(-1.E0,0.E0,0.E0));
#6242=AXIS2_PLACEMENT_3D('',#6239,#6240,#6241);
#6243=PLANE('',#6242);
#6245=ORIENTED_EDGE('',*,*,#6244,.F.);
#6246=ORIENTED_EDGE('',*,*,#6105,.T.);
#6247=ORIENTED_EDGE('',*,*,#6234,.T.);
#6248=ORIENTED_EDGE('',*,*,#6221,.T.);
#6249=EDGE_LOOP('',(#6245,#6246,#6247,#6248));
#6250=FACE_OUTER_BOUND('',#6249,.F.);
#6251=ADVANCED_FACE('',(#6250),#6243,.T.);
#6252=CARTESIAN_POINT('',(5.405E0,-7.303E0,-7.62E-1));
#6253=DIRECTION('',(0.E0,1.E0,0.E0));
#6254=DIRECTION('',(-1.E0,0.E0,0.E0));
#6255=AXIS2_PLACEMENT_3D('',#6252,#6253,#6254);
#6256=PLANE('',#6255);
#6257=ORIENTED_EDGE('',*,*,#6244,.T.);
#6258=ORIENTED_EDGE('',*,*,#6194,.F.);
#6260=ORIENTED_EDGE('',*,*,#6259,.F.);
#6261=ORIENTED_EDGE('',*,*,#6066,.T.);
#6262=EDGE_LOOP('',(#6257,#6258,#6260,#6261));
#6263=FACE_OUTER_BOUND('',#6262,.F.);
#6264=ADVANCED_FACE('',(#6263),#6256,.T.);
#6265=CARTESIAN_POINT('',(6.08E0,-7.12E0,-7.62E-1));
#6266=DIRECTION('',(-1.E0,0.E0,0.E0));
#6267=DIRECTION('',(0.E0,0.E0,1.E0));
#6268=AXIS2_PLACEMENT_3D('',#6265,#6266,#6267);
#6269=CYLINDRICAL_SURFACE('',#6268,1.83E-1);
#6270=ORIENTED_EDGE('',*,*,#6036,.F.);
#6271=ORIENTED_EDGE('',*,*,#6068,.T.);
#6272=ORIENTED_EDGE('',*,*,#6259,.T.);
#6273=ORIENTED_EDGE('',*,*,#6192,.F.);
#6274=EDGE_LOOP('',(#6270,#6271,#6272,#6273));
#6275=FACE_OUTER_BOUND('',#6274,.F.);
#6276=ADVANCED_FACE('',(#6275),#6269,.F.);
#6277=CARTESIAN_POINT('',(4.855E0,4.27E0,-1.27E0));
#6278=DIRECTION('',(-9.284766908853E-1,3.713906763541E-1,0.E0));
#6279=DIRECTION('',(0.E0,0.E0,-1.E0));
#6280=AXIS2_PLACEMENT_3D('',#6277,#6278,#6279);
#6281=PLANE('',#6280);
#6282=ORIENTED_EDGE('',*,*,#6204,.F.);
#6284=ORIENTED_EDGE('',*,*,#6283,.F.);
#6286=ORIENTED_EDGE('',*,*,#6285,.T.);
#6288=ORIENTED_EDGE('',*,*,#6287,.T.);
#6289=EDGE_LOOP('',(#6282,#6284,#6286,#6288));
#6290=FACE_OUTER_BOUND('',#6289,.F.);
#6291=ADVANCED_FACE('',(#6290),#6281,.T.);
#6292=CARTESIAN_POINT('',(5.08E0,4.27E0,-1.495E0));
#6293=DIRECTION('',(0.E0,3.713906763541E-1,-9.284766908853E-1));
#6294=DIRECTION('',(-1.E0,0.E0,0.E0));
#6295=AXIS2_PLACEMENT_3D('',#6292,#6293,#6294);
#6296=PLANE('',#6295);
#6298=ORIENTED_EDGE('',*,*,#6297,.T.);
#6299=ORIENTED_EDGE('',*,*,#6283,.T.);
#6300=ORIENTED_EDGE('',*,*,#6171,.F.);
#6302=ORIENTED_EDGE('',*,*,#6301,.F.);
#6303=EDGE_LOOP('',(#6298,#6299,#6300,#6302));
#6304=FACE_OUTER_BOUND('',#6303,.F.);
#6305=ADVANCED_FACE('',(#6304),#6296,.T.);
#6306=CARTESIAN_POINT('',(5.08E0,4.52E0,-1.27E0));
#6307=DIRECTION('',(0.E0,-1.E0,0.E0));
#6308=DIRECTION('',(0.E0,0.E0,-1.E0));
#6309=AXIS2_PLACEMENT_3D('',#6306,#6307,#6308);
#6310=PLANE('',#6309);
#6312=ORIENTED_EDGE('',*,*,#6311,.F.);
#6313=ORIENTED_EDGE('',*,*,#6285,.F.);
#6314=ORIENTED_EDGE('',*,*,#6297,.F.);
#6316=ORIENTED_EDGE('',*,*,#6315,.F.);
#6317=EDGE_LOOP('',(#6312,#6313,#6314,#6316));
#6318=FACE_OUTER_BOUND('',#6317,.F.);
#6319=ADVANCED_FACE('',(#6318),#6310,.F.);
#6320=CARTESIAN_POINT('',(5.08E0,4.27E0,-1.045E0));
#6321=DIRECTION('',(0.E0,3.713906763541E-1,9.284766908853E-1));
#6322=DIRECTION('',(-1.E0,0.E0,0.E0));
#6323=AXIS2_PLACEMENT_3D('',#6320,#6321,#6322);
#6324=PLANE('',#6323);
#6325=ORIENTED_EDGE('',*,*,#6049,.F.);
#6326=ORIENTED_EDGE('',*,*,#6287,.F.);
#6327=ORIENTED_EDGE('',*,*,#6311,.T.);
#6329=ORIENTED_EDGE('',*,*,#6328,.T.);
#6330=EDGE_LOOP('',(#6325,#6326,#6327,#6329));
#6331=FACE_OUTER_BOUND('',#6330,.F.);
#6332=ADVANCED_FACE('',(#6331),#6324,.T.);
#6333=CARTESIAN_POINT('',(5.305E0,4.27E0,-1.27E0));
#6334=DIRECTION('',(9.284766908853E-1,3.713906763541E-1,0.E0));
#6335=DIRECTION('',(0.E0,0.E0,-1.E0));
#6336=AXIS2_PLACEMENT_3D('',#6333,#6334,#6335);
#6337=PLANE('',#6336);
#6338=ORIENTED_EDGE('',*,*,#6315,.T.);
#6339=ORIENTED_EDGE('',*,*,#6301,.T.);
#6340=ORIENTED_EDGE('',*,*,#6086,.F.);
#6341=ORIENTED_EDGE('',*,*,#6328,.F.);
#6342=EDGE_LOOP('',(#6338,#6339,#6340,#6341));
#6343=FACE_OUTER_BOUND('',#6342,.F.);
#6344=ADVANCED_FACE('',(#6343),#6337,.T.);
#6345=CARTESIAN_POINT('',(2.865E0,4.52E0,-9.45E-1));
#6346=DIRECTION('',(0.E0,0.E0,1.E0));
#6347=DIRECTION('',(-1.E0,0.E0,0.E0));
#6348=AXIS2_PLACEMENT_3D('',#6345,#6346,#6347);
#6349=PLANE('',#6348);
#6350=ORIENTED_EDGE('',*,*,#4062,.F.);
#6352=ORIENTED_EDGE('',*,*,#6351,.T.);
#6354=ORIENTED_EDGE('',*,*,#6353,.T.);
#6356=ORIENTED_EDGE('',*,*,#6355,.F.);
#6357=EDGE_LOOP('',(#6350,#6352,#6354,#6356));
#6358=FACE_OUTER_BOUND('',#6357,.F.);
#6359=ADVANCED_FACE('',(#6358),#6349,.T.);
#6360=CARTESIAN_POINT('',(2.865E0,4.52E0,-9.45E-1));
#6361=DIRECTION('',(0.E0,0.E0,1.E0));
#6362=DIRECTION('',(-1.E0,0.E0,0.E0));
#6363=AXIS2_PLACEMENT_3D('',#6360,#6361,#6362);
#6364=PLANE('',#6363);
#6366=ORIENTED_EDGE('',*,*,#6365,.T.);
#6368=ORIENTED_EDGE('',*,*,#6367,.T.);
#6369=ORIENTED_EDGE('',*,*,#4612,.T.);
#6371=ORIENTED_EDGE('',*,*,#6370,.F.);
#6372=EDGE_LOOP('',(#6366,#6368,#6369,#6371));
#6373=FACE_OUTER_BOUND('',#6372,.F.);
#6374=ADVANCED_FACE('',(#6373),#6364,.T.);
#6375=CARTESIAN_POINT('',(2.865E0,4.52E0,-1.595E0));
#6376=DIRECTION('',(1.E0,0.E0,0.E0));
#6377=DIRECTION('',(0.E0,0.E0,1.E0));
#6378=AXIS2_PLACEMENT_3D('',#6375,#6376,#6377);
#6379=PLANE('',#6378);
#6381=ORIENTED_EDGE('',*,*,#6380,.T.);
#6383=ORIENTED_EDGE('',*,*,#6382,.F.);
#6385=ORIENTED_EDGE('',*,*,#6384,.F.);
#6386=ORIENTED_EDGE('',*,*,#6351,.F.);
#6387=ORIENTED_EDGE('',*,*,#4068,.T.);
#6389=ORIENTED_EDGE('',*,*,#6388,.T.);
#6391=ORIENTED_EDGE('',*,*,#6390,.T.);
#6393=ORIENTED_EDGE('',*,*,#6392,.T.);
#6394=EDGE_LOOP('',(#6381,#6383,#6385,#6386,#6387,#6389,#6391,#6393));
#6395=FACE_OUTER_BOUND('',#6394,.F.);
#6396=ADVANCED_FACE('',(#6395),#6379,.T.);
#6397=CARTESIAN_POINT('',(2.865E0,4.52E0,-1.595E0));
#6398=DIRECTION('',(1.E0,0.E0,0.E0));
#6399=DIRECTION('',(0.E0,0.E0,1.E0));
#6400=AXIS2_PLACEMENT_3D('',#6397,#6398,#6399);
#6401=PLANE('',#6400);
#6403=ORIENTED_EDGE('',*,*,#6402,.T.);
#6405=ORIENTED_EDGE('',*,*,#6404,.T.);
#6406=ORIENTED_EDGE('',*,*,#4614,.F.);
#6407=ORIENTED_EDGE('',*,*,#6367,.F.);
#6408=EDGE_LOOP('',(#6403,#6405,#6406,#6407));
#6409=FACE_OUTER_BOUND('',#6408,.F.);
#6410=ADVANCED_FACE('',(#6409),#6401,.T.);
#6411=CARTESIAN_POINT('',(2.765E0,-7.628E0,7.525E0));
#6412=DIRECTION('',(9.284766908853E-1,0.E0,3.713906763541E-1));
#6413=DIRECTION('',(0.E0,-1.E0,0.E0));
#6414=AXIS2_PLACEMENT_3D('',#6411,#6412,#6413);
#6415=PLANE('',#6414);
#6416=ORIENTED_EDGE('',*,*,#6380,.F.);
#6418=ORIENTED_EDGE('',*,*,#6417,.F.);
#6420=ORIENTED_EDGE('',*,*,#6419,.T.);
#6422=ORIENTED_EDGE('',*,*,#6421,.F.);
#6423=EDGE_LOOP('',(#6416,#6418,#6420,#6422));
#6424=FACE_OUTER_BOUND('',#6423,.F.);
#6425=ADVANCED_FACE('',(#6424),#6415,.T.);
#6426=CARTESIAN_POINT('',(2.54E0,-7.853E0,7.525E0));
#6427=DIRECTION('',(0.E0,-9.284766908853E-1,3.713906763541E-1));
#6428=DIRECTION('',(-1.E0,0.E0,0.E0));
#6429=AXIS2_PLACEMENT_3D('',#6426,#6427,#6428);
#6430=PLANE('',#6429);
#6432=ORIENTED_EDGE('',*,*,#6431,.F.);
#6434=ORIENTED_EDGE('',*,*,#6433,.T.);
#6436=ORIENTED_EDGE('',*,*,#6435,.T.);
#6437=ORIENTED_EDGE('',*,*,#6417,.T.);
#6438=EDGE_LOOP('',(#6432,#6434,#6436,#6437));
#6439=FACE_OUTER_BOUND('',#6438,.F.);
#6440=ADVANCED_FACE('',(#6439),#6430,.T.);
#6441=CARTESIAN_POINT('',(2.215E0,-7.953E0,-7.62E-1));
#6442=DIRECTION('',(0.E0,-1.E0,0.E0));
#6443=DIRECTION('',(1.E0,0.E0,0.E0));
#6444=AXIS2_PLACEMENT_3D('',#6441,#6442,#6443);
#6445=PLANE('',#6444);
#6446=ORIENTED_EDGE('',*,*,#6431,.T.);
#6447=ORIENTED_EDGE('',*,*,#6392,.F.);
#6449=ORIENTED_EDGE('',*,*,#6448,.F.);
#6451=ORIENTED_EDGE('',*,*,#6450,.T.);
#6452=EDGE_LOOP('',(#6446,#6447,#6449,#6451));
#6453=FACE_OUTER_BOUND('',#6452,.F.);
#6454=ADVANCED_FACE('',(#6453),#6445,.T.);
#6455=CARTESIAN_POINT('',(3.54E0,-7.12E0,-7.62E-1));
#6456=DIRECTION('',(-1.E0,0.E0,0.E0));
#6457=DIRECTION('',(0.E0,0.E0,1.E0));
#6458=AXIS2_PLACEMENT_3D('',#6455,#6456,#6457);
#6459=CYLINDRICAL_SURFACE('',#6458,8.33E-1);
#6461=ORIENTED_EDGE('',*,*,#6460,.F.);
#6463=ORIENTED_EDGE('',*,*,#6462,.T.);
#6464=ORIENTED_EDGE('',*,*,#6448,.T.);
#6465=ORIENTED_EDGE('',*,*,#6390,.F.);
#6466=EDGE_LOOP('',(#6461,#6463,#6464,#6465));
#6467=FACE_OUTER_BOUND('',#6466,.F.);
#6468=ADVANCED_FACE('',(#6467),#6459,.T.);
#6469=CARTESIAN_POINT('',(2.215E0,4.52E0,-1.595E0));
#6470=DIRECTION('',(0.E0,0.E0,-1.E0));
#6471=DIRECTION('',(1.E0,0.E0,0.E0));
#6472=AXIS2_PLACEMENT_3D('',#6469,#6470,#6471);
#6473=PLANE('',#6472);
#6474=ORIENTED_EDGE('',*,*,#4066,.F.);
#6476=ORIENTED_EDGE('',*,*,#6475,.T.);
#6477=ORIENTED_EDGE('',*,*,#6460,.T.);
#6478=ORIENTED_EDGE('',*,*,#6388,.F.);
#6479=EDGE_LOOP('',(#6474,#6476,#6477,#6478));
#6480=FACE_OUTER_BOUND('',#6479,.F.);
#6481=ADVANCED_FACE('',(#6480),#6473,.T.);
#6482=CARTESIAN_POINT('',(2.215E0,4.52E0,-1.595E0));
#6483=DIRECTION('',(0.E0,0.E0,-1.E0));
#6484=DIRECTION('',(1.E0,0.E0,0.E0));
#6485=AXIS2_PLACEMENT_3D('',#6482,#6483,#6484);
#6486=PLANE('',#6485);
#6488=ORIENTED_EDGE('',*,*,#6487,.T.);
#6490=ORIENTED_EDGE('',*,*,#6489,.T.);
#6491=ORIENTED_EDGE('',*,*,#4616,.T.);
#6492=ORIENTED_EDGE('',*,*,#6404,.F.);
#6493=EDGE_LOOP('',(#6488,#6490,#6491,#6492));
#6494=FACE_OUTER_BOUND('',#6493,.F.);
#6495=ADVANCED_FACE('',(#6494),#6486,.T.);
#6496=CARTESIAN_POINT('',(2.215E0,4.52E0,-9.45E-1));
#6497=DIRECTION('',(-1.E0,0.E0,0.E0));
#6498=DIRECTION('',(0.E0,0.E0,-1.E0));
#6499=AXIS2_PLACEMENT_3D('',#6496,#6497,#6498);
#6500=PLANE('',#6499);
#6502=ORIENTED_EDGE('',*,*,#6501,.T.);
#6503=ORIENTED_EDGE('',*,*,#6450,.F.);
#6504=ORIENTED_EDGE('',*,*,#6462,.F.);
#6505=ORIENTED_EDGE('',*,*,#6475,.F.);
#6506=ORIENTED_EDGE('',*,*,#4064,.F.);
#6507=ORIENTED_EDGE('',*,*,#6355,.T.);
#6509=ORIENTED_EDGE('',*,*,#6508,.T.);
#6511=ORIENTED_EDGE('',*,*,#6510,.T.);
#6512=EDGE_LOOP('',(#6502,#6503,#6504,#6505,#6506,#6507,#6509,#6511));
#6513=FACE_OUTER_BOUND('',#6512,.F.);
#6514=ADVANCED_FACE('',(#6513),#6500,.T.);
#6515=CARTESIAN_POINT('',(2.215E0,4.52E0,-9.45E-1));
#6516=DIRECTION('',(-1.E0,0.E0,0.E0));
#6517=DIRECTION('',(0.E0,0.E0,-1.E0));
#6518=AXIS2_PLACEMENT_3D('',#6515,#6516,#6517);
#6519=PLANE('',#6518);
#6521=ORIENTED_EDGE('',*,*,#6520,.T.);
#6522=ORIENTED_EDGE('',*,*,#6370,.T.);
#6523=ORIENTED_EDGE('',*,*,#4618,.T.);
#6524=ORIENTED_EDGE('',*,*,#6489,.F.);
#6525=EDGE_LOOP('',(#6521,#6522,#6523,#6524));
#6526=FACE_OUTER_BOUND('',#6525,.F.);
#6527=ADVANCED_FACE('',(#6526),#6519,.T.);
#6528=CARTESIAN_POINT('',(2.315E0,-7.628E0,7.525E0));
#6529=DIRECTION('',(-9.284766908853E-1,0.E0,3.713906763541E-1));
#6530=DIRECTION('',(0.E0,-1.E0,0.E0));
#6531=AXIS2_PLACEMENT_3D('',#6528,#6529,#6530);
#6532=PLANE('',#6531);
#6534=ORIENTED_EDGE('',*,*,#6533,.T.);
#6535=ORIENTED_EDGE('',*,*,#6433,.F.);
#6536=ORIENTED_EDGE('',*,*,#6501,.F.);
#6538=ORIENTED_EDGE('',*,*,#6537,.F.);
#6539=EDGE_LOOP('',(#6534,#6535,#6536,#6538));
#6540=FACE_OUTER_BOUND('',#6539,.F.);
#6541=ADVANCED_FACE('',(#6540),#6532,.T.);
#6542=CARTESIAN_POINT('',(2.54E0,-7.628E0,7.775E0));
#6543=DIRECTION('',(0.E0,0.E0,1.E0));
#6544=DIRECTION('',(0.E0,-1.E0,0.E0));
#6545=AXIS2_PLACEMENT_3D('',#6542,#6543,#6544);
#6546=PLANE('',#6545);
#6547=ORIENTED_EDGE('',*,*,#6419,.F.);
#6548=ORIENTED_EDGE('',*,*,#6435,.F.);
#6549=ORIENTED_EDGE('',*,*,#6533,.F.);
#6551=ORIENTED_EDGE('',*,*,#6550,.F.);
#6552=EDGE_LOOP('',(#6547,#6548,#6549,#6551));
#6553=FACE_OUTER_BOUND('',#6552,.F.);
#6554=ADVANCED_FACE('',(#6553),#6546,.T.);
#6555=CARTESIAN_POINT('',(2.54E0,-7.403E0,7.525E0));
#6556=DIRECTION('',(0.E0,9.284766908853E-1,3.713906763541E-1));
#6557=DIRECTION('',(-1.E0,0.E0,0.E0));
#6558=AXIS2_PLACEMENT_3D('',#6555,#6556,#6557);
#6559=PLANE('',#6558);
#6561=ORIENTED_EDGE('',*,*,#6560,.F.);
#6562=ORIENTED_EDGE('',*,*,#6421,.T.);
#6563=ORIENTED_EDGE('',*,*,#6550,.T.);
#6564=ORIENTED_EDGE('',*,*,#6537,.T.);
#6565=EDGE_LOOP('',(#6561,#6562,#6563,#6564));
#6566=FACE_OUTER_BOUND('',#6565,.F.);
#6567=ADVANCED_FACE('',(#6566),#6559,.T.);
#6568=CARTESIAN_POINT('',(2.865E0,-7.303E0,-7.62E-1));
#6569=DIRECTION('',(0.E0,1.E0,0.E0));
#6570=DIRECTION('',(-1.E0,0.E0,0.E0));
#6571=AXIS2_PLACEMENT_3D('',#6568,#6569,#6570);
#6572=PLANE('',#6571);
#6573=ORIENTED_EDGE('',*,*,#6560,.T.);
#6574=ORIENTED_EDGE('',*,*,#6510,.F.);
#6576=ORIENTED_EDGE('',*,*,#6575,.F.);
#6577=ORIENTED_EDGE('',*,*,#6382,.T.);
#6578=EDGE_LOOP('',(#6573,#6574,#6576,#6577));
#6579=FACE_OUTER_BOUND('',#6578,.F.);
#6580=ADVANCED_FACE('',(#6579),#6572,.T.);
#6581=CARTESIAN_POINT('',(3.54E0,-7.12E0,-7.62E-1));
#6582=DIRECTION('',(-1.E0,0.E0,0.E0));
#6583=DIRECTION('',(0.E0,0.E0,1.E0));
#6584=AXIS2_PLACEMENT_3D('',#6581,#6582,#6583);
#6585=CYLINDRICAL_SURFACE('',#6584,1.83E-1);
#6586=ORIENTED_EDGE('',*,*,#6353,.F.);
#6587=ORIENTED_EDGE('',*,*,#6384,.T.);
#6588=ORIENTED_EDGE('',*,*,#6575,.T.);
#6589=ORIENTED_EDGE('',*,*,#6508,.F.);
#6590=EDGE_LOOP('',(#6586,#6587,#6588,#6589));
#6591=FACE_OUTER_BOUND('',#6590,.F.);
#6592=ADVANCED_FACE('',(#6591),#6585,.F.);
#6593=CARTESIAN_POINT('',(2.315E0,4.27E0,-1.27E0));
#6594=DIRECTION('',(-9.284766908853E-1,3.713906763541E-1,0.E0));
#6595=DIRECTION('',(0.E0,0.E0,-1.E0));
#6596=AXIS2_PLACEMENT_3D('',#6593,#6594,#6595);
#6597=PLANE('',#6596);
#6598=ORIENTED_EDGE('',*,*,#6520,.F.);
#6600=ORIENTED_EDGE('',*,*,#6599,.F.);
#6602=ORIENTED_EDGE('',*,*,#6601,.T.);
#6604=ORIENTED_EDGE('',*,*,#6603,.T.);
#6605=EDGE_LOOP('',(#6598,#6600,#6602,#6604));
#6606=FACE_OUTER_BOUND('',#6605,.F.);
#6607=ADVANCED_FACE('',(#6606),#6597,.T.);
#6608=CARTESIAN_POINT('',(2.54E0,4.27E0,-1.495E0));
#6609=DIRECTION('',(0.E0,3.713906763541E-1,-9.284766908853E-1));
#6610=DIRECTION('',(-1.E0,0.E0,0.E0));
#6611=AXIS2_PLACEMENT_3D('',#6608,#6609,#6610);
#6612=PLANE('',#6611);
#6614=ORIENTED_EDGE('',*,*,#6613,.T.);
#6615=ORIENTED_EDGE('',*,*,#6599,.T.);
#6616=ORIENTED_EDGE('',*,*,#6487,.F.);
#6618=ORIENTED_EDGE('',*,*,#6617,.F.);
#6619=EDGE_LOOP('',(#6614,#6615,#6616,#6618));
#6620=FACE_OUTER_BOUND('',#6619,.F.);
#6621=ADVANCED_FACE('',(#6620),#6612,.T.);
#6622=CARTESIAN_POINT('',(2.54E0,4.52E0,-1.27E0));
#6623=DIRECTION('',(0.E0,-1.E0,0.E0));
#6624=DIRECTION('',(0.E0,0.E0,-1.E0));
#6625=AXIS2_PLACEMENT_3D('',#6622,#6623,#6624);
#6626=PLANE('',#6625);
#6628=ORIENTED_EDGE('',*,*,#6627,.F.);
#6629=ORIENTED_EDGE('',*,*,#6601,.F.);
#6630=ORIENTED_EDGE('',*,*,#6613,.F.);
#6632=ORIENTED_EDGE('',*,*,#6631,.F.);
#6633=EDGE_LOOP('',(#6628,#6629,#6630,#6632));
#6634=FACE_OUTER_BOUND('',#6633,.F.);
#6635=ADVANCED_FACE('',(#6634),#6626,.F.);
#6636=CARTESIAN_POINT('',(2.54E0,4.27E0,-1.045E0));
#6637=DIRECTION('',(0.E0,3.713906763541E-1,9.284766908853E-1));
#6638=DIRECTION('',(-1.E0,0.E0,0.E0));
#6639=AXIS2_PLACEMENT_3D('',#6636,#6637,#6638);
#6640=PLANE('',#6639);
#6641=ORIENTED_EDGE('',*,*,#6365,.F.);
#6642=ORIENTED_EDGE('',*,*,#6603,.F.);
#6643=ORIENTED_EDGE('',*,*,#6627,.T.);
#6645=ORIENTED_EDGE('',*,*,#6644,.T.);
#6646=EDGE_LOOP('',(#6641,#6642,#6643,#6645));
#6647=FACE_OUTER_BOUND('',#6646,.F.);
#6648=ADVANCED_FACE('',(#6647),#6640,.T.);
#6649=CARTESIAN_POINT('',(2.765E0,4.27E0,-1.27E0));
#6650=DIRECTION('',(9.284766908853E-1,3.713906763541E-1,0.E0));
#6651=DIRECTION('',(0.E0,0.E0,-1.E0));
#6652=AXIS2_PLACEMENT_3D('',#6649,#6650,#6651);
#6653=PLANE('',#6652);
#6654=ORIENTED_EDGE('',*,*,#6631,.T.);
#6655=ORIENTED_EDGE('',*,*,#6617,.T.);
#6656=ORIENTED_EDGE('',*,*,#6402,.F.);
#6657=ORIENTED_EDGE('',*,*,#6644,.F.);
#6658=EDGE_LOOP('',(#6654,#6655,#6656,#6657));
#6659=FACE_OUTER_BOUND('',#6658,.F.);
#6660=ADVANCED_FACE('',(#6659),#6653,.T.);
#6661=CARTESIAN_POINT('',(3.25E-1,4.52E0,-9.45E-1));
#6662=DIRECTION('',(0.E0,0.E0,1.E0));
#6663=DIRECTION('',(-1.E0,0.E0,0.E0));
#6664=AXIS2_PLACEMENT_3D('',#6661,#6662,#6663);
#6665=PLANE('',#6664);
#6666=ORIENTED_EDGE('',*,*,#4072,.F.);
#6668=ORIENTED_EDGE('',*,*,#6667,.T.);
#6670=ORIENTED_EDGE('',*,*,#6669,.T.);
#6672=ORIENTED_EDGE('',*,*,#6671,.F.);
#6673=EDGE_LOOP('',(#6666,#6668,#6670,#6672));
#6674=FACE_OUTER_BOUND('',#6673,.F.);
#6675=ADVANCED_FACE('',(#6674),#6665,.T.);
#6676=CARTESIAN_POINT('',(3.25E-1,4.52E0,-9.45E-1));
#6677=DIRECTION('',(0.E0,0.E0,1.E0));
#6678=DIRECTION('',(-1.E0,0.E0,0.E0));
#6679=AXIS2_PLACEMENT_3D('',#6676,#6677,#6678);
#6680=PLANE('',#6679);
#6682=ORIENTED_EDGE('',*,*,#6681,.T.);
#6684=ORIENTED_EDGE('',*,*,#6683,.T.);
#6685=ORIENTED_EDGE('',*,*,#4622,.T.);
#6687=ORIENTED_EDGE('',*,*,#6686,.F.);
#6688=EDGE_LOOP('',(#6682,#6684,#6685,#6687));
#6689=FACE_OUTER_BOUND('',#6688,.F.);
#6690=ADVANCED_FACE('',(#6689),#6680,.T.);
#6691=CARTESIAN_POINT('',(3.25E-1,4.52E0,-1.595E0));
#6692=DIRECTION('',(1.E0,0.E0,0.E0));
#6693=DIRECTION('',(0.E0,0.E0,1.E0));
#6694=AXIS2_PLACEMENT_3D('',#6691,#6692,#6693);
#6695=PLANE('',#6694);
#6697=ORIENTED_EDGE('',*,*,#6696,.T.);
#6699=ORIENTED_EDGE('',*,*,#6698,.F.);
#6701=ORIENTED_EDGE('',*,*,#6700,.F.);
#6702=ORIENTED_EDGE('',*,*,#6667,.F.);
#6703=ORIENTED_EDGE('',*,*,#4078,.T.);
#6705=ORIENTED_EDGE('',*,*,#6704,.T.);
#6707=ORIENTED_EDGE('',*,*,#6706,.T.);
#6709=ORIENTED_EDGE('',*,*,#6708,.T.);
#6710=EDGE_LOOP('',(#6697,#6699,#6701,#6702,#6703,#6705,#6707,#6709));
#6711=FACE_OUTER_BOUND('',#6710,.F.);
#6712=ADVANCED_FACE('',(#6711),#6695,.T.);
#6713=CARTESIAN_POINT('',(3.25E-1,4.52E0,-1.595E0));
#6714=DIRECTION('',(1.E0,0.E0,0.E0));
#6715=DIRECTION('',(0.E0,0.E0,1.E0));
#6716=AXIS2_PLACEMENT_3D('',#6713,#6714,#6715);
#6717=PLANE('',#6716);
#6719=ORIENTED_EDGE('',*,*,#6718,.T.);
#6721=ORIENTED_EDGE('',*,*,#6720,.T.);
#6722=ORIENTED_EDGE('',*,*,#4624,.F.);
#6723=ORIENTED_EDGE('',*,*,#6683,.F.);
#6724=EDGE_LOOP('',(#6719,#6721,#6722,#6723));
#6725=FACE_OUTER_BOUND('',#6724,.F.);
#6726=ADVANCED_FACE('',(#6725),#6717,.T.);
#6727=CARTESIAN_POINT('',(2.25E-1,-7.628E0,7.525E0));
#6728=DIRECTION('',(9.284766908853E-1,0.E0,3.713906763541E-1));
#6729=DIRECTION('',(0.E0,-1.E0,0.E0));
#6730=AXIS2_PLACEMENT_3D('',#6727,#6728,#6729);
#6731=PLANE('',#6730);
#6732=ORIENTED_EDGE('',*,*,#6696,.F.);
#6734=ORIENTED_EDGE('',*,*,#6733,.F.);
#6736=ORIENTED_EDGE('',*,*,#6735,.T.);
#6738=ORIENTED_EDGE('',*,*,#6737,.F.);
#6739=EDGE_LOOP('',(#6732,#6734,#6736,#6738));
#6740=FACE_OUTER_BOUND('',#6739,.F.);
#6741=ADVANCED_FACE('',(#6740),#6731,.T.);
#6742=CARTESIAN_POINT('',(0.E0,-7.853E0,7.525E0));
#6743=DIRECTION('',(0.E0,-9.284766908853E-1,3.713906763541E-1));
#6744=DIRECTION('',(-1.E0,0.E0,0.E0));
#6745=AXIS2_PLACEMENT_3D('',#6742,#6743,#6744);
#6746=PLANE('',#6745);
#6748=ORIENTED_EDGE('',*,*,#6747,.F.);
#6750=ORIENTED_EDGE('',*,*,#6749,.T.);
#6752=ORIENTED_EDGE('',*,*,#6751,.T.);
#6753=ORIENTED_EDGE('',*,*,#6733,.T.);
#6754=EDGE_LOOP('',(#6748,#6750,#6752,#6753));
#6755=FACE_OUTER_BOUND('',#6754,.F.);
#6756=ADVANCED_FACE('',(#6755),#6746,.T.);
#6757=CARTESIAN_POINT('',(-3.25E-1,-7.953E0,-7.62E-1));
#6758=DIRECTION('',(0.E0,-1.E0,0.E0));
#6759=DIRECTION('',(1.E0,0.E0,0.E0));
#6760=AXIS2_PLACEMENT_3D('',#6757,#6758,#6759);
#6761=PLANE('',#6760);
#6762=ORIENTED_EDGE('',*,*,#6747,.T.);
#6763=ORIENTED_EDGE('',*,*,#6708,.F.);
#6765=ORIENTED_EDGE('',*,*,#6764,.F.);
#6767=ORIENTED_EDGE('',*,*,#6766,.T.);
#6768=EDGE_LOOP('',(#6762,#6763,#6765,#6767));
#6769=FACE_OUTER_BOUND('',#6768,.F.);
#6770=ADVANCED_FACE('',(#6769),#6761,.T.);
#6771=CARTESIAN_POINT('',(1.E0,-7.12E0,-7.62E-1));
#6772=DIRECTION('',(-1.E0,0.E0,0.E0));
#6773=DIRECTION('',(0.E0,0.E0,1.E0));
#6774=AXIS2_PLACEMENT_3D('',#6771,#6772,#6773);
#6775=CYLINDRICAL_SURFACE('',#6774,8.33E-1);
#6777=ORIENTED_EDGE('',*,*,#6776,.F.);
#6779=ORIENTED_EDGE('',*,*,#6778,.T.);
#6780=ORIENTED_EDGE('',*,*,#6764,.T.);
#6781=ORIENTED_EDGE('',*,*,#6706,.F.);
#6782=EDGE_LOOP('',(#6777,#6779,#6780,#6781));
#6783=FACE_OUTER_BOUND('',#6782,.F.);
#6784=ADVANCED_FACE('',(#6783),#6775,.T.);
#6785=CARTESIAN_POINT('',(-3.25E-1,4.52E0,-1.595E0));
#6786=DIRECTION('',(0.E0,0.E0,-1.E0));
#6787=DIRECTION('',(1.E0,0.E0,0.E0));
#6788=AXIS2_PLACEMENT_3D('',#6785,#6786,#6787);
#6789=PLANE('',#6788);
#6790=ORIENTED_EDGE('',*,*,#4076,.F.);
#6792=ORIENTED_EDGE('',*,*,#6791,.T.);
#6793=ORIENTED_EDGE('',*,*,#6776,.T.);
#6794=ORIENTED_EDGE('',*,*,#6704,.F.);
#6795=EDGE_LOOP('',(#6790,#6792,#6793,#6794));
#6796=FACE_OUTER_BOUND('',#6795,.F.);
#6797=ADVANCED_FACE('',(#6796),#6789,.T.);
#6798=CARTESIAN_POINT('',(-3.25E-1,4.52E0,-1.595E0));
#6799=DIRECTION('',(0.E0,0.E0,-1.E0));
#6800=DIRECTION('',(1.E0,0.E0,0.E0));
#6801=AXIS2_PLACEMENT_3D('',#6798,#6799,#6800);
#6802=PLANE('',#6801);
#6804=ORIENTED_EDGE('',*,*,#6803,.T.);
#6806=ORIENTED_EDGE('',*,*,#6805,.T.);
#6807=ORIENTED_EDGE('',*,*,#4626,.T.);
#6808=ORIENTED_EDGE('',*,*,#6720,.F.);
#6809=EDGE_LOOP('',(#6804,#6806,#6807,#6808));
#6810=FACE_OUTER_BOUND('',#6809,.F.);
#6811=ADVANCED_FACE('',(#6810),#6802,.T.);
#6812=CARTESIAN_POINT('',(-3.25E-1,4.52E0,-9.45E-1));
#6813=DIRECTION('',(-1.E0,0.E0,0.E0));
#6814=DIRECTION('',(0.E0,0.E0,-1.E0));
#6815=AXIS2_PLACEMENT_3D('',#6812,#6813,#6814);
#6816=PLANE('',#6815);
#6818=ORIENTED_EDGE('',*,*,#6817,.T.);
#6819=ORIENTED_EDGE('',*,*,#6766,.F.);
#6820=ORIENTED_EDGE('',*,*,#6778,.F.);
#6821=ORIENTED_EDGE('',*,*,#6791,.F.);
#6822=ORIENTED_EDGE('',*,*,#4074,.F.);
#6823=ORIENTED_EDGE('',*,*,#6671,.T.);
#6825=ORIENTED_EDGE('',*,*,#6824,.T.);
#6827=ORIENTED_EDGE('',*,*,#6826,.T.);
#6828=EDGE_LOOP('',(#6818,#6819,#6820,#6821,#6822,#6823,#6825,#6827));
#6829=FACE_OUTER_BOUND('',#6828,.F.);
#6830=ADVANCED_FACE('',(#6829),#6816,.T.);
#6831=CARTESIAN_POINT('',(-3.25E-1,4.52E0,-9.45E-1));
#6832=DIRECTION('',(-1.E0,0.E0,0.E0));
#6833=DIRECTION('',(0.E0,0.E0,-1.E0));
#6834=AXIS2_PLACEMENT_3D('',#6831,#6832,#6833);
#6835=PLANE('',#6834);
#6837=ORIENTED_EDGE('',*,*,#6836,.T.);
#6838=ORIENTED_EDGE('',*,*,#6686,.T.);
#6839=ORIENTED_EDGE('',*,*,#4628,.T.);
#6840=ORIENTED_EDGE('',*,*,#6805,.F.);
#6841=EDGE_LOOP('',(#6837,#6838,#6839,#6840));
#6842=FACE_OUTER_BOUND('',#6841,.F.);
#6843=ADVANCED_FACE('',(#6842),#6835,.T.);
#6844=CARTESIAN_POINT('',(-2.25E-1,-7.628E0,7.525E0));
#6845=DIRECTION('',(-9.284766908853E-1,0.E0,3.713906763541E-1));
#6846=DIRECTION('',(0.E0,-1.E0,0.E0));
#6847=AXIS2_PLACEMENT_3D('',#6844,#6845,#6846);
#6848=PLANE('',#6847);
#6850=ORIENTED_EDGE('',*,*,#6849,.T.);
#6851=ORIENTED_EDGE('',*,*,#6749,.F.);
#6852=ORIENTED_EDGE('',*,*,#6817,.F.);
#6854=ORIENTED_EDGE('',*,*,#6853,.F.);
#6855=EDGE_LOOP('',(#6850,#6851,#6852,#6854));
#6856=FACE_OUTER_BOUND('',#6855,.F.);
#6857=ADVANCED_FACE('',(#6856),#6848,.T.);
#6858=CARTESIAN_POINT('',(0.E0,-7.628E0,7.775E0));
#6859=DIRECTION('',(0.E0,0.E0,1.E0));
#6860=DIRECTION('',(0.E0,-1.E0,0.E0));
#6861=AXIS2_PLACEMENT_3D('',#6858,#6859,#6860);
#6862=PLANE('',#6861);
#6863=ORIENTED_EDGE('',*,*,#6735,.F.);
#6864=ORIENTED_EDGE('',*,*,#6751,.F.);
#6865=ORIENTED_EDGE('',*,*,#6849,.F.);
#6867=ORIENTED_EDGE('',*,*,#6866,.F.);
#6868=EDGE_LOOP('',(#6863,#6864,#6865,#6867));
#6869=FACE_OUTER_BOUND('',#6868,.F.);
#6870=ADVANCED_FACE('',(#6869),#6862,.T.);
#6871=CARTESIAN_POINT('',(0.E0,-7.403E0,7.525E0));
#6872=DIRECTION('',(0.E0,9.284766908853E-1,3.713906763541E-1));
#6873=DIRECTION('',(-1.E0,0.E0,0.E0));
#6874=AXIS2_PLACEMENT_3D('',#6871,#6872,#6873);
#6875=PLANE('',#6874);
#6877=ORIENTED_EDGE('',*,*,#6876,.F.);
#6878=ORIENTED_EDGE('',*,*,#6737,.T.);
#6879=ORIENTED_EDGE('',*,*,#6866,.T.);
#6880=ORIENTED_EDGE('',*,*,#6853,.T.);
#6881=EDGE_LOOP('',(#6877,#6878,#6879,#6880));
#6882=FACE_OUTER_BOUND('',#6881,.F.);
#6883=ADVANCED_FACE('',(#6882),#6875,.T.);
#6884=CARTESIAN_POINT('',(3.25E-1,-7.303E0,-7.62E-1));
#6885=DIRECTION('',(0.E0,1.E0,0.E0));
#6886=DIRECTION('',(-1.E0,0.E0,0.E0));
#6887=AXIS2_PLACEMENT_3D('',#6884,#6885,#6886);
#6888=PLANE('',#6887);
#6889=ORIENTED_EDGE('',*,*,#6876,.T.);
#6890=ORIENTED_EDGE('',*,*,#6826,.F.);
#6892=ORIENTED_EDGE('',*,*,#6891,.F.);
#6893=ORIENTED_EDGE('',*,*,#6698,.T.);
#6894=EDGE_LOOP('',(#6889,#6890,#6892,#6893));
#6895=FACE_OUTER_BOUND('',#6894,.F.);
#6896=ADVANCED_FACE('',(#6895),#6888,.T.);
#6897=CARTESIAN_POINT('',(1.E0,-7.12E0,-7.62E-1));
#6898=DIRECTION('',(-1.E0,0.E0,0.E0));
#6899=DIRECTION('',(0.E0,0.E0,1.E0));
#6900=AXIS2_PLACEMENT_3D('',#6897,#6898,#6899);
#6901=CYLINDRICAL_SURFACE('',#6900,1.83E-1);
#6902=ORIENTED_EDGE('',*,*,#6669,.F.);
#6903=ORIENTED_EDGE('',*,*,#6700,.T.);
#6904=ORIENTED_EDGE('',*,*,#6891,.T.);
#6905=ORIENTED_EDGE('',*,*,#6824,.F.);
#6906=EDGE_LOOP('',(#6902,#6903,#6904,#6905));
#6907=FACE_OUTER_BOUND('',#6906,.F.);
#6908=ADVANCED_FACE('',(#6907),#6901,.F.);
#6909=CARTESIAN_POINT('',(-2.25E-1,4.27E0,-1.27E0));
#6910=DIRECTION('',(-9.284766908853E-1,3.713906763541E-1,0.E0));
#6911=DIRECTION('',(0.E0,0.E0,-1.E0));
#6912=AXIS2_PLACEMENT_3D('',#6909,#6910,#6911);
#6913=PLANE('',#6912);
#6914=ORIENTED_EDGE('',*,*,#6836,.F.);
#6916=ORIENTED_EDGE('',*,*,#6915,.F.);
#6918=ORIENTED_EDGE('',*,*,#6917,.T.);
#6920=ORIENTED_EDGE('',*,*,#6919,.T.);
#6921=EDGE_LOOP('',(#6914,#6916,#6918,#6920));
#6922=FACE_OUTER_BOUND('',#6921,.F.);
#6923=ADVANCED_FACE('',(#6922),#6913,.T.);
#6924=CARTESIAN_POINT('',(0.E0,4.27E0,-1.495E0));
#6925=DIRECTION('',(0.E0,3.713906763541E-1,-9.284766908853E-1));
#6926=DIRECTION('',(-1.E0,0.E0,0.E0));
#6927=AXIS2_PLACEMENT_3D('',#6924,#6925,#6926);
#6928=PLANE('',#6927);
#6930=ORIENTED_EDGE('',*,*,#6929,.T.);
#6931=ORIENTED_EDGE('',*,*,#6915,.T.);
#6932=ORIENTED_EDGE('',*,*,#6803,.F.);
#6934=ORIENTED_EDGE('',*,*,#6933,.F.);
#6935=EDGE_LOOP('',(#6930,#6931,#6932,#6934));
#6936=FACE_OUTER_BOUND('',#6935,.F.);
#6937=ADVANCED_FACE('',(#6936),#6928,.T.);
#6938=CARTESIAN_POINT('',(0.E0,4.52E0,-1.27E0));
#6939=DIRECTION('',(0.E0,-1.E0,0.E0));
#6940=DIRECTION('',(0.E0,0.E0,-1.E0));
#6941=AXIS2_PLACEMENT_3D('',#6938,#6939,#6940);
#6942=PLANE('',#6941);
#6944=ORIENTED_EDGE('',*,*,#6943,.F.);
#6945=ORIENTED_EDGE('',*,*,#6917,.F.);
#6946=ORIENTED_EDGE('',*,*,#6929,.F.);
#6948=ORIENTED_EDGE('',*,*,#6947,.F.);
#6949=EDGE_LOOP('',(#6944,#6945,#6946,#6948));
#6950=FACE_OUTER_BOUND('',#6949,.F.);
#6951=ADVANCED_FACE('',(#6950),#6942,.F.);
#6952=CARTESIAN_POINT('',(0.E0,4.27E0,-1.045E0));
#6953=DIRECTION('',(0.E0,3.713906763541E-1,9.284766908853E-1));
#6954=DIRECTION('',(-1.E0,0.E0,0.E0));
#6955=AXIS2_PLACEMENT_3D('',#6952,#6953,#6954);
#6956=PLANE('',#6955);
#6957=ORIENTED_EDGE('',*,*,#6681,.F.);
#6958=ORIENTED_EDGE('',*,*,#6919,.F.);
#6959=ORIENTED_EDGE('',*,*,#6943,.T.);
#6961=ORIENTED_EDGE('',*,*,#6960,.T.);
#6962=EDGE_LOOP('',(#6957,#6958,#6959,#6961));
#6963=FACE_OUTER_BOUND('',#6962,.F.);
#6964=ADVANCED_FACE('',(#6963),#6956,.T.);
#6965=CARTESIAN_POINT('',(2.25E-1,4.27E0,-1.27E0));
#6966=DIRECTION('',(9.284766908853E-1,3.713906763541E-1,0.E0));
#6967=DIRECTION('',(0.E0,0.E0,-1.E0));
#6968=AXIS2_PLACEMENT_3D('',#6965,#6966,#6967);
#6969=PLANE('',#6968);
#6970=ORIENTED_EDGE('',*,*,#6947,.T.);
#6971=ORIENTED_EDGE('',*,*,#6933,.T.);
#6972=ORIENTED_EDGE('',*,*,#6718,.F.);
#6973=ORIENTED_EDGE('',*,*,#6960,.F.);
#6974=EDGE_LOOP('',(#6970,#6971,#6972,#6973));
#6975=FACE_OUTER_BOUND('',#6974,.F.);
#6976=ADVANCED_FACE('',(#6975),#6969,.T.);
#6977=CARTESIAN_POINT('',(-2.215E0,4.52E0,-9.45E-1));
#6978=DIRECTION('',(0.E0,0.E0,1.E0));
#6979=DIRECTION('',(-1.E0,0.E0,0.E0));
#6980=AXIS2_PLACEMENT_3D('',#6977,#6978,#6979);
#6981=PLANE('',#6980);
#6982=ORIENTED_EDGE('',*,*,#4082,.F.);
#6984=ORIENTED_EDGE('',*,*,#6983,.T.);
#6986=ORIENTED_EDGE('',*,*,#6985,.T.);
#6988=ORIENTED_EDGE('',*,*,#6987,.F.);
#6989=EDGE_LOOP('',(#6982,#6984,#6986,#6988));
#6990=FACE_OUTER_BOUND('',#6989,.F.);
#6991=ADVANCED_FACE('',(#6990),#6981,.T.);
#6992=CARTESIAN_POINT('',(-2.215E0,4.52E0,-9.45E-1));
#6993=DIRECTION('',(0.E0,0.E0,1.E0));
#6994=DIRECTION('',(-1.E0,0.E0,0.E0));
#6995=AXIS2_PLACEMENT_3D('',#6992,#6993,#6994);
#6996=PLANE('',#6995);
#6998=ORIENTED_EDGE('',*,*,#6997,.T.);
#7000=ORIENTED_EDGE('',*,*,#6999,.T.);
#7001=ORIENTED_EDGE('',*,*,#4632,.T.);
#7003=ORIENTED_EDGE('',*,*,#7002,.F.);
#7004=EDGE_LOOP('',(#6998,#7000,#7001,#7003));
#7005=FACE_OUTER_BOUND('',#7004,.F.);
#7006=ADVANCED_FACE('',(#7005),#6996,.T.);
#7007=CARTESIAN_POINT('',(-2.215E0,4.52E0,-1.595E0));
#7008=DIRECTION('',(1.E0,0.E0,0.E0));
#7009=DIRECTION('',(0.E0,0.E0,1.E0));
#7010=AXIS2_PLACEMENT_3D('',#7007,#7008,#7009);
#7011=PLANE('',#7010);
#7013=ORIENTED_EDGE('',*,*,#7012,.T.);
#7015=ORIENTED_EDGE('',*,*,#7014,.F.);
#7017=ORIENTED_EDGE('',*,*,#7016,.F.);
#7018=ORIENTED_EDGE('',*,*,#6983,.F.);
#7019=ORIENTED_EDGE('',*,*,#4088,.T.);
#7021=ORIENTED_EDGE('',*,*,#7020,.T.);
#7023=ORIENTED_EDGE('',*,*,#7022,.T.);
#7025=ORIENTED_EDGE('',*,*,#7024,.T.);
#7026=EDGE_LOOP('',(#7013,#7015,#7017,#7018,#7019,#7021,#7023,#7025));
#7027=FACE_OUTER_BOUND('',#7026,.F.);
#7028=ADVANCED_FACE('',(#7027),#7011,.T.);
#7029=CARTESIAN_POINT('',(-2.215E0,4.52E0,-1.595E0));
#7030=DIRECTION('',(1.E0,0.E0,0.E0));
#7031=DIRECTION('',(0.E0,0.E0,1.E0));
#7032=AXIS2_PLACEMENT_3D('',#7029,#7030,#7031);
#7033=PLANE('',#7032);
#7035=ORIENTED_EDGE('',*,*,#7034,.T.);
#7037=ORIENTED_EDGE('',*,*,#7036,.T.);
#7038=ORIENTED_EDGE('',*,*,#4634,.F.);
#7039=ORIENTED_EDGE('',*,*,#6999,.F.);
#7040=EDGE_LOOP('',(#7035,#7037,#7038,#7039));
#7041=FACE_OUTER_BOUND('',#7040,.F.);
#7042=ADVANCED_FACE('',(#7041),#7033,.T.);
#7043=CARTESIAN_POINT('',(-2.315E0,-7.628E0,7.525E0));
#7044=DIRECTION('',(9.284766908853E-1,0.E0,3.713906763541E-1));
#7045=DIRECTION('',(0.E0,-1.E0,0.E0));
#7046=AXIS2_PLACEMENT_3D('',#7043,#7044,#7045);
#7047=PLANE('',#7046);
#7048=ORIENTED_EDGE('',*,*,#7012,.F.);
#7050=ORIENTED_EDGE('',*,*,#7049,.F.);
#7052=ORIENTED_EDGE('',*,*,#7051,.T.);
#7054=ORIENTED_EDGE('',*,*,#7053,.F.);
#7055=EDGE_LOOP('',(#7048,#7050,#7052,#7054));
#7056=FACE_OUTER_BOUND('',#7055,.F.);
#7057=ADVANCED_FACE('',(#7056),#7047,.T.);
#7058=CARTESIAN_POINT('',(-2.54E0,-7.853E0,7.525E0));
#7059=DIRECTION('',(0.E0,-9.284766908853E-1,3.713906763541E-1));
#7060=DIRECTION('',(-1.E0,0.E0,0.E0));
#7061=AXIS2_PLACEMENT_3D('',#7058,#7059,#7060);
#7062=PLANE('',#7061);
#7064=ORIENTED_EDGE('',*,*,#7063,.F.);
#7066=ORIENTED_EDGE('',*,*,#7065,.T.);
#7068=ORIENTED_EDGE('',*,*,#7067,.T.);
#7069=ORIENTED_EDGE('',*,*,#7049,.T.);
#7070=EDGE_LOOP('',(#7064,#7066,#7068,#7069));
#7071=FACE_OUTER_BOUND('',#7070,.F.);
#7072=ADVANCED_FACE('',(#7071),#7062,.T.);
#7073=CARTESIAN_POINT('',(-2.865E0,-7.953E0,-7.62E-1));
#7074=DIRECTION('',(0.E0,-1.E0,0.E0));
#7075=DIRECTION('',(1.E0,0.E0,0.E0));
#7076=AXIS2_PLACEMENT_3D('',#7073,#7074,#7075);
#7077=PLANE('',#7076);
#7078=ORIENTED_EDGE('',*,*,#7063,.T.);
#7079=ORIENTED_EDGE('',*,*,#7024,.F.);
#7081=ORIENTED_EDGE('',*,*,#7080,.F.);
#7083=ORIENTED_EDGE('',*,*,#7082,.T.);
#7084=EDGE_LOOP('',(#7078,#7079,#7081,#7083));
#7085=FACE_OUTER_BOUND('',#7084,.F.);
#7086=ADVANCED_FACE('',(#7085),#7077,.T.);
#7087=CARTESIAN_POINT('',(-1.54E0,-7.12E0,-7.62E-1));
#7088=DIRECTION('',(-1.E0,0.E0,0.E0));
#7089=DIRECTION('',(0.E0,0.E0,1.E0));
#7090=AXIS2_PLACEMENT_3D('',#7087,#7088,#7089);
#7091=CYLINDRICAL_SURFACE('',#7090,8.33E-1);
#7093=ORIENTED_EDGE('',*,*,#7092,.F.);
#7095=ORIENTED_EDGE('',*,*,#7094,.T.);
#7096=ORIENTED_EDGE('',*,*,#7080,.T.);
#7097=ORIENTED_EDGE('',*,*,#7022,.F.);
#7098=EDGE_LOOP('',(#7093,#7095,#7096,#7097));
#7099=FACE_OUTER_BOUND('',#7098,.F.);
#7100=ADVANCED_FACE('',(#7099),#7091,.T.);
#7101=CARTESIAN_POINT('',(-2.865E0,4.52E0,-1.595E0));
#7102=DIRECTION('',(0.E0,0.E0,-1.E0));
#7103=DIRECTION('',(1.E0,0.E0,0.E0));
#7104=AXIS2_PLACEMENT_3D('',#7101,#7102,#7103);
#7105=PLANE('',#7104);
#7106=ORIENTED_EDGE('',*,*,#4086,.F.);
#7108=ORIENTED_EDGE('',*,*,#7107,.T.);
#7109=ORIENTED_EDGE('',*,*,#7092,.T.);
#7110=ORIENTED_EDGE('',*,*,#7020,.F.);
#7111=EDGE_LOOP('',(#7106,#7108,#7109,#7110));
#7112=FACE_OUTER_BOUND('',#7111,.F.);
#7113=ADVANCED_FACE('',(#7112),#7105,.T.);
#7114=CARTESIAN_POINT('',(-2.865E0,4.52E0,-1.595E0));
#7115=DIRECTION('',(0.E0,0.E0,-1.E0));
#7116=DIRECTION('',(1.E0,0.E0,0.E0));
#7117=AXIS2_PLACEMENT_3D('',#7114,#7115,#7116);
#7118=PLANE('',#7117);
#7120=ORIENTED_EDGE('',*,*,#7119,.T.);
#7122=ORIENTED_EDGE('',*,*,#7121,.T.);
#7123=ORIENTED_EDGE('',*,*,#4636,.T.);
#7124=ORIENTED_EDGE('',*,*,#7036,.F.);
#7125=EDGE_LOOP('',(#7120,#7122,#7123,#7124));
#7126=FACE_OUTER_BOUND('',#7125,.F.);
#7127=ADVANCED_FACE('',(#7126),#7118,.T.);
#7128=CARTESIAN_POINT('',(-2.865E0,4.52E0,-9.45E-1));
#7129=DIRECTION('',(-1.E0,0.E0,0.E0));
#7130=DIRECTION('',(0.E0,0.E0,-1.E0));
#7131=AXIS2_PLACEMENT_3D('',#7128,#7129,#7130);
#7132=PLANE('',#7131);
#7134=ORIENTED_EDGE('',*,*,#7133,.T.);
#7135=ORIENTED_EDGE('',*,*,#7082,.F.);
#7136=ORIENTED_EDGE('',*,*,#7094,.F.);
#7137=ORIENTED_EDGE('',*,*,#7107,.F.);
#7138=ORIENTED_EDGE('',*,*,#4084,.F.);
#7139=ORIENTED_EDGE('',*,*,#6987,.T.);
#7141=ORIENTED_EDGE('',*,*,#7140,.T.);
#7143=ORIENTED_EDGE('',*,*,#7142,.T.);
#7144=EDGE_LOOP('',(#7134,#7135,#7136,#7137,#7138,#7139,#7141,#7143));
#7145=FACE_OUTER_BOUND('',#7144,.F.);
#7146=ADVANCED_FACE('',(#7145),#7132,.T.);
#7147=CARTESIAN_POINT('',(-2.865E0,4.52E0,-9.45E-1));
#7148=DIRECTION('',(-1.E0,0.E0,0.E0));
#7149=DIRECTION('',(0.E0,0.E0,-1.E0));
#7150=AXIS2_PLACEMENT_3D('',#7147,#7148,#7149);
#7151=PLANE('',#7150);
#7153=ORIENTED_EDGE('',*,*,#7152,.T.);
#7154=ORIENTED_EDGE('',*,*,#7002,.T.);
#7155=ORIENTED_EDGE('',*,*,#4638,.T.);
#7156=ORIENTED_EDGE('',*,*,#7121,.F.);
#7157=EDGE_LOOP('',(#7153,#7154,#7155,#7156));
#7158=FACE_OUTER_BOUND('',#7157,.F.);
#7159=ADVANCED_FACE('',(#7158),#7151,.T.);
#7160=CARTESIAN_POINT('',(-2.765E0,-7.628E0,7.525E0));
#7161=DIRECTION('',(-9.284766908853E-1,0.E0,3.713906763541E-1));
#7162=DIRECTION('',(0.E0,-1.E0,0.E0));
#7163=AXIS2_PLACEMENT_3D('',#7160,#7161,#7162);
#7164=PLANE('',#7163);
#7166=ORIENTED_EDGE('',*,*,#7165,.T.);
#7167=ORIENTED_EDGE('',*,*,#7065,.F.);
#7168=ORIENTED_EDGE('',*,*,#7133,.F.);
#7170=ORIENTED_EDGE('',*,*,#7169,.F.);
#7171=EDGE_LOOP('',(#7166,#7167,#7168,#7170));
#7172=FACE_OUTER_BOUND('',#7171,.F.);
#7173=ADVANCED_FACE('',(#7172),#7164,.T.);
#7174=CARTESIAN_POINT('',(-2.54E0,-7.628E0,7.775E0));
#7175=DIRECTION('',(0.E0,0.E0,1.E0));
#7176=DIRECTION('',(0.E0,-1.E0,0.E0));
#7177=AXIS2_PLACEMENT_3D('',#7174,#7175,#7176);
#7178=PLANE('',#7177);
#7179=ORIENTED_EDGE('',*,*,#7051,.F.);
#7180=ORIENTED_EDGE('',*,*,#7067,.F.);
#7181=ORIENTED_EDGE('',*,*,#7165,.F.);
#7183=ORIENTED_EDGE('',*,*,#7182,.F.);
#7184=EDGE_LOOP('',(#7179,#7180,#7181,#7183));
#7185=FACE_OUTER_BOUND('',#7184,.F.);
#7186=ADVANCED_FACE('',(#7185),#7178,.T.);
#7187=CARTESIAN_POINT('',(-2.54E0,-7.403E0,7.525E0));
#7188=DIRECTION('',(0.E0,9.284766908853E-1,3.713906763541E-1));
#7189=DIRECTION('',(-1.E0,0.E0,0.E0));
#7190=AXIS2_PLACEMENT_3D('',#7187,#7188,#7189);
#7191=PLANE('',#7190);
#7193=ORIENTED_EDGE('',*,*,#7192,.F.);
#7194=ORIENTED_EDGE('',*,*,#7053,.T.);
#7195=ORIENTED_EDGE('',*,*,#7182,.T.);
#7196=ORIENTED_EDGE('',*,*,#7169,.T.);
#7197=EDGE_LOOP('',(#7193,#7194,#7195,#7196));
#7198=FACE_OUTER_BOUND('',#7197,.F.);
#7199=ADVANCED_FACE('',(#7198),#7191,.T.);
#7200=CARTESIAN_POINT('',(-2.215E0,-7.303E0,-7.62E-1));
#7201=DIRECTION('',(0.E0,1.E0,0.E0));
#7202=DIRECTION('',(-1.E0,0.E0,0.E0));
#7203=AXIS2_PLACEMENT_3D('',#7200,#7201,#7202);
#7204=PLANE('',#7203);
#7205=ORIENTED_EDGE('',*,*,#7192,.T.);
#7206=ORIENTED_EDGE('',*,*,#7142,.F.);
#7208=ORIENTED_EDGE('',*,*,#7207,.F.);
#7209=ORIENTED_EDGE('',*,*,#7014,.T.);
#7210=EDGE_LOOP('',(#7205,#7206,#7208,#7209));
#7211=FACE_OUTER_BOUND('',#7210,.F.);
#7212=ADVANCED_FACE('',(#7211),#7204,.T.);
#7213=CARTESIAN_POINT('',(-1.54E0,-7.12E0,-7.62E-1));
#7214=DIRECTION('',(-1.E0,0.E0,0.E0));
#7215=DIRECTION('',(0.E0,0.E0,1.E0));
#7216=AXIS2_PLACEMENT_3D('',#7213,#7214,#7215);
#7217=CYLINDRICAL_SURFACE('',#7216,1.83E-1);
#7218=ORIENTED_EDGE('',*,*,#6985,.F.);
#7219=ORIENTED_EDGE('',*,*,#7016,.T.);
#7220=ORIENTED_EDGE('',*,*,#7207,.T.);
#7221=ORIENTED_EDGE('',*,*,#7140,.F.);
#7222=EDGE_LOOP('',(#7218,#7219,#7220,#7221));
#7223=FACE_OUTER_BOUND('',#7222,.F.);
#7224=ADVANCED_FACE('',(#7223),#7217,.F.);
#7225=CARTESIAN_POINT('',(-2.765E0,4.27E0,-1.27E0));
#7226=DIRECTION('',(-9.284766908853E-1,3.713906763541E-1,0.E0));
#7227=DIRECTION('',(0.E0,0.E0,-1.E0));
#7228=AXIS2_PLACEMENT_3D('',#7225,#7226,#7227);
#7229=PLANE('',#7228);
#7230=ORIENTED_EDGE('',*,*,#7152,.F.);
#7232=ORIENTED_EDGE('',*,*,#7231,.F.);
#7234=ORIENTED_EDGE('',*,*,#7233,.T.);
#7236=ORIENTED_EDGE('',*,*,#7235,.T.);
#7237=EDGE_LOOP('',(#7230,#7232,#7234,#7236));
#7238=FACE_OUTER_BOUND('',#7237,.F.);
#7239=ADVANCED_FACE('',(#7238),#7229,.T.);
#7240=CARTESIAN_POINT('',(-2.54E0,4.27E0,-1.495E0));
#7241=DIRECTION('',(0.E0,3.713906763541E-1,-9.284766908853E-1));
#7242=DIRECTION('',(-1.E0,0.E0,0.E0));
#7243=AXIS2_PLACEMENT_3D('',#7240,#7241,#7242);
#7244=PLANE('',#7243);
#7246=ORIENTED_EDGE('',*,*,#7245,.T.);
#7247=ORIENTED_EDGE('',*,*,#7231,.T.);
#7248=ORIENTED_EDGE('',*,*,#7119,.F.);
#7250=ORIENTED_EDGE('',*,*,#7249,.F.);
#7251=EDGE_LOOP('',(#7246,#7247,#7248,#7250));
#7252=FACE_OUTER_BOUND('',#7251,.F.);
#7253=ADVANCED_FACE('',(#7252),#7244,.T.);
#7254=CARTESIAN_POINT('',(-2.54E0,4.52E0,-1.27E0));
#7255=DIRECTION('',(0.E0,-1.E0,0.E0));
#7256=DIRECTION('',(0.E0,0.E0,-1.E0));
#7257=AXIS2_PLACEMENT_3D('',#7254,#7255,#7256);
#7258=PLANE('',#7257);
#7260=ORIENTED_EDGE('',*,*,#7259,.F.);
#7261=ORIENTED_EDGE('',*,*,#7233,.F.);
#7262=ORIENTED_EDGE('',*,*,#7245,.F.);
#7264=ORIENTED_EDGE('',*,*,#7263,.F.);
#7265=EDGE_LOOP('',(#7260,#7261,#7262,#7264));
#7266=FACE_OUTER_BOUND('',#7265,.F.);
#7267=ADVANCED_FACE('',(#7266),#7258,.F.);
#7268=CARTESIAN_POINT('',(-2.54E0,4.27E0,-1.045E0));
#7269=DIRECTION('',(0.E0,3.713906763541E-1,9.284766908853E-1));
#7270=DIRECTION('',(-1.E0,0.E0,0.E0));
#7271=AXIS2_PLACEMENT_3D('',#7268,#7269,#7270);
#7272=PLANE('',#7271);
#7273=ORIENTED_EDGE('',*,*,#6997,.F.);
#7274=ORIENTED_EDGE('',*,*,#7235,.F.);
#7275=ORIENTED_EDGE('',*,*,#7259,.T.);
#7277=ORIENTED_EDGE('',*,*,#7276,.T.);
#7278=EDGE_LOOP('',(#7273,#7274,#7275,#7277));
#7279=FACE_OUTER_BOUND('',#7278,.F.);
#7280=ADVANCED_FACE('',(#7279),#7272,.T.);
#7281=CARTESIAN_POINT('',(-2.315E0,4.27E0,-1.27E0));
#7282=DIRECTION('',(9.284766908853E-1,3.713906763541E-1,0.E0));
#7283=DIRECTION('',(0.E0,0.E0,-1.E0));
#7284=AXIS2_PLACEMENT_3D('',#7281,#7282,#7283);
#7285=PLANE('',#7284);
#7286=ORIENTED_EDGE('',*,*,#7263,.T.);
#7287=ORIENTED_EDGE('',*,*,#7249,.T.);
#7288=ORIENTED_EDGE('',*,*,#7034,.F.);
#7289=ORIENTED_EDGE('',*,*,#7276,.F.);
#7290=EDGE_LOOP('',(#7286,#7287,#7288,#7289));
#7291=FACE_OUTER_BOUND('',#7290,.F.);
#7292=ADVANCED_FACE('',(#7291),#7285,.T.);
#7293=CARTESIAN_POINT('',(-4.755E0,4.52E0,-9.45E-1));
#7294=DIRECTION('',(0.E0,0.E0,1.E0));
#7295=DIRECTION('',(-1.E0,0.E0,0.E0));
#7296=AXIS2_PLACEMENT_3D('',#7293,#7294,#7295);
#7297=PLANE('',#7296);
#7298=ORIENTED_EDGE('',*,*,#4092,.F.);
#7300=ORIENTED_EDGE('',*,*,#7299,.T.);
#7302=ORIENTED_EDGE('',*,*,#7301,.T.);
#7304=ORIENTED_EDGE('',*,*,#7303,.F.);
#7305=EDGE_LOOP('',(#7298,#7300,#7302,#7304));
#7306=FACE_OUTER_BOUND('',#7305,.F.);
#7307=ADVANCED_FACE('',(#7306),#7297,.T.);
#7308=CARTESIAN_POINT('',(-4.755E0,4.52E0,-9.45E-1));
#7309=DIRECTION('',(0.E0,0.E0,1.E0));
#7310=DIRECTION('',(-1.E0,0.E0,0.E0));
#7311=AXIS2_PLACEMENT_3D('',#7308,#7309,#7310);
#7312=PLANE('',#7311);
#7314=ORIENTED_EDGE('',*,*,#7313,.T.);
#7316=ORIENTED_EDGE('',*,*,#7315,.T.);
#7317=ORIENTED_EDGE('',*,*,#4642,.T.);
#7319=ORIENTED_EDGE('',*,*,#7318,.F.);
#7320=EDGE_LOOP('',(#7314,#7316,#7317,#7319));
#7321=FACE_OUTER_BOUND('',#7320,.F.);
#7322=ADVANCED_FACE('',(#7321),#7312,.T.);
#7323=CARTESIAN_POINT('',(-4.755E0,4.52E0,-1.595E0));
#7324=DIRECTION('',(1.E0,0.E0,0.E0));
#7325=DIRECTION('',(0.E0,0.E0,1.E0));
#7326=AXIS2_PLACEMENT_3D('',#7323,#7324,#7325);
#7327=PLANE('',#7326);
#7329=ORIENTED_EDGE('',*,*,#7328,.T.);
#7331=ORIENTED_EDGE('',*,*,#7330,.F.);
#7333=ORIENTED_EDGE('',*,*,#7332,.F.);
#7334=ORIENTED_EDGE('',*,*,#7299,.F.);
#7335=ORIENTED_EDGE('',*,*,#4098,.T.);
#7337=ORIENTED_EDGE('',*,*,#7336,.T.);
#7339=ORIENTED_EDGE('',*,*,#7338,.T.);
#7341=ORIENTED_EDGE('',*,*,#7340,.T.);
#7342=EDGE_LOOP('',(#7329,#7331,#7333,#7334,#7335,#7337,#7339,#7341));
#7343=FACE_OUTER_BOUND('',#7342,.F.);
#7344=ADVANCED_FACE('',(#7343),#7327,.T.);
#7345=CARTESIAN_POINT('',(-4.755E0,4.52E0,-1.595E0));
#7346=DIRECTION('',(1.E0,0.E0,0.E0));
#7347=DIRECTION('',(0.E0,0.E0,1.E0));
#7348=AXIS2_PLACEMENT_3D('',#7345,#7346,#7347);
#7349=PLANE('',#7348);
#7351=ORIENTED_EDGE('',*,*,#7350,.T.);
#7353=ORIENTED_EDGE('',*,*,#7352,.T.);
#7354=ORIENTED_EDGE('',*,*,#4644,.F.);
#7355=ORIENTED_EDGE('',*,*,#7315,.F.);
#7356=EDGE_LOOP('',(#7351,#7353,#7354,#7355));
#7357=FACE_OUTER_BOUND('',#7356,.F.);
#7358=ADVANCED_FACE('',(#7357),#7349,.T.);
#7359=CARTESIAN_POINT('',(-4.855E0,-7.628E0,7.525E0));
#7360=DIRECTION('',(9.284766908853E-1,0.E0,3.713906763541E-1));
#7361=DIRECTION('',(0.E0,-1.E0,0.E0));
#7362=AXIS2_PLACEMENT_3D('',#7359,#7360,#7361);
#7363=PLANE('',#7362);
#7364=ORIENTED_EDGE('',*,*,#7328,.F.);
#7366=ORIENTED_EDGE('',*,*,#7365,.F.);
#7368=ORIENTED_EDGE('',*,*,#7367,.T.);
#7370=ORIENTED_EDGE('',*,*,#7369,.F.);
#7371=EDGE_LOOP('',(#7364,#7366,#7368,#7370));
#7372=FACE_OUTER_BOUND('',#7371,.F.);
#7373=ADVANCED_FACE('',(#7372),#7363,.T.);
#7374=CARTESIAN_POINT('',(-5.08E0,-7.853E0,7.525E0));
#7375=DIRECTION('',(0.E0,-9.284766908853E-1,3.713906763541E-1));
#7376=DIRECTION('',(-1.E0,0.E0,0.E0));
#7377=AXIS2_PLACEMENT_3D('',#7374,#7375,#7376);
#7378=PLANE('',#7377);
#7380=ORIENTED_EDGE('',*,*,#7379,.F.);
#7382=ORIENTED_EDGE('',*,*,#7381,.T.);
#7384=ORIENTED_EDGE('',*,*,#7383,.T.);
#7385=ORIENTED_EDGE('',*,*,#7365,.T.);
#7386=EDGE_LOOP('',(#7380,#7382,#7384,#7385));
#7387=FACE_OUTER_BOUND('',#7386,.F.);
#7388=ADVANCED_FACE('',(#7387),#7378,.T.);
#7389=CARTESIAN_POINT('',(-5.405E0,-7.953E0,-7.62E-1));
#7390=DIRECTION('',(0.E0,-1.E0,0.E0));
#7391=DIRECTION('',(1.E0,0.E0,0.E0));
#7392=AXIS2_PLACEMENT_3D('',#7389,#7390,#7391);
#7393=PLANE('',#7392);
#7394=ORIENTED_EDGE('',*,*,#7379,.T.);
#7395=ORIENTED_EDGE('',*,*,#7340,.F.);
#7397=ORIENTED_EDGE('',*,*,#7396,.F.);
#7399=ORIENTED_EDGE('',*,*,#7398,.T.);
#7400=EDGE_LOOP('',(#7394,#7395,#7397,#7399));
#7401=FACE_OUTER_BOUND('',#7400,.F.);
#7402=ADVANCED_FACE('',(#7401),#7393,.T.);
#7403=CARTESIAN_POINT('',(-4.08E0,-7.12E0,-7.62E-1));
#7404=DIRECTION('',(-1.E0,0.E0,0.E0));
#7405=DIRECTION('',(0.E0,0.E0,1.E0));
#7406=AXIS2_PLACEMENT_3D('',#7403,#7404,#7405);
#7407=CYLINDRICAL_SURFACE('',#7406,8.33E-1);
#7409=ORIENTED_EDGE('',*,*,#7408,.F.);
#7411=ORIENTED_EDGE('',*,*,#7410,.T.);
#7412=ORIENTED_EDGE('',*,*,#7396,.T.);
#7413=ORIENTED_EDGE('',*,*,#7338,.F.);
#7414=EDGE_LOOP('',(#7409,#7411,#7412,#7413));
#7415=FACE_OUTER_BOUND('',#7414,.F.);
#7416=ADVANCED_FACE('',(#7415),#7407,.T.);
#7417=CARTESIAN_POINT('',(-5.405E0,4.52E0,-1.595E0));
#7418=DIRECTION('',(0.E0,0.E0,-1.E0));
#7419=DIRECTION('',(1.E0,0.E0,0.E0));
#7420=AXIS2_PLACEMENT_3D('',#7417,#7418,#7419);
#7421=PLANE('',#7420);
#7422=ORIENTED_EDGE('',*,*,#4096,.F.);
#7424=ORIENTED_EDGE('',*,*,#7423,.T.);
#7425=ORIENTED_EDGE('',*,*,#7408,.T.);
#7426=ORIENTED_EDGE('',*,*,#7336,.F.);
#7427=EDGE_LOOP('',(#7422,#7424,#7425,#7426));
#7428=FACE_OUTER_BOUND('',#7427,.F.);
#7429=ADVANCED_FACE('',(#7428),#7421,.T.);
#7430=CARTESIAN_POINT('',(-5.405E0,4.52E0,-1.595E0));
#7431=DIRECTION('',(0.E0,0.E0,-1.E0));
#7432=DIRECTION('',(1.E0,0.E0,0.E0));
#7433=AXIS2_PLACEMENT_3D('',#7430,#7431,#7432);
#7434=PLANE('',#7433);
#7436=ORIENTED_EDGE('',*,*,#7435,.T.);
#7438=ORIENTED_EDGE('',*,*,#7437,.T.);
#7439=ORIENTED_EDGE('',*,*,#4646,.T.);
#7440=ORIENTED_EDGE('',*,*,#7352,.F.);
#7441=EDGE_LOOP('',(#7436,#7438,#7439,#7440));
#7442=FACE_OUTER_BOUND('',#7441,.F.);
#7443=ADVANCED_FACE('',(#7442),#7434,.T.);
#7444=CARTESIAN_POINT('',(-5.405E0,4.52E0,-9.45E-1));
#7445=DIRECTION('',(-1.E0,0.E0,0.E0));
#7446=DIRECTION('',(0.E0,0.E0,-1.E0));
#7447=AXIS2_PLACEMENT_3D('',#7444,#7445,#7446);
#7448=PLANE('',#7447);
#7450=ORIENTED_EDGE('',*,*,#7449,.T.);
#7451=ORIENTED_EDGE('',*,*,#7398,.F.);
#7452=ORIENTED_EDGE('',*,*,#7410,.F.);
#7453=ORIENTED_EDGE('',*,*,#7423,.F.);
#7454=ORIENTED_EDGE('',*,*,#4094,.F.);
#7455=ORIENTED_EDGE('',*,*,#7303,.T.);
#7457=ORIENTED_EDGE('',*,*,#7456,.T.);
#7459=ORIENTED_EDGE('',*,*,#7458,.T.);
#7460=EDGE_LOOP('',(#7450,#7451,#7452,#7453,#7454,#7455,#7457,#7459));
#7461=FACE_OUTER_BOUND('',#7460,.F.);
#7462=ADVANCED_FACE('',(#7461),#7448,.T.);
#7463=CARTESIAN_POINT('',(-5.405E0,4.52E0,-9.45E-1));
#7464=DIRECTION('',(-1.E0,0.E0,0.E0));
#7465=DIRECTION('',(0.E0,0.E0,-1.E0));
#7466=AXIS2_PLACEMENT_3D('',#7463,#7464,#7465);
#7467=PLANE('',#7466);
#7469=ORIENTED_EDGE('',*,*,#7468,.T.);
#7470=ORIENTED_EDGE('',*,*,#7318,.T.);
#7471=ORIENTED_EDGE('',*,*,#4648,.T.);
#7472=ORIENTED_EDGE('',*,*,#7437,.F.);
#7473=EDGE_LOOP('',(#7469,#7470,#7471,#7472));
#7474=FACE_OUTER_BOUND('',#7473,.F.);
#7475=ADVANCED_FACE('',(#7474),#7467,.T.);
#7476=CARTESIAN_POINT('',(-5.305E0,-7.628E0,7.525E0));
#7477=DIRECTION('',(-9.284766908853E-1,0.E0,3.713906763541E-1));
#7478=DIRECTION('',(0.E0,-1.E0,0.E0));
#7479=AXIS2_PLACEMENT_3D('',#7476,#7477,#7478);
#7480=PLANE('',#7479);
#7482=ORIENTED_EDGE('',*,*,#7481,.T.);
#7483=ORIENTED_EDGE('',*,*,#7381,.F.);
#7484=ORIENTED_EDGE('',*,*,#7449,.F.);
#7486=ORIENTED_EDGE('',*,*,#7485,.F.);
#7487=EDGE_LOOP('',(#7482,#7483,#7484,#7486));
#7488=FACE_OUTER_BOUND('',#7487,.F.);
#7489=ADVANCED_FACE('',(#7488),#7480,.T.);
#7490=CARTESIAN_POINT('',(-5.08E0,-7.628E0,7.775E0));
#7491=DIRECTION('',(0.E0,0.E0,1.E0));
#7492=DIRECTION('',(0.E0,-1.E0,0.E0));
#7493=AXIS2_PLACEMENT_3D('',#7490,#7491,#7492);
#7494=PLANE('',#7493);
#7495=ORIENTED_EDGE('',*,*,#7367,.F.);
#7496=ORIENTED_EDGE('',*,*,#7383,.F.);
#7497=ORIENTED_EDGE('',*,*,#7481,.F.);
#7499=ORIENTED_EDGE('',*,*,#7498,.F.);
#7500=EDGE_LOOP('',(#7495,#7496,#7497,#7499));
#7501=FACE_OUTER_BOUND('',#7500,.F.);
#7502=ADVANCED_FACE('',(#7501),#7494,.T.);
#7503=CARTESIAN_POINT('',(-5.08E0,-7.403E0,7.525E0));
#7504=DIRECTION('',(0.E0,9.284766908853E-1,3.713906763541E-1));
#7505=DIRECTION('',(-1.E0,0.E0,0.E0));
#7506=AXIS2_PLACEMENT_3D('',#7503,#7504,#7505);
#7507=PLANE('',#7506);
#7509=ORIENTED_EDGE('',*,*,#7508,.F.);
#7510=ORIENTED_EDGE('',*,*,#7369,.T.);
#7511=ORIENTED_EDGE('',*,*,#7498,.T.);
#7512=ORIENTED_EDGE('',*,*,#7485,.T.);
#7513=EDGE_LOOP('',(#7509,#7510,#7511,#7512));
#7514=FACE_OUTER_BOUND('',#7513,.F.);
#7515=ADVANCED_FACE('',(#7514),#7507,.T.);
#7516=CARTESIAN_POINT('',(-4.755E0,-7.303E0,-7.62E-1));
#7517=DIRECTION('',(0.E0,1.E0,0.E0));
#7518=DIRECTION('',(-1.E0,0.E0,0.E0));
#7519=AXIS2_PLACEMENT_3D('',#7516,#7517,#7518);
#7520=PLANE('',#7519);
#7521=ORIENTED_EDGE('',*,*,#7508,.T.);
#7522=ORIENTED_EDGE('',*,*,#7458,.F.);
#7524=ORIENTED_EDGE('',*,*,#7523,.F.);
#7525=ORIENTED_EDGE('',*,*,#7330,.T.);
#7526=EDGE_LOOP('',(#7521,#7522,#7524,#7525));
#7527=FACE_OUTER_BOUND('',#7526,.F.);
#7528=ADVANCED_FACE('',(#7527),#7520,.T.);
#7529=CARTESIAN_POINT('',(-4.08E0,-7.12E0,-7.62E-1));
#7530=DIRECTION('',(-1.E0,0.E0,0.E0));
#7531=DIRECTION('',(0.E0,0.E0,1.E0));
#7532=AXIS2_PLACEMENT_3D('',#7529,#7530,#7531);
#7533=CYLINDRICAL_SURFACE('',#7532,1.83E-1);
#7534=ORIENTED_EDGE('',*,*,#7301,.F.);
#7535=ORIENTED_EDGE('',*,*,#7332,.T.);
#7536=ORIENTED_EDGE('',*,*,#7523,.T.);
#7537=ORIENTED_EDGE('',*,*,#7456,.F.);
#7538=EDGE_LOOP('',(#7534,#7535,#7536,#7537));
#7539=FACE_OUTER_BOUND('',#7538,.F.);
#7540=ADVANCED_FACE('',(#7539),#7533,.F.);
#7541=CARTESIAN_POINT('',(-5.305E0,4.27E0,-1.27E0));
#7542=DIRECTION('',(-9.284766908853E-1,3.713906763541E-1,0.E0));
#7543=DIRECTION('',(0.E0,0.E0,-1.E0));
#7544=AXIS2_PLACEMENT_3D('',#7541,#7542,#7543);
#7545=PLANE('',#7544);
#7546=ORIENTED_EDGE('',*,*,#7468,.F.);
#7548=ORIENTED_EDGE('',*,*,#7547,.F.);
#7550=ORIENTED_EDGE('',*,*,#7549,.T.);
#7552=ORIENTED_EDGE('',*,*,#7551,.T.);
#7553=EDGE_LOOP('',(#7546,#7548,#7550,#7552));
#7554=FACE_OUTER_BOUND('',#7553,.F.);
#7555=ADVANCED_FACE('',(#7554),#7545,.T.);
#7556=CARTESIAN_POINT('',(-5.08E0,4.27E0,-1.495E0));
#7557=DIRECTION('',(0.E0,3.713906763541E-1,-9.284766908853E-1));
#7558=DIRECTION('',(-1.E0,0.E0,0.E0));
#7559=AXIS2_PLACEMENT_3D('',#7556,#7557,#7558);
#7560=PLANE('',#7559);
#7562=ORIENTED_EDGE('',*,*,#7561,.T.);
#7563=ORIENTED_EDGE('',*,*,#7547,.T.);
#7564=ORIENTED_EDGE('',*,*,#7435,.F.);
#7566=ORIENTED_EDGE('',*,*,#7565,.F.);
#7567=EDGE_LOOP('',(#7562,#7563,#7564,#7566));
#7568=FACE_OUTER_BOUND('',#7567,.F.);
#7569=ADVANCED_FACE('',(#7568),#7560,.T.);
#7570=CARTESIAN_POINT('',(-5.08E0,4.52E0,-1.27E0));
#7571=DIRECTION('',(0.E0,-1.E0,0.E0));
#7572=DIRECTION('',(0.E0,0.E0,-1.E0));
#7573=AXIS2_PLACEMENT_3D('',#7570,#7571,#7572);
#7574=PLANE('',#7573);
#7576=ORIENTED_EDGE('',*,*,#7575,.F.);
#7577=ORIENTED_EDGE('',*,*,#7549,.F.);
#7578=ORIENTED_EDGE('',*,*,#7561,.F.);
#7580=ORIENTED_EDGE('',*,*,#7579,.F.);
#7581=EDGE_LOOP('',(#7576,#7577,#7578,#7580));
#7582=FACE_OUTER_BOUND('',#7581,.F.);
#7583=ADVANCED_FACE('',(#7582),#7574,.F.);
#7584=CARTESIAN_POINT('',(-5.08E0,4.27E0,-1.045E0));
#7585=DIRECTION('',(0.E0,3.713906763541E-1,9.284766908853E-1));
#7586=DIRECTION('',(-1.E0,0.E0,0.E0));
#7587=AXIS2_PLACEMENT_3D('',#7584,#7585,#7586);
#7588=PLANE('',#7587);
#7589=ORIENTED_EDGE('',*,*,#7313,.F.);
#7590=ORIENTED_EDGE('',*,*,#7551,.F.);
#7591=ORIENTED_EDGE('',*,*,#7575,.T.);
#7593=ORIENTED_EDGE('',*,*,#7592,.T.);
#7594=EDGE_LOOP('',(#7589,#7590,#7591,#7593));
#7595=FACE_OUTER_BOUND('',#7594,.F.);
#7596=ADVANCED_FACE('',(#7595),#7588,.T.);
#7597=CARTESIAN_POINT('',(-4.855E0,4.27E0,-1.27E0));
#7598=DIRECTION('',(9.284766908853E-1,3.713906763541E-1,0.E0));
#7599=DIRECTION('',(0.E0,0.E0,-1.E0));
#7600=AXIS2_PLACEMENT_3D('',#7597,#7598,#7599);
#7601=PLANE('',#7600);
#7602=ORIENTED_EDGE('',*,*,#7579,.T.);
#7603=ORIENTED_EDGE('',*,*,#7565,.T.);
#7604=ORIENTED_EDGE('',*,*,#7350,.F.);
#7605=ORIENTED_EDGE('',*,*,#7592,.F.);
#7606=EDGE_LOOP('',(#7602,#7603,#7604,#7605));
#7607=FACE_OUTER_BOUND('',#7606,.F.);
#7608=ADVANCED_FACE('',(#7607),#7601,.T.);
#7609=CARTESIAN_POINT('',(2.825E0,5.45E0,-4.875E0));
#7610=DIRECTION('',(-9.659258262891E-1,0.E0,2.588190451025E-1));
#7611=DIRECTION('',(2.588190451025E-1,0.E0,9.659258262891E-1));
#7612=AXIS2_PLACEMENT_3D('',#7609,#7610,#7611);
#7613=PLANE('',#7612);
#7614=ORIENTED_EDGE('',*,*,#3515,.T.);
#7615=ORIENTED_EDGE('',*,*,#3676,.F.);
#7616=ORIENTED_EDGE('',*,*,#3543,.F.);
#7617=ORIENTED_EDGE('',*,*,#3488,.F.);
#7618=EDGE_LOOP('',(#7614,#7615,#7616,#7617));
#7619=FACE_OUTER_BOUND('',#7618,.F.);
#7620=ADVANCED_FACE('',(#7619),#7613,.F.);
#7621=CLOSED_SHELL('',(#3496,#3519,#3533,#3597,#3612,#3626,#3640,#3661,#3695,
#3710,#3735,#3755,#3769,#3799,#3813,#3826,#3839,#3852,#3865,#3878,#3890,#3903,
#3926,#3946,#3961,#3976,#4102,#4115,#4127,#4147,#4161,#4174,#4188,#4201,#4219,
#4231,#4243,#4255,#4267,#4280,#4292,#4311,#4327,#4342,#4357,#4372,#4390,#4406,
#4420,#4432,#4444,#4457,#4470,#4482,#4497,#4512,#4526,#4539,#4652,#4674,#4689,
#4710,#4723,#4743,#4755,#4769,#4783,#4795,#4813,#4826,#4838,#4850,#4862,#4875,
#4888,#4900,#4915,#4930,#4945,#4964,#4977,#4992,#5007,#5022,#5040,#5054,#5068,
#5080,#5092,#5105,#5118,#5130,#5144,#5157,#5170,#5182,#5197,#5212,#5227,#5246,
#5259,#5274,#5289,#5304,#5322,#5336,#5350,#5362,#5374,#5387,#5400,#5412,#5426,
#5439,#5452,#5464,#5479,#5494,#5509,#5528,#5541,#5556,#5571,#5586,#5604,#5618,
#5632,#5644,#5656,#5669,#5682,#5694,#5708,#5721,#5734,#5746,#5761,#5776,#5791,
#5810,#5823,#5838,#5853,#5868,#5886,#5900,#5914,#5926,#5938,#5951,#5964,#5976,
#5990,#6003,#6016,#6028,#6043,#6058,#6080,#6094,#6109,#6124,#6138,#6152,#6165,
#6179,#6198,#6211,#6225,#6238,#6251,#6264,#6276,#6291,#6305,#6319,#6332,#6344,
#6359,#6374,#6396,#6410,#6425,#6440,#6454,#6468,#6481,#6495,#6514,#6527,#6541,
#6554,#6567,#6580,#6592,#6607,#6621,#6635,#6648,#6660,#6675,#6690,#6712,#6726,
#6741,#6756,#6770,#6784,#6797,#6811,#6830,#6843,#6857,#6870,#6883,#6896,#6908,
#6923,#6937,#6951,#6964,#6976,#6991,#7006,#7028,#7042,#7057,#7072,#7086,#7100,
#7113,#7127,#7146,#7159,#7173,#7186,#7199,#7212,#7224,#7239,#7253,#7267,#7280,
#7292,#7307,#7322,#7344,#7358,#7373,#7388,#7402,#7416,#7429,#7443,#7462,#7475,
#7489,#7502,#7515,#7528,#7540,#7555,#7569,#7583,#7596,#7608,#7620));
#7622=MANIFOLD_SOLID_BREP('',#7621);
#7624=DIMENSIONAL_EXPONENTS(0.E0,0.E0,0.E0,0.E0,0.E0,0.E0,0.E0);
#7626=PLANE_ANGLE_MEASURE_WITH_UNIT(PLANE_ANGLE_MEASURE(1.745329251994E-2),
#7625);
#7627=(CONVERSION_BASED_UNIT('DEGREE',#7626)NAMED_UNIT(*)PLANE_ANGLE_UNIT());
#7629=UNCERTAINTY_MEASURE_WITH_UNIT(LENGTH_MEASURE(2.387208904512E-3),#7623,
'closure',
'Maximum model space distance between geometric entities at asserted connectivities');
#7630=(GEOMETRIC_REPRESENTATION_CONTEXT(3)GLOBAL_UNCERTAINTY_ASSIGNED_CONTEXT((
#7629))GLOBAL_UNIT_ASSIGNED_CONTEXT((#7623,#7627,#7628))REPRESENTATION_CONTEXT(
'ID1','3'));
#7632=APPLICATION_CONTEXT(
'CONFIGURATION CONTROLLED 3D DESIGNS OF MECHANICAL PARTS AND ASSEMBLIES');
#7633=APPLICATION_PROTOCOL_DEFINITION('international standard',
'config_control_design',1994,#7632);
#7634=DESIGN_CONTEXT('',#7632,'design');
#7635=MECHANICAL_CONTEXT('',#7632,'mechanical');
#7636=PRODUCT('901303310','901303310','NOT SPECIFIED',(#7635));
#7637=PRODUCT_DEFINITION_FORMATION_WITH_SPECIFIED_SOURCE('1','LAST_VERSION',
#7636,.MADE.);
#7641=PRODUCT_CATEGORY('part','');
#7642=PRODUCT_RELATED_PRODUCT_CATEGORY('detail','',(#7636));
#7643=PRODUCT_CATEGORY_RELATIONSHIP('','',#7641,#7642);
#7644=SECURITY_CLASSIFICATION_LEVEL('unclassified');
#7645=SECURITY_CLASSIFICATION('','',#7644);
#7646=CC_DESIGN_SECURITY_CLASSIFICATION(#7645,(#7637));
#7647=APPROVAL_STATUS('approved');
#7648=APPROVAL(#7647,'');
#7649=CC_DESIGN_APPROVAL(#7648,(#7645,#7637,#7638));
#7650=CALENDAR_DATE(113,5,4);
#7651=COORDINATED_UNIVERSAL_TIME_OFFSET(5,30,.AHEAD.);
#7652=LOCAL_TIME(9,20,2.1E1,#7651);
#7653=DATE_AND_TIME(#7650,#7652);
#7654=APPROVAL_DATE_TIME(#7653,#7648);
#7655=DATE_TIME_ROLE('creation_date');
#7656=CC_DESIGN_DATE_AND_TIME_ASSIGNMENT(#7653,#7655,(#7638));
#7657=DATE_TIME_ROLE('classification_date');
#7658=CC_DESIGN_DATE_AND_TIME_ASSIGNMENT(#7653,#7657,(#7645));
#7659=PERSON('UNSPECIFIED','UNSPECIFIED',$,$,$,$);
#7660=ORGANIZATION('UNSPECIFIED','UNSPECIFIED','UNSPECIFIED');
#7661=PERSON_AND_ORGANIZATION(#7659,#7660);
#7662=APPROVAL_ROLE('approver');
#7663=APPROVAL_PERSON_ORGANIZATION(#7661,#7648,#7662);
#7664=PERSON_AND_ORGANIZATION_ROLE('creator');
#7665=CC_DESIGN_PERSON_AND_ORGANIZATION_ASSIGNMENT(#7661,#7664,(#7637,#7638));
#7666=PERSON_AND_ORGANIZATION_ROLE('design_supplier');
#7667=CC_DESIGN_PERSON_AND_ORGANIZATION_ASSIGNMENT(#7661,#7666,(#7637));
#7668=PERSON_AND_ORGANIZATION_ROLE('classification_officer');
#7669=CC_DESIGN_PERSON_AND_ORGANIZATION_ASSIGNMENT(#7661,#7668,(#7645));
#7670=PERSON_AND_ORGANIZATION_ROLE('design_owner');
#7671=CC_DESIGN_PERSON_AND_ORGANIZATION_ASSIGNMENT(#7661,#7670,(#7636));
#61=CIRCLE('',#60,1.5E-1);
#70=CIRCLE('',#69,1.E-1);
#87=CIRCLE('',#86,1.E-1);
#96=CIRCLE('',#95,1.5E-1);
#209=CIRCLE('',#208,1.5E-1);
#218=CIRCLE('',#217,1.5E-1);
#223=CIRCLE('',#222,1.E-1);
#228=CIRCLE('',#227,1.E-1);
#665=CIRCLE('',#664,1.83E-1);
#702=CIRCLE('',#701,8.33E-1);
#739=CIRCLE('',#738,1.83E-1);
#744=CIRCLE('',#743,8.33E-1);
#1161=CIRCLE('',#1160,1.83E-1);
#1198=CIRCLE('',#1197,8.33E-1);
#1235=CIRCLE('',#1234,1.83E-1);
#1240=CIRCLE('',#1239,8.33E-1);
#1317=CIRCLE('',#1316,1.83E-1);
#1354=CIRCLE('',#1353,8.33E-1);
#1391=CIRCLE('',#1390,1.83E-1);
#1396=CIRCLE('',#1395,8.33E-1);
#1473=CIRCLE('',#1472,1.83E-1);
#1510=CIRCLE('',#1509,8.33E-1);
#1547=CIRCLE('',#1546,1.83E-1);
#1552=CIRCLE('',#1551,8.33E-1);
#1629=CIRCLE('',#1628,1.83E-1);
#1666=CIRCLE('',#1665,8.33E-1);
#1703=CIRCLE('',#1702,1.83E-1);
#1708=CIRCLE('',#1707,8.33E-1);
#1785=CIRCLE('',#1784,8.33E-1);
#1826=CIRCLE('',#1825,8.33E-1);
#1851=CIRCLE('',#1850,1.83E-1);
#1908=CIRCLE('',#1907,1.83E-1);
#1965=CIRCLE('',#1964,8.33E-1);
#2006=CIRCLE('',#2005,8.33E-1);
#2031=CIRCLE('',#2030,1.83E-1);
#2088=CIRCLE('',#2087,1.83E-1);
#2145=CIRCLE('',#2144,8.33E-1);
#2186=CIRCLE('',#2185,8.33E-1);
#2211=CIRCLE('',#2210,1.83E-1);
#2268=CIRCLE('',#2267,1.83E-1);
#2325=CIRCLE('',#2324,8.33E-1);
#2366=CIRCLE('',#2365,8.33E-1);
#2391=CIRCLE('',#2390,1.83E-1);
#2448=CIRCLE('',#2447,1.83E-1);
#2505=CIRCLE('',#2504,8.33E-1);
#2546=CIRCLE('',#2545,8.33E-1);
#2571=CIRCLE('',#2570,1.83E-1);
#2628=CIRCLE('',#2627,1.83E-1);
#3486=EDGE_CURVE('',#2805,#2806,#4,.T.);
#3488=EDGE_CURVE('',#2806,#2797,#8,.T.);
#3490=EDGE_CURVE('',#2797,#2794,#12,.T.);
#3492=EDGE_CURVE('',#2805,#2794,#16,.T.);
#3503=EDGE_CURVE('',#2820,#2805,#20,.T.);
#3505=EDGE_CURVE('',#2818,#2820,#164,.T.);
#3507=EDGE_CURVE('',#2816,#2818,#140,.T.);
#3509=EDGE_CURVE('',#2813,#2816,#1092,.T.);
#3511=EDGE_CURVE('',#2813,#2814,#1080,.T.);
#3513=EDGE_CURVE('',#2822,#2814,#160,.T.);
#3515=EDGE_CURVE('',#2806,#2822,#2664,.T.);
#3527=EDGE_CURVE('',#2792,#2794,#40,.T.);
#3529=EDGE_CURVE('',#2792,#2820,#24,.T.);
#3539=EDGE_CURVE('',#2781,#2792,#36,.T.);
#3543=EDGE_CURVE('',#2797,#2798,#44,.T.);
#3545=EDGE_CURVE('',#2790,#2798,#48,.T.);
#3547=EDGE_CURVE('',#2790,#2672,#52,.T.);
#3549=EDGE_CURVE('',#2672,#2680,#628,.T.);
#3551=EDGE_CURVE('',#2680,#2856,#56,.T.);
#3553=EDGE_CURVE('',#2856,#2858,#61,.T.);
#3555=EDGE_CURVE('',#2858,#2868,#65,.T.);
#3557=EDGE_CURVE('',#2866,#2868,#70,.T.);
#3559=EDGE_CURVE('',#2864,#2866,#74,.T.);
#3561=EDGE_CURVE('',#2862,#2864,#78,.T.);
#3563=EDGE_CURVE('',#2861,#2862,#82,.T.);
#3565=EDGE_CURVE('',#2870,#2861,#87,.T.);
#3567=EDGE_CURVE('',#2870,#2675,#91,.T.);
#3569=EDGE_CURVE('',#2675,#2676,#96,.T.);
#3571=EDGE_CURVE('',#2678,#2676,#100,.T.);
#3573=EDGE_CURVE('',#2678,#2667,#624,.T.);
#3575=EDGE_CURVE('',#2781,#2667,#600,.T.);
#3579=EDGE_CURVE('',#2826,#2832,#104,.T.);
#3581=EDGE_CURVE('',#2832,#2836,#1068,.T.);
#3583=EDGE_CURVE('',#2836,#2840,#1052,.T.);
#3585=EDGE_CURVE('',#2840,#2845,#28,.T.);
#3587=EDGE_CURVE('',#2845,#2846,#1100,.T.);
#3589=EDGE_CURVE('',#2846,#2852,#32,.T.);
#3591=EDGE_CURVE('',#2852,#2825,#124,.T.);
#3593=EDGE_CURVE('',#2825,#2826,#116,.T.);
#3604=EDGE_CURVE('',#2826,#2830,#108,.T.);
#3606=EDGE_CURVE('',#2830,#2834,#112,.T.);
#3608=EDGE_CURVE('',#2832,#2834,#1072,.T.);
#3619=EDGE_CURVE('',#2825,#2829,#136,.T.);
#3621=EDGE_CURVE('',#2829,#2830,#120,.T.);
#3633=EDGE_CURVE('',#2852,#2854,#128,.T.);
#3635=EDGE_CURVE('',#2854,#2829,#132,.T.);
#3647=EDGE_CURVE('',#2809,#2818,#144,.T.);
#3649=EDGE_CURVE('',#2809,#2761,#1028,.T.);
#3651=EDGE_CURVE('',#2854,#2761,#1120,.T.);
#3655=EDGE_CURVE('',#2846,#2850,#1112,.T.);
#3657=EDGE_CURVE('',#2850,#2816,#148,.T.);
#3667=EDGE_CURVE('',#2800,#2802,#152,.T.);
#3669=EDGE_CURVE('',#2788,#2802,#300,.T.);
#3671=EDGE_CURVE('',#2787,#2788,#584,.T.);
#3673=EDGE_CURVE('',#2787,#2790,#524,.T.);
#3676=EDGE_CURVE('',#2798,#2822,#156,.T.);
#3679=EDGE_CURVE('',#2810,#2814,#1088,.T.);
#3681=EDGE_CURVE('',#2809,#2810,#1000,.T.);
#3687=EDGE_CURVE('',#2781,#2782,#596,.T.);
#3689=EDGE_CURVE('',#2782,#2784,#568,.T.);
#3691=EDGE_CURVE('',#2784,#2800,#188,.T.);
#3702=EDGE_CURVE('',#2800,#2730,#200,.T.);
#3704=EDGE_CURVE('',#2729,#2730,#656,.T.);
#3706=EDGE_CURVE('',#2802,#2729,#304,.T.);
#3716=EDGE_CURVE('',#2676,#2720,#168,.T.);
#3718=EDGE_CURVE('',#2712,#2720,#172,.T.);
#3720=EDGE_CURVE('',#2741,#2712,#176,.T.);
#3722=EDGE_CURVE('',#2737,#2741,#512,.T.);
#3724=EDGE_CURVE('',#2722,#2737,#344,.T.);
#3726=EDGE_CURVE('',#2700,#2722,#180,.T.);
#3728=EDGE_CURVE('',#2700,#2682,#556,.T.);
#3730=EDGE_CURVE('',#2682,#2678,#184,.T.);
#3742=EDGE_CURVE('',#2784,#2694,#580,.T.);
#3744=EDGE_CURVE('',#2694,#2732,#192,.T.);
#3746=EDGE_CURVE('',#2732,#2745,#336,.T.);
#3748=EDGE_CURVE('',#2745,#2749,#652,.T.);
#3750=EDGE_CURVE('',#2730,#2749,#196,.T.);
#3761=EDGE_CURVE('',#2719,#2720,#218,.T.);
#3765=EDGE_CURVE('',#2675,#2719,#204,.T.);
#3775=EDGE_CURVE('',#2715,#2716,#232,.T.);
#3777=EDGE_CURVE('',#2726,#2715,#209,.T.);
#3779=EDGE_CURVE('',#2711,#2726,#292,.T.);
#3781=EDGE_CURVE('',#2711,#2712,#213,.T.);
#3785=EDGE_CURVE('',#2872,#2719,#248,.T.);
#3787=EDGE_CURVE('',#2875,#2872,#223,.T.);
#3789=EDGE_CURVE('',#2875,#2876,#272,.T.);
#3791=EDGE_CURVE('',#2876,#2878,#264,.T.);
#3793=EDGE_CURVE('',#2878,#2880,#256,.T.);
#3795=EDGE_CURVE('',#2716,#2880,#228,.T.);
#3806=EDGE_CURVE('',#2716,#2868,#236,.T.);
#3809=EDGE_CURVE('',#2858,#2715,#240,.T.);
#3821=EDGE_CURVE('',#2872,#2870,#244,.T.);
#3833=EDGE_CURVE('',#2866,#2880,#252,.T.);
#3846=EDGE_CURVE('',#2864,#2878,#260,.T.);
#3859=EDGE_CURVE('',#2862,#2876,#268,.T.);
#3872=EDGE_CURVE('',#2861,#2875,#276,.T.);
#3899=EDGE_CURVE('',#2856,#2726,#280,.T.);
#3909=EDGE_CURVE('',#2703,#2724,#284,.T.);
#3911=EDGE_CURVE('',#2738,#2724,#324,.T.);
#3913=EDGE_CURVE('',#2738,#2742,#520,.T.);
#3915=EDGE_CURVE('',#2742,#2711,#288,.T.);
#3920=EDGE_CURVE('',#2680,#2684,#296,.T.);
#3922=EDGE_CURVE('',#2703,#2684,#564,.T.);
#3932=EDGE_CURVE('',#2788,#2697,#588,.T.);
#3936=EDGE_CURVE('',#2729,#2750,#308,.T.);
#3938=EDGE_CURVE('',#2746,#2750,#644,.T.);
#3940=EDGE_CURVE('',#2734,#2746,#332,.T.);
#3942=EDGE_CURVE('',#2697,#2734,#312,.T.);
#3953=EDGE_CURVE('',#2722,#2690,#316,.T.);
#3955=EDGE_CURVE('',#2692,#2690,#604,.T.);
#3957=EDGE_CURVE('',#2692,#2700,#548,.T.);
#3967=EDGE_CURVE('',#2708,#2724,#320,.T.);
#3970=EDGE_CURVE('',#2703,#2704,#560,.T.);
#3972=EDGE_CURVE('',#2704,#2708,#540,.T.);
#3982=EDGE_CURVE('',#2737,#2738,#508,.T.);
#3986=EDGE_CURVE('',#2706,#2708,#536,.T.);
#3988=EDGE_CURVE('',#2706,#2734,#328,.T.);
#3991=EDGE_CURVE('',#2745,#2746,#640,.T.);
#3994=EDGE_CURVE('',#2732,#2688,#340,.T.);
#3996=EDGE_CURVE('',#2688,#2690,#608,.T.);
#4002=EDGE_CURVE('',#2891,#2892,#348,.T.);
#4004=EDGE_CURVE('',#2896,#2892,#352,.T.);
#4006=EDGE_CURVE('',#2895,#2896,#356,.T.);
#4008=EDGE_CURVE('',#2895,#2891,#360,.T.);
#4012=EDGE_CURVE('',#3018,#2946,#364,.T.);
#4014=EDGE_CURVE('',#2980,#2946,#368,.T.);
#4016=EDGE_CURVE('',#3020,#2980,#372,.T.);
#4018=EDGE_CURVE('',#3020,#3018,#376,.T.);
#4022=EDGE_CURVE('',#3022,#2990,#380,.T.);
#4024=EDGE_CURVE('',#2992,#2990,#384,.T.);
#4026=EDGE_CURVE('',#3024,#2992,#388,.T.);
#4028=EDGE_CURVE('',#3024,#3022,#392,.T.);
#4032=EDGE_CURVE('',#3026,#3002,#396,.T.);
#4034=EDGE_CURVE('',#3004,#3002,#400,.T.);
#4036=EDGE_CURVE('',#3028,#3004,#404,.T.);
#4038=EDGE_CURVE('',#3028,#3026,#408,.T.);
#4042=EDGE_CURVE('',#3030,#3014,#412,.T.);
#4044=EDGE_CURVE('',#3016,#3014,#416,.T.);
#4046=EDGE_CURVE('',#3032,#3016,#420,.T.);
#4048=EDGE_CURVE('',#3032,#3030,#424,.T.);
#4052=EDGE_CURVE('',#2930,#2932,#428,.T.);
#4054=EDGE_CURVE('',#2932,#2934,#432,.T.);
#4056=EDGE_CURVE('',#2934,#2936,#436,.T.);
#4058=EDGE_CURVE('',#2930,#2936,#440,.T.);
#4062=EDGE_CURVE('',#3243,#3244,#444,.T.);
#4064=EDGE_CURVE('',#3244,#3246,#448,.T.);
#4066=EDGE_CURVE('',#3246,#3248,#452,.T.);
#4068=EDGE_CURVE('',#3243,#3248,#456,.T.);
#4072=EDGE_CURVE('',#3275,#3276,#460,.T.);
#4074=EDGE_CURVE('',#3276,#3278,#464,.T.);
#4076=EDGE_CURVE('',#3278,#3280,#468,.T.);
#4078=EDGE_CURVE('',#3275,#3280,#472,.T.);
#4082=EDGE_CURVE('',#3307,#3308,#476,.T.);
#4084=EDGE_CURVE('',#3308,#3310,#480,.T.);
#4086=EDGE_CURVE('',#3310,#3312,#484,.T.);
#4088=EDGE_CURVE('',#3307,#3312,#488,.T.);
#4092=EDGE_CURVE('',#3339,#3340,#492,.T.);
#4094=EDGE_CURVE('',#3340,#3342,#496,.T.);
#4096=EDGE_CURVE('',#3342,#3344,#500,.T.);
#4098=EDGE_CURVE('',#3339,#3344,#504,.T.);
#4110=EDGE_CURVE('',#2741,#2742,#516,.T.);
#4134=EDGE_CURVE('',#2787,#2698,#528,.T.);
#4136=EDGE_CURVE('',#2698,#2706,#532,.T.);
#4140=EDGE_CURVE('',#2704,#2671,#544,.T.);
#4142=EDGE_CURVE('',#2671,#2672,#632,.T.);
#4154=EDGE_CURVE('',#2692,#2668,#552,.T.);
#4156=EDGE_CURVE('',#2668,#2682,#616,.T.);
#4169=EDGE_CURVE('',#2684,#2671,#636,.T.);
#4181=EDGE_CURVE('',#2782,#2687,#572,.T.);
#4183=EDGE_CURVE('',#2687,#2694,#576,.T.);
#4196=EDGE_CURVE('',#2697,#2698,#592,.T.);
#4209=EDGE_CURVE('',#2667,#2668,#620,.T.);
#4214=EDGE_CURVE('',#2687,#2688,#612,.T.);
#4275=EDGE_CURVE('',#2749,#2750,#648,.T.);
#4298=EDGE_CURVE('',#3074,#3080,#660,.T.);
#4300=EDGE_CURVE('',#2887,#3080,#756,.T.);
#4302=EDGE_CURVE('',#2892,#2887,#744,.T.);
#4305=EDGE_CURVE('',#2891,#2884,#665,.T.);
#4307=EDGE_CURVE('',#2884,#3074,#669,.T.);
#4317=EDGE_CURVE('',#3096,#3083,#673,.T.);
#4319=EDGE_CURVE('',#3083,#2900,#677,.T.);
#4321=EDGE_CURVE('',#2900,#2902,#828,.T.);
#4323=EDGE_CURVE('',#3096,#2902,#1128,.T.);
#4333=EDGE_CURVE('',#3076,#3078,#689,.T.);
#4335=EDGE_CURVE('',#3080,#3078,#760,.T.);
#4338=EDGE_CURVE('',#3076,#3074,#734,.T.);
#4348=EDGE_CURVE('',#3071,#3072,#681,.T.);
#4350=EDGE_CURVE('',#3078,#3071,#685,.T.);
#4353=EDGE_CURVE('',#3072,#3076,#693,.T.);
#4363=EDGE_CURVE('',#3067,#3068,#697,.T.);
#4365=EDGE_CURVE('',#3071,#3067,#764,.T.);
#4368=EDGE_CURVE('',#3068,#3072,#730,.T.);
#4379=EDGE_CURVE('',#2883,#3068,#726,.T.);
#4381=EDGE_CURVE('',#2895,#2883,#739,.T.);
#4384=EDGE_CURVE('',#2896,#2888,#702,.T.);
#4386=EDGE_CURVE('',#2888,#3067,#706,.T.);
#4396=EDGE_CURVE('',#3084,#3092,#710,.T.);
#4398=EDGE_CURVE('',#3092,#2904,#714,.T.);
#4400=EDGE_CURVE('',#2899,#2904,#820,.T.);
#4402=EDGE_CURVE('',#3084,#2899,#796,.T.);
#4412=EDGE_CURVE('',#3068,#3074,#718,.T.);
#4415=EDGE_CURVE('',#2883,#2884,#722,.T.);
#4452=EDGE_CURVE('',#2887,#2888,#752,.T.);
#4463=EDGE_CURVE('',#3080,#3067,#748,.T.);
#4488=EDGE_CURVE('',#3088,#3090,#784,.T.);
#4490=EDGE_CURVE('',#3090,#3092,#768,.T.);
#4493=EDGE_CURVE('',#3088,#3084,#788,.T.);
#4503=EDGE_CURVE('',#3087,#3088,#772,.T.);
#4505=EDGE_CURVE('',#3094,#3087,#776,.T.);
#4507=EDGE_CURVE('',#3090,#3094,#780,.T.);
#4518=EDGE_CURVE('',#3083,#3084,#792,.T.);
#4520=EDGE_CURVE('',#3087,#3083,#1136,.T.);
#4534=EDGE_CURVE('',#2899,#2900,#816,.T.);
#4545=EDGE_CURVE('',#2765,#2766,#800,.T.);
#4547=EDGE_CURVE('',#2770,#2765,#804,.T.);
#4549=EDGE_CURVE('',#2768,#2770,#808,.T.);
#4551=EDGE_CURVE('',#2766,#2768,#812,.T.);
#4557=EDGE_CURVE('',#2902,#2904,#824,.T.);
#4562=EDGE_CURVE('',#2973,#2974,#832,.T.);
#4564=EDGE_CURVE('',#2973,#2978,#836,.T.);
#4566=EDGE_CURVE('',#2976,#2978,#840,.T.);
#4568=EDGE_CURVE('',#2974,#2976,#844,.T.);
#4572=EDGE_CURVE('',#2983,#2984,#848,.T.);
#4574=EDGE_CURVE('',#2983,#2988,#852,.T.);
#4576=EDGE_CURVE('',#2986,#2988,#856,.T.);
#4578=EDGE_CURVE('',#2984,#2986,#860,.T.);
#4582=EDGE_CURVE('',#2995,#2996,#864,.T.);
#4584=EDGE_CURVE('',#2995,#3000,#868,.T.);
#4586=EDGE_CURVE('',#2998,#3000,#872,.T.);
#4588=EDGE_CURVE('',#2996,#2998,#876,.T.);
#4592=EDGE_CURVE('',#3007,#3008,#880,.T.);
#4594=EDGE_CURVE('',#3007,#3012,#884,.T.);
#4596=EDGE_CURVE('',#3010,#3012,#888,.T.);
#4598=EDGE_CURVE('',#3008,#3010,#892,.T.);
#4602=EDGE_CURVE('',#2923,#2924,#896,.T.);
#4604=EDGE_CURVE('',#2923,#2928,#900,.T.);
#4606=EDGE_CURVE('',#2926,#2928,#904,.T.);
#4608=EDGE_CURVE('',#2924,#2926,#908,.T.);
#4612=EDGE_CURVE('',#3251,#3252,#912,.T.);
#4614=EDGE_CURVE('',#3251,#3256,#916,.T.);
#4616=EDGE_CURVE('',#3254,#3256,#920,.T.);
#4618=EDGE_CURVE('',#3252,#3254,#924,.T.);
#4622=EDGE_CURVE('',#3283,#3284,#928,.T.);
#4624=EDGE_CURVE('',#3283,#3288,#932,.T.);
#4626=EDGE_CURVE('',#3286,#3288,#936,.T.);
#4628=EDGE_CURVE('',#3284,#3286,#940,.T.);
#4632=EDGE_CURVE('',#3315,#3316,#944,.T.);
#4634=EDGE_CURVE('',#3315,#3320,#948,.T.);
#4636=EDGE_CURVE('',#3318,#3320,#952,.T.);
#4638=EDGE_CURVE('',#3316,#3318,#956,.T.);
#4642=EDGE_CURVE('',#3347,#3348,#960,.T.);
#4644=EDGE_CURVE('',#3347,#3352,#964,.T.);
#4646=EDGE_CURVE('',#3350,#3352,#968,.T.);
#4648=EDGE_CURVE('',#3348,#3350,#972,.T.);
#4658=EDGE_CURVE('',#2762,#2777,#1020,.T.);
#4660=EDGE_CURVE('',#2777,#2765,#976,.T.);
#4663=EDGE_CURVE('',#2773,#2766,#1032,.T.);
#4665=EDGE_CURVE('',#2773,#2753,#996,.T.);
#4667=EDGE_CURVE('',#2830,#2753,#1116,.T.);
#4670=EDGE_CURVE('',#2829,#2762,#980,.T.);
#4680=EDGE_CURVE('',#2773,#2774,#984,.T.);
#4682=EDGE_CURVE('',#2754,#2774,#988,.T.);
#4684=EDGE_CURVE('',#2753,#2754,#992,.T.);
#4696=EDGE_CURVE('',#2758,#2810,#1004,.T.);
#4698=EDGE_CURVE('',#2757,#2758,#1008,.T.);
#4700=EDGE_CURVE('',#2778,#2757,#1012,.T.);
#4702=EDGE_CURVE('',#2777,#2778,#1016,.T.);
#4705=EDGE_CURVE('',#2761,#2762,#1024,.T.);
#4719=EDGE_CURVE('',#2774,#2768,#1036,.T.);
#4732=EDGE_CURVE('',#2778,#2770,#1044,.T.);
#4735=EDGE_CURVE('',#2838,#2757,#1048,.T.);
#4737=EDGE_CURVE('',#2834,#2838,#1076,.T.);
#4739=EDGE_CURVE('',#2834,#2754,#1040,.T.);
#4761=EDGE_CURVE('',#2838,#2842,#1060,.T.);
#4765=EDGE_CURVE('',#2842,#2758,#1084,.T.);
#4776=EDGE_CURVE('',#2836,#2838,#1056,.T.);
#4779=EDGE_CURVE('',#2840,#2842,#1064,.T.);
#4802=EDGE_CURVE('',#2849,#2813,#1096,.T.);
#4804=EDGE_CURVE('',#2845,#2849,#1104,.T.);
#4821=EDGE_CURVE('',#2849,#2850,#1108,.T.);
#4868=EDGE_CURVE('',#3092,#3096,#1124,.T.);
#4882=EDGE_CURVE('',#3094,#3096,#1132,.T.);
#4906=EDGE_CURVE('',#3115,#3116,#1140,.T.);
#4908=EDGE_CURVE('',#3116,#2973,#1144,.T.);
#4911=EDGE_CURVE('',#3115,#2974,#1173,.T.);
#4922=EDGE_CURVE('',#3119,#3115,#1152,.T.);
#4924=EDGE_CURVE('',#3119,#3120,#1268,.T.);
#4926=EDGE_CURVE('',#3120,#3116,#1148,.T.);
#4936=EDGE_CURVE('',#3128,#3115,#1169,.T.);
#4938=EDGE_CURVE('',#3126,#3128,#1284,.T.);
#4940=EDGE_CURVE('',#3126,#3119,#1272,.T.);
#4951=EDGE_CURVE('',#3106,#3112,#1156,.T.);
#4953=EDGE_CURVE('',#2943,#3112,#1252,.T.);
#4955=EDGE_CURVE('',#2946,#2943,#1240,.T.);
#4958=EDGE_CURVE('',#3018,#2940,#1161,.T.);
#4960=EDGE_CURVE('',#2940,#3106,#1165,.T.);
#4973=EDGE_CURVE('',#3128,#2976,#1292,.T.);
#4983=EDGE_CURVE('',#3108,#3110,#1185,.T.);
#4985=EDGE_CURVE('',#3112,#3110,#1256,.T.);
#4988=EDGE_CURVE('',#3108,#3106,#1230,.T.);
#4998=EDGE_CURVE('',#3103,#3104,#1177,.T.);
#5000=EDGE_CURVE('',#3110,#3103,#1181,.T.);
#5003=EDGE_CURVE('',#3104,#3108,#1189,.T.);
#5013=EDGE_CURVE('',#3099,#3100,#1193,.T.);
#5015=EDGE_CURVE('',#3103,#3099,#1260,.T.);
#5018=EDGE_CURVE('',#3100,#3104,#1226,.T.);
#5029=EDGE_CURVE('',#2939,#3100,#1222,.T.);
#5031=EDGE_CURVE('',#3020,#2939,#1235,.T.);
#5034=EDGE_CURVE('',#2980,#2944,#1198,.T.);
#5036=EDGE_CURVE('',#2944,#3099,#1202,.T.);
#5046=EDGE_CURVE('',#3116,#3124,#1206,.T.);
#5048=EDGE_CURVE('',#3124,#2978,#1210,.T.);
#5060=EDGE_CURVE('',#3100,#3106,#1214,.T.);
#5063=EDGE_CURVE('',#2939,#2940,#1218,.T.);
#5099=EDGE_CURVE('',#2943,#2944,#1248,.T.);
#5111=EDGE_CURVE('',#3112,#3099,#1244,.T.);
#5136=EDGE_CURVE('',#3120,#3122,#1280,.T.);
#5138=EDGE_CURVE('',#3122,#3124,#1264,.T.);
#5152=EDGE_CURVE('',#3122,#3126,#1276,.T.);
#5165=EDGE_CURVE('',#3124,#3128,#1288,.T.);
#5188=EDGE_CURVE('',#3147,#3148,#1296,.T.);
#5190=EDGE_CURVE('',#3148,#2983,#1300,.T.);
#5193=EDGE_CURVE('',#3147,#2984,#1329,.T.);
#5204=EDGE_CURVE('',#3151,#3147,#1308,.T.);
#5206=EDGE_CURVE('',#3151,#3152,#1424,.T.);
#5208=EDGE_CURVE('',#3152,#3148,#1304,.T.);
#5218=EDGE_CURVE('',#3160,#3147,#1325,.T.);
#5220=EDGE_CURVE('',#3158,#3160,#1440,.T.);
#5222=EDGE_CURVE('',#3158,#3151,#1428,.T.);
#5233=EDGE_CURVE('',#3138,#3144,#1312,.T.);
#5235=EDGE_CURVE('',#2953,#3144,#1408,.T.);
#5237=EDGE_CURVE('',#2990,#2953,#1396,.T.);
#5240=EDGE_CURVE('',#3022,#2950,#1317,.T.);
#5242=EDGE_CURVE('',#2950,#3138,#1321,.T.);
#5255=EDGE_CURVE('',#3160,#2986,#1448,.T.);
#5265=EDGE_CURVE('',#3140,#3142,#1341,.T.);
#5267=EDGE_CURVE('',#3144,#3142,#1412,.T.);
#5270=EDGE_CURVE('',#3140,#3138,#1386,.T.);
#5280=EDGE_CURVE('',#3135,#3136,#1333,.T.);
#5282=EDGE_CURVE('',#3142,#3135,#1337,.T.);
#5285=EDGE_CURVE('',#3136,#3140,#1345,.T.);
#5295=EDGE_CURVE('',#3131,#3132,#1349,.T.);
#5297=EDGE_CURVE('',#3135,#3131,#1416,.T.);
#5300=EDGE_CURVE('',#3132,#3136,#1382,.T.);
#5311=EDGE_CURVE('',#2949,#3132,#1378,.T.);
#5313=EDGE_CURVE('',#3024,#2949,#1391,.T.);
#5316=EDGE_CURVE('',#2992,#2954,#1354,.T.);
#5318=EDGE_CURVE('',#2954,#3131,#1358,.T.);
#5328=EDGE_CURVE('',#3148,#3156,#1362,.T.);
#5330=EDGE_CURVE('',#3156,#2988,#1366,.T.);
#5342=EDGE_CURVE('',#3132,#3138,#1370,.T.);
#5345=EDGE_CURVE('',#2949,#2950,#1374,.T.);
#5381=EDGE_CURVE('',#2953,#2954,#1404,.T.);
#5393=EDGE_CURVE('',#3144,#3131,#1400,.T.);
#5418=EDGE_CURVE('',#3152,#3154,#1436,.T.);
#5420=EDGE_CURVE('',#3154,#3156,#1420,.T.);
#5434=EDGE_CURVE('',#3154,#3158,#1432,.T.);
#5447=EDGE_CURVE('',#3156,#3160,#1444,.T.);
#5470=EDGE_CURVE('',#3179,#3180,#1452,.T.);
#5472=EDGE_CURVE('',#3180,#2995,#1456,.T.);
#5475=EDGE_CURVE('',#3179,#2996,#1485,.T.);
#5486=EDGE_CURVE('',#3183,#3179,#1464,.T.);
#5488=EDGE_CURVE('',#3183,#3184,#1580,.T.);
#5490=EDGE_CURVE('',#3184,#3180,#1460,.T.);
#5500=EDGE_CURVE('',#3192,#3179,#1481,.T.);
#5502=EDGE_CURVE('',#3190,#3192,#1596,.T.);
#5504=EDGE_CURVE('',#3190,#3183,#1584,.T.);
#5515=EDGE_CURVE('',#3170,#3176,#1468,.T.);
#5517=EDGE_CURVE('',#2961,#3176,#1564,.T.);
#5519=EDGE_CURVE('',#3002,#2961,#1552,.T.);
#5522=EDGE_CURVE('',#3026,#2958,#1473,.T.);
#5524=EDGE_CURVE('',#2958,#3170,#1477,.T.);
#5537=EDGE_CURVE('',#3192,#2998,#1604,.T.);
#5547=EDGE_CURVE('',#3172,#3174,#1497,.T.);
#5549=EDGE_CURVE('',#3176,#3174,#1568,.T.);
#5552=EDGE_CURVE('',#3172,#3170,#1542,.T.);
#5562=EDGE_CURVE('',#3167,#3168,#1489,.T.);
#5564=EDGE_CURVE('',#3174,#3167,#1493,.T.);
#5567=EDGE_CURVE('',#3168,#3172,#1501,.T.);
#5577=EDGE_CURVE('',#3163,#3164,#1505,.T.);
#5579=EDGE_CURVE('',#3167,#3163,#1572,.T.);
#5582=EDGE_CURVE('',#3164,#3168,#1538,.T.);
#5593=EDGE_CURVE('',#2957,#3164,#1534,.T.);
#5595=EDGE_CURVE('',#3028,#2957,#1547,.T.);
#5598=EDGE_CURVE('',#3004,#2962,#1510,.T.);
#5600=EDGE_CURVE('',#2962,#3163,#1514,.T.);
#5610=EDGE_CURVE('',#3180,#3188,#1518,.T.);
#5612=EDGE_CURVE('',#3188,#3000,#1522,.T.);
#5624=EDGE_CURVE('',#3164,#3170,#1526,.T.);
#5627=EDGE_CURVE('',#2957,#2958,#1530,.T.);
#5663=EDGE_CURVE('',#2961,#2962,#1560,.T.);
#5675=EDGE_CURVE('',#3176,#3163,#1556,.T.);
#5700=EDGE_CURVE('',#3184,#3186,#1592,.T.);
#5702=EDGE_CURVE('',#3186,#3188,#1576,.T.);
#5716=EDGE_CURVE('',#3186,#3190,#1588,.T.);
#5729=EDGE_CURVE('',#3188,#3192,#1600,.T.);
#5752=EDGE_CURVE('',#3211,#3212,#1608,.T.);
#5754=EDGE_CURVE('',#3212,#3007,#1612,.T.);
#5757=EDGE_CURVE('',#3211,#3008,#1641,.T.);
#5768=EDGE_CURVE('',#3215,#3211,#1620,.T.);
#5770=EDGE_CURVE('',#3215,#3216,#1736,.T.);
#5772=EDGE_CURVE('',#3216,#3212,#1616,.T.);
#5782=EDGE_CURVE('',#3224,#3211,#1637,.T.);
#5784=EDGE_CURVE('',#3222,#3224,#1752,.T.);
#5786=EDGE_CURVE('',#3222,#3215,#1740,.T.);
#5797=EDGE_CURVE('',#3202,#3208,#1624,.T.);
#5799=EDGE_CURVE('',#2969,#3208,#1720,.T.);
#5801=EDGE_CURVE('',#3014,#2969,#1708,.T.);
#5804=EDGE_CURVE('',#3030,#2966,#1629,.T.);
#5806=EDGE_CURVE('',#2966,#3202,#1633,.T.);
#5819=EDGE_CURVE('',#3224,#3010,#1760,.T.);
#5829=EDGE_CURVE('',#3204,#3206,#1653,.T.);
#5831=EDGE_CURVE('',#3208,#3206,#1724,.T.);
#5834=EDGE_CURVE('',#3204,#3202,#1698,.T.);
#5844=EDGE_CURVE('',#3199,#3200,#1645,.T.);
#5846=EDGE_CURVE('',#3206,#3199,#1649,.T.);
#5849=EDGE_CURVE('',#3200,#3204,#1657,.T.);
#5859=EDGE_CURVE('',#3195,#3196,#1661,.T.);
#5861=EDGE_CURVE('',#3199,#3195,#1728,.T.);
#5864=EDGE_CURVE('',#3196,#3200,#1694,.T.);
#5875=EDGE_CURVE('',#2965,#3196,#1690,.T.);
#5877=EDGE_CURVE('',#3032,#2965,#1703,.T.);
#5880=EDGE_CURVE('',#3016,#2970,#1666,.T.);
#5882=EDGE_CURVE('',#2970,#3195,#1670,.T.);
#5892=EDGE_CURVE('',#3212,#3220,#1674,.T.);
#5894=EDGE_CURVE('',#3220,#3012,#1678,.T.);
#5906=EDGE_CURVE('',#3196,#3202,#1682,.T.);
#5909=EDGE_CURVE('',#2965,#2966,#1686,.T.);
#5945=EDGE_CURVE('',#2969,#2970,#1716,.T.);
#5957=EDGE_CURVE('',#3208,#3195,#1712,.T.);
#5982=EDGE_CURVE('',#3216,#3218,#1748,.T.);
#5984=EDGE_CURVE('',#3218,#3220,#1732,.T.);
#5998=EDGE_CURVE('',#3218,#3222,#1744,.T.);
#6011=EDGE_CURVE('',#3220,#3224,#1756,.T.);
#6034=EDGE_CURVE('',#2930,#2907,#1764,.T.);
#6036=EDGE_CURVE('',#2907,#2908,#1903,.T.);
#6038=EDGE_CURVE('',#2932,#2908,#1846,.T.);
#6049=EDGE_CURVE('',#3051,#3052,#1768,.T.);
#6051=EDGE_CURVE('',#3052,#2923,#1772,.T.);
#6054=EDGE_CURVE('',#3051,#2924,#1863,.T.);
#6064=EDGE_CURVE('',#3035,#3036,#1776,.T.);
#6066=EDGE_CURVE('',#2915,#3036,#1899,.T.);
#6068=EDGE_CURVE('',#2907,#2915,#1908,.T.);
#6072=EDGE_CURVE('',#2936,#2912,#1780,.T.);
#6074=EDGE_CURVE('',#2912,#2920,#1785,.T.);
#6076=EDGE_CURVE('',#2920,#3035,#1789,.T.);
#6086=EDGE_CURVE('',#3052,#3060,#1793,.T.);
#6088=EDGE_CURVE('',#3060,#2928,#1797,.T.);
#6101=EDGE_CURVE('',#3039,#3035,#1805,.T.);
#6103=EDGE_CURVE('',#3039,#3040,#1867,.T.);
#6105=EDGE_CURVE('',#3036,#3040,#1883,.T.);
#6115=EDGE_CURVE('',#3048,#3035,#1809,.T.);
#6117=EDGE_CURVE('',#3048,#3046,#1801,.T.);
#6119=EDGE_CURVE('',#3046,#3039,#1871,.T.);
#6132=EDGE_CURVE('',#2919,#2920,#1813,.T.);
#6134=EDGE_CURVE('',#2919,#3048,#1817,.T.);
#6144=EDGE_CURVE('',#2911,#2912,#1821,.T.);
#6146=EDGE_CURVE('',#2911,#2919,#1826,.T.);
#6158=EDGE_CURVE('',#2934,#2911,#1830,.T.);
#6171=EDGE_CURVE('',#3060,#3064,#1834,.T.);
#6173=EDGE_CURVE('',#3064,#2926,#1838,.T.);
#6185=EDGE_CURVE('',#3042,#3048,#1842,.T.);
#6192=EDGE_CURVE('',#2908,#2916,#1851,.T.);
#6194=EDGE_CURVE('',#2916,#3042,#1855,.T.);
#6204=EDGE_CURVE('',#3064,#3051,#1859,.T.);
#6217=EDGE_CURVE('',#3044,#3046,#1875,.T.);
#6221=EDGE_CURVE('',#3044,#3042,#1887,.T.);
#6234=EDGE_CURVE('',#3040,#3044,#1879,.T.);
#6244=EDGE_CURVE('',#3036,#3042,#1891,.T.);
#6259=EDGE_CURVE('',#2915,#2916,#1895,.T.);
#6283=EDGE_CURVE('',#3062,#3064,#1916,.T.);
#6285=EDGE_CURVE('',#3062,#3055,#1924,.T.);
#6287=EDGE_CURVE('',#3055,#3051,#1912,.T.);
#6297=EDGE_CURVE('',#3058,#3062,#1928,.T.);
#6301=EDGE_CURVE('',#3058,#3060,#1940,.T.);
#6311=EDGE_CURVE('',#3055,#3056,#1920,.T.);
#6315=EDGE_CURVE('',#3056,#3058,#1932,.T.);
#6328=EDGE_CURVE('',#3056,#3052,#1936,.T.);
#6351=EDGE_CURVE('',#3243,#3227,#1944,.T.);
#6353=EDGE_CURVE('',#3227,#3228,#2083,.T.);
#6355=EDGE_CURVE('',#3244,#3228,#2026,.T.);
#6365=EDGE_CURVE('',#3371,#3372,#1948,.T.);
#6367=EDGE_CURVE('',#3372,#3251,#1952,.T.);
#6370=EDGE_CURVE('',#3371,#3252,#2043,.T.);
#6380=EDGE_CURVE('',#3355,#3356,#1956,.T.);
#6382=EDGE_CURVE('',#3235,#3356,#2079,.T.);
#6384=EDGE_CURVE('',#3227,#3235,#2088,.T.);
#6388=EDGE_CURVE('',#3248,#3232,#1960,.T.);
#6390=EDGE_CURVE('',#3232,#3240,#1965,.T.);
#6392=EDGE_CURVE('',#3240,#3355,#1969,.T.);
#6402=EDGE_CURVE('',#3372,#3380,#1973,.T.);
#6404=EDGE_CURVE('',#3380,#3256,#1977,.T.);
#6417=EDGE_CURVE('',#3359,#3355,#1985,.T.);
#6419=EDGE_CURVE('',#3359,#3360,#2047,.T.);
#6421=EDGE_CURVE('',#3356,#3360,#2063,.T.);
#6431=EDGE_CURVE('',#3368,#3355,#1989,.T.);
#6433=EDGE_CURVE('',#3368,#3366,#1981,.T.);
#6435=EDGE_CURVE('',#3366,#3359,#2051,.T.);
#6448=EDGE_CURVE('',#3239,#3240,#1993,.T.);
#6450=EDGE_CURVE('',#3239,#3368,#1997,.T.);
#6460=EDGE_CURVE('',#3231,#3232,#2001,.T.);
#6462=EDGE_CURVE('',#3231,#3239,#2006,.T.);
#6475=EDGE_CURVE('',#3246,#3231,#2010,.T.);
#6487=EDGE_CURVE('',#3380,#3384,#2014,.T.);
#6489=EDGE_CURVE('',#3384,#3254,#2018,.T.);
#6501=EDGE_CURVE('',#3362,#3368,#2022,.T.);
#6508=EDGE_CURVE('',#3228,#3236,#2031,.T.);
#6510=EDGE_CURVE('',#3236,#3362,#2035,.T.);
#6520=EDGE_CURVE('',#3384,#3371,#2039,.T.);
#6533=EDGE_CURVE('',#3364,#3366,#2055,.T.);
#6537=EDGE_CURVE('',#3364,#3362,#2067,.T.);
#6550=EDGE_CURVE('',#3360,#3364,#2059,.T.);
#6560=EDGE_CURVE('',#3356,#3362,#2071,.T.);
#6575=EDGE_CURVE('',#3235,#3236,#2075,.T.);
#6599=EDGE_CURVE('',#3382,#3384,#2096,.T.);
#6601=EDGE_CURVE('',#3382,#3375,#2104,.T.);
#6603=EDGE_CURVE('',#3375,#3371,#2092,.T.);
#6613=EDGE_CURVE('',#3378,#3382,#2108,.T.);
#6617=EDGE_CURVE('',#3378,#3380,#2120,.T.);
#6627=EDGE_CURVE('',#3375,#3376,#2100,.T.);
#6631=EDGE_CURVE('',#3376,#3378,#2112,.T.);
#6644=EDGE_CURVE('',#3376,#3372,#2116,.T.);
#6667=EDGE_CURVE('',#3275,#3259,#2124,.T.);
#6669=EDGE_CURVE('',#3259,#3260,#2263,.T.);
#6671=EDGE_CURVE('',#3276,#3260,#2206,.T.);
#6681=EDGE_CURVE('',#3403,#3404,#2128,.T.);
#6683=EDGE_CURVE('',#3404,#3283,#2132,.T.);
#6686=EDGE_CURVE('',#3403,#3284,#2223,.T.);
#6696=EDGE_CURVE('',#3387,#3388,#2136,.T.);
#6698=EDGE_CURVE('',#3267,#3388,#2259,.T.);
#6700=EDGE_CURVE('',#3259,#3267,#2268,.T.);
#6704=EDGE_CURVE('',#3280,#3264,#2140,.T.);
#6706=EDGE_CURVE('',#3264,#3272,#2145,.T.);
#6708=EDGE_CURVE('',#3272,#3387,#2149,.T.);
#6718=EDGE_CURVE('',#3404,#3412,#2153,.T.);
#6720=EDGE_CURVE('',#3412,#3288,#2157,.T.);
#6733=EDGE_CURVE('',#3391,#3387,#2165,.T.);
#6735=EDGE_CURVE('',#3391,#3392,#2227,.T.);
#6737=EDGE_CURVE('',#3388,#3392,#2243,.T.);
#6747=EDGE_CURVE('',#3400,#3387,#2169,.T.);
#6749=EDGE_CURVE('',#3400,#3398,#2161,.T.);
#6751=EDGE_CURVE('',#3398,#3391,#2231,.T.);
#6764=EDGE_CURVE('',#3271,#3272,#2173,.T.);
#6766=EDGE_CURVE('',#3271,#3400,#2177,.T.);
#6776=EDGE_CURVE('',#3263,#3264,#2181,.T.);
#6778=EDGE_CURVE('',#3263,#3271,#2186,.T.);
#6791=EDGE_CURVE('',#3278,#3263,#2190,.T.);
#6803=EDGE_CURVE('',#3412,#3416,#2194,.T.);
#6805=EDGE_CURVE('',#3416,#3286,#2198,.T.);
#6817=EDGE_CURVE('',#3394,#3400,#2202,.T.);
#6824=EDGE_CURVE('',#3260,#3268,#2211,.T.);
#6826=EDGE_CURVE('',#3268,#3394,#2215,.T.);
#6836=EDGE_CURVE('',#3416,#3403,#2219,.T.);
#6849=EDGE_CURVE('',#3396,#3398,#2235,.T.);
#6853=EDGE_CURVE('',#3396,#3394,#2247,.T.);
#6866=EDGE_CURVE('',#3392,#3396,#2239,.T.);
#6876=EDGE_CURVE('',#3388,#3394,#2251,.T.);
#6891=EDGE_CURVE('',#3267,#3268,#2255,.T.);
#6915=EDGE_CURVE('',#3414,#3416,#2276,.T.);
#6917=EDGE_CURVE('',#3414,#3407,#2284,.T.);
#6919=EDGE_CURVE('',#3407,#3403,#2272,.T.);
#6929=EDGE_CURVE('',#3410,#3414,#2288,.T.);
#6933=EDGE_CURVE('',#3410,#3412,#2300,.T.);
#6943=EDGE_CURVE('',#3407,#3408,#2280,.T.);
#6947=EDGE_CURVE('',#3408,#3410,#2292,.T.);
#6960=EDGE_CURVE('',#3408,#3404,#2296,.T.);
#6983=EDGE_CURVE('',#3307,#3291,#2304,.T.);
#6985=EDGE_CURVE('',#3291,#3292,#2443,.T.);
#6987=EDGE_CURVE('',#3308,#3292,#2386,.T.);
#6997=EDGE_CURVE('',#3435,#3436,#2308,.T.);
#6999=EDGE_CURVE('',#3436,#3315,#2312,.T.);
#7002=EDGE_CURVE('',#3435,#3316,#2403,.T.);
#7012=EDGE_CURVE('',#3419,#3420,#2316,.T.);
#7014=EDGE_CURVE('',#3299,#3420,#2439,.T.);
#7016=EDGE_CURVE('',#3291,#3299,#2448,.T.);
#7020=EDGE_CURVE('',#3312,#3296,#2320,.T.);
#7022=EDGE_CURVE('',#3296,#3304,#2325,.T.);
#7024=EDGE_CURVE('',#3304,#3419,#2329,.T.);
#7034=EDGE_CURVE('',#3436,#3444,#2333,.T.);
#7036=EDGE_CURVE('',#3444,#3320,#2337,.T.);
#7049=EDGE_CURVE('',#3423,#3419,#2345,.T.);
#7051=EDGE_CURVE('',#3423,#3424,#2407,.T.);
#7053=EDGE_CURVE('',#3420,#3424,#2423,.T.);
#7063=EDGE_CURVE('',#3432,#3419,#2349,.T.);
#7065=EDGE_CURVE('',#3432,#3430,#2341,.T.);
#7067=EDGE_CURVE('',#3430,#3423,#2411,.T.);
#7080=EDGE_CURVE('',#3303,#3304,#2353,.T.);
#7082=EDGE_CURVE('',#3303,#3432,#2357,.T.);
#7092=EDGE_CURVE('',#3295,#3296,#2361,.T.);
#7094=EDGE_CURVE('',#3295,#3303,#2366,.T.);
#7107=EDGE_CURVE('',#3310,#3295,#2370,.T.);
#7119=EDGE_CURVE('',#3444,#3448,#2374,.T.);
#7121=EDGE_CURVE('',#3448,#3318,#2378,.T.);
#7133=EDGE_CURVE('',#3426,#3432,#2382,.T.);
#7140=EDGE_CURVE('',#3292,#3300,#2391,.T.);
#7142=EDGE_CURVE('',#3300,#3426,#2395,.T.);
#7152=EDGE_CURVE('',#3448,#3435,#2399,.T.);
#7165=EDGE_CURVE('',#3428,#3430,#2415,.T.);
#7169=EDGE_CURVE('',#3428,#3426,#2427,.T.);
#7182=EDGE_CURVE('',#3424,#3428,#2419,.T.);
#7192=EDGE_CURVE('',#3420,#3426,#2431,.T.);
#7207=EDGE_CURVE('',#3299,#3300,#2435,.T.);
#7231=EDGE_CURVE('',#3446,#3448,#2456,.T.);
#7233=EDGE_CURVE('',#3446,#3439,#2464,.T.);
#7235=EDGE_CURVE('',#3439,#3435,#2452,.T.);
#7245=EDGE_CURVE('',#3442,#3446,#2468,.T.);
#7249=EDGE_CURVE('',#3442,#3444,#2480,.T.);
#7259=EDGE_CURVE('',#3439,#3440,#2460,.T.);
#7263=EDGE_CURVE('',#3440,#3442,#2472,.T.);
#7276=EDGE_CURVE('',#3440,#3436,#2476,.T.);
#7299=EDGE_CURVE('',#3339,#3323,#2484,.T.);
#7301=EDGE_CURVE('',#3323,#3324,#2623,.T.);
#7303=EDGE_CURVE('',#3340,#3324,#2566,.T.);
#7313=EDGE_CURVE('',#3467,#3468,#2488,.T.);
#7315=EDGE_CURVE('',#3468,#3347,#2492,.T.);
#7318=EDGE_CURVE('',#3467,#3348,#2583,.T.);
#7328=EDGE_CURVE('',#3451,#3452,#2496,.T.);
#7330=EDGE_CURVE('',#3331,#3452,#2619,.T.);
#7332=EDGE_CURVE('',#3323,#3331,#2628,.T.);
#7336=EDGE_CURVE('',#3344,#3328,#2500,.T.);
#7338=EDGE_CURVE('',#3328,#3336,#2505,.T.);
#7340=EDGE_CURVE('',#3336,#3451,#2509,.T.);
#7350=EDGE_CURVE('',#3468,#3476,#2513,.T.);
#7352=EDGE_CURVE('',#3476,#3352,#2517,.T.);
#7365=EDGE_CURVE('',#3455,#3451,#2525,.T.);
#7367=EDGE_CURVE('',#3455,#3456,#2587,.T.);
#7369=EDGE_CURVE('',#3452,#3456,#2603,.T.);
#7379=EDGE_CURVE('',#3464,#3451,#2529,.T.);
#7381=EDGE_CURVE('',#3464,#3462,#2521,.T.);
#7383=EDGE_CURVE('',#3462,#3455,#2591,.T.);
#7396=EDGE_CURVE('',#3335,#3336,#2533,.T.);
#7398=EDGE_CURVE('',#3335,#3464,#2537,.T.);
#7408=EDGE_CURVE('',#3327,#3328,#2541,.T.);
#7410=EDGE_CURVE('',#3327,#3335,#2546,.T.);
#7423=EDGE_CURVE('',#3342,#3327,#2550,.T.);
#7435=EDGE_CURVE('',#3476,#3480,#2554,.T.);
#7437=EDGE_CURVE('',#3480,#3350,#2558,.T.);
#7449=EDGE_CURVE('',#3458,#3464,#2562,.T.);
#7456=EDGE_CURVE('',#3324,#3332,#2571,.T.);
#7458=EDGE_CURVE('',#3332,#3458,#2575,.T.);
#7468=EDGE_CURVE('',#3480,#3467,#2579,.T.);
#7481=EDGE_CURVE('',#3460,#3462,#2595,.T.);
#7485=EDGE_CURVE('',#3460,#3458,#2607,.T.);
#7498=EDGE_CURVE('',#3456,#3460,#2599,.T.);
#7508=EDGE_CURVE('',#3452,#3458,#2611,.T.);
#7523=EDGE_CURVE('',#3331,#3332,#2615,.T.);
#7547=EDGE_CURVE('',#3478,#3480,#2636,.T.);
#7549=EDGE_CURVE('',#3478,#3471,#2644,.T.);
#7551=EDGE_CURVE('',#3471,#3467,#2632,.T.);
#7561=EDGE_CURVE('',#3474,#3478,#2648,.T.);
#7565=EDGE_CURVE('',#3474,#3476,#2660,.T.);
#7575=EDGE_CURVE('',#3471,#3472,#2640,.T.);
#7579=EDGE_CURVE('',#3472,#3474,#2652,.T.);
#7592=EDGE_CURVE('',#3472,#3468,#2656,.T.);
#7623=(LENGTH_UNIT()NAMED_UNIT(*)SI_UNIT(.MILLI.,.METRE.));
#7625=(NAMED_UNIT(*)PLANE_ANGLE_UNIT()SI_UNIT($,.RADIAN.));
#7628=(NAMED_UNIT(*)SI_UNIT($,.STERADIAN.)SOLID_ANGLE_UNIT());
#7631=ADVANCED_BREP_SHAPE_REPRESENTATION('',(#7622),#7630);
#7638=PRODUCT_DEFINITION('design','',#7637,#7634);
#7639=PRODUCT_DEFINITION_SHAPE('','SHAPE FOR 901303310.',#7638);
#7640=SHAPE_DEFINITION_REPRESENTATION(#7639,#7631);
ENDSEC;
END-ISO-10303-21;
