#VRML V2.0 utf8
# META "generator" "CAD Exchanger 3.4.1 (cadexchanger.com)"
DEF __1 Transform {
  children [
    DEF _01303310 Group {
      children [
        DEF __3 Shape {
          appearance DEF __4 Appearance {
            material DEF __5 Material {
              ambientIntensity 0.25
              shininess 0
            }
          }
          geometry DEF __6 IndexedFaceSet {
            solid FALSE
            coord Coordinate {
              point [
                -0.002825 0.00247 -0.004875,
                0.002825 0.00247 -0.004875,
                0.002825 0.00545 -0.004875,
                -0.002825 0.00545 -0.004875,
                -0.00303266062413 0.00247 -0.0041,
                -0.00193156164976 0.00247 -0.0041,
                -0.001925 0.00247 -0.004175,
                0.001925 0.00247 -0.004175,
                0.00193156164976 0.00247 -0.0041,
                0.00303266062413 0.00247 -0.0041,
                -0.00303266062413 0.00545 -0.0041,
                -0.00752 0.00545 -0.0041,
                0.00303266062413 0.00545 -0.0041,
                0.00752 0.00545 -0.0041,
                0.00752 0.00545 0.004875,
                0.00662 0.00545 0.004875,
                0.00662 0.00545 0.00425,
                0.00647 0.00545 0.0041,
                0.001 0.00545 0.0041,
                0.0009 0.00545 0.0042,
                0.0009 0.00545 0.004875,
                -0.0009 0.00545 0.004875,
                -0.0009 0.00545 0.0042,
                -0.001 0.00545 0.0041,
                -0.00647 0.00545 0.0041,
                -0.00662 0.00545 0.00425,
                -0.00662 0.00545 0.004875,
                -0.00752 0.00545 0.004875,
                -0.0069 0.00545 0.003475,
                0.0069 0.00545 0.003475,
                0.0069 0.00545 -0.003475,
                0.00198624206447 0.00545 -0.003475,
                0.00189875340094 0.00545 -0.004475,
                -0.00189875340094 0.00545 -0.004475,
                -0.00198624206447 0.00545 -0.003475,
                -0.0069 0.00545 -0.003475,
                -0.0066 0.00515 0.003175,
                0.0066 0.00515 0.003175,
                -0.0066 0.00515 -0.003175,
                -0.00201248866353 0.00515 -0.003175,
                -0.00193156164976 -0.00173 -0.0041,
                -0.00201248866353 -0.00173 -0.003175,
                -0.001925 0.00515 -0.004175,
                -0.00662 -0.0031 -0.0041,
                0.00662 -0.0031 -0.0041,
                0.00662 -0.00545 -0.0041,
                0.00752 -0.00545 -0.0041,
                0.00193156164976 -0.00173 -0.0041,
                -0.00752 -0.00545 -0.0041,
                -0.00662 -0.00545 -0.0041,
                -0.00662 -0.0031 -0.002575,
                0.00662 -0.0031 -0.002575,
                -0.00662 -0.0031 0.00425,
                -0.00662 -0.0031 0.002525,
                -0.00662 -0.0045238 0.002525,
                -0.00662 -0.0046 0.0024488,
                -0.00662 -0.0046 0.002825,
                -0.00662 -0.00545 0.002825,
                -0.00662 -0.00545 0.004875,
                -0.00662 -0.00545 -0.002875,
                -0.00662 -0.0046 -0.002875,
                -0.00662 -0.0046 -0.0024988,
                -0.00662 -0.0045238 -0.002575,
                -0.00647 -0.0031 0.0041,
                0.00647 -0.0031 0.0041,
                0.001 -0.0031 0.0041,
                0.00662 -0.0031 0.00425,
                0.00662 -0.0031 0.002525,
                -0.001 -0.0031 0.0041,
                -0.0009 -0.0031 0.0042,
                -0.0009 -0.0031 0.004875,
                0.0009 -0.0031 0.004875,
                0.0009 -0.0031 0.0042,
                0.00662 -0.00545 0.002825,
                0.00662 -0.0046 0.002825,
                0.00662 -0.0046 0.0024488,
                0.00662 -0.0045238 0.002525,
                0.00662 -0.00545 0.004875,
                0.00662 -0.00545 -0.002875,
                0.00662 -0.0045238 -0.002575,
                0.00662 -0.0046 -0.0024988,
                0.00662 -0.0046 -0.002875,
                -0.00752 -0.0046 0.002825,
                -0.00752 -0.00545 0.002825,
                0.00752 -0.0046 0.002825,
                0.00752 -0.00545 0.002825,
                0.00752 -0.0046 -0.002875,
                -0.00752 -0.0046 -0.002875,
                0.004755 -0.0046 0.00159609617926,
                0.004755 -0.0046 0.00094524013065,
                0.005405 -0.0046 0.00094524013065,
                0.005405 -0.0046 0.00159609617926,
                0.002215 -0.0046 0.00159609617926,
                0.002215 -0.0046 0.00094524013065,
                0.002865 -0.0046 0.00094524013065,
                0.002865 -0.0046 0.00159609617926,
                -0.000325 -0.0046 0.00159609617926,
                -0.000325 -0.0046 0.00094524013065,
                0.000325 -0.0046 0.00094524013065,
                0.000325 -0.0046 0.00159609617926,
                -0.002865 -0.0046 0.00159609617926,
                -0.002865 -0.0046 0.00094524013065,
                -0.002215 -0.0046 0.00094524013065,
                -0.002215 -0.0046 0.00159609617926,
                -0.005405 -0.0046 0.00159609617926,
                -0.005405 -0.0046 0.00094524013065,
                -0.004755 -0.0046 0.00094524013065,
                -0.004755 -0.0046 0.00159609617926,
                0.005405 -0.0046 -0.000945,
                0.004755 -0.0046 -0.000945,
                0.004755 -0.0046 -0.001595,
                0.005405 -0.0046 -0.001595,
                0.002865 -0.0046 -0.000945,
                0.002215 -0.0046 -0.000945,
                0.002215 -0.0046 -0.001595,
                0.002865 -0.0046 -0.001595,
                0.000325 -0.0046 -0.000945,
                -0.000325 -0.0046 -0.000945,
                -0.000325 -0.0046 -0.001595,
                0.000325 -0.0046 -0.001595,
                -0.002215 -0.0046 -0.000945,
                -0.002865 -0.0046 -0.000945,
                -0.002865 -0.0046 -0.001595,
                -0.002215 -0.0046 -0.001595,
                -0.004755 -0.0046 -0.000945,
                -0.005405 -0.0046 -0.000945,
                -0.005405 -0.0046 -0.001595,
                -0.004755 -0.0046 -0.001595,
                0.00752 -0.00545 -0.002875,
                0.00752 -0.00545 0.004875,
                -0.00752 -0.00545 0.004875,
                -0.00752 -0.00545 -0.002875,
                0.004755 -0.004763 0.007275,
                0.004755 -0.005413 0.007275,
                0.004755 -0.005413 0.001778,
                0.004755 -0.004763 0.001778,
                0.004755 0.00402 0.000945,
                0.004755 0.00402 0.001595,
                0.004755 -0.00223 0.001595,
                0.004755 -0.00223 0.000945,
                0.004955 -0.004963 0.007775,
                0.004955 -0.005213 0.007775,
                0.005205 -0.005213 0.007775,
                0.005205 -0.004963 0.007775,
                0.005405 -0.005413 0.007275,
                0.005405 -0.004763 0.007275,
                0.005405 -0.004763 0.001778,
                0.005405 -0.005413 0.001778,
                0.005405 0.00402 0.001595,
                0.005405 0.00402 0.000945,
                0.005405 -0.00223 0.000945,
                0.005405 -0.00223 0.001595,
                0.005205 0.00452 0.001395,
                0.005205 0.00452 0.001145,
                0.004955 0.00452 0.001395,
                0.004955 0.00452 0.001145,
                -0.0066 -0.00223 -0.00254,
                -0.0066 -0.00223 0.00254,
                0.0066 -0.00223 -0.00254,
                0.0066 -0.00223 0.00254,
                0.002865 -0.00223 0.001595,
                0.002215 -0.00223 0.001595,
                0.002865 -0.00223 0.000945,
                0.002215 -0.00223 0.000945,
                0.000325 -0.00223 0.001595,
                -0.000325 -0.00223 0.001595,
                0.000325 -0.00223 0.000945,
                -0.000325 -0.00223 0.000945,
                -0.002215 -0.00223 0.001595,
                -0.002865 -0.00223 0.001595,
                -0.002215 -0.00223 0.000945,
                -0.002865 -0.00223 0.000945,
                -0.004755 -0.00223 0.001595,
                -0.005405 -0.00223 0.001595,
                -0.004755 -0.00223 0.000945,
                -0.005405 -0.00223 0.000945,
                0.005405 -0.00223 -0.000945,
                0.004755 -0.00223 -0.000945,
                0.005405 -0.00223 -0.001595,
                0.004755 -0.00223 -0.001595,
                0.002865 -0.00223 -0.000945,
                0.002215 -0.00223 -0.000945,
                0.002865 -0.00223 -0.001595,
                0.002215 -0.00223 -0.001595,
                0.000325 -0.00223 -0.000945,
                -0.000325 -0.00223 -0.000945,
                0.000325 -0.00223 -0.001595,
                -0.000325 -0.00223 -0.001595,
                -0.002215 -0.00223 -0.000945,
                -0.002865 -0.00223 -0.000945,
                -0.002215 -0.00223 -0.001595,
                -0.002865 -0.00223 -0.001595,
                -0.004755 -0.00223 -0.000945,
                -0.005405 -0.00223 -0.000945,
                -0.004755 -0.00223 -0.001595,
                -0.005405 -0.00223 -0.001595,
                -0.0066 -0.00173 -0.003175,
                -0.0066 -0.00173 -0.00254,
                -0.0066 -0.00173 0.00254,
                -0.0066 -0.00173 0.003175,
                0.0066 -0.00173 0.00254,
                0.0066 -0.00173 0.003175,
                0.00201248866353 -0.00173 -0.003175,
                0.0066 -0.00173 -0.003175,
                0.0066 -0.00173 -0.00254,
                0.0066 0.00515 -0.003175,
                0.00201248866353 0.00515 -0.003175,
                0.001925 0.00515 -0.004175,
                0.002215 0.00402 0.001595,
                0.002865 0.00402 0.001595,
                0.002415 0.00452 0.001395,
                0.002665 0.00452 0.001395,
                0.002215 0.00402 0.000945,
                0.002415 0.00452 0.001145,
                0.002215 -0.004763 0.007275,
                0.002215 -0.005413 0.007275,
                0.002215 -0.005413 0.001778,
                0.002215 -0.004763 0.001778,
                0.002415 -0.004963 0.007775,
                0.002415 -0.005213 0.007775,
                0.002665 -0.005213 0.007775,
                0.002665 -0.004963 0.007775,
                0.002865 -0.005413 0.007275,
                0.002865 -0.004763 0.007275,
                0.002865 -0.004763 0.001778,
                0.002865 -0.005413 0.001778,
                0.002865 0.00402 0.000945,
                0.002665 0.00452 0.001145,
                -0.000325 0.00402 0.001595,
                0.000325 0.00402 0.001595,
                -0.000125 0.00452 0.001395,
                0.000125 0.00452 0.001395,
                -0.000325 0.00402 0.000945,
                -0.000125 0.00452 0.001145,
                -0.000325 -0.004763 0.007275,
                -0.000325 -0.005413 0.007275,
                -0.000325 -0.005413 0.001778,
                -0.000325 -0.004763 0.001778,
                -0.000125 -0.004963 0.007775,
                -0.000125 -0.005213 0.007775,
                0.000125 -0.005213 0.007775,
                0.000125 -0.004963 0.007775,
                0.000325 -0.005413 0.007275,
                0.000325 -0.004763 0.007275,
                0.000325 -0.004763 0.001778,
                0.000325 -0.005413 0.001778,
                0.000325 0.00402 0.000945,
                0.000125 0.00452 0.001145,
                -0.002865 0.00402 0.001595,
                -0.002215 0.00402 0.001595,
                -0.002665 0.00452 0.001395,
                -0.002415 0.00452 0.001395,
                -0.002865 0.00402 0.000945,
                -0.002665 0.00452 0.001145,
                -0.002865 -0.004763 0.007275,
                -0.002865 -0.005413 0.007275,
                -0.002865 -0.005413 0.001778,
                -0.002865 -0.004763 0.001778,
                -0.002665 -0.004963 0.007775,
                -0.002665 -0.005213 0.007775,
                -0.002415 -0.005213 0.007775,
                -0.002415 -0.004963 0.007775,
                -0.002215 -0.005413 0.007275,
                -0.002215 -0.004763 0.007275,
                -0.002215 -0.004763 0.001778,
                -0.002215 -0.005413 0.001778,
                -0.002215 0.00402 0.000945,
                -0.002415 0.00452 0.001145,
                -0.005405 0.00402 0.001595,
                -0.004755 0.00402 0.001595,
                -0.005205 0.00452 0.001395,
                -0.004955 0.00452 0.001395,
                -0.005405 0.00402 0.000945,
                -0.005205 0.00452 0.001145,
                -0.005405 -0.004763 0.007275,
                -0.005405 -0.005413 0.007275,
                -0.005405 -0.005413 0.001778,
                -0.005405 -0.004763 0.001778,
                -0.005205 -0.004963 0.007775,
                -0.005205 -0.005213 0.007775,
                -0.004955 -0.005213 0.007775,
                -0.004955 -0.004963 0.007775,
                -0.004755 -0.005413 0.007275,
                -0.004755 -0.004763 0.007275,
                -0.004755 -0.004763 0.001778,
                -0.004755 -0.005413 0.001778,
                -0.004755 0.00402 0.000945,
                -0.004955 0.00452 0.001145,
                0.005405 -0.00712 -0.000945,
                0.004755 -0.00712 -0.000945,
                0.004755 0.00402 -0.000945,
                0.005405 0.00402 -0.000945,
                0.005405 -0.007953 0.007275,
                0.005405 -0.007303 0.007275,
                0.005405 -0.007303 -0.000762,
                0.005405 -0.00712 -0.001595,
                0.005405 -0.007953 -0.000762,
                0.005405 0.00402 -0.001595,
                0.005205 -0.007753 0.007775,
                0.005205 -0.007503 0.007775,
                0.004755 -0.007953 0.007275,
                0.004955 -0.007753 0.007775,
                0.004755 -0.007953 -0.000762,
                0.004755 -0.00712 -0.001595,
                0.004755 0.00402 -0.001595,
                0.004755 -0.007303 0.007275,
                0.004755 -0.007303 -0.000762,
                0.004955 -0.007503 0.007775,
                0.004955 0.00452 -0.001395,
                0.004955 0.00452 -0.001145,
                0.005205 0.00452 -0.001395,
                0.005205 0.00452 -0.001145,
                0.002865 -0.00712 -0.000945,
                0.002215 -0.00712 -0.000945,
                0.002215 0.00402 -0.000945,
                0.002865 0.00402 -0.000945,
                0.002865 -0.007953 0.007275,
                0.002865 -0.007303 0.007275,
                0.002865 -0.007303 -0.000762,
                0.002865 -0.00712 -0.001595,
                0.002865 -0.007953 -0.000762,
                0.002865 0.00402 -0.001595,
                0.002665 -0.007753 0.007775,
                0.002665 -0.007503 0.007775,
                0.002215 -0.007953 0.007275,
                0.002415 -0.007753 0.007775,
                0.002215 -0.007953 -0.000762,
                0.002215 -0.00712 -0.001595,
                0.002215 0.00402 -0.001595,
                0.002215 -0.007303 0.007275,
                0.002215 -0.007303 -0.000762,
                0.002415 -0.007503 0.007775,
                0.002415 0.00452 -0.001395,
                0.002415 0.00452 -0.001145,
                0.002665 0.00452 -0.001395,
                0.002665 0.00452 -0.001145,
                0.000325 -0.00712 -0.000945,
                -0.000325 -0.00712 -0.000945,
                -0.000325 0.00402 -0.000945,
                0.000325 0.00402 -0.000945,
                0.000325 -0.007953 0.007275,
                0.000325 -0.007303 0.007275,
                0.000325 -0.007303 -0.000762,
                0.000325 -0.00712 -0.001595,
                0.000325 -0.007953 -0.000762,
                0.000325 0.00402 -0.001595,
                0.000125 -0.007753 0.007775,
                0.000125 -0.007503 0.007775,
                -0.000325 -0.007953 0.007275,
                -0.000125 -0.007753 0.007775,
                -0.000325 -0.007953 -0.000762,
                -0.000325 -0.00712 -0.001595,
                -0.000325 0.00402 -0.001595,
                -0.000325 -0.007303 0.007275,
                -0.000325 -0.007303 -0.000762,
                -0.000125 -0.007503 0.007775,
                -0.000125 0.00452 -0.001395,
                -0.000125 0.00452 -0.001145,
                0.000125 0.00452 -0.001395,
                0.000125 0.00452 -0.001145,
                -0.002215 -0.00712 -0.000945,
                -0.002865 -0.00712 -0.000945,
                -0.002865 0.00402 -0.000945,
                -0.002215 0.00402 -0.000945,
                -0.002215 -0.007953 0.007275,
                -0.002215 -0.007303 0.007275,
                -0.002215 -0.007303 -0.000762,
                -0.002215 -0.00712 -0.001595,
                -0.002215 -0.007953 -0.000762,
                -0.002215 0.00402 -0.001595,
                -0.002415 -0.007753 0.007775,
                -0.002415 -0.007503 0.007775,
                -0.002865 -0.007953 0.007275,
                -0.002665 -0.007753 0.007775,
                -0.002865 -0.007953 -0.000762,
                -0.002865 -0.00712 -0.001595,
                -0.002865 0.00402 -0.001595,
                -0.002865 -0.007303 0.007275,
                -0.002865 -0.007303 -0.000762,
                -0.002665 -0.007503 0.007775,
                -0.002665 0.00452 -0.001395,
                -0.002665 0.00452 -0.001145,
                -0.002415 0.00452 -0.001395,
                -0.002415 0.00452 -0.001145,
                -0.004755 -0.00712 -0.000945,
                -0.005405 -0.00712 -0.000945,
                -0.005405 0.00402 -0.000945,
                -0.004755 0.00402 -0.000945,
                -0.004755 -0.007953 0.007275,
                -0.004755 -0.007303 0.007275,
                -0.004755 -0.007303 -0.000762,
                -0.004755 -0.00712 -0.001595,
                -0.004755 -0.007953 -0.000762,
                -0.004755 0.00402 -0.001595,
                -0.004955 -0.007753 0.007775,
                -0.004955 -0.007503 0.007775,
                -0.005405 -0.007953 0.007275,
                -0.005205 -0.007753 0.007775,
                -0.005405 -0.007953 -0.000762,
                -0.005405 -0.00712 -0.001595,
                -0.005405 0.00402 -0.001595,
                -0.005405 -0.007303 0.007275,
                -0.005405 -0.007303 -0.000762,
                -0.005205 -0.007503 0.007775,
                -0.005205 0.00452 -0.001395,
                -0.005205 0.00452 -0.001145,
                -0.004955 0.00452 -0.001395,
                -0.004955 0.00452 -0.001145,
                0.00661772116295 0.00545 0.00422395277335,
                0.00661095389312 0.00545 0.0041986969785,
                0.00659990381057 0.00545 0.004175,
                0.00658490666647 0.00545 0.00415358185855,
                0.00656641814145 0.00545 0.00413509333353,
                0.006545 0.00545 0.00412009618943,
                0.0065213030215 0.00545 0.00410904610688,
                0.00649604722665 0.00545 0.00410227883705,
                0.000901519224699 0.00545 0.00418263518223,
                0.000906030737921 0.00545 0.00416579798567,
                0.000913397459622 0.00545 0.00415,
                0.000923395555688 0.00545 0.00413572123903,
                0.000935721239031 0.00545 0.00412339555569,
                0.00095 0.00545 0.00411339745962,
                0.000965797985667 0.00545 0.00410603073792,
                0.000982635182233 0.00545 0.0041015192247,
                -0.000982635182233 0.00545 0.0041015192247,
                -0.000965797985667 0.00545 0.00410603073792,
                -0.00095 0.00545 0.00411339745962,
                -0.000935721239031 0.00545 0.00412339555569,
                -0.000923395555688 0.00545 0.00413572123903,
                -0.000913397459622 0.00545 0.00415,
                -0.000906030737921 0.00545 0.00416579798567,
                -0.000901519224699 0.00545 0.00418263518223,
                -0.00649604722665 0.00545 0.00410227883705,
                -0.0065213030215 0.00545 0.00410904610688,
                -0.006545 0.00545 0.00412009618943,
                -0.00656641814145 0.00545 0.00413509333353,
                -0.00658490666647 0.00545 0.00415358185855,
                -0.00659990381057 0.00545 0.004175,
                -0.00661095389312 0.00545 0.0041986969785,
                -0.00661772116295 0.00545 0.00422395277335,
                -0.00649346516976 -0.0031 0.00410184674891,
                -0.00651635254916 -0.0031 0.00410734152256,
                -0.00653809857496 -0.0031 0.00411634902137,
                -0.00655816778784 -0.0031 0.00412864745084,
                -0.00657606601718 -0.0031 0.00414393398282,
                -0.00659135254916 -0.0031 0.00416183221216,
                -0.00660365097863 -0.0031 0.00418190142504,
                -0.00661265847744 -0.0031 0.00420364745084,
                -0.00661815325109 -0.0031 0.00422653483024,
                0.00661772116295 -0.0031 0.00422395277335,
                0.00661095389312 -0.0031 0.0041986969785,
                0.00659990381057 -0.0031 0.004175,
                0.00658490666647 -0.0031 0.00415358185855,
                0.00656641814145 -0.0031 0.00413509333353,
                0.006545 -0.0031 0.00412009618943,
                0.0065213030215 -0.0031 0.00410904610688,
                0.00649604722665 -0.0031 0.00410227883705,
                -0.000901519224699 -0.0031 0.00418263518223,
                -0.000906030737921 -0.0031 0.00416579798567,
                -0.000913397459622 -0.0031 0.00415,
                -0.000923395555688 -0.0031 0.00413572123903,
                -0.000935721239031 -0.0031 0.00412339555569,
                -0.00095 -0.0031 0.00411339745962,
                -0.000965797985667 -0.0031 0.00410603073792,
                -0.000982635182233 -0.0031 0.0041015192247,
                0.000982635182233 -0.0031 0.0041015192247,
                0.000965797985667 -0.0031 0.00410603073792,
                0.00095 -0.0031 0.00411339745962,
                0.000935721239031 -0.0031 0.00412339555569,
                0.000923395555688 -0.0031 0.00413572123903,
                0.000913397459622 -0.0031 0.00415,
                0.000906030737921 -0.0031 0.00416579798567,
                0.000901519224699 -0.0031 0.00418263518223,
                0.004755 -0.0047421240314 0.000960929134993,
                0.004755 -0.00487947109088 0.00100069306852,
                0.004755 -0.00500799425808 0.00106336029004,
                0.004755 -0.00512390660791 0.00114708431476,
                0.004755 -0.00522379279204 0.00124939822085,
                0.004755 -0.00530470967186 0.00136728733705,
                0.004755 -0.00536427303784 0.00149727806976,
                0.004755 -0.00540072786005 0.00163554025221,
                0.004755 -0.00462914222958 0.0016017216937,
                0.004755 -0.00465699179069 0.00161198414484,
                0.004755 -0.00468281611077 0.00162661358262,
                0.004755 -0.00470593589047 0.00164522518503,
                0.004755 -0.00472574297241 0.00166732938062,
                0.004755 -0.00474171633849 0.00169234472658,
                0.004755 -0.00475343581515 0.00171961320334,
                0.004755 -0.0047605931258 0.00174841752353,
                0.005405 -0.00462914222958 0.0016017216937,
                0.005405 -0.00465699179069 0.00161198414484,
                0.005405 -0.00468281611077 0.00162661358262,
                0.005405 -0.00470593589047 0.00164522518503,
                0.005405 -0.00472574297241 0.00166732938062,
                0.005405 -0.00474171633849 0.00169234472658,
                0.005405 -0.00475343581515 0.00171961320334,
                0.005405 -0.0047605931258 0.00174841752353,
                0.005405 -0.0047421240314 0.000960929134993,
                0.005405 -0.00487947109088 0.00100069306852,
                0.005405 -0.00500799425808 0.00106336029004,
                0.005405 -0.00512390660791 0.00114708431476,
                0.005405 -0.00522379279204 0.00124939822085,
                0.005405 -0.00530470967186 0.00136728733705,
                0.005405 -0.00536427303784 0.00149727806976,
                0.005405 -0.00540072786005 0.00163554025221,
                0.002215 -0.0047421240314 0.000960929134993,
                0.002215 -0.00487947109088 0.00100069306852,
                0.002215 -0.00500799425808 0.00106336029004,
                0.002215 -0.00512390660791 0.00114708431476,
                0.002215 -0.00522379279204 0.00124939822085,
                0.002215 -0.00530470967186 0.00136728733705,
                0.002215 -0.00536427303784 0.00149727806976,
                0.002215 -0.00540072786005 0.00163554025221,
                0.002215 -0.00462914222958 0.0016017216937,
                0.002215 -0.00465699179069 0.00161198414484,
                0.002215 -0.00468281611077 0.00162661358262,
                0.002215 -0.00470593589047 0.00164522518503,
                0.002215 -0.00472574297241 0.00166732938062,
                0.002215 -0.00474171633849 0.00169234472658,
                0.002215 -0.00475343581515 0.00171961320334,
                0.002215 -0.0047605931258 0.00174841752353,
                0.002865 -0.00462914222958 0.0016017216937,
                0.002865 -0.00465699179069 0.00161198414484,
                0.002865 -0.00468281611077 0.00162661358262,
                0.002865 -0.00470593589047 0.00164522518503,
                0.002865 -0.00472574297241 0.00166732938062,
                0.002865 -0.00474171633849 0.00169234472658,
                0.002865 -0.00475343581515 0.00171961320334,
                0.002865 -0.0047605931258 0.00174841752353,
                0.002865 -0.0047421240314 0.000960929134993,
                0.002865 -0.00487947109088 0.00100069306852,
                0.002865 -0.00500799425808 0.00106336029004,
                0.002865 -0.00512390660791 0.00114708431476,
                0.002865 -0.00522379279204 0.00124939822085,
                0.002865 -0.00530470967186 0.00136728733705,
                0.002865 -0.00536427303784 0.00149727806976,
                0.002865 -0.00540072786005 0.00163554025221,
                -0.000325 -0.0047421240314 0.000960929134993,
                -0.000325 -0.00487947109088 0.00100069306852,
                -0.000325 -0.00500799425808 0.00106336029004,
                -0.000325 -0.00512390660791 0.00114708431476,
                -0.000325 -0.00522379279204 0.00124939822085,
                -0.000325 -0.00530470967186 0.00136728733705,
                -0.000325 -0.00536427303784 0.00149727806976,
                -0.000325 -0.00540072786005 0.00163554025221,
                -0.000325 -0.00462914222958 0.0016017216937,
                -0.000325 -0.00465699179069 0.00161198414484,
                -0.000325 -0.00468281611077 0.00162661358262,
                -0.000325 -0.00470593589047 0.00164522518503,
                -0.000325 -0.00472574297241 0.00166732938062,
                -0.000325 -0.00474171633849 0.00169234472658,
                -0.000325 -0.00475343581515 0.00171961320334,
                -0.000325 -0.0047605931258 0.00174841752353,
                0.000325 -0.00462914222958 0.0016017216937,
                0.000325 -0.00465699179069 0.00161198414484,
                0.000325 -0.00468281611077 0.00162661358262,
                0.000325 -0.00470593589047 0.00164522518503,
                0.000325 -0.00472574297241 0.00166732938062,
                0.000325 -0.00474171633849 0.00169234472658,
                0.000325 -0.00475343581515 0.00171961320334,
                0.000325 -0.0047605931258 0.00174841752353,
                0.000325 -0.0047421240314 0.000960929134993,
                0.000325 -0.00487947109088 0.00100069306852,
                0.000325 -0.00500799425808 0.00106336029004,
                0.000325 -0.00512390660791 0.00114708431476,
                0.000325 -0.00522379279204 0.00124939822085,
                0.000325 -0.00530470967186 0.00136728733705,
                0.000325 -0.00536427303784 0.00149727806976,
                0.000325 -0.00540072786005 0.00163554025221,
                -0.002865 -0.0047421240314 0.000960929134993,
                -0.002865 -0.00487947109088 0.00100069306852,
                -0.002865 -0.00500799425808 0.00106336029004,
                -0.002865 -0.00512390660791 0.00114708431476,
                -0.002865 -0.00522379279204 0.00124939822085,
                -0.002865 -0.00530470967186 0.00136728733705,
                -0.002865 -0.00536427303784 0.00149727806976,
                -0.002865 -0.00540072786005 0.00163554025221,
                -0.002865 -0.00462914222958 0.0016017216937,
                -0.002865 -0.00465699179069 0.00161198414484,
                -0.002865 -0.00468281611077 0.00162661358262,
                -0.002865 -0.00470593589047 0.00164522518503,
                -0.002865 -0.00472574297241 0.00166732938062,
                -0.002865 -0.00474171633849 0.00169234472658,
                -0.002865 -0.00475343581515 0.00171961320334,
                -0.002865 -0.0047605931258 0.00174841752353,
                -0.002215 -0.00462914222958 0.0016017216937,
                -0.002215 -0.00465699179069 0.00161198414484,
                -0.002215 -0.00468281611077 0.00162661358262,
                -0.002215 -0.00470593589047 0.00164522518503,
                -0.002215 -0.00472574297241 0.00166732938062,
                -0.002215 -0.00474171633849 0.00169234472658,
                -0.002215 -0.00475343581515 0.00171961320334,
                -0.002215 -0.0047605931258 0.00174841752353,
                -0.002215 -0.0047421240314 0.000960929134993,
                -0.002215 -0.00487947109088 0.00100069306852,
                -0.002215 -0.00500799425808 0.00106336029004,
                -0.002215 -0.00512390660791 0.00114708431476,
                -0.002215 -0.00522379279204 0.00124939822085,
                -0.002215 -0.00530470967186 0.00136728733705,
                -0.002215 -0.00536427303784 0.00149727806976,
                -0.002215 -0.00540072786005 0.00163554025221,
                -0.005405 -0.0047421240314 0.000960929134993,
                -0.005405 -0.00487947109088 0.00100069306852,
                -0.005405 -0.00500799425808 0.00106336029004,
                -0.005405 -0.00512390660791 0.00114708431476,
                -0.005405 -0.00522379279204 0.00124939822085,
                -0.005405 -0.00530470967186 0.00136728733705,
                -0.005405 -0.00536427303784 0.00149727806976,
                -0.005405 -0.00540072786005 0.00163554025221,
                -0.005405 -0.00462914222958 0.0016017216937,
                -0.005405 -0.00465699179069 0.00161198414484,
                -0.005405 -0.00468281611077 0.00162661358262,
                -0.005405 -0.00470593589047 0.00164522518503,
                -0.005405 -0.00472574297241 0.00166732938062,
                -0.005405 -0.00474171633849 0.00169234472658,
                -0.005405 -0.00475343581515 0.00171961320334,
                -0.005405 -0.0047605931258 0.00174841752353,
                -0.004755 -0.00462914222958 0.0016017216937,
                -0.004755 -0.00465699179069 0.00161198414484,
                -0.004755 -0.00468281611077 0.00162661358262,
                -0.004755 -0.00470593589047 0.00164522518503,
                -0.004755 -0.00472574297241 0.00166732938062,
                -0.004755 -0.00474171633849 0.00169234472658,
                -0.004755 -0.00475343581515 0.00171961320334,
                -0.004755 -0.0047605931258 0.00174841752353,
                -0.004755 -0.0047421240314 0.000960929134993,
                -0.004755 -0.00487947109088 0.00100069306852,
                -0.004755 -0.00500799425808 0.00106336029004,
                -0.004755 -0.00512390660791 0.00114708431476,
                -0.004755 -0.00522379279204 0.00124939822085,
                -0.004755 -0.00530470967186 0.00136728733705,
                -0.004755 -0.00536427303784 0.00149727806976,
                -0.004755 -0.00540072786005 0.00163554025221,
                0.005405 -0.00715177761651 -0.000942219818801,
                0.005405 -0.00718258968623 -0.000933963749604,
                0.005405 -0.0072115 -0.000920482648893,
                0.005405 -0.00723763013257 -0.000902186133091,
                0.005405 -0.00726018613309 -0.000879630132573,
                0.005405 -0.00727848264889 -0.0008535,
                0.005405 -0.0072919637496 -0.000824589686229,
                0.005405 -0.0073002198188 -0.000793777616513,
                0.005405 -0.007264648932 -0.00158234485826,
                0.005405 -0.00740490277939 -0.00154476395311,
                0.005405 -0.0075365 -0.00148339916135,
                0.005405 -0.00765544207887 -0.00140011502112,
                0.005405 -0.00775811502112 -0.00129744207887,
                0.005405 -0.00784139916135 -0.0011785,
                0.005405 -0.00790276395311 -0.00104690277939,
                0.005405 -0.00794034485826 -0.000906648931997,
                0.004755 -0.007264648932 -0.00158234485826,
                0.004755 -0.00740490277939 -0.00154476395311,
                0.004755 -0.0075365 -0.00148339916135,
                0.004755 -0.00765544207887 -0.00140011502112,
                0.004755 -0.00775811502112 -0.00129744207887,
                0.004755 -0.00784139916135 -0.0011785,
                0.004755 -0.00790276395311 -0.00104690277939,
                0.004755 -0.00794034485826 -0.000906648931997,
                0.004755 -0.00715177761651 -0.000942219818801,
                0.004755 -0.00718258968623 -0.000933963749604,
                0.004755 -0.0072115 -0.000920482648893,
                0.004755 -0.00723763013257 -0.000902186133091,
                0.004755 -0.00726018613309 -0.000879630132573,
                0.004755 -0.00727848264889 -0.0008535,
                0.004755 -0.0072919637496 -0.000824589686229,
                0.004755 -0.0073002198188 -0.000793777616513,
                0.002865 -0.00715177761651 -0.000942219818801,
                0.002865 -0.00718258968623 -0.000933963749604,
                0.002865 -0.0072115 -0.000920482648893,
                0.002865 -0.00723763013257 -0.000902186133091,
                0.002865 -0.00726018613309 -0.000879630132573,
                0.002865 -0.00727848264889 -0.0008535,
                0.002865 -0.0072919637496 -0.000824589686229,
                0.002865 -0.0073002198188 -0.000793777616513,
                0.002865 -0.007264648932 -0.00158234485826,
                0.002865 -0.00740490277939 -0.00154476395311,
                0.002865 -0.0075365 -0.00148339916135,
                0.002865 -0.00765544207887 -0.00140011502112,
                0.002865 -0.00775811502112 -0.00129744207887,
                0.002865 -0.00784139916135 -0.0011785,
                0.002865 -0.00790276395311 -0.00104690277939,
                0.002865 -0.00794034485826 -0.000906648931997,
                0.002215 -0.007264648932 -0.00158234485826,
                0.002215 -0.00740490277939 -0.00154476395311,
                0.002215 -0.0075365 -0.00148339916135,
                0.002215 -0.00765544207887 -0.00140011502112,
                0.002215 -0.00775811502112 -0.00129744207887,
                0.002215 -0.00784139916135 -0.0011785,
                0.002215 -0.00790276395311 -0.00104690277939,
                0.002215 -0.00794034485826 -0.000906648931997,
                0.002215 -0.00715177761651 -0.000942219818801,
                0.002215 -0.00718258968623 -0.000933963749604,
                0.002215 -0.0072115 -0.000920482648893,
                0.002215 -0.00723763013257 -0.000902186133091,
                0.002215 -0.00726018613309 -0.000879630132573,
                0.002215 -0.00727848264889 -0.0008535,
                0.002215 -0.0072919637496 -0.000824589686229,
                0.002215 -0.0073002198188 -0.000793777616513,
                0.000325 -0.00715177761651 -0.000942219818801,
                0.000325 -0.00718258968623 -0.000933963749604,
                0.000325 -0.0072115 -0.000920482648893,
                0.000325 -0.00723763013257 -0.000902186133091,
                0.000325 -0.00726018613309 -0.000879630132573,
                0.000325 -0.00727848264889 -0.0008535,
                0.000325 -0.0072919637496 -0.000824589686229,
                0.000325 -0.0073002198188 -0.000793777616513,
                0.000325 -0.007264648932 -0.00158234485826,
                0.000325 -0.00740490277939 -0.00154476395311,
                0.000325 -0.0075365 -0.00148339916135,
                0.000325 -0.00765544207887 -0.00140011502112,
                0.000325 -0.00775811502112 -0.00129744207887,
                0.000325 -0.00784139916135 -0.0011785,
                0.000325 -0.00790276395311 -0.00104690277939,
                0.000325 -0.00794034485826 -0.000906648931997,
                -0.000325 -0.007264648932 -0.00158234485826,
                -0.000325 -0.00740490277939 -0.00154476395311,
                -0.000325 -0.0075365 -0.00148339916135,
                -0.000325 -0.00765544207887 -0.00140011502112,
                -0.000325 -0.00775811502112 -0.00129744207887,
                -0.000325 -0.00784139916135 -0.0011785,
                -0.000325 -0.00790276395311 -0.00104690277939,
                -0.000325 -0.00794034485826 -0.000906648931997,
                -0.000325 -0.00715177761651 -0.000942219818801,
                -0.000325 -0.00718258968623 -0.000933963749604,
                -0.000325 -0.0072115 -0.000920482648893,
                -0.000325 -0.00723763013257 -0.000902186133091,
                -0.000325 -0.00726018613309 -0.000879630132573,
                -0.000325 -0.00727848264889 -0.0008535,
                -0.000325 -0.0072919637496 -0.000824589686229,
                -0.000325 -0.0073002198188 -0.000793777616513,
                -0.002215 -0.00715177761651 -0.000942219818801,
                -0.002215 -0.00718258968623 -0.000933963749604,
                -0.002215 -0.0072115 -0.000920482648893,
                -0.002215 -0.00723763013257 -0.000902186133091,
                -0.002215 -0.00726018613309 -0.000879630132573,
                -0.002215 -0.00727848264889 -0.0008535,
                -0.002215 -0.0072919637496 -0.000824589686229,
                -0.002215 -0.0073002198188 -0.000793777616513,
                -0.002215 -0.007264648932 -0.00158234485826,
                -0.002215 -0.00740490277939 -0.00154476395311,
                -0.002215 -0.0075365 -0.00148339916135,
                -0.002215 -0.00765544207887 -0.00140011502112,
                -0.002215 -0.00775811502112 -0.00129744207887,
                -0.002215 -0.00784139916135 -0.0011785,
                -0.002215 -0.00790276395311 -0.00104690277939,
                -0.002215 -0.00794034485826 -0.000906648931997,
                -0.002865 -0.007264648932 -0.00158234485826,
                -0.002865 -0.00740490277939 -0.00154476395311,
                -0.002865 -0.0075365 -0.00148339916135,
                -0.002865 -0.00765544207887 -0.00140011502112,
                -0.002865 -0.00775811502112 -0.00129744207887,
                -0.002865 -0.00784139916135 -0.0011785,
                -0.002865 -0.00790276395311 -0.00104690277939,
                -0.002865 -0.00794034485826 -0.000906648931997,
                -0.002865 -0.00715177761651 -0.000942219818801,
                -0.002865 -0.00718258968623 -0.000933963749604,
                -0.002865 -0.0072115 -0.000920482648893,
                -0.002865 -0.00723763013257 -0.000902186133091,
                -0.002865 -0.00726018613309 -0.000879630132573,
                -0.002865 -0.00727848264889 -0.0008535,
                -0.002865 -0.0072919637496 -0.000824589686229,
                -0.002865 -0.0073002198188 -0.000793777616513,
                -0.004755 -0.00715177761651 -0.000942219818801,
                -0.004755 -0.00718258968623 -0.000933963749604,
                -0.004755 -0.0072115 -0.000920482648893,
                -0.004755 -0.00723763013257 -0.000902186133091,
                -0.004755 -0.00726018613309 -0.000879630132573,
                -0.004755 -0.00727848264889 -0.0008535,
                -0.004755 -0.0072919637496 -0.000824589686229,
                -0.004755 -0.0073002198188 -0.000793777616513,
                -0.004755 -0.007264648932 -0.00158234485826,
                -0.004755 -0.00740490277939 -0.00154476395311,
                -0.004755 -0.0075365 -0.00148339916135,
                -0.004755 -0.00765544207887 -0.00140011502112,
                -0.004755 -0.00775811502112 -0.00129744207887,
                -0.004755 -0.00784139916135 -0.0011785,
                -0.004755 -0.00790276395311 -0.00104690277939,
                -0.004755 -0.00794034485826 -0.000906648931997,
                -0.005405 -0.007264648932 -0.00158234485826,
                -0.005405 -0.00740490277939 -0.00154476395311,
                -0.005405 -0.0075365 -0.00148339916135,
                -0.005405 -0.00765544207887 -0.00140011502112,
                -0.005405 -0.00775811502112 -0.00129744207887,
                -0.005405 -0.00784139916135 -0.0011785,
                -0.005405 -0.00790276395311 -0.00104690277939,
                -0.005405 -0.00794034485826 -0.000906648931997,
                -0.005405 -0.00715177761651 -0.000942219818801,
                -0.005405 -0.00718258968623 -0.000933963749604,
                -0.005405 -0.0072115 -0.000920482648893,
                -0.005405 -0.00723763013257 -0.000902186133091,
                -0.005405 -0.00726018613309 -0.000879630132573,
                -0.005405 -0.00727848264889 -0.0008535,
                -0.005405 -0.0072919637496 -0.000824589686229,
                -0.005405 -0.0073002198188 -0.000793777616513,
                0 0.00247 -0.0044875,
                0 0.0053 0.003325,
                -0.00675 0.0053 0,
                -0.00444312103223 0.0053 -0.003325,
                -0.00195562103223 0.00186 -0.003825,
                -0.00662 -0.004275 -0.0032994,
                0 -0.0031 0.0037,
                0.00662 -0.004275 -0.0032994,
                -8.881784197e-19 -0.0046 -2.5e-05,
                0.00752 0 0.0003875,
                -0.00752 0 0.0003875,
                0.004755 -0.0050065 0.00411012006532,
                0.004855 -0.005088 0.007525,
                0.005305 -0.005088 0.007525,
                0.005405 -0.0050065 0.00411012006532,
                0.00508 -0.004863 0.007525,
                0.00508 -0.005313 0.007525,
                0.005305 0.00427 0.00127,
                0.00508 0.00427 0.001495,
                0 -0.00223 0,
                -0.0066 0.00146 0,
                0 -0.00173 -0.00332,
                0.0066 0.00146 0,
                0.00444312103223 0.0053 -0.003325,
                0.00675 0.0053 0,
                0.00195562103223 0.00186 -0.003825,
                0 0.0053 -0.004325,
                0.00508 0.00427 0.001045,
                0.004855 0.00427 0.00127,
                0.00254 0.00427 0.001495,
                0.002315 0.00427 0.00127,
                0.002215 -0.0050065 0.00411012006532,
                0.002315 -0.005088 0.007525,
                0.002765 -0.005088 0.007525,
                0.002865 -0.0050065 0.00411012006532,
                0.00254 -0.004863 0.007525,
                0.00254 -0.005313 0.007525,
                0.002765 0.00427 0.00127,
                0.00254 0.00427 0.001045,
                0 0.00427 0.001495,
                -0.000225 0.00427 0.00127,
                -0.000325 -0.0050065 0.00411012006532,
                -0.000225 -0.005088 0.007525,
                0.000225 -0.005088 0.007525,
                0.000325 -0.0050065 0.00411012006532,
                0 -0.004863 0.007525,
                0 -0.005313 0.007525,
                0.000225 0.00427 0.00127,
                0 0.00427 0.001045,
                -0.00254 0.00427 0.001495,
                -0.002765 0.00427 0.00127,
                -0.002865 -0.0050065 0.00411012006532,
                -0.002765 -0.005088 0.007525,
                -0.002315 -0.005088 0.007525,
                -0.002215 -0.0050065 0.00411012006532,
                -0.00254 -0.004863 0.007525,
                -0.00254 -0.005313 0.007525,
                -0.002315 0.00427 0.00127,
                -0.00254 0.00427 0.001045,
                -0.00508 0.00427 0.001495,
                -0.005305 0.00427 0.00127,
                -0.005405 -0.0050065 0.00411012006532,
                -0.005305 -0.005088 0.007525,
                -0.004855 -0.005088 0.007525,
                -0.004755 -0.0050065 0.00411012006532,
                -0.00508 -0.004863 0.007525,
                -0.00508 -0.005313 0.007525,
                -0.004855 0.00427 0.00127,
                -0.00508 0.00427 0.001045,
                0.005305 -0.007628 0.007525,
                0.00508 -0.007853 0.007525,
                0.004855 -0.007628 0.007525,
                0.00508 -0.007403 0.007525,
                0.004855 0.00427 -0.00127,
                0.00508 0.00427 -0.001495,
                0.00508 0.00427 -0.001045,
                0.005305 0.00427 -0.00127,
                0.002765 -0.007628 0.007525,
                0.00254 -0.007853 0.007525,
                0.002315 -0.007628 0.007525,
                0.00254 -0.007403 0.007525,
                0.002315 0.00427 -0.00127,
                0.00254 0.00427 -0.001495,
                0.00254 0.00427 -0.001045,
                0.002765 0.00427 -0.00127,
                0.000225 -0.007628 0.007525,
                0 -0.007853 0.007525,
                -0.000225 -0.007628 0.007525,
                0 -0.007403 0.007525,
                -0.000225 0.00427 -0.00127,
                0 0.00427 -0.001495,
                0 0.00427 -0.001045,
                0.000225 0.00427 -0.00127,
                -0.002315 -0.007628 0.007525,
                -0.00254 -0.007853 0.007525,
                -0.002765 -0.007628 0.007525,
                -0.00254 -0.007403 0.007525,
                -0.002765 0.00427 -0.00127,
                -0.00254 0.00427 -0.001495,
                -0.00254 0.00427 -0.001045,
                -0.002315 0.00427 -0.00127,
                -0.004855 -0.007628 0.007525,
                -0.00508 -0.007853 0.007525,
                -0.005305 -0.007628 0.007525,
                -0.00508 -0.007403 0.007525,
                -0.005305 0.00427 -0.00127,
                -0.00508 0.00427 -0.001495,
                -0.00508 0.00427 -0.001045,
                -0.004855 0.00427 -0.00127

              ]
            }
            normal Normal {
              vector [
                -0 -0 -1,
                -0 -0 -1,
                -0 -0 -1,
                -0 -0 -1,
                -0 -1 -0,
                -0 -1 -0,
                -0 -1 -0,
                -0 -1 -0,
                -0 -1 -0,
                -0 -1 -0,
                -0 -1 -0,
                -0 -1 -0,
                -0 -1 -0,
                -0.96592581 -0 -0.25881904,
                -0.96592581 -0 -0.25881904,
                -0.96592581 -0 -0.25881904,
                -0.96592581 -0 -0.25881904,
                0 1 0,
                0 1 0,
                0 1 0,
                0 1 0,
                0 1 0,
                0 1 0,
                0 1 0,
                0 1 0,
                0 1 0,
                0 1 0,
                0 1 0,
                0 1 0,
                0 1 0,
                0 1 0,
                0 1 0,
                0 1 0,
                0 1 0,
                0 1 0,
                0 1 0,
                0 1 0,
                0 1 0,
                0 1 0,
                0 1 0,
                0 1 0,
                0 1 0,
                0 1 0,
                0 1 0,
                0 1 0,
                0 1 0,
                0 1 0,
                0 1 0,
                0 1 0,
                0 1 0,
                0 1 0,
                0 1 0,
                0 1 0,
                0 1 0,
                0 1 0,
                0 1 0,
                0 1 0,
                0 1 0,
                0 1 0,
                0 1 0,
                0 1 0,
                0 1 0,
                0 1 0,
                0 1 0,
                0 1 0,
                0 1 0,
                0 1 0,
                0 1 0,
                0 1 0,
                0 1 0,
                0 1 0,
                0 1 0,
                0 1 0,
                0 1 0,
                0 1 0,
                0 1 0,
                0 1 0,
                0 0.70710677 -0.70710677,
                0 0.70710677 -0.70710677,
                0 0.70710677 -0.70710677,
                0 0.70710677 -0.70710677,
                0 0.70710677 -0.70710677,
                0.70710677 0.70710677 0,
                0.70710677 0.70710677 0,
                0.70710677 0.70710677 0,
                0.70710677 0.70710677 0,
                0.70710677 0.70710677 0,
                0 0.70710677 0.70710677,
                0 0.70710677 0.70710677,
                0 0.70710677 0.70710677,
                0 0.70710677 0.70710677,
                0 0.70710677 0.70710677,
                0.99619472 -0 0.087155744,
                0.99619472 -0 0.087155744,
                0.99619472 -0 0.087155744,
                0.99619472 -0 0.087155744,
                0.99619472 -0 0.087155744,
                0.99619472 -0 0.087155744,
                0.99619472 -0 0.087155744,
                0.99619472 -0 0.087155744,
                0.99619472 -0 0.087155744,
                -0 -0 -1,
                -0 -0 -1,
                -0 -0 -1,
                -0 -0 -1,
                -0 -0 -1,
                -0 -0 -1,
                -0 -0 -1,
                -0 -0 -1,
                -0 -0 -1,
                -0 -0 -1,
                -0 -0 -1,
                -0 -0 -1,
                -0 -0 -1,
                -0 -0 -1,
                -0 -0 -1,
                -0 -0 -1,
                -0 -1 -0,
                -0 -1 -0,
                -0 -1 -0,
                -0 -1 -0,
                1 -0 -0,
                1 -0 -0,
                1 -0 -0,
                1 -0 -0,
                1 -0 -0,
                1 -0 -0,
                1 -0 -0,
                1 -0 -0,
                1 -0 -0,
                1 -0 -0,
                1 -0 -0,
                1 -0 -0,
                1 -0 -0,
                1 -0 -0,
                1 -0 -0,
                1 -0 -0,
                1 -0 -0,
                -1.1829596e-14 -0 1,
                1 -0 1.2246469e-16,
                0.15643446 -0 0.98768836,
                0.309017 -0 0.95105654,
                0.45399049 -0 0.89100653,
                0.58778524 -0 0.809017,
                0.70710677 -0 0.70710677,
                0.809017 -0 0.58778524,
                0.89100653 -0 0.45399049,
                0.95105654 -0 0.309017,
                0.98768836 -0 0.15643446,
                1 -0 1.2246469e-16,
                -6.1232343e-17 -0 1,
                0.17364818 -0 0.98480773,
                0.34202015 -0 0.93969262,
                0.5 -0 0.86602539,
                0.64278764 -0 0.76604444,
                0.76604444 -0 0.64278764,
                0.86602539 -0 0.5,
                0.93969262 -0 0.34202015,
                0.98480773 -0 0.17364818,
                -0 -1 -0,
                -0 -1 -0,
                -0 -1 -0,
                -0 -1 -0,
                -0 -1 -0,
                -0 -1 -0,
                -0 -1 -0,
                -0 -1 -0,
                -0 -1 -0,
                -0 -1 -0,
                -0 -1 -0,
                -0 -1 -0,
                -0 -1 -0,
                -0 -1 -0,
                -0 -1 -0,
                -0 -1 -0,
                -0 -1 -0,
                -0 -1 -0,
                -0 -1 -0,
                -0 -1 -0,
                -0 -1 -0,
                -0 -1 -0,
                -0 -1 -0,
                -0 -1 -0,
                -0 -1 -0,
                -0 -1 -0,
                -0 -1 -0,
                -0 -1 -0,
                -0 -1 -0,
                -0 -1 -0,
                -0 -1 -0,
                -0 -1 -0,
                -0 -1 -0,
                -0 -1 -0,
                -0 -1 -0,
                -0 -1 -0,
                -0 -1 -0,
                -0 -1 -0,
                -0 -1 -0,
                -0 -1 -0,
                -0 -1 -0,
                -0 -1 -0,
                -0 -1 -0,
                -0 -1 -0,
                -0 -1 -0,
                -0 -1 -0,
                -0 -0 1,
                -0 -0 1,
                -0 -0 1,
                -0 -0 1,
                -0 -0 1,
                -0 -0 1,
                -0 -0 1,
                -0 -0 1,
                -6.1232343e-17 -0 1,
                1 -0 1.2246469e-16,
                0.17364818 -0 0.98480773,
                0.34202015 -0 0.93969262,
                0.5 -0 0.86602539,
                0.64278764 -0 0.76604444,
                0.76604444 -0 0.64278764,
                0.86602539 -0 0.5,
                0.93969262 -0 0.34202015,
                0.98480773 -0 0.17364818,
                1 -0 1.2246469e-16,
                -6.1232343e-17 -0 1,
                0.98480773 -0 0.17364818,
                0.93969262 -0 0.34202015,
                0.86602539 -0 0.5,
                0.76604444 -0 0.64278764,
                0.64278764 -0 0.76604444,
                0.5 -0 0.86602539,
                0.34202015 -0 0.93969262,
                0.17364818 -0 0.98480773,
                1 0 0,
                1 0 0,
                1 0 0,
                1 0 0,
                0 0 1,
                0 0 1,
                0 0 1,
                0 0 1,
                -1 0 0,
                -1 0 0,
                -1 0 0,
                -1 0 0,
                -1 0 -0,
                -6.1232343e-17 -0 1,
                -0.98480773 -0 0.17364818,
                -0.93969262 -0 0.34202015,
                -0.86602539 -0 0.5,
                -0.76604444 -0 0.64278764,
                -0.64278764 -0 0.76604444,
                -0.5 -0 0.86602539,
                -0.34202015 -0 0.93969262,
                -0.17364818 -0 0.98480773,
                -6.1232343e-17 -0 1,
                -1 0 -0,
                -0.17364818 -0 0.98480773,
                -0.34202015 -0 0.93969262,
                -0.5 -0 0.86602539,
                -0.64278764 -0 0.76604444,
                -0.76604444 -0 0.64278764,
                -0.86602539 -0 0.5,
                -0.93969262 -0 0.34202015,
                -0.98480773 -0 0.17364818,
                -1 0 -0,
                -6.1232343e-17 -0 1,
                -0.98480773 -0 0.17364818,
                -0.93969262 -0 0.34202015,
                -0.86602539 -0 0.5,
                -0.76604444 -0 0.64278764,
                -0.64278764 -0 0.76604444,
                -0.5 -0 0.86602539,
                -0.34202015 -0 0.93969262,
                -0.17364818 -0 0.98480773,
                -6.1232343e-17 -0 1,
                -1 0 -0,
                -0.98480773 -0 0.17364818,
                -0.93969262 -0 0.34202015,
                -0.86602539 -0 0.5,
                -0.76604444 -0 0.64278764,
                -0.64278764 -0 0.76604444,
                -0.5 -0 0.86602539,
                -0.34202015 -0 0.93969262,
                -0.17364818 -0 0.98480773,
                -1 -0 -0,
                -1 -0 -0,
                -1 -0 -0,
                -1 -0 -0,
                -1 -0 -0,
                -1 -0 -0,
                -1 -0 -0,
                -1 -0 -0,
                -1 -0 -0,
                -1 -0 -0,
                -1 -0 -0,
                -1 -0 -0,
                -1 -0 -0,
                -1 -0 -0,
                -1 -0 -0,
                -1 -0 -0,
                -1 -0 -0,
                -0 -0 -1,
                -0 -0 -1,
                -0 -0 -1,
                -0 -0 -1,
                -0 -0 -1,
                -0 -0 -1,
                -0 -0 -1,
                -0 -0 -1,
                -0 -1 -0,
                -0 -1 -0,
                -0 -1 -0,
                -0 -1 -0,
                -0 -1 -0,
                -0 -1 -0,
                -0 -1 -0,
                -0 -1 -0,
                -0 -1 -0,
                -0 -1 -0,
                -0 -1 -0,
                -0 -1 -0,
                -0 -1 -0,
                -0 -1 -0,
                -0 -1 -0,
                -0 -1 -0,
                -0 -1 -0,
                -0 -1 -0,
                -0 -1 -0,
                -0 -1 -0,
                -0 -1 -0,
                -0 -1 -0,
                -0 -1 -0,
                -0 -1 -0,
                -0 -1 -0,
                -0 -1 -0,
                -0 -1 -0,
                -0 -1 -0,
                -0 -1 -0,
                -0 -1 -0,
                -0 -1 -0,
                -0 -1 -0,
                -0 -1 -0,
                -0 -1 -0,
                -0 -1 -0,
                -0 -1 -0,
                -0 -1 -0,
                -0 -1 -0,
                -0 -1 -0,
                -0 -1 -0,
                -0 -1 -0,
                -0 -1 -0,
                -0 -1 -0,
                -0 -1 -0,
                -0 -1 -0,
                -0 -1 -0,
                -0 -1 -0,
                -0 -1 -0,
                -0 -1 -0,
                -0 -1 -0,
                -0 -1 -0,
                -0 -1 -0,
                -0 -1 -0,
                0 -0.70710677 0.70710677,
                0 -0.70710677 0.70710677,
                0 -0.70710677 0.70710677,
                0 -0.70710677 0.70710677,
                -0 -0 1,
                -0 -0 1,
                -0 -0 1,
                -0 -0 1,
                1 0 0,
                1 0 0,
                1 0 0,
                1 0 0,
                1 0 0,
                1 0 0,
                1 0 0,
                1 0 0,
                1 0 0,
                0 -1 0,
                0 -1 0,
                0 -1 0,
                0 -1 0,
                0 -1 0,
                0 -1 0,
                0 -1 0,
                0 -1 0,
                0 -1 0,
                0 -1 0,
                0 -1 0,
                0 -1 0,
                0 -1 0,
                0 -1 0,
                0 -1 0,
                0 -1 0,
                -1 0 0,
                -1 0 0,
                -1 0 0,
                -1 0 0,
                -1 0 0,
                -1 0 0,
                -1 0 0,
                -1 0 0,
                -1 0 0,
                0 0 1,
                0 0 1,
                0 0 1,
                0 0 1,
                0 0 1,
                0 0 1,
                0 0 1,
                0 0 1,
                -0 -0 1,
                -0 -0 1,
                -0 -0 1,
                -0 -0 1,
                -0 -0 1,
                -0 -0 1,
                -0 -0 1,
                -0 -0 1,
                -0 -0.70710677 -0.70710677,
                -0 -0.70710677 -0.70710677,
                -0 -0.70710677 -0.70710677,
                -0 -0.70710677 -0.70710677,
                -0 -0 -1,
                -0 -0 -1,
                -0 -0 -1,
                -0 -0 -1,
                -1 0 0,
                -1 0 0,
                -1 0 0,
                -1 0 0,
                -1 0 0,
                -1 0 0,
                -1 0 0,
                -1 0 0,
                -1 0 0,
                -1 0 0,
                -1 0 0,
                -1 0 0,
                -1 0 0,
                -1 0 0,
                -1 0 0,
                -1 0 0,
                -1 0 0,
                -1 0 0,
                -1 0 0,
                -1 0 0,
                -1 0 0,
                -1 0 0,
                -1 0 0,
                -1 0 0,
                -1 0 0,
                -1 0 0,
                -1 0 0,
                -0.92847669 0 0.37139067,
                -0.92847669 0 0.37139067,
                -0.92847669 0 0.37139067,
                -0.92847669 0 0.37139067,
                -0.92847669 0 0.37139067,
                0 0 1,
                0 0 1,
                0 0 1,
                0 0 1,
                0.92847669 0 0.37139067,
                0.92847669 0 0.37139067,
                0.92847669 0 0.37139067,
                0.92847669 0 0.37139067,
                0.92847669 0 0.37139067,
                1 0 -0,
                1 0 -0,
                1 0 -0,
                1 0 -0,
                1 0 -0,
                1 0 -0,
                1 0 -0,
                1 0 -0,
                1 0 -0,
                1 0 -0,
                1 0 -0,
                1 0 -0,
                1 0 -0,
                1 0 -0,
                1 0 -0,
                1 0 -0,
                1 0 -0,
                1 0 -0,
                1 0 -0,
                1 0 -0,
                1 0 -0,
                1 0 -0,
                1 0 -0,
                1 0 -0,
                1 0 -0,
                1 0 -0,
                1 0 -0,
                0 1 0,
                0 1 0,
                0 1 0,
                0 1 0,
                0 0.92847669 0.37139067,
                0 0.92847669 0.37139067,
                0 0.92847669 0.37139067,
                0 0.92847669 0.37139067,
                0 0.92847669 0.37139067,
                0 0.10928962 0.99400997,
                0 0.10928962 0.99400997,
                -0 1 -1.5926599e-15,
                0 0.26853678 0.96326941,
                0 0.42072016 0.90719044,
                0 0.56183666 0.82724816,
                0 0.68817425 0.72554547,
                0 0.79640967 0.60475749,
                0 0.88369584 0.4680616,
                0 0.94773668 0.31905353,
                0 0.9868477 0.16165288,
                0 1 1.8369701e-16,
                0 0.26853678 0.96326941,
                0 0.42072016 0.90719044,
                0 0.56183666 0.82724816,
                0 0.68817425 0.72554547,
                0 0.79640967 0.60475749,
                0 0.88369584 0.4680616,
                0 0.94773668 0.31905353,
                0 0.9868477 0.16165288,
                -0 -0.024009604 -0.99971175,
                -0 -0.024009604 -0.99971175,
                -0 -1 -1.0718754e-15,
                -0 -0.19462669 -0.9808774,
                -0 -0.35950911 -0.93314159,
                -0 -0.51379865 -0.85791081,
                -0 -0.65294909 -0.75740176,
                -0 -0.77286047 -0.63457596,
                -0 -0.86999959 -0.49305242,
                -0 -0.94150424 -0.33700112,
                -0 -0.98526752 -0.17102011,
                -0 -1 -1.8369701e-16,
                -0 -0.19462669 -0.9808774,
                -0 -0.35950911 -0.93314159,
                -0 -0.51379865 -0.85791081,
                -0 -0.65294909 -0.75740176,
                -0 -0.77286047 -0.63457596,
                -0 -0.86999959 -0.49305242,
                -0 -0.94150424 -0.33700112,
                -0 -0.98526752 -0.17102011,
                0 -1 0,
                0 -1 0,
                0 -1 0,
                0 -1 0,
                0 -0.92847669 0.37139067,
                0 -0.92847669 0.37139067,
                0 -0.92847669 0.37139067,
                0 -0.92847669 0.37139067,
                0 -0.92847669 0.37139067,
                0.92847669 0.37139067 0,
                0.92847669 0.37139067 0,
                0.92847669 0.37139067 0,
                0.92847669 0.37139067 0,
                0.92847669 0.37139067 0,
                -0 1 -0,
                -0 1 -0,
                -0 1 -0,
                -0 1 -0,
                0 0.37139067 0.92847669,
                0 0.37139067 0.92847669,
                0 0.37139067 0.92847669,
                0 0.37139067 0.92847669,
                0 0.37139067 0.92847669,
                0 0 1,
                0 0 1,
                0 0 1,
                0 0 1,
                -0 1 0,
                -0 1 0,
                -0 1 0,
                -0 1 0,
                -0 1 0,
                -0 1 0,
                -0 1 0,
                -0 1 0,
                -0 1 0,
                -0 1 0,
                -0 1 0,
                -0 1 0,
                -0 1 0,
                -0 1 0,
                -0 1 0,
                -0 1 0,
                -0 1 0,
                -0 1 0,
                -0 1 0,
                -0 1 0,
                -0 1 0,
                -0 1 0,
                -0 1 0,
                -0 1 0,
                -0 1 0,
                -0 1 0,
                -0 1 0,
                -0 1 0,
                -0 1 0,
                -0 1 0,
                -0 1 0,
                -0 1 0,
                -0 1 0,
                -0 1 0,
                -0 1 0,
                -0 1 0,
                -0 1 0,
                -0 1 0,
                -0 1 0,
                -0 1 0,
                -0 1 0,
                -0 1 0,
                -0 1 0,
                -0 1 0,
                -0 1 0,
                1 -0 -0,
                1 -0 -0,
                1 -0 -0,
                1 -0 -0,
                1 -0 -0,
                1 -0 -0,
                1 -0 -0,
                1 -0 -0,
                1 -0 -0,
                -0 1 0,
                -0 1 0,
                -0 1 0,
                -0 1 0,
                -0 1 0,
                -0 1 0,
                -0 1 0,
                -0 1 0,
                -0 1 0,
                -0 1 0,
                -0 1 0,
                -0 1 0,
                -0 1 0,
                -0 -0 -1,
                -0 -0 -1,
                -0 -0 -1,
                -0 -0 -1,
                -1 -0 -0,
                -1 -0 -0,
                -1 -0 -0,
                -1 -0 -0,
                -1 -0 -0,
                -1 -0 -0,
                -1 -0 -0,
                -1 -0 -0,
                -1 -0 -0,
                -0 -0 1,
                -0 -0 1,
                -0 -0 1,
                -0 -0 1,
                -0 -0 1,
                -0 -0 1,
                -0 -0 1,
                -0 -0 1,
                0 0.70710677 0.70710677,
                0 0.70710677 0.70710677,
                0 0.70710677 0.70710677,
                0 0.70710677 0.70710677,
                0 0.70710677 0.70710677,
                -0.70710677 0.70710677 0,
                -0.70710677 0.70710677 0,
                -0.70710677 0.70710677 0,
                -0.70710677 0.70710677 0,
                -0.70710677 0.70710677 0,
                -0.99619472 -0 0.087155744,
                -0.99619472 -0 0.087155744,
                -0.99619472 -0 0.087155744,
                -0.99619472 -0 0.087155744,
                -0.99619472 -0 0.087155744,
                -0.99619472 -0 0.087155744,
                -0.99619472 -0 0.087155744,
                -0.99619472 -0 0.087155744,
                -0.99619472 -0 0.087155744,
                -0 -0 1,
                -0 -0 1,
                -0 -0 1,
                -0 -0 1,
                0 0.70710677 0.70710677,
                0 0.70710677 0.70710677,
                0 0.70710677 0.70710677,
                0 0.70710677 0.70710677,
                0 0.70710677 0.70710677,
                -0 -0 -1,
                -0 -0 -1,
                -0 -0 -1,
                -0 -0 -1,
                -0 -0 1,
                -0 -0 1,
                -0 -0 1,
                -0 -0 1,
                0 0 -1,
                0 0 -1,
                0 0 -1,
                0 0 -1,
                0 0.37139067 -0.92847669,
                0 0.37139067 -0.92847669,
                0 0.37139067 -0.92847669,
                0 0.37139067 -0.92847669,
                0 0.37139067 -0.92847669,
                -0.92847669 0.37139067 0,
                -0.92847669 0.37139067 0,
                -0.92847669 0.37139067 0,
                -0.92847669 0.37139067 0,
                -0.92847669 0.37139067 0,
                0 0 1,
                0 0 1,
                0 0 1,
                0 0 1,
                0 0.37139067 0.92847669,
                0 0.37139067 0.92847669,
                0 0.37139067 0.92847669,
                0 0.37139067 0.92847669,
                0 0.37139067 0.92847669,
                -0.92847669 0.37139067 0,
                -0.92847669 0.37139067 0,
                -0.92847669 0.37139067 0,
                -0.92847669 0.37139067 0,
                -0.92847669 0.37139067 0,
                -1 0 0,
                -1 0 0,
                -1 0 0,
                -1 0 0,
                -1 0 0,
                -1 0 0,
                -1 0 0,
                -1 0 0,
                -1 0 0,
                -1 0 0,
                -1 0 0,
                -1 0 0,
                -1 0 0,
                -1 0 0,
                -1 0 0,
                -1 0 0,
                -1 0 0,
                -1 0 0,
                -1 0 0,
                -1 0 0,
                -1 0 0,
                -1 0 0,
                -1 0 0,
                -1 0 0,
                -1 0 0,
                -1 0 0,
                -1 0 0,
                -0.92847669 0 0.37139067,
                -0.92847669 0 0.37139067,
                -0.92847669 0 0.37139067,
                -0.92847669 0 0.37139067,
                -0.92847669 0 0.37139067,
                0 0 1,
                0 0 1,
                0 0 1,
                0 0 1,
                0.92847669 0 0.37139067,
                0.92847669 0 0.37139067,
                0.92847669 0 0.37139067,
                0.92847669 0 0.37139067,
                0.92847669 0 0.37139067,
                1 0 -0,
                1 0 -0,
                1 0 -0,
                1 0 -0,
                1 0 -0,
                1 0 -0,
                1 0 -0,
                1 0 -0,
                1 0 -0,
                1 0 -0,
                1 0 -0,
                1 0 -0,
                1 0 -0,
                1 0 -0,
                1 0 -0,
                1 0 -0,
                1 0 -0,
                1 0 -0,
                1 0 -0,
                1 0 -0,
                1 0 -0,
                1 0 -0,
                1 0 -0,
                1 0 -0,
                1 0 -0,
                1 0 -0,
                1 0 -0,
                0 1 0,
                0 1 0,
                0 1 0,
                0 1 0,
                0 0.92847669 0.37139067,
                0 0.92847669 0.37139067,
                0 0.92847669 0.37139067,
                0 0.92847669 0.37139067,
                0 0.92847669 0.37139067,
                0 0.10928962 0.99400997,
                0 0.10928962 0.99400997,
                -0 1 -1.5926599e-15,
                0 0.26853678 0.96326941,
                0 0.42072016 0.90719044,
                0 0.56183666 0.82724816,
                0 0.68817425 0.72554547,
                0 0.79640967 0.60475749,
                0 0.88369584 0.4680616,
                0 0.94773668 0.31905353,
                0 0.9868477 0.16165288,
                0 1 1.8369701e-16,
                0 0.26853678 0.96326941,
                0 0.42072016 0.90719044,
                0 0.56183666 0.82724816,
                0 0.68817425 0.72554547,
                0 0.79640967 0.60475749,
                0 0.88369584 0.4680616,
                0 0.94773668 0.31905353,
                0 0.9868477 0.16165288,
                -0 -0.024009604 -0.99971175,
                -0 -1 -1.0718754e-15,
                -0 -0.19462669 -0.9808774,
                -0 -0.35950911 -0.93314159,
                -0 -0.51379865 -0.85791081,
                -0 -0.65294909 -0.75740176,
                -0 -0.77286047 -0.63457596,
                -0 -0.86999959 -0.49305242,
                -0 -0.94150424 -0.33700112,
                -0 -0.98526752 -0.17102011,
                -0 -1 -1.8369701e-16,
                -0 -0.024009604 -0.99971175,
                -0 -0.19462669 -0.9808774,
                -0 -0.35950911 -0.93314159,
                -0 -0.51379865 -0.85791081,
                -0 -0.65294909 -0.75740176,
                -0 -0.77286047 -0.63457596,
                -0 -0.86999959 -0.49305242,
                -0 -0.94150424 -0.33700112,
                -0 -0.98526752 -0.17102011,
                0 -1 0,
                0 -1 0,
                0 -1 0,
                0 -1 0,
                0 -0.92847669 0.37139067,
                0 -0.92847669 0.37139067,
                0 -0.92847669 0.37139067,
                0 -0.92847669 0.37139067,
                0 -0.92847669 0.37139067,
                0.92847669 0.37139067 0,
                0.92847669 0.37139067 0,
                0.92847669 0.37139067 0,
                0.92847669 0.37139067 0,
                0.92847669 0.37139067 0,
                -0 1 -0,
                -0 1 -0,
                -0 1 -0,
                -0 1 -0,
                0 0.37139067 -0.92847669,
                0 0.37139067 -0.92847669,
                0 0.37139067 -0.92847669,
                0 0.37139067 -0.92847669,
                0 0.37139067 -0.92847669,
                0 0 -1,
                0 0 -1,
                0 0 -1,
                0 0 -1,
                0 0 1,
                0 0 1,
                0 0 1,
                0 0 1,
                0 0.37139067 0.92847669,
                0 0.37139067 0.92847669,
                0 0.37139067 0.92847669,
                0 0.37139067 0.92847669,
                0 0.37139067 0.92847669,
                -0.92847669 0.37139067 0,
                -0.92847669 0.37139067 0,
                -0.92847669 0.37139067 0,
                -0.92847669 0.37139067 0,
                -0.92847669 0.37139067 0,
                -1 0 0,
                -1 0 0,
                -1 0 0,
                -1 0 0,
                -1 0 0,
                -1 0 0,
                -1 0 0,
                -1 0 0,
                -1 0 0,
                -1 0 0,
                -1 0 0,
                -1 0 0,
                -1 0 0,
                -1 0 0,
                -1 0 0,
                -1 0 0,
                -1 0 0,
                -1 0 0,
                -1 0 0,
                -1 0 0,
                -1 0 0,
                -1 0 0,
                -1 0 0,
                -1 0 0,
                -1 0 0,
                -1 0 0,
                -1 0 0,
                -0.92847669 0 0.37139067,
                -0.92847669 0 0.37139067,
                -0.92847669 0 0.37139067,
                -0.92847669 0 0.37139067,
                -0.92847669 0 0.37139067,
                0 0 1,
                0 0 1,
                0 0 1,
                0 0 1,
                0.92847669 0 0.37139067,
                0.92847669 0 0.37139067,
                0.92847669 0 0.37139067,
                0.92847669 0 0.37139067,
                0.92847669 0 0.37139067,
                1 0 -0,
                1 0 -0,
                1 0 -0,
                1 0 -0,
                1 0 -0,
                1 0 -0,
                1 0 -0,
                1 0 -0,
                1 0 -0,
                1 0 -0,
                1 0 -0,
                1 0 -0,
                1 0 -0,
                1 0 -0,
                1 0 -0,
                1 0 -0,
                1 0 -0,
                1 0 -0,
                1 0 -0,
                1 0 -0,
                1 0 -0,
                1 0 -0,
                1 0 -0,
                1 0 -0,
                1 0 -0,
                1 0 -0,
                1 0 -0,
                0 1 0,
                0 1 0,
                0 1 0,
                0 1 0,
                0 0.92847669 0.37139067,
                0 0.92847669 0.37139067,
                0 0.92847669 0.37139067,
                0 0.92847669 0.37139067,
                0 0.92847669 0.37139067,
                0 0.10928962 0.99400997,
                0 0.10928962 0.99400997,
                -0 1 -1.5926599e-15,
                0 0.26853678 0.96326941,
                0 0.42072016 0.90719044,
                0 0.56183666 0.82724816,
                0 0.68817425 0.72554547,
                0 0.79640967 0.60475749,
                0 0.88369584 0.4680616,
                0 0.94773668 0.31905353,
                0 0.9868477 0.16165288,
                0 1 1.8369701e-16,
                0 0.26853678 0.96326941,
                0 0.42072016 0.90719044,
                0 0.56183666 0.82724816,
                0 0.68817425 0.72554547,
                0 0.79640967 0.60475749,
                0 0.88369584 0.4680616,
                0 0.94773668 0.31905353,
                0 0.9868477 0.16165288,
                -0 -0.024009604 -0.99971175,
                -0 -1 -1.0718754e-15,
                -0 -0.19462669 -0.9808774,
                -0 -0.35950911 -0.93314159,
                -0 -0.51379865 -0.85791081,
                -0 -0.65294909 -0.75740176,
                -0 -0.77286047 -0.63457596,
                -0 -0.86999959 -0.49305242,
                -0 -0.94150424 -0.33700112,
                -0 -0.98526752 -0.17102011,
                -0 -1 -1.8369701e-16,
                -0 -0.024009604 -0.99971175,
                -0 -0.19462669 -0.9808774,
                -0 -0.35950911 -0.93314159,
                -0 -0.51379865 -0.85791081,
                -0 -0.65294909 -0.75740176,
                -0 -0.77286047 -0.63457596,
                -0 -0.86999959 -0.49305242,
                -0 -0.94150424 -0.33700112,
                -0 -0.98526752 -0.17102011,
                0 -1 0,
                0 -1 0,
                0 -1 0,
                0 -1 0,
                0 -0.92847669 0.37139067,
                0 -0.92847669 0.37139067,
                0 -0.92847669 0.37139067,
                0 -0.92847669 0.37139067,
                0 -0.92847669 0.37139067,
                0.92847669 0.37139067 0,
                0.92847669 0.37139067 0,
                0.92847669 0.37139067 0,
                0.92847669 0.37139067 0,
                0.92847669 0.37139067 0,
                -0 1 -0,
                -0 1 -0,
                -0 1 -0,
                -0 1 -0,
                0 0.37139067 -0.92847669,
                0 0.37139067 -0.92847669,
                0 0.37139067 -0.92847669,
                0 0.37139067 -0.92847669,
                0 0.37139067 -0.92847669,
                0 0 -1,
                0 0 -1,
                0 0 -1,
                0 0 -1,
                0 0 1,
                0 0 1,
                0 0 1,
                0 0 1,
                0 0.37139067 0.92847669,
                0 0.37139067 0.92847669,
                0 0.37139067 0.92847669,
                0 0.37139067 0.92847669,
                0 0.37139067 0.92847669,
                -0.92847669 0.37139067 0,
                -0.92847669 0.37139067 0,
                -0.92847669 0.37139067 0,
                -0.92847669 0.37139067 0,
                -0.92847669 0.37139067 0,
                -1 0 0,
                -1 0 0,
                -1 0 0,
                -1 0 0,
                -1 0 0,
                -1 0 0,
                -1 0 0,
                -1 0 0,
                -1 0 0,
                -1 0 0,
                -1 0 0,
                -1 0 0,
                -1 0 0,
                -1 0 0,
                -1 0 0,
                -1 0 0,
                -1 0 0,
                -1 0 0,
                -1 0 0,
                -1 0 0,
                -1 0 0,
                -1 0 0,
                -1 0 0,
                -1 0 0,
                -1 0 0,
                -1 0 0,
                -1 0 0,
                -0.92847669 0 0.37139067,
                -0.92847669 0 0.37139067,
                -0.92847669 0 0.37139067,
                -0.92847669 0 0.37139067,
                -0.92847669 0 0.37139067,
                0 0 1,
                0 0 1,
                0 0 1,
                0 0 1,
                0.92847669 0 0.37139067,
                0.92847669 0 0.37139067,
                0.92847669 0 0.37139067,
                0.92847669 0 0.37139067,
                0.92847669 0 0.37139067,
                1 0 -0,
                1 0 -0,
                1 0 -0,
                1 0 -0,
                1 0 -0,
                1 0 -0,
                1 0 -0,
                1 0 -0,
                1 0 -0,
                1 0 -0,
                1 0 -0,
                1 0 -0,
                1 0 -0,
                1 0 -0,
                1 0 -0,
                1 0 -0,
                1 0 -0,
                1 0 -0,
                1 0 -0,
                1 0 -0,
                1 0 -0,
                1 0 -0,
                1 0 -0,
                1 0 -0,
                1 0 -0,
                1 0 -0,
                1 0 -0,
                0 1 0,
                0 1 0,
                0 1 0,
                0 1 0,
                0 0.92847669 0.37139067,
                0 0.92847669 0.37139067,
                0 0.92847669 0.37139067,
                0 0.92847669 0.37139067,
                0 0.92847669 0.37139067,
                0 0.10928962 0.99400997,
                0 0.10928962 0.99400997,
                -0 1 -1.5926599e-15,
                0 0.26853678 0.96326941,
                0 0.42072016 0.90719044,
                0 0.56183666 0.82724816,
                0 0.68817425 0.72554547,
                0 0.79640967 0.60475749,
                0 0.88369584 0.4680616,
                0 0.94773668 0.31905353,
                0 0.9868477 0.16165288,
                0 1 1.8369701e-16,
                0 0.26853678 0.96326941,
                0 0.42072016 0.90719044,
                0 0.56183666 0.82724816,
                0 0.68817425 0.72554547,
                0 0.79640967 0.60475749,
                0 0.88369584 0.4680616,
                0 0.94773668 0.31905353,
                0 0.9868477 0.16165288,
                -0 -0.024009604 -0.99971175,
                -0 -1 -1.0718754e-15,
                -0 -0.19462669 -0.9808774,
                -0 -0.35950911 -0.93314159,
                -0 -0.51379865 -0.85791081,
                -0 -0.65294909 -0.75740176,
                -0 -0.77286047 -0.63457596,
                -0 -0.86999959 -0.49305242,
                -0 -0.94150424 -0.33700112,
                -0 -0.98526752 -0.17102011,
                -0 -1 -1.8369701e-16,
                -0 -0.024009604 -0.99971175,
                -0 -0.19462669 -0.9808774,
                -0 -0.35950911 -0.93314159,
                -0 -0.51379865 -0.85791081,
                -0 -0.65294909 -0.75740176,
                -0 -0.77286047 -0.63457596,
                -0 -0.86999959 -0.49305242,
                -0 -0.94150424 -0.33700112,
                -0 -0.98526752 -0.17102011,
                0 -1 0,
                0 -1 0,
                0 -1 0,
                0 -1 0,
                0 -0.92847669 0.37139067,
                0 -0.92847669 0.37139067,
                0 -0.92847669 0.37139067,
                0 -0.92847669 0.37139067,
                0 -0.92847669 0.37139067,
                0.92847669 0.37139067 0,
                0.92847669 0.37139067 0,
                0.92847669 0.37139067 0,
                0.92847669 0.37139067 0,
                0.92847669 0.37139067 0,
                -0 1 -0,
                -0 1 -0,
                -0 1 -0,
                -0 1 -0,
                0 0.37139067 -0.92847669,
                0 0.37139067 -0.92847669,
                0 0.37139067 -0.92847669,
                0 0.37139067 -0.92847669,
                0 0.37139067 -0.92847669,
                0 0 -1,
                0 0 -1,
                0 0 -1,
                0 0 -1,
                0 0 1,
                0 0 1,
                0 0 1,
                0 0 1,
                0 0.37139067 0.92847669,
                0 0.37139067 0.92847669,
                0 0.37139067 0.92847669,
                0 0.37139067 0.92847669,
                0 0.37139067 0.92847669,
                -0.92847669 0.37139067 0,
                -0.92847669 0.37139067 0,
                -0.92847669 0.37139067 0,
                -0.92847669 0.37139067 0,
                -0.92847669 0.37139067 0,
                -1 0 0,
                -1 0 0,
                -1 0 0,
                -1 0 0,
                -1 0 0,
                -1 0 0,
                -1 0 0,
                -1 0 0,
                -1 0 0,
                -1 0 0,
                -1 0 0,
                -1 0 0,
                -1 0 0,
                -1 0 0,
                -1 0 0,
                -1 0 0,
                -1 0 0,
                -1 0 0,
                -1 0 0,
                -1 0 0,
                -1 0 0,
                -1 0 0,
                -1 0 0,
                -1 0 0,
                -1 0 0,
                -1 0 0,
                -1 0 0,
                -0.92847669 0 0.37139067,
                -0.92847669 0 0.37139067,
                -0.92847669 0 0.37139067,
                -0.92847669 0 0.37139067,
                -0.92847669 0 0.37139067,
                0 0 1,
                0 0 1,
                0 0 1,
                0 0 1,
                0.92847669 0 0.37139067,
                0.92847669 0 0.37139067,
                0.92847669 0 0.37139067,
                0.92847669 0 0.37139067,
                0.92847669 0 0.37139067,
                1 0 -0,
                1 0 -0,
                1 0 -0,
                1 0 -0,
                1 0 -0,
                1 0 -0,
                1 0 -0,
                1 0 -0,
                1 0 -0,
                1 0 -0,
                1 0 -0,
                1 0 -0,
                1 0 -0,
                1 0 -0,
                1 0 -0,
                1 0 -0,
                1 0 -0,
                1 0 -0,
                1 0 -0,
                1 0 -0,
                1 0 -0,
                1 0 -0,
                1 0 -0,
                1 0 -0,
                1 0 -0,
                1 0 -0,
                1 0 -0,
                0 1 0,
                0 1 0,
                0 1 0,
                0 1 0,
                0 0.92847669 0.37139067,
                0 0.92847669 0.37139067,
                0 0.92847669 0.37139067,
                0 0.92847669 0.37139067,
                0 0.92847669 0.37139067,
                0 0.10928962 0.99400997,
                0 0.10928962 0.99400997,
                -0 1 -1.5926599e-15,
                0 0.26853678 0.96326941,
                0 0.42072016 0.90719044,
                0 0.56183666 0.82724816,
                0 0.68817425 0.72554547,
                0 0.79640967 0.60475749,
                0 0.88369584 0.4680616,
                0 0.94773668 0.31905353,
                0 0.9868477 0.16165288,
                0 1 1.8369701e-16,
                0 0.26853678 0.96326941,
                0 0.42072016 0.90719044,
                0 0.56183666 0.82724816,
                0 0.68817425 0.72554547,
                0 0.79640967 0.60475749,
                0 0.88369584 0.4680616,
                0 0.94773668 0.31905353,
                0 0.9868477 0.16165288,
                -0 -0.024009604 -0.99971175,
                -0 -1 -1.0718754e-15,
                -0 -0.19462669 -0.9808774,
                -0 -0.35950911 -0.93314159,
                -0 -0.51379865 -0.85791081,
                -0 -0.65294909 -0.75740176,
                -0 -0.77286047 -0.63457596,
                -0 -0.86999959 -0.49305242,
                -0 -0.94150424 -0.33700112,
                -0 -0.98526752 -0.17102011,
                -0 -1 -1.8369701e-16,
                -0 -0.024009604 -0.99971175,
                -0 -0.19462669 -0.9808774,
                -0 -0.35950911 -0.93314159,
                -0 -0.51379865 -0.85791081,
                -0 -0.65294909 -0.75740176,
                -0 -0.77286047 -0.63457596,
                -0 -0.86999959 -0.49305242,
                -0 -0.94150424 -0.33700112,
                -0 -0.98526752 -0.17102011,
                0 -1 0,
                0 -1 0,
                0 -1 0,
                0 -1 0,
                0 -0.92847669 0.37139067,
                0 -0.92847669 0.37139067,
                0 -0.92847669 0.37139067,
                0 -0.92847669 0.37139067,
                0 -0.92847669 0.37139067,
                0.92847669 0.37139067 0,
                0.92847669 0.37139067 0,
                0.92847669 0.37139067 0,
                0.92847669 0.37139067 0,
                0.92847669 0.37139067 0,
                -0 1 -0,
                -0 1 -0,
                -0 1 -0,
                -0 1 -0,
                0 0.37139067 -0.92847669,
                0 0.37139067 -0.92847669,
                0 0.37139067 -0.92847669,
                0 0.37139067 -0.92847669,
                0 0.37139067 -0.92847669,
                0 0 -1,
                0 0 -1,
                0 0 -1,
                0 0 -1,
                0 0 1,
                0 0 1,
                0 0 1,
                0 0 1,
                0 0 1,
                0 0 1,
                0 0 1,
                0 0 1,
                1 0 -0,
                1 0 -0,
                1 0 -0,
                1 0 -0,
                1 0 -0,
                1 0 -0,
                1 0 -0,
                1 0 -0,
                1 0 -0,
                1 0 -0,
                1 0 -0,
                1 0 -0,
                1 0 -0,
                1 0 -0,
                1 0 -0,
                1 0 -0,
                1 0 -0,
                1 0 -0,
                1 0 -0,
                1 0 -0,
                1 0 -0,
                1 0 -0,
                1 0 -0,
                1 0 -0,
                1 0 -0,
                1 0 -0,
                1 0 -0,
                1 0 -0,
                0.92847669 0 0.37139067,
                0.92847669 0 0.37139067,
                0.92847669 0 0.37139067,
                0.92847669 0 0.37139067,
                0.92847669 0 0.37139067,
                0 -0.92847669 0.37139067,
                0 -0.92847669 0.37139067,
                0 -0.92847669 0.37139067,
                0 -0.92847669 0.37139067,
                0 -0.92847669 0.37139067,
                0 -1 0,
                0 -1 0,
                0 -1 0,
                0 -1 0,
                0 1.2246469e-16 -1,
                0 1.2246469e-16 -1,
                -0 -1 -1.8369701e-16,
                -0 -0.17364818 -0.98480773,
                -0 -0.34202015 -0.93969262,
                -0 -0.5 -0.86602539,
                -0 -0.64278764 -0.76604444,
                -0 -0.76604444 -0.64278764,
                -0 -0.86602539 -0.5,
                -0 -0.93969262 -0.34202015,
                -0 -0.98480773 -0.17364818,
                -0 -1 -1.8369701e-16,
                -0 -0.17364818 -0.98480773,
                -0 -0.34202015 -0.93969262,
                -0 -0.5 -0.86602539,
                -0 -0.64278764 -0.76604444,
                -0 -0.76604444 -0.64278764,
                -0 -0.86602539 -0.5,
                -0 -0.93969262 -0.34202015,
                -0 -0.98480773 -0.17364818,
                0 0 -1,
                0 0 -1,
                0 0 -1,
                0 0 -1,
                0 0 -1,
                0 0 -1,
                0 0 -1,
                0 0 -1,
                -1 0 0,
                -1 0 0,
                -1 0 0,
                -1 0 0,
                -1 0 0,
                -1 0 0,
                -1 0 0,
                -1 0 0,
                -1 0 0,
                -1 0 0,
                -1 0 0,
                -1 0 0,
                -1 0 0,
                -1 0 0,
                -1 0 0,
                -1 0 0,
                -1 0 0,
                -1 0 0,
                -1 0 0,
                -1 0 0,
                -1 0 0,
                -1 0 0,
                -1 0 0,
                -1 0 0,
                -1 0 0,
                -1 0 0,
                -1 0 0,
                -1 0 0,
                -0.92847669 0 0.37139067,
                -0.92847669 0 0.37139067,
                -0.92847669 0 0.37139067,
                -0.92847669 0 0.37139067,
                -0.92847669 0 0.37139067,
                0 0 1,
                0 0 1,
                0 0 1,
                0 0 1,
                0 0.92847669 0.37139067,
                0 0.92847669 0.37139067,
                0 0.92847669 0.37139067,
                0 0.92847669 0.37139067,
                0 0.92847669 0.37139067,
                0 1 0,
                0 1 0,
                0 1 0,
                0 1 0,
                -0 -1.2246469e-16 1,
                -0 -1.2246469e-16 1,
                0 1 1.8369701e-16,
                0 0.17364818 0.98480773,
                0 0.34202015 0.93969262,
                0 0.5 0.86602539,
                0 0.64278764 0.76604444,
                0 0.76604444 0.64278764,
                0 0.86602539 0.5,
                0 0.93969262 0.34202015,
                0 0.98480773 0.17364818,
                0 1 1.8369701e-16,
                0 0.17364818 0.98480773,
                0 0.34202015 0.93969262,
                0 0.5 0.86602539,
                0 0.64278764 0.76604444,
                0 0.76604444 0.64278764,
                0 0.86602539 0.5,
                0 0.93969262 0.34202015,
                0 0.98480773 0.17364818,
                -0.92847669 0.37139067 0,
                -0.92847669 0.37139067 0,
                -0.92847669 0.37139067 0,
                -0.92847669 0.37139067 0,
                -0.92847669 0.37139067 0,
                0 0.37139067 -0.92847669,
                0 0.37139067 -0.92847669,
                0 0.37139067 -0.92847669,
                0 0.37139067 -0.92847669,
                0 0.37139067 -0.92847669,
                -0 1 -0,
                -0 1 -0,
                -0 1 -0,
                -0 1 -0,
                0 0.37139067 0.92847669,
                0 0.37139067 0.92847669,
                0 0.37139067 0.92847669,
                0 0.37139067 0.92847669,
                0 0.37139067 0.92847669,
                0.92847669 0.37139067 0,
                0.92847669 0.37139067 0,
                0.92847669 0.37139067 0,
                0.92847669 0.37139067 0,
                0.92847669 0.37139067 0,
                0 0 1,
                0 0 1,
                0 0 1,
                0 0 1,
                0 0 1,
                0 0 1,
                0 0 1,
                0 0 1,
                1 0 -0,
                1 0 -0,
                1 0 -0,
                1 0 -0,
                1 0 -0,
                1 0 -0,
                1 0 -0,
                1 0 -0,
                1 0 -0,
                1 0 -0,
                1 0 -0,
                1 0 -0,
                1 0 -0,
                1 0 -0,
                1 0 -0,
                1 0 -0,
                1 0 -0,
                1 0 -0,
                1 0 -0,
                1 0 -0,
                1 0 -0,
                1 0 -0,
                1 0 -0,
                1 0 -0,
                1 0 -0,
                1 0 -0,
                1 0 -0,
                1 0 -0,
                0.92847669 0 0.37139067,
                0.92847669 0 0.37139067,
                0.92847669 0 0.37139067,
                0.92847669 0 0.37139067,
                0.92847669 0 0.37139067,
                0 -0.92847669 0.37139067,
                0 -0.92847669 0.37139067,
                0 -0.92847669 0.37139067,
                0 -0.92847669 0.37139067,
                0 -0.92847669 0.37139067,
                0 -1 0,
                0 -1 0,
                0 -1 0,
                0 -1 0,
                0 1.2246469e-16 -1,
                0 1.2246469e-16 -1,
                -0 -1 -1.8369701e-16,
                -0 -0.17364818 -0.98480773,
                -0 -0.34202015 -0.93969262,
                -0 -0.5 -0.86602539,
                -0 -0.64278764 -0.76604444,
                -0 -0.76604444 -0.64278764,
                -0 -0.86602539 -0.5,
                -0 -0.93969262 -0.34202015,
                -0 -0.98480773 -0.17364818,
                -0 -1 -1.8369701e-16,
                -0 -0.17364818 -0.98480773,
                -0 -0.34202015 -0.93969262,
                -0 -0.5 -0.86602539,
                -0 -0.64278764 -0.76604444,
                -0 -0.76604444 -0.64278764,
                -0 -0.86602539 -0.5,
                -0 -0.93969262 -0.34202015,
                -0 -0.98480773 -0.17364818,
                0 0 -1,
                0 0 -1,
                0 0 -1,
                0 0 -1,
                0 0 -1,
                0 0 -1,
                0 0 -1,
                0 0 -1,
                -1 0 0,
                -1 0 0,
                -1 0 0,
                -1 0 0,
                -1 0 0,
                -1 0 0,
                -1 0 0,
                -1 0 0,
                -1 0 0,
                -1 0 0,
                -1 0 0,
                -1 0 0,
                -1 0 0,
                -1 0 0,
                -1 0 0,
                -1 0 0,
                -1 0 0,
                -1 0 0,
                -1 0 0,
                -1 0 0,
                -1 0 0,
                -1 0 0,
                -1 0 0,
                -1 0 0,
                -1 0 0,
                -1 0 0,
                -1 0 0,
                -1 0 0,
                -0.92847669 0 0.37139067,
                -0.92847669 0 0.37139067,
                -0.92847669 0 0.37139067,
                -0.92847669 0 0.37139067,
                -0.92847669 0 0.37139067,
                0 0 1,
                0 0 1,
                0 0 1,
                0 0 1,
                0 0.92847669 0.37139067,
                0 0.92847669 0.37139067,
                0 0.92847669 0.37139067,
                0 0.92847669 0.37139067,
                0 0.92847669 0.37139067,
                0 1 0,
                0 1 0,
                0 1 0,
                0 1 0,
                -0 -1.2246469e-16 1,
                -0 -1.2246469e-16 1,
                0 1 1.8369701e-16,
                0 0.17364818 0.98480773,
                0 0.34202015 0.93969262,
                0 0.5 0.86602539,
                0 0.64278764 0.76604444,
                0 0.76604444 0.64278764,
                0 0.86602539 0.5,
                0 0.93969262 0.34202015,
                0 0.98480773 0.17364818,
                0 1 1.8369701e-16,
                0 0.17364818 0.98480773,
                0 0.34202015 0.93969262,
                0 0.5 0.86602539,
                0 0.64278764 0.76604444,
                0 0.76604444 0.64278764,
                0 0.86602539 0.5,
                0 0.93969262 0.34202015,
                0 0.98480773 0.17364818,
                -0.92847669 0.37139067 0,
                -0.92847669 0.37139067 0,
                -0.92847669 0.37139067 0,
                -0.92847669 0.37139067 0,
                -0.92847669 0.37139067 0,
                0 0.37139067 -0.92847669,
                0 0.37139067 -0.92847669,
                0 0.37139067 -0.92847669,
                0 0.37139067 -0.92847669,
                0 0.37139067 -0.92847669,
                -0 1 -0,
                -0 1 -0,
                -0 1 -0,
                -0 1 -0,
                0 0.37139067 0.92847669,
                0 0.37139067 0.92847669,
                0 0.37139067 0.92847669,
                0 0.37139067 0.92847669,
                0 0.37139067 0.92847669,
                0.92847669 0.37139067 0,
                0.92847669 0.37139067 0,
                0.92847669 0.37139067 0,
                0.92847669 0.37139067 0,
                0.92847669 0.37139067 0,
                0 0 1,
                0 0 1,
                0 0 1,
                0 0 1,
                0 0 1,
                0 0 1,
                0 0 1,
                0 0 1,
                1 0 -0,
                1 0 -0,
                1 0 -0,
                1 0 -0,
                1 0 -0,
                1 0 -0,
                1 0 -0,
                1 0 -0,
                1 0 -0,
                1 0 -0,
                1 0 -0,
                1 0 -0,
                1 0 -0,
                1 0 -0,
                1 0 -0,
                1 0 -0,
                1 0 -0,
                1 0 -0,
                1 0 -0,
                1 0 -0,
                1 0 -0,
                1 0 -0,
                1 0 -0,
                1 0 -0,
                1 0 -0,
                1 0 -0,
                1 0 -0,
                1 0 -0,
                0.92847669 0 0.37139067,
                0.92847669 0 0.37139067,
                0.92847669 0 0.37139067,
                0.92847669 0 0.37139067,
                0.92847669 0 0.37139067,
                0 -0.92847669 0.37139067,
                0 -0.92847669 0.37139067,
                0 -0.92847669 0.37139067,
                0 -0.92847669 0.37139067,
                0 -0.92847669 0.37139067,
                0 -1 0,
                0 -1 0,
                0 -1 0,
                0 -1 0,
                0 1.2246469e-16 -1,
                0 1.2246469e-16 -1,
                -0 -1 -1.8369701e-16,
                -0 -0.17364818 -0.98480773,
                -0 -0.34202015 -0.93969262,
                -0 -0.5 -0.86602539,
                -0 -0.64278764 -0.76604444,
                -0 -0.76604444 -0.64278764,
                -0 -0.86602539 -0.5,
                -0 -0.93969262 -0.34202015,
                -0 -0.98480773 -0.17364818,
                -0 -1 -1.8369701e-16,
                -0 -0.17364818 -0.98480773,
                -0 -0.34202015 -0.93969262,
                -0 -0.5 -0.86602539,
                -0 -0.64278764 -0.76604444,
                -0 -0.76604444 -0.64278764,
                -0 -0.86602539 -0.5,
                -0 -0.93969262 -0.34202015,
                -0 -0.98480773 -0.17364818,
                0 0 -1,
                0 0 -1,
                0 0 -1,
                0 0 -1,
                0 0 -1,
                0 0 -1,
                0 0 -1,
                0 0 -1,
                -1 0 0,
                -1 0 0,
                -1 0 0,
                -1 0 0,
                -1 0 0,
                -1 0 0,
                -1 0 0,
                -1 0 0,
                -1 0 0,
                -1 0 0,
                -1 0 0,
                -1 0 0,
                -1 0 0,
                -1 0 0,
                -1 0 0,
                -1 0 0,
                -1 0 0,
                -1 0 0,
                -1 0 0,
                -1 0 0,
                -1 0 0,
                -1 0 0,
                -1 0 0,
                -1 0 0,
                -1 0 0,
                -1 0 0,
                -1 0 0,
                -1 0 0,
                -0.92847669 0 0.37139067,
                -0.92847669 0 0.37139067,
                -0.92847669 0 0.37139067,
                -0.92847669 0 0.37139067,
                -0.92847669 0 0.37139067,
                0 0 1,
                0 0 1,
                0 0 1,
                0 0 1,
                0 0.92847669 0.37139067,
                0 0.92847669 0.37139067,
                0 0.92847669 0.37139067,
                0 0.92847669 0.37139067,
                0 0.92847669 0.37139067,
                0 1 0,
                0 1 0,
                0 1 0,
                0 1 0,
                -0 -1.2246469e-16 1,
                -0 -1.2246469e-16 1,
                0 1 1.8369701e-16,
                0 0.17364818 0.98480773,
                0 0.34202015 0.93969262,
                0 0.5 0.86602539,
                0 0.64278764 0.76604444,
                0 0.76604444 0.64278764,
                0 0.86602539 0.5,
                0 0.93969262 0.34202015,
                0 0.98480773 0.17364818,
                0 1 1.8369701e-16,
                0 0.17364818 0.98480773,
                0 0.34202015 0.93969262,
                0 0.5 0.86602539,
                0 0.64278764 0.76604444,
                0 0.76604444 0.64278764,
                0 0.86602539 0.5,
                0 0.93969262 0.34202015,
                0 0.98480773 0.17364818,
                -0.92847669 0.37139067 0,
                -0.92847669 0.37139067 0,
                -0.92847669 0.37139067 0,
                -0.92847669 0.37139067 0,
                -0.92847669 0.37139067 0,
                0 0.37139067 -0.92847669,
                0 0.37139067 -0.92847669,
                0 0.37139067 -0.92847669,
                0 0.37139067 -0.92847669,
                0 0.37139067 -0.92847669,
                -0 1 -0,
                -0 1 -0,
                -0 1 -0,
                -0 1 -0,
                0 0.37139067 0.92847669,
                0 0.37139067 0.92847669,
                0 0.37139067 0.92847669,
                0 0.37139067 0.92847669,
                0 0.37139067 0.92847669,
                0.92847669 0.37139067 0,
                0.92847669 0.37139067 0,
                0.92847669 0.37139067 0,
                0.92847669 0.37139067 0,
                0.92847669 0.37139067 0,
                0 0 1,
                0 0 1,
                0 0 1,
                0 0 1,
                0 0 1,
                0 0 1,
                0 0 1,
                0 0 1,
                1 0 -0,
                1 0 -0,
                1 0 -0,
                1 0 -0,
                1 0 -0,
                1 0 -0,
                1 0 -0,
                1 0 -0,
                1 0 -0,
                1 0 -0,
                1 0 -0,
                1 0 -0,
                1 0 -0,
                1 0 -0,
                1 0 -0,
                1 0 -0,
                1 0 -0,
                1 0 -0,
                1 0 -0,
                1 0 -0,
                1 0 -0,
                1 0 -0,
                1 0 -0,
                1 0 -0,
                1 0 -0,
                1 0 -0,
                1 0 -0,
                1 0 -0,
                0.92847669 0 0.37139067,
                0.92847669 0 0.37139067,
                0.92847669 0 0.37139067,
                0.92847669 0 0.37139067,
                0.92847669 0 0.37139067,
                0 -0.92847669 0.37139067,
                0 -0.92847669 0.37139067,
                0 -0.92847669 0.37139067,
                0 -0.92847669 0.37139067,
                0 -0.92847669 0.37139067,
                0 -1 0,
                0 -1 0,
                0 -1 0,
                0 -1 0,
                0 1.2246469e-16 -1,
                0 1.2246469e-16 -1,
                -0 -1 -1.8369701e-16,
                -0 -0.17364818 -0.98480773,
                -0 -0.34202015 -0.93969262,
                -0 -0.5 -0.86602539,
                -0 -0.64278764 -0.76604444,
                -0 -0.76604444 -0.64278764,
                -0 -0.86602539 -0.5,
                -0 -0.93969262 -0.34202015,
                -0 -0.98480773 -0.17364818,
                -0 -1 -1.8369701e-16,
                -0 -0.17364818 -0.98480773,
                -0 -0.34202015 -0.93969262,
                -0 -0.5 -0.86602539,
                -0 -0.64278764 -0.76604444,
                -0 -0.76604444 -0.64278764,
                -0 -0.86602539 -0.5,
                -0 -0.93969262 -0.34202015,
                -0 -0.98480773 -0.17364818,
                0 0 -1,
                0 0 -1,
                0 0 -1,
                0 0 -1,
                0 0 -1,
                0 0 -1,
                0 0 -1,
                0 0 -1,
                -1 0 0,
                -1 0 0,
                -1 0 0,
                -1 0 0,
                -1 0 0,
                -1 0 0,
                -1 0 0,
                -1 0 0,
                -1 0 0,
                -1 0 0,
                -1 0 0,
                -1 0 0,
                -1 0 0,
                -1 0 0,
                -1 0 0,
                -1 0 0,
                -1 0 0,
                -1 0 0,
                -1 0 0,
                -1 0 0,
                -1 0 0,
                -1 0 0,
                -1 0 0,
                -1 0 0,
                -1 0 0,
                -1 0 0,
                -1 0 0,
                -1 0 0,
                -0.92847669 0 0.37139067,
                -0.92847669 0 0.37139067,
                -0.92847669 0 0.37139067,
                -0.92847669 0 0.37139067,
                -0.92847669 0 0.37139067,
                0 0 1,
                0 0 1,
                0 0 1,
                0 0 1,
                0 0.92847669 0.37139067,
                0 0.92847669 0.37139067,
                0 0.92847669 0.37139067,
                0 0.92847669 0.37139067,
                0 0.92847669 0.37139067,
                0 1 0,
                0 1 0,
                0 1 0,
                0 1 0,
                -0 -1.2246469e-16 1,
                -0 -1.2246469e-16 1,
                0 1 1.8369701e-16,
                0 0.17364818 0.98480773,
                0 0.34202015 0.93969262,
                0 0.5 0.86602539,
                0 0.64278764 0.76604444,
                0 0.76604444 0.64278764,
                0 0.86602539 0.5,
                0 0.93969262 0.34202015,
                0 0.98480773 0.17364818,
                0 1 1.8369701e-16,
                0 0.17364818 0.98480773,
                0 0.34202015 0.93969262,
                0 0.5 0.86602539,
                0 0.64278764 0.76604444,
                0 0.76604444 0.64278764,
                0 0.86602539 0.5,
                0 0.93969262 0.34202015,
                0 0.98480773 0.17364818,
                -0.92847669 0.37139067 0,
                -0.92847669 0.37139067 0,
                -0.92847669 0.37139067 0,
                -0.92847669 0.37139067 0,
                -0.92847669 0.37139067 0,
                0 0.37139067 -0.92847669,
                0 0.37139067 -0.92847669,
                0 0.37139067 -0.92847669,
                0 0.37139067 -0.92847669,
                0 0.37139067 -0.92847669,
                -0 1 -0,
                -0 1 -0,
                -0 1 -0,
                -0 1 -0,
                0 0.37139067 0.92847669,
                0 0.37139067 0.92847669,
                0 0.37139067 0.92847669,
                0 0.37139067 0.92847669,
                0 0.37139067 0.92847669,
                0.92847669 0.37139067 0,
                0.92847669 0.37139067 0,
                0.92847669 0.37139067 0,
                0.92847669 0.37139067 0,
                0.92847669 0.37139067 0,
                0 0 1,
                0 0 1,
                0 0 1,
                0 0 1,
                0 0 1,
                0 0 1,
                0 0 1,
                0 0 1,
                1 0 -0,
                1 0 -0,
                1 0 -0,
                1 0 -0,
                1 0 -0,
                1 0 -0,
                1 0 -0,
                1 0 -0,
                1 0 -0,
                1 0 -0,
                1 0 -0,
                1 0 -0,
                1 0 -0,
                1 0 -0,
                1 0 -0,
                1 0 -0,
                1 0 -0,
                1 0 -0,
                1 0 -0,
                1 0 -0,
                1 0 -0,
                1 0 -0,
                1 0 -0,
                1 0 -0,
                1 0 -0,
                1 0 -0,
                1 0 -0,
                1 0 -0,
                0.92847669 0 0.37139067,
                0.92847669 0 0.37139067,
                0.92847669 0 0.37139067,
                0.92847669 0 0.37139067,
                0.92847669 0 0.37139067,
                0 -0.92847669 0.37139067,
                0 -0.92847669 0.37139067,
                0 -0.92847669 0.37139067,
                0 -0.92847669 0.37139067,
                0 -0.92847669 0.37139067,
                0 -1 0,
                0 -1 0,
                0 -1 0,
                0 -1 0,
                0 1.2246469e-16 -1,
                0 1.2246469e-16 -1,
                -0 -1 -1.8369701e-16,
                -0 -0.17364818 -0.98480773,
                -0 -0.34202015 -0.93969262,
                -0 -0.5 -0.86602539,
                -0 -0.64278764 -0.76604444,
                -0 -0.76604444 -0.64278764,
                -0 -0.86602539 -0.5,
                -0 -0.93969262 -0.34202015,
                -0 -0.98480773 -0.17364818,
                -0 -1 -1.8369701e-16,
                -0 -0.17364818 -0.98480773,
                -0 -0.34202015 -0.93969262,
                -0 -0.5 -0.86602539,
                -0 -0.64278764 -0.76604444,
                -0 -0.76604444 -0.64278764,
                -0 -0.86602539 -0.5,
                -0 -0.93969262 -0.34202015,
                -0 -0.98480773 -0.17364818,
                0 0 -1,
                0 0 -1,
                0 0 -1,
                0 0 -1,
                0 0 -1,
                0 0 -1,
                0 0 -1,
                0 0 -1,
                -1 0 0,
                -1 0 0,
                -1 0 0,
                -1 0 0,
                -1 0 0,
                -1 0 0,
                -1 0 0,
                -1 0 0,
                -1 0 0,
                -1 0 0,
                -1 0 0,
                -1 0 0,
                -1 0 0,
                -1 0 0,
                -1 0 0,
                -1 0 0,
                -1 0 0,
                -1 0 0,
                -1 0 0,
                -1 0 0,
                -1 0 0,
                -1 0 0,
                -1 0 0,
                -1 0 0,
                -1 0 0,
                -1 0 0,
                -1 0 0,
                -1 0 0,
                -0.92847669 0 0.37139067,
                -0.92847669 0 0.37139067,
                -0.92847669 0 0.37139067,
                -0.92847669 0 0.37139067,
                -0.92847669 0 0.37139067,
                0 0 1,
                0 0 1,
                0 0 1,
                0 0 1,
                0 0.92847669 0.37139067,
                0 0.92847669 0.37139067,
                0 0.92847669 0.37139067,
                0 0.92847669 0.37139067,
                0 0.92847669 0.37139067,
                0 1 0,
                0 1 0,
                0 1 0,
                0 1 0,
                -0 -1.2246469e-16 1,
                -0 -1.2246469e-16 1,
                0 1 1.8369701e-16,
                0 0.17364818 0.98480773,
                0 0.34202015 0.93969262,
                0 0.5 0.86602539,
                0 0.64278764 0.76604444,
                0 0.76604444 0.64278764,
                0 0.86602539 0.5,
                0 0.93969262 0.34202015,
                0 0.98480773 0.17364818,
                0 1 1.8369701e-16,
                0 0.17364818 0.98480773,
                0 0.34202015 0.93969262,
                0 0.5 0.86602539,
                0 0.64278764 0.76604444,
                0 0.76604444 0.64278764,
                0 0.86602539 0.5,
                0 0.93969262 0.34202015,
                0 0.98480773 0.17364818,
                -0.92847669 0.37139067 0,
                -0.92847669 0.37139067 0,
                -0.92847669 0.37139067 0,
                -0.92847669 0.37139067 0,
                -0.92847669 0.37139067 0,
                0 0.37139067 -0.92847669,
                0 0.37139067 -0.92847669,
                0 0.37139067 -0.92847669,
                0 0.37139067 -0.92847669,
                0 0.37139067 -0.92847669,
                -0 1 -0,
                -0 1 -0,
                -0 1 -0,
                -0 1 -0,
                0 0.37139067 0.92847669,
                0 0.37139067 0.92847669,
                0 0.37139067 0.92847669,
                0 0.37139067 0.92847669,
                0 0.37139067 0.92847669,
                0.92847669 0.37139067 0,
                0.92847669 0.37139067 0,
                0.92847669 0.37139067 0,
                0.92847669 0.37139067 0,
                0.92847669 0.37139067 0,
                0.96592581 -0 -0.25881904,
                0.96592581 -0 -0.25881904,
                0.96592581 -0 -0.25881904,
                0.96592581 -0 -0.25881904

              ]
            }
            coordIndex [
              2 1 0 -1 
              2 0 3 -1 
              6 4 0 -1 
              5 4 6 -1 
              9 8 7 -1 
              9 7 1 -1 
              793 0 1 -1 
              793 7 6 -1 
              793 6 0 -1 
              793 1 7 -1 
              3 0 4 -1 
              3 4 10 -1 
              35 34 10 -1 
              32 12 2 -1 
              31 12 32 -1 
              31 30 12 -1 
              427 419 420 -1 
              427 428 419 -1 
              29 13 30 -1 
              14 13 29 -1 
              429 418 419 -1 
              429 419 428 -1 
              426 427 420 -1 
              426 420 421 -1 
              426 421 422 -1 
              411 29 412 -1 
              410 29 411 -1 
              430 417 418 -1 
              430 418 429 -1 
              413 412 29 -1 
              425 422 423 -1 
              409 29 410 -1 
              425 426 422 -1 
              431 19 416 -1 
              431 416 417 -1 
              431 417 430 -1 
              414 413 29 -1 
              408 14 29 -1 
              408 29 409 -1 
              415 414 29 -1 
              424 425 423 -1 
              22 19 431 -1 
              17 415 29 -1 
              16 14 408 -1 
              21 20 19 -1 
              3 33 32 -1 
              21 19 22 -1 
              3 32 2 -1 
              28 35 11 -1 
              15 14 16 -1 
              24 23 28 -1 
              432 24 28 -1 
              10 34 33 -1 
              433 432 28 -1 
              10 33 3 -1 
              18 17 29 -1 
              434 433 28 -1 
              435 434 28 -1 
              436 435 28 -1 
              437 436 28 -1 
              438 437 28 -1 
              439 438 28 -1 
              27 28 11 -1 
              27 25 439 -1 
              27 26 25 -1 
              27 439 28 -1 
              10 11 35 -1 
              13 12 30 -1 
              29 28 23 -1 
              29 23 424 -1 
              29 424 18 -1 
              18 424 423 -1 
              794 28 29 -1 
              794 36 28 -1 
              794 37 36 -1 
              794 29 37 -1 
              795 35 28 -1 
              795 38 35 -1 
              795 36 38 -1 
              795 28 36 -1 
              796 34 35 -1 
              796 39 34 -1 
              796 38 39 -1 
              796 35 38 -1 
              42 5 6 -1 
              34 42 33 -1 
              39 5 42 -1 
              39 42 34 -1 
              797 40 5 -1 
              797 41 40 -1 
              797 39 41 -1 
              797 5 39 -1 
              43 49 48 -1 
              11 43 48 -1 
              4 40 43 -1 
              4 43 11 -1 
              5 40 4 -1 
              10 4 11 -1 
              44 46 45 -1 
              9 47 8 -1 
              9 44 47 -1 
              13 9 12 -1 
              13 46 44 -1 
              13 44 9 -1 
              43 47 44 -1 
              43 40 47 -1 
              51 43 44 -1 
              51 50 43 -1 
              56 55 54 -1 
              53 56 54 -1 
              58 57 56 -1 
              52 58 56 -1 
              52 56 53 -1 
              26 52 25 -1 
              58 52 26 -1 
              60 59 49 -1 
              61 60 62 -1 
              798 49 43 -1 
              798 50 62 -1 
              798 43 50 -1 
              798 60 49 -1 
              798 62 60 -1 
              440 63 24 -1 
              432 440 24 -1 
              441 440 432 -1 
              433 441 432 -1 
              442 441 433 -1 
              434 442 433 -1 
              443 442 434 -1 
              435 443 434 -1 
              444 443 435 -1 
              436 445 444 -1 
              436 444 435 -1 
              437 446 445 -1 
              437 445 436 -1 
              438 447 446 -1 
              438 446 437 -1 
              439 448 447 -1 
              439 447 438 -1 
              25 52 448 -1 
              25 448 439 -1 
              445 53 444 -1 
              443 444 53 -1 
              446 53 445 -1 
              442 443 53 -1 
              64 65 67 -1 
              447 53 446 -1 
              456 64 67 -1 
              441 442 53 -1 
              455 456 67 -1 
              448 53 447 -1 
              454 455 67 -1 
              440 441 53 -1 
              453 454 67 -1 
              63 440 53 -1 
              452 453 67 -1 
              52 53 448 -1 
              68 63 53 -1 
              451 452 67 -1 
              450 451 67 -1 
              449 450 67 -1 
              66 449 67 -1 
              799 67 65 -1 
              799 53 67 -1 
              799 69 457 -1 
              799 457 458 -1 
              799 458 459 -1 
              799 459 460 -1 
              799 460 461 -1 
              799 461 462 -1 
              799 462 463 -1 
              799 463 464 -1 
              799 464 68 -1 
              799 70 69 -1 
              799 71 70 -1 
              799 72 71 -1 
              799 65 465 -1 
              799 465 466 -1 
              799 466 467 -1 
              799 467 468 -1 
              799 468 469 -1 
              799 469 470 -1 
              799 470 471 -1 
              799 471 472 -1 
              799 472 72 -1 
              799 68 53 -1 
              18 65 64 -1 
              18 64 17 -1 
              24 68 23 -1 
              24 63 68 -1 
              423 465 65 -1 
              423 65 18 -1 
              422 466 465 -1 
              422 465 423 -1 
              467 466 422 -1 
              421 467 422 -1 
              468 467 421 -1 
              420 468 421 -1 
              469 468 420 -1 
              419 469 420 -1 
              470 469 419 -1 
              418 470 419 -1 
              471 470 418 -1 
              417 471 418 -1 
              472 471 417 -1 
              416 472 417 -1 
              72 472 416 -1 
              19 72 416 -1 
              19 71 72 -1 
              19 20 71 -1 
              21 70 71 -1 
              20 21 71 -1 
              21 69 70 -1 
              21 22 69 -1 
              457 69 22 -1 
              431 457 22 -1 
              458 457 431 -1 
              430 458 431 -1 
              459 458 430 -1 
              429 459 430 -1 
              460 459 429 -1 
              428 460 429 -1 
              461 460 428 -1 
              427 461 428 -1 
              462 461 427 -1 
              426 462 427 -1 
              463 462 426 -1 
              425 463 426 -1 
              464 463 425 -1 
              424 464 425 -1 
              68 464 424 -1 
              23 68 424 -1 
              408 449 66 -1 
              408 66 16 -1 
              409 450 449 -1 
              409 449 408 -1 
              410 451 450 -1 
              410 450 409 -1 
              411 452 451 -1 
              411 451 410 -1 
              412 453 452 -1 
              412 452 411 -1 
              413 454 453 -1 
              413 453 412 -1 
              414 455 454 -1 
              414 454 413 -1 
              415 456 455 -1 
              415 455 414 -1 
              17 64 456 -1 
              17 456 415 -1 
              74 73 77 -1 
              66 74 77 -1 
              76 75 74 -1 
              67 74 66 -1 
              67 76 74 -1 
              16 66 15 -1 
              15 66 77 -1 
              81 80 79 -1 
              45 78 81 -1 
              800 44 45 -1 
              800 51 44 -1 
              800 79 51 -1 
              800 81 79 -1 
              800 45 81 -1 
              57 82 56 -1 
              57 83 82 -1 
              85 74 84 -1 
              85 73 74 -1 
              80 81 86 -1 
              124 127 122 -1 
              124 122 121 -1 
              101 124 121 -1 
              108 111 80 -1 
              101 120 102 -1 
              101 121 120 -1 
              103 97 96 -1 
              103 102 97 -1 
              125 61 126 -1 
              87 60 61 -1 
              75 86 84 -1 
              75 80 86 -1 
              106 124 101 -1 
              75 108 80 -1 
              75 90 108 -1 
              112 110 109 -1 
              105 124 106 -1 
              105 125 124 -1 
              112 115 110 -1 
              107 101 100 -1 
              107 106 101 -1 
              89 109 108 -1 
              89 108 90 -1 
              89 112 109 -1 
              91 90 75 -1 
              55 61 125 -1 
              55 105 104 -1 
              74 75 84 -1 
              55 125 105 -1 
              82 55 56 -1 
              82 87 61 -1 
              82 61 55 -1 
              55 91 75 -1 
              55 88 91 -1 
              55 95 88 -1 
              55 92 95 -1 
              55 99 92 -1 
              94 112 89 -1 
              55 96 99 -1 
              55 103 96 -1 
              55 100 103 -1 
              116 114 113 -1 
              55 107 100 -1 
              55 104 107 -1 
              116 119 114 -1 
              80 126 61 -1 
              80 127 126 -1 
              80 122 127 -1 
              80 123 122 -1 
              80 118 123 -1 
              80 119 118 -1 
              80 114 119 -1 
              80 115 114 -1 
              80 110 115 -1 
              93 113 112 -1 
              80 111 110 -1 
              801 93 98 -1 
              93 112 94 -1 
              801 120 117 -1 
              801 98 97 -1 
              801 97 102 -1 
              801 102 120 -1 
              801 117 116 -1 
              95 89 88 -1 
              801 116 113 -1 
              801 113 93 -1 
              95 94 89 -1 
              120 118 117 -1 
              120 123 118 -1 
              99 98 93 -1 
              99 93 92 -1 
              76 55 75 -1 
              76 54 55 -1 
              76 53 54 -1 
              67 53 76 -1 
              86 128 46 -1 
              129 85 84 -1 
              13 86 46 -1 
              802 84 86 -1 
              802 14 129 -1 
              802 13 14 -1 
              802 86 13 -1 
              802 129 84 -1 
              130 83 57 -1 
              58 130 57 -1 
              129 73 85 -1 
              129 77 73 -1 
              59 48 49 -1 
              59 131 48 -1 
              128 45 46 -1 
              128 78 45 -1 
              87 11 48 -1 
              131 87 48 -1 
              130 82 83 -1 
              803 27 11 -1 
              803 130 27 -1 
              803 87 82 -1 
              803 11 87 -1 
              803 82 130 -1 
              26 130 58 -1 
              26 27 130 -1 
              14 77 129 -1 
              14 15 77 -1 
              60 131 59 -1 
              60 87 131 -1 
              86 78 128 -1 
              86 81 78 -1 
              79 80 61 -1 
              79 61 62 -1 
              79 50 51 -1 
              79 62 50 -1 
              134 135 488 -1 
              480 488 487 -1 
              480 134 488 -1 
              473 88 89 -1 
              473 481 88 -1 
              479 487 486 -1 
              479 480 487 -1 
              474 482 481 -1 
              474 481 473 -1 
              478 486 485 -1 
              478 479 486 -1 
              475 483 482 -1 
              475 482 474 -1 
              477 485 484 -1 
              477 478 485 -1 
              476 484 483 -1 
              476 477 484 -1 
              476 483 475 -1 
              804 133 132 -1 
              804 134 133 -1 
              804 132 135 -1 
              804 135 134 -1 
              139 137 136 -1 
              139 138 137 -1 
              805 141 140 -1 
              805 133 141 -1 
              805 132 133 -1 
              805 140 132 -1 
              142 140 141 -1 
              142 143 140 -1 
              806 144 145 -1 
              806 142 144 -1 
              806 143 142 -1 
              806 145 143 -1 
              91 497 90 -1 
              489 498 497 -1 
              489 497 91 -1 
              490 499 498 -1 
              490 498 489 -1 
              491 500 499 -1 
              491 499 490 -1 
              492 500 491 -1 
              501 492 493 -1 
              501 500 492 -1 
              502 493 494 -1 
              502 501 493 -1 
              503 494 495 -1 
              503 502 494 -1 
              504 495 496 -1 
              504 503 495 -1 
              147 496 146 -1 
              147 504 496 -1 
              807 145 144 -1 
              807 146 145 -1 
              807 144 147 -1 
              807 147 146 -1 
              151 149 148 -1 
              151 150 149 -1 
              132 146 135 -1 
              132 145 146 -1 
              808 145 132 -1 
              808 143 145 -1 
              808 140 143 -1 
              808 132 140 -1 
              481 91 88 -1 
              481 489 91 -1 
              490 489 481 -1 
              482 490 481 -1 
              491 490 482 -1 
              483 491 482 -1 
              492 491 483 -1 
              484 492 483 -1 
              485 493 492 -1 
              485 492 484 -1 
              494 493 485 -1 
              486 494 485 -1 
              495 494 486 -1 
              487 495 486 -1 
              496 495 487 -1 
              488 496 487 -1 
              135 146 496 -1 
              135 496 488 -1 
              473 89 90 -1 
              473 90 497 -1 
              474 497 498 -1 
              474 473 497 -1 
              475 498 499 -1 
              475 474 498 -1 
              476 499 500 -1 
              476 475 499 -1 
              477 500 501 -1 
              477 476 500 -1 
              478 501 502 -1 
              478 477 501 -1 
              479 502 503 -1 
              479 478 502 -1 
              480 503 504 -1 
              480 479 503 -1 
              134 504 147 -1 
              134 480 504 -1 
              144 134 147 -1 
              144 133 134 -1 
              809 133 144 -1 
              809 141 133 -1 
              809 142 141 -1 
              809 144 142 -1 
              810 153 152 -1 
              810 149 153 -1 
              810 148 149 -1 
              810 152 148 -1 
              153 154 152 -1 
              153 155 154 -1 
              811 137 148 -1 
              811 154 137 -1 
              811 152 154 -1 
              811 148 152 -1 
              138 148 137 -1 
              138 151 148 -1 
              159 165 157 -1 
              159 161 164 -1 
              150 151 159 -1 
              175 157 173 -1 
              177 139 150 -1 
              172 173 157 -1 
              177 180 139 -1 
              193 157 175 -1 
              179 180 177 -1 
              179 182 180 -1 
              176 150 159 -1 
              176 177 150 -1 
              169 172 157 -1 
              156 157 193 -1 
              195 156 193 -1 
              158 176 159 -1 
              192 175 174 -1 
              192 193 175 -1 
              158 178 176 -1 
              158 182 179 -1 
              158 179 178 -1 
              171 174 172 -1 
              158 156 191 -1 
              158 191 190 -1 
              158 190 187 -1 
              171 172 169 -1 
              158 187 186 -1 
              171 192 174 -1 
              158 186 183 -1 
              158 183 182 -1 
              812 163 181 -1 
              812 181 184 -1 
              812 167 166 -1 
              168 169 157 -1 
              812 184 185 -1 
              812 188 170 -1 
              812 170 167 -1 
              812 166 163 -1 
              812 185 188 -1 
              194 156 195 -1 
              189 192 171 -1 
              165 168 157 -1 
              191 194 192 -1 
              191 156 194 -1 
              191 192 189 -1 
              188 171 170 -1 
              188 189 171 -1 
              167 170 168 -1 
              167 168 165 -1 
              187 190 188 -1 
              187 188 185 -1 
              163 166 164 -1 
              163 164 161 -1 
              183 184 181 -1 
              183 186 184 -1 
              180 181 163 -1 
              180 163 162 -1 
              139 160 138 -1 
              139 162 160 -1 
              139 180 162 -1 
              159 151 138 -1 
              159 138 160 -1 
              159 160 161 -1 
              159 164 165 -1 
              198 156 197 -1 
              198 157 156 -1 
              813 197 196 -1 
              813 199 198 -1 
              813 36 199 -1 
              813 38 36 -1 
              813 196 38 -1 
              813 198 197 -1 
              201 198 199 -1 
              200 198 201 -1 
              41 196 197 -1 
              204 41 197 -1 
              204 202 41 -1 
              203 202 204 -1 
              814 47 40 -1 
              814 202 47 -1 
              814 40 41 -1 
              814 41 202 -1 
              200 157 198 -1 
              200 159 157 -1 
              204 159 200 -1 
              204 158 159 -1 
              815 200 201 -1 
              815 203 204 -1 
              815 205 203 -1 
              815 37 205 -1 
              815 201 37 -1 
              815 204 200 -1 
              197 158 204 -1 
              197 156 158 -1 
              205 202 203 -1 
              206 202 205 -1 
              816 30 31 -1 
              816 205 30 -1 
              816 206 205 -1 
              816 31 206 -1 
              817 29 30 -1 
              817 37 29 -1 
              817 205 37 -1 
              817 30 205 -1 
              207 7 8 -1 
              207 206 31 -1 
              207 8 206 -1 
              32 207 31 -1 
              818 202 206 -1 
              818 47 202 -1 
              818 8 47 -1 
              818 206 8 -1 
              42 6 7 -1 
              42 7 207 -1 
              819 32 33 -1 
              819 207 32 -1 
              819 42 207 -1 
              819 33 42 -1 
              201 199 36 -1 
              37 201 36 -1 
              39 196 41 -1 
              38 196 39 -1 
              150 136 149 -1 
              150 139 136 -1 
              820 155 153 -1 
              820 136 155 -1 
              820 149 136 -1 
              820 153 149 -1 
              821 136 137 -1 
              821 155 136 -1 
              821 154 155 -1 
              821 137 154 -1 
              161 209 208 -1 
              161 160 209 -1 
              822 208 209 -1 
              822 210 208 -1 
              822 211 210 -1 
              822 209 211 -1 
              823 212 208 -1 
              823 213 212 -1 
              823 210 213 -1 
              823 208 210 -1 
              216 217 520 -1 
              512 520 519 -1 
              512 216 520 -1 
              505 92 93 -1 
              505 513 92 -1 
              511 519 518 -1 
              511 512 519 -1 
              506 514 513 -1 
              506 513 505 -1 
              510 518 517 -1 
              510 511 518 -1 
              507 515 514 -1 
              507 514 506 -1 
              509 517 516 -1 
              509 510 517 -1 
              508 516 515 -1 
              508 509 516 -1 
              508 515 507 -1 
              824 215 214 -1 
              824 216 215 -1 
              824 214 217 -1 
              824 217 216 -1 
              163 208 212 -1 
              163 161 208 -1 
              825 219 218 -1 
              825 215 219 -1 
              825 214 215 -1 
              825 218 214 -1 
              220 218 219 -1 
              220 221 218 -1 
              826 222 223 -1 
              826 220 222 -1 
              826 221 220 -1 
              826 223 221 -1 
              95 529 94 -1 
              521 530 529 -1 
              521 529 95 -1 
              522 531 530 -1 
              522 530 521 -1 
              523 532 531 -1 
              523 531 522 -1 
              524 532 523 -1 
              533 524 525 -1 
              533 532 524 -1 
              534 525 526 -1 
              534 533 525 -1 
              535 526 527 -1 
              535 534 526 -1 
              536 527 528 -1 
              536 535 527 -1 
              225 528 224 -1 
              225 536 528 -1 
              827 223 222 -1 
              827 224 223 -1 
              827 222 225 -1 
              827 225 224 -1 
              160 226 209 -1 
              160 162 226 -1 
              214 224 217 -1 
              214 223 224 -1 
              828 223 214 -1 
              828 221 223 -1 
              828 218 221 -1 
              828 214 218 -1 
              513 95 92 -1 
              513 521 95 -1 
              522 521 513 -1 
              514 522 513 -1 
              523 522 514 -1 
              515 523 514 -1 
              524 523 515 -1 
              516 524 515 -1 
              517 525 524 -1 
              517 524 516 -1 
              526 525 517 -1 
              518 526 517 -1 
              527 526 518 -1 
              519 527 518 -1 
              528 527 519 -1 
              520 528 519 -1 
              217 224 528 -1 
              217 528 520 -1 
              505 94 529 -1 
              505 93 94 -1 
              506 529 530 -1 
              506 505 529 -1 
              507 530 531 -1 
              507 506 530 -1 
              508 531 532 -1 
              508 507 531 -1 
              509 532 533 -1 
              509 508 532 -1 
              510 533 534 -1 
              510 509 533 -1 
              511 534 535 -1 
              511 510 534 -1 
              512 535 536 -1 
              512 511 535 -1 
              216 536 225 -1 
              216 512 536 -1 
              222 216 225 -1 
              222 215 216 -1 
              829 215 222 -1 
              829 219 215 -1 
              829 220 219 -1 
              829 222 220 -1 
              830 227 211 -1 
              830 226 227 -1 
              830 209 226 -1 
              830 211 209 -1 
              227 210 211 -1 
              227 213 210 -1 
              831 213 227 -1 
              831 212 213 -1 
              831 226 212 -1 
              831 227 226 -1 
              162 212 226 -1 
              162 163 212 -1 
              165 229 228 -1 
              165 164 229 -1 
              832 228 229 -1 
              832 230 228 -1 
              832 231 230 -1 
              832 229 231 -1 
              833 232 228 -1 
              833 233 232 -1 
              833 230 233 -1 
              833 228 230 -1 
              236 237 552 -1 
              544 552 551 -1 
              544 236 552 -1 
              537 96 97 -1 
              537 545 96 -1 
              543 551 550 -1 
              543 544 551 -1 
              538 546 545 -1 
              538 545 537 -1 
              542 550 549 -1 
              542 543 550 -1 
              539 547 546 -1 
              539 546 538 -1 
              541 549 548 -1 
              541 542 549 -1 
              540 548 547 -1 
              540 541 548 -1 
              540 547 539 -1 
              834 235 234 -1 
              834 236 235 -1 
              834 234 237 -1 
              834 237 236 -1 
              167 228 232 -1 
              167 165 228 -1 
              835 239 238 -1 
              835 235 239 -1 
              835 234 235 -1 
              835 238 234 -1 
              240 238 239 -1 
              240 241 238 -1 
              836 242 243 -1 
              836 240 242 -1 
              836 241 240 -1 
              836 243 241 -1 
              99 561 98 -1 
              553 562 561 -1 
              553 561 99 -1 
              554 563 562 -1 
              554 562 553 -1 
              555 564 563 -1 
              555 563 554 -1 
              556 564 555 -1 
              565 556 557 -1 
              565 564 556 -1 
              566 557 558 -1 
              566 565 557 -1 
              567 558 559 -1 
              567 566 558 -1 
              568 559 560 -1 
              568 567 559 -1 
              245 560 244 -1 
              245 568 560 -1 
              837 243 242 -1 
              837 244 243 -1 
              837 242 245 -1 
              837 245 244 -1 
              164 246 229 -1 
              164 166 246 -1 
              234 244 237 -1 
              234 243 244 -1 
              838 243 234 -1 
              838 241 243 -1 
              838 238 241 -1 
              838 234 238 -1 
              545 99 96 -1 
              545 553 99 -1 
              554 553 545 -1 
              546 554 545 -1 
              555 554 546 -1 
              547 555 546 -1 
              556 555 547 -1 
              548 556 547 -1 
              549 557 556 -1 
              549 556 548 -1 
              558 557 549 -1 
              550 558 549 -1 
              559 558 550 -1 
              551 559 550 -1 
              560 559 551 -1 
              552 560 551 -1 
              237 244 560 -1 
              237 560 552 -1 
              537 98 561 -1 
              537 97 98 -1 
              538 561 562 -1 
              538 537 561 -1 
              539 562 563 -1 
              539 538 562 -1 
              540 563 564 -1 
              540 539 563 -1 
              541 564 565 -1 
              541 540 564 -1 
              542 565 566 -1 
              542 541 565 -1 
              543 566 567 -1 
              543 542 566 -1 
              544 567 568 -1 
              544 543 567 -1 
              236 568 245 -1 
              236 544 568 -1 
              242 236 245 -1 
              242 235 236 -1 
              839 235 242 -1 
              839 239 235 -1 
              839 240 239 -1 
              839 242 240 -1 
              840 247 231 -1 
              840 246 247 -1 
              840 229 246 -1 
              840 231 229 -1 
              247 230 231 -1 
              247 233 230 -1 
              841 233 247 -1 
              841 232 233 -1 
              841 246 232 -1 
              841 247 246 -1 
              166 232 246 -1 
              166 167 232 -1 
              169 249 248 -1 
              169 168 249 -1 
              842 248 249 -1 
              842 250 248 -1 
              842 251 250 -1 
              842 249 251 -1 
              843 252 248 -1 
              843 253 252 -1 
              843 250 253 -1 
              843 248 250 -1 
              256 257 584 -1 
              576 584 583 -1 
              576 256 584 -1 
              569 100 101 -1 
              569 577 100 -1 
              575 583 582 -1 
              575 576 583 -1 
              570 578 577 -1 
              570 577 569 -1 
              574 582 581 -1 
              574 575 582 -1 
              571 579 578 -1 
              571 578 570 -1 
              573 581 580 -1 
              573 574 581 -1 
              572 580 579 -1 
              572 573 580 -1 
              572 579 571 -1 
              844 255 254 -1 
              844 256 255 -1 
              844 254 257 -1 
              844 257 256 -1 
              171 248 252 -1 
              171 169 248 -1 
              845 259 258 -1 
              845 255 259 -1 
              845 254 255 -1 
              845 258 254 -1 
              260 258 259 -1 
              260 261 258 -1 
              846 262 263 -1 
              846 260 262 -1 
              846 261 260 -1 
              846 263 261 -1 
              103 593 102 -1 
              585 594 593 -1 
              585 593 103 -1 
              586 595 594 -1 
              586 594 585 -1 
              587 596 595 -1 
              587 595 586 -1 
              588 596 587 -1 
              597 588 589 -1 
              597 596 588 -1 
              598 589 590 -1 
              598 597 589 -1 
              599 590 591 -1 
              599 598 590 -1 
              600 591 592 -1 
              600 599 591 -1 
              265 592 264 -1 
              265 600 592 -1 
              847 263 262 -1 
              847 264 263 -1 
              847 262 265 -1 
              847 265 264 -1 
              168 266 249 -1 
              168 170 266 -1 
              254 264 257 -1 
              254 263 264 -1 
              848 263 254 -1 
              848 261 263 -1 
              848 258 261 -1 
              848 254 258 -1 
              577 103 100 -1 
              577 585 103 -1 
              586 585 577 -1 
              578 586 577 -1 
              587 586 578 -1 
              579 587 578 -1 
              588 587 579 -1 
              580 588 579 -1 
              581 589 588 -1 
              581 588 580 -1 
              590 589 581 -1 
              582 590 581 -1 
              591 590 582 -1 
              583 591 582 -1 
              592 591 583 -1 
              584 592 583 -1 
              257 264 592 -1 
              257 592 584 -1 
              569 102 593 -1 
              569 101 102 -1 
              570 593 594 -1 
              570 569 593 -1 
              571 594 595 -1 
              571 570 594 -1 
              572 595 596 -1 
              572 571 595 -1 
              573 596 597 -1 
              573 572 596 -1 
              574 597 598 -1 
              574 573 597 -1 
              575 598 599 -1 
              575 574 598 -1 
              576 599 600 -1 
              576 575 599 -1 
              256 600 265 -1 
              256 576 600 -1 
              262 256 265 -1 
              262 255 256 -1 
              849 255 262 -1 
              849 259 255 -1 
              849 260 259 -1 
              849 262 260 -1 
              850 267 251 -1 
              850 266 267 -1 
              850 249 266 -1 
              850 251 249 -1 
              267 250 251 -1 
              267 253 250 -1 
              851 253 267 -1 
              851 252 253 -1 
              851 266 252 -1 
              851 267 266 -1 
              170 252 266 -1 
              170 171 252 -1 
              173 269 268 -1 
              173 172 269 -1 
              852 268 269 -1 
              852 270 268 -1 
              852 271 270 -1 
              852 269 271 -1 
              853 272 268 -1 
              853 273 272 -1 
              853 270 273 -1 
              853 268 270 -1 
              276 277 616 -1 
              608 616 615 -1 
              608 276 616 -1 
              601 104 105 -1 
              601 609 104 -1 
              607 615 614 -1 
              607 608 615 -1 
              602 610 609 -1 
              602 609 601 -1 
              606 614 613 -1 
              606 607 614 -1 
              603 611 610 -1 
              603 610 602 -1 
              605 613 612 -1 
              605 606 613 -1 
              604 612 611 -1 
              604 605 612 -1 
              604 611 603 -1 
              854 275 274 -1 
              854 276 275 -1 
              854 274 277 -1 
              854 277 276 -1 
              175 268 272 -1 
              175 173 268 -1 
              855 279 278 -1 
              855 275 279 -1 
              855 274 275 -1 
              855 278 274 -1 
              280 278 279 -1 
              280 281 278 -1 
              856 282 283 -1 
              856 280 282 -1 
              856 281 280 -1 
              856 283 281 -1 
              107 625 106 -1 
              617 626 625 -1 
              617 625 107 -1 
              618 627 626 -1 
              618 626 617 -1 
              619 628 627 -1 
              619 627 618 -1 
              620 628 619 -1 
              629 620 621 -1 
              629 628 620 -1 
              630 621 622 -1 
              630 629 621 -1 
              631 622 623 -1 
              631 630 622 -1 
              632 623 624 -1 
              632 631 623 -1 
              285 624 284 -1 
              285 632 624 -1 
              857 283 282 -1 
              857 284 283 -1 
              857 282 285 -1 
              857 285 284 -1 
              172 286 269 -1 
              172 174 286 -1 
              274 284 277 -1 
              274 283 284 -1 
              858 283 274 -1 
              858 281 283 -1 
              858 278 281 -1 
              858 274 278 -1 
              609 107 104 -1 
              609 617 107 -1 
              618 617 609 -1 
              610 618 609 -1 
              619 618 610 -1 
              611 619 610 -1 
              620 619 611 -1 
              612 620 611 -1 
              613 621 620 -1 
              613 620 612 -1 
              622 621 613 -1 
              614 622 613 -1 
              623 622 614 -1 
              615 623 614 -1 
              624 623 615 -1 
              616 624 615 -1 
              277 284 624 -1 
              277 624 616 -1 
              601 106 625 -1 
              601 105 106 -1 
              602 625 626 -1 
              602 601 625 -1 
              603 626 627 -1 
              603 602 626 -1 
              604 627 628 -1 
              604 603 627 -1 
              605 628 629 -1 
              605 604 628 -1 
              606 629 630 -1 
              606 605 629 -1 
              607 630 631 -1 
              607 606 630 -1 
              608 631 632 -1 
              608 607 631 -1 
              276 632 285 -1 
              276 608 632 -1 
              282 276 285 -1 
              282 275 276 -1 
              859 275 282 -1 
              859 279 275 -1 
              859 280 279 -1 
              859 282 280 -1 
              860 287 271 -1 
              860 286 287 -1 
              860 269 286 -1 
              860 271 269 -1 
              287 270 271 -1 
              287 273 270 -1 
              861 273 287 -1 
              861 272 273 -1 
              861 286 272 -1 
              861 287 286 -1 
              174 272 286 -1 
              174 175 272 -1 
              289 288 108 -1 
              289 108 109 -1 
              177 291 290 -1 
              177 176 291 -1 
              288 111 108 -1 
              288 295 111 -1 
              633 641 295 -1 
              633 295 288 -1 
              634 642 641 -1 
              634 641 633 -1 
              635 643 642 -1 
              635 642 634 -1 
              636 644 643 -1 
              636 643 635 -1 
              637 644 636 -1 
              645 644 637 -1 
              646 637 638 -1 
              646 638 639 -1 
              646 645 637 -1 
              647 639 640 -1 
              647 646 639 -1 
              648 647 640 -1 
              296 640 294 -1 
              296 648 640 -1 
              292 294 293 -1 
              292 296 294 -1 
              176 297 291 -1 
              176 178 297 -1 
              862 292 293 -1 
              862 298 292 -1 
              862 299 298 -1 
              862 293 299 -1 
              863 300 292 -1 
              863 301 300 -1 
              863 298 301 -1 
              863 292 298 -1 
              292 302 296 -1 
              292 300 302 -1 
              649 303 295 -1 
              649 295 641 -1 
              650 641 642 -1 
              650 649 641 -1 
              651 642 643 -1 
              651 650 642 -1 
              652 643 644 -1 
              652 651 643 -1 
              653 644 645 -1 
              653 652 644 -1 
              654 645 646 -1 
              654 653 645 -1 
              655 646 647 -1 
              655 654 646 -1 
              656 647 648 -1 
              656 655 647 -1 
              302 648 296 -1 
              302 656 648 -1 
              295 303 110 -1 
              295 110 111 -1 
              178 304 297 -1 
              178 179 304 -1 
              302 300 305 -1 
              302 306 664 -1 
              302 305 306 -1 
              303 109 110 -1 
              303 289 109 -1 
              303 657 289 -1 
              656 302 664 -1 
              649 657 303 -1 
              650 658 657 -1 
              650 657 649 -1 
              655 664 663 -1 
              655 656 664 -1 
              651 659 658 -1 
              651 660 659 -1 
              651 658 650 -1 
              654 662 661 -1 
              654 663 662 -1 
              654 655 663 -1 
              652 661 660 -1 
              652 660 651 -1 
              653 654 661 -1 
              653 661 652 -1 
              179 290 304 -1 
              179 177 290 -1 
              864 301 307 -1 
              864 300 301 -1 
              864 305 300 -1 
              864 307 305 -1 
              298 307 301 -1 
              298 299 307 -1 
              865 293 305 -1 
              865 299 293 -1 
              865 307 299 -1 
              865 305 307 -1 
              305 294 306 -1 
              305 293 294 -1 
              657 288 289 -1 
              657 633 288 -1 
              658 634 633 -1 
              658 633 657 -1 
              659 635 634 -1 
              659 634 658 -1 
              660 636 635 -1 
              660 635 659 -1 
              661 637 636 -1 
              661 636 660 -1 
              662 638 637 -1 
              662 637 661 -1 
              663 639 638 -1 
              663 638 662 -1 
              664 640 639 -1 
              664 639 663 -1 
              306 294 640 -1 
              306 640 664 -1 
              866 304 290 -1 
              866 308 304 -1 
              866 309 308 -1 
              866 290 309 -1 
              867 308 310 -1 
              867 304 308 -1 
              867 297 304 -1 
              867 310 297 -1 
              310 309 311 -1 
              310 308 309 -1 
              868 290 291 -1 
              868 309 290 -1 
              868 311 309 -1 
              868 291 311 -1 
              869 310 311 -1 
              869 297 310 -1 
              869 291 297 -1 
              869 311 291 -1 
              313 112 113 -1 
              313 312 112 -1 
              181 315 314 -1 
              181 180 315 -1 
              312 115 112 -1 
              312 319 115 -1 
              665 673 319 -1 
              665 319 312 -1 
              666 674 673 -1 
              666 673 665 -1 
              667 675 674 -1 
              667 674 666 -1 
              668 676 675 -1 
              668 675 667 -1 
              669 676 668 -1 
              677 676 669 -1 
              678 669 670 -1 
              678 670 671 -1 
              678 677 669 -1 
              679 671 672 -1 
              679 678 671 -1 
              680 679 672 -1 
              320 672 318 -1 
              320 680 672 -1 
              316 318 317 -1 
              316 320 318 -1 
              180 321 315 -1 
              180 182 321 -1 
              870 316 317 -1 
              870 322 316 -1 
              870 323 322 -1 
              870 317 323 -1 
              871 324 316 -1 
              871 325 324 -1 
              871 322 325 -1 
              871 316 322 -1 
              316 326 320 -1 
              316 324 326 -1 
              681 327 319 -1 
              681 319 673 -1 
              682 673 674 -1 
              682 681 673 -1 
              683 674 675 -1 
              683 682 674 -1 
              684 675 676 -1 
              684 683 675 -1 
              685 676 677 -1 
              685 684 676 -1 
              686 677 678 -1 
              686 685 677 -1 
              687 678 679 -1 
              687 686 678 -1 
              688 679 680 -1 
              688 687 679 -1 
              326 680 320 -1 
              326 688 680 -1 
              319 114 115 -1 
              319 327 114 -1 
              182 328 321 -1 
              182 183 328 -1 
              326 324 329 -1 
              326 330 696 -1 
              326 329 330 -1 
              327 113 114 -1 
              327 313 113 -1 
              327 689 313 -1 
              688 326 696 -1 
              681 689 327 -1 
              682 690 689 -1 
              682 689 681 -1 
              687 696 695 -1 
              687 688 696 -1 
              683 691 690 -1 
              683 692 691 -1 
              683 690 682 -1 
              686 694 693 -1 
              686 695 694 -1 
              686 687 695 -1 
              684 693 692 -1 
              684 692 683 -1 
              685 686 693 -1 
              685 693 684 -1 
              183 314 328 -1 
              183 181 314 -1 
              872 325 331 -1 
              872 324 325 -1 
              872 329 324 -1 
              872 331 329 -1 
              322 331 325 -1 
              322 323 331 -1 
              873 317 329 -1 
              873 323 317 -1 
              873 331 323 -1 
              873 329 331 -1 
              329 318 330 -1 
              329 317 318 -1 
              689 312 313 -1 
              689 665 312 -1 
              690 666 665 -1 
              690 665 689 -1 
              691 667 666 -1 
              691 666 690 -1 
              692 668 667 -1 
              692 667 691 -1 
              693 669 668 -1 
              693 668 692 -1 
              694 670 669 -1 
              694 669 693 -1 
              695 671 670 -1 
              695 670 694 -1 
              696 672 671 -1 
              696 671 695 -1 
              330 318 672 -1 
              330 672 696 -1 
              874 328 314 -1 
              874 332 328 -1 
              874 333 332 -1 
              874 314 333 -1 
              875 332 334 -1 
              875 328 332 -1 
              875 321 328 -1 
              875 334 321 -1 
              334 333 335 -1 
              334 332 333 -1 
              876 314 315 -1 
              876 333 314 -1 
              876 335 333 -1 
              876 315 335 -1 
              877 334 335 -1 
              877 321 334 -1 
              877 315 321 -1 
              877 335 315 -1 
              337 116 117 -1 
              337 336 116 -1 
              185 339 338 -1 
              185 184 339 -1 
              336 119 116 -1 
              336 343 119 -1 
              697 705 343 -1 
              697 343 336 -1 
              698 706 705 -1 
              698 705 697 -1 
              699 707 706 -1 
              699 706 698 -1 
              700 708 707 -1 
              700 707 699 -1 
              701 708 700 -1 
              709 708 701 -1 
              710 701 702 -1 
              710 702 703 -1 
              710 709 701 -1 
              711 703 704 -1 
              711 710 703 -1 
              712 711 704 -1 
              344 704 342 -1 
              344 712 704 -1 
              340 342 341 -1 
              340 344 342 -1 
              184 345 339 -1 
              184 186 345 -1 
              878 340 341 -1 
              878 346 340 -1 
              878 347 346 -1 
              878 341 347 -1 
              879 348 340 -1 
              879 349 348 -1 
              879 346 349 -1 
              879 340 346 -1 
              340 350 344 -1 
              340 348 350 -1 
              713 351 343 -1 
              713 343 705 -1 
              714 705 706 -1 
              714 713 705 -1 
              715 706 707 -1 
              715 714 706 -1 
              716 707 708 -1 
              716 715 707 -1 
              717 708 709 -1 
              717 716 708 -1 
              718 709 710 -1 
              718 717 709 -1 
              719 710 711 -1 
              719 718 710 -1 
              720 711 712 -1 
              720 719 711 -1 
              350 712 344 -1 
              350 720 712 -1 
              343 118 119 -1 
              343 351 118 -1 
              186 352 345 -1 
              186 187 352 -1 
              350 348 353 -1 
              350 354 728 -1 
              350 353 354 -1 
              351 117 118 -1 
              351 337 117 -1 
              351 721 337 -1 
              720 350 728 -1 
              713 721 351 -1 
              714 722 721 -1 
              714 721 713 -1 
              719 728 727 -1 
              719 720 728 -1 
              715 723 722 -1 
              715 724 723 -1 
              715 722 714 -1 
              718 726 725 -1 
              718 727 726 -1 
              718 719 727 -1 
              716 725 724 -1 
              716 724 715 -1 
              717 718 725 -1 
              717 725 716 -1 
              187 338 352 -1 
              187 185 338 -1 
              880 349 355 -1 
              880 348 349 -1 
              880 353 348 -1 
              880 355 353 -1 
              346 355 349 -1 
              346 347 355 -1 
              881 341 353 -1 
              881 347 341 -1 
              881 355 347 -1 
              881 353 355 -1 
              353 342 354 -1 
              353 341 342 -1 
              721 336 337 -1 
              721 697 336 -1 
              722 698 697 -1 
              722 697 721 -1 
              723 699 698 -1 
              723 698 722 -1 
              724 700 699 -1 
              724 699 723 -1 
              725 701 700 -1 
              725 700 724 -1 
              726 702 701 -1 
              726 701 725 -1 
              727 703 702 -1 
              727 702 726 -1 
              728 704 703 -1 
              728 703 727 -1 
              354 342 704 -1 
              354 704 728 -1 
              882 352 338 -1 
              882 356 352 -1 
              882 357 356 -1 
              882 338 357 -1 
              883 356 358 -1 
              883 352 356 -1 
              883 345 352 -1 
              883 358 345 -1 
              358 357 359 -1 
              358 356 357 -1 
              884 338 339 -1 
              884 357 338 -1 
              884 359 357 -1 
              884 339 359 -1 
              885 358 359 -1 
              885 345 358 -1 
              885 339 345 -1 
              885 359 339 -1 
              361 120 121 -1 
              361 360 120 -1 
              189 363 362 -1 
              189 188 363 -1 
              360 123 120 -1 
              360 367 123 -1 
              729 737 367 -1 
              729 367 360 -1 
              730 738 737 -1 
              730 737 729 -1 
              731 739 738 -1 
              731 738 730 -1 
              732 740 739 -1 
              732 739 731 -1 
              733 740 732 -1 
              741 740 733 -1 
              742 733 734 -1 
              742 734 735 -1 
              742 741 733 -1 
              743 735 736 -1 
              743 742 735 -1 
              744 743 736 -1 
              368 736 366 -1 
              368 744 736 -1 
              364 366 365 -1 
              364 368 366 -1 
              188 369 363 -1 
              188 190 369 -1 
              886 364 365 -1 
              886 370 364 -1 
              886 371 370 -1 
              886 365 371 -1 
              887 372 364 -1 
              887 373 372 -1 
              887 370 373 -1 
              887 364 370 -1 
              364 374 368 -1 
              364 372 374 -1 
              745 375 367 -1 
              745 367 737 -1 
              746 737 738 -1 
              746 745 737 -1 
              747 738 739 -1 
              747 746 738 -1 
              748 739 740 -1 
              748 747 739 -1 
              749 740 741 -1 
              749 748 740 -1 
              750 741 742 -1 
              750 749 741 -1 
              751 742 743 -1 
              751 750 742 -1 
              752 743 744 -1 
              752 751 743 -1 
              374 744 368 -1 
              374 752 744 -1 
              367 122 123 -1 
              367 375 122 -1 
              190 376 369 -1 
              190 191 376 -1 
              374 372 377 -1 
              374 378 760 -1 
              374 377 378 -1 
              375 121 122 -1 
              375 361 121 -1 
              375 753 361 -1 
              752 374 760 -1 
              745 753 375 -1 
              746 754 753 -1 
              746 753 745 -1 
              751 760 759 -1 
              751 752 760 -1 
              747 755 754 -1 
              747 756 755 -1 
              747 754 746 -1 
              750 758 757 -1 
              750 759 758 -1 
              750 751 759 -1 
              748 757 756 -1 
              748 756 747 -1 
              749 750 757 -1 
              749 757 748 -1 
              191 362 376 -1 
              191 189 362 -1 
              888 373 379 -1 
              888 372 373 -1 
              888 377 372 -1 
              888 379 377 -1 
              370 379 373 -1 
              370 371 379 -1 
              889 365 377 -1 
              889 371 365 -1 
              889 379 371 -1 
              889 377 379 -1 
              377 366 378 -1 
              377 365 366 -1 
              753 360 361 -1 
              753 729 360 -1 
              754 730 729 -1 
              754 729 753 -1 
              755 731 730 -1 
              755 730 754 -1 
              756 732 731 -1 
              756 731 755 -1 
              757 733 732 -1 
              757 732 756 -1 
              758 734 733 -1 
              758 733 757 -1 
              759 735 734 -1 
              759 734 758 -1 
              760 736 735 -1 
              760 735 759 -1 
              378 366 736 -1 
              378 736 760 -1 
              890 376 362 -1 
              890 380 376 -1 
              890 381 380 -1 
              890 362 381 -1 
              891 380 382 -1 
              891 376 380 -1 
              891 369 376 -1 
              891 382 369 -1 
              382 381 383 -1 
              382 380 381 -1 
              892 362 363 -1 
              892 381 362 -1 
              892 383 381 -1 
              892 363 383 -1 
              893 382 383 -1 
              893 369 382 -1 
              893 363 369 -1 
              893 383 363 -1 
              385 124 125 -1 
              385 384 124 -1 
              193 387 386 -1 
              193 192 387 -1 
              384 127 124 -1 
              384 391 127 -1 
              761 769 391 -1 
              761 391 384 -1 
              762 770 769 -1 
              762 769 761 -1 
              763 771 770 -1 
              763 770 762 -1 
              764 772 771 -1 
              764 771 763 -1 
              765 772 764 -1 
              773 772 765 -1 
              774 765 766 -1 
              774 766 767 -1 
              774 773 765 -1 
              775 767 768 -1 
              775 774 767 -1 
              776 775 768 -1 
              392 768 390 -1 
              392 776 768 -1 
              388 390 389 -1 
              388 392 390 -1 
              192 393 387 -1 
              192 194 393 -1 
              894 388 389 -1 
              894 394 388 -1 
              894 395 394 -1 
              894 389 395 -1 
              895 396 388 -1 
              895 397 396 -1 
              895 394 397 -1 
              895 388 394 -1 
              388 398 392 -1 
              388 396 398 -1 
              777 399 391 -1 
              777 391 769 -1 
              778 769 770 -1 
              778 777 769 -1 
              779 770 771 -1 
              779 778 770 -1 
              780 771 772 -1 
              780 779 771 -1 
              781 772 773 -1 
              781 780 772 -1 
              782 773 774 -1 
              782 781 773 -1 
              783 774 775 -1 
              783 782 774 -1 
              784 775 776 -1 
              784 783 775 -1 
              398 776 392 -1 
              398 784 776 -1 
              391 126 127 -1 
              391 399 126 -1 
              194 400 393 -1 
              194 195 400 -1 
              398 396 401 -1 
              398 402 792 -1 
              398 401 402 -1 
              399 125 126 -1 
              399 385 125 -1 
              399 785 385 -1 
              784 398 792 -1 
              777 785 399 -1 
              778 786 785 -1 
              778 785 777 -1 
              783 792 791 -1 
              783 784 792 -1 
              779 787 786 -1 
              779 788 787 -1 
              779 786 778 -1 
              782 790 789 -1 
              782 791 790 -1 
              782 783 791 -1 
              780 789 788 -1 
              780 788 779 -1 
              781 782 789 -1 
              781 789 780 -1 
              195 386 400 -1 
              195 193 386 -1 
              896 397 403 -1 
              896 396 397 -1 
              896 401 396 -1 
              896 403 401 -1 
              394 403 397 -1 
              394 395 403 -1 
              897 389 401 -1 
              897 395 389 -1 
              897 403 395 -1 
              897 401 403 -1 
              401 390 402 -1 
              401 389 390 -1 
              785 384 385 -1 
              785 761 384 -1 
              786 762 761 -1 
              786 761 785 -1 
              787 763 762 -1 
              787 762 786 -1 
              788 764 763 -1 
              788 763 787 -1 
              789 765 764 -1 
              789 764 788 -1 
              790 766 765 -1 
              790 765 789 -1 
              791 767 766 -1 
              791 766 790 -1 
              792 768 767 -1 
              792 767 791 -1 
              402 390 768 -1 
              402 768 792 -1 
              898 400 386 -1 
              898 404 400 -1 
              898 405 404 -1 
              898 386 405 -1 
              899 404 406 -1 
              899 400 404 -1 
              899 393 400 -1 
              899 406 393 -1 
              406 405 407 -1 
              406 404 405 -1 
              900 386 387 -1 
              900 405 386 -1 
              900 407 405 -1 
              900 387 407 -1 
              901 406 407 -1 
              901 393 406 -1 
              901 387 393 -1 
              901 407 387 -1 
              12 9 1 -1 
              12 1 2 -1 
            ]
            normalIndex [
              2 1 0 -1 
              2 0 3 -1 
              8 6 4 -1 
              7 6 8 -1 
              11 10 9 -1 
              11 9 5 -1 
              12 4 5 -1 
              12 9 8 -1 
              12 8 4 -1 
              12 5 9 -1 
              15 14 13 -1 
              15 13 16 -1 
              76 75 18 -1 
              73 21 20 -1 
              72 21 73 -1 
              72 71 21 -1 
              52 40 41 -1 
              52 53 40 -1 
              70 22 71 -1 
              23 22 70 -1 
              54 39 40 -1 
              54 40 53 -1 
              51 52 41 -1 
              51 41 42 -1 
              51 42 43 -1 
              30 70 31 -1 
              29 70 30 -1 
              55 38 39 -1 
              55 39 54 -1 
              32 31 70 -1 
              50 43 44 -1 
              28 70 29 -1 
              50 51 43 -1 
              56 36 37 -1 
              56 37 38 -1 
              56 38 55 -1 
              33 32 70 -1 
              27 23 70 -1 
              27 70 28 -1 
              34 33 70 -1 
              49 50 44 -1 
              47 36 56 -1 
              26 34 70 -1 
              25 23 27 -1 
              46 45 36 -1 
              19 74 73 -1 
              46 36 47 -1 
              19 73 20 -1 
              69 76 17 -1 
              24 23 25 -1 
              57 48 69 -1 
              59 57 69 -1 
              18 75 74 -1 
              60 59 69 -1 
              18 74 19 -1 
              35 26 70 -1 
              61 60 69 -1 
              62 61 69 -1 
              63 62 69 -1 
              64 63 69 -1 
              65 64 69 -1 
              66 65 69 -1 
              68 69 17 -1 
              68 58 66 -1 
              68 67 58 -1 
              68 66 69 -1 
              18 17 76 -1 
              22 21 71 -1 
              70 69 48 -1 
              70 48 49 -1 
              70 49 35 -1 
              35 49 44 -1 
              81 77 78 -1 
              81 79 77 -1 
              81 80 79 -1 
              81 78 80 -1 
              86 82 83 -1 
              86 84 82 -1 
              86 85 84 -1 
              86 83 85 -1 
              91 87 88 -1 
              91 89 87 -1 
              91 90 89 -1 
              91 88 90 -1 
              99 93 92 -1 
              97 99 98 -1 
              96 93 99 -1 
              96 99 97 -1 
              100 94 93 -1 
              100 95 94 -1 
              100 96 95 -1 
              100 93 96 -1 
              101 116 115 -1 
              114 101 115 -1 
              112 110 101 -1 
              112 101 114 -1 
              111 110 112 -1 
              113 112 114 -1 
              102 104 103 -1 
              107 109 108 -1 
              107 102 109 -1 
              105 107 106 -1 
              105 104 102 -1 
              105 102 107 -1 
              101 109 102 -1 
              101 110 109 -1 
              120 117 118 -1 
              120 119 117 -1 
              126 125 124 -1 
              123 126 124 -1 
              128 127 126 -1 
              122 128 126 -1 
              122 126 123 -1 
              129 122 121 -1 
              128 122 129 -1 
              133 132 130 -1 
              134 133 135 -1 
              137 130 131 -1 
              137 136 135 -1 
              137 131 136 -1 
              137 133 130 -1 
              137 135 133 -1 
              140 138 150 -1 
              151 140 150 -1 
              141 140 151 -1 
              152 141 151 -1 
              142 141 152 -1 
              153 142 152 -1 
              143 142 153 -1 
              154 143 153 -1 
              144 143 154 -1 
              155 145 144 -1 
              155 144 154 -1 
              156 146 145 -1 
              156 145 155 -1 
              157 147 146 -1 
              157 146 156 -1 
              158 148 147 -1 
              158 147 157 -1 
              149 139 148 -1 
              149 148 158 -1 
              179 171 178 -1 
              177 178 171 -1 
              180 171 179 -1 
              176 177 171 -1 
              159 160 170 -1 
              181 171 180 -1 
              169 159 170 -1 
              175 176 171 -1 
              168 169 170 -1 
              182 171 181 -1 
              167 168 170 -1 
              174 175 171 -1 
              166 167 170 -1 
              173 174 171 -1 
              165 166 170 -1 
              172 171 182 -1 
              183 173 171 -1 
              164 165 170 -1 
              163 164 170 -1 
              162 163 170 -1 
              161 162 170 -1 
              204 170 160 -1 
              204 171 170 -1 
              204 184 185 -1 
              204 185 186 -1 
              204 186 187 -1 
              204 187 188 -1 
              204 188 189 -1 
              204 189 190 -1 
              204 190 191 -1 
              204 191 192 -1 
              204 192 183 -1 
              204 193 184 -1 
              204 194 193 -1 
              204 195 194 -1 
              204 160 196 -1 
              204 196 197 -1 
              204 197 198 -1 
              204 198 199 -1 
              204 199 200 -1 
              204 200 201 -1 
              204 201 202 -1 
              204 202 203 -1 
              204 203 195 -1 
              204 183 171 -1 
              207 206 205 -1 
              207 205 208 -1 
              209 212 211 -1 
              209 210 212 -1 
              232 215 213 -1 
              232 213 224 -1 
              231 216 215 -1 
              231 215 232 -1 
              217 216 231 -1 
              230 217 231 -1 
              218 217 230 -1 
              229 218 230 -1 
              219 218 229 -1 
              228 219 229 -1 
              220 219 228 -1 
              227 220 228 -1 
              221 220 227 -1 
              226 221 227 -1 
              222 221 226 -1 
              225 222 226 -1 
              214 222 225 -1 
              223 214 225 -1 
              236 233 234 -1 
              236 235 233 -1 
              239 237 238 -1 
              240 239 238 -1 
              244 241 242 -1 
              244 243 241 -1 
              247 245 256 -1 
              264 247 256 -1 
              248 247 264 -1 
              263 248 264 -1 
              249 248 263 -1 
              262 249 263 -1 
              250 249 262 -1 
              261 250 262 -1 
              251 250 261 -1 
              260 251 261 -1 
              252 251 260 -1 
              259 252 260 -1 
              253 252 259 -1 
              258 253 259 -1 
              254 253 258 -1 
              257 254 258 -1 
              246 254 257 -1 
              255 246 257 -1 
              277 267 265 -1 
              277 265 276 -1 
              278 268 267 -1 
              278 267 277 -1 
              279 269 268 -1 
              279 268 278 -1 
              280 270 269 -1 
              280 269 279 -1 
              281 271 270 -1 
              281 270 280 -1 
              282 272 271 -1 
              282 271 281 -1 
              283 273 272 -1 
              283 272 282 -1 
              284 274 273 -1 
              284 273 283 -1 
              275 266 274 -1 
              275 274 284 -1 
              286 285 293 -1 
              290 286 293 -1 
              288 287 286 -1 
              289 286 290 -1 
              289 288 286 -1 
              291 290 292 -1 
              292 290 293 -1 
              300 299 298 -1 
              294 295 300 -1 
              301 296 294 -1 
              301 297 296 -1 
              301 298 297 -1 
              301 300 298 -1 
              301 294 300 -1 
              302 304 303 -1 
              302 305 304 -1 
              309 307 306 -1 
              309 308 307 -1 
              316 315 314 -1 
              358 361 356 -1 
              358 356 355 -1 
              335 358 355 -1 
              342 345 316 -1 
              335 354 336 -1 
              335 355 354 -1 
              337 331 330 -1 
              337 336 331 -1 
              359 317 360 -1 
              319 318 317 -1 
              311 314 313 -1 
              311 316 314 -1 
              340 358 335 -1 
              311 342 316 -1 
              311 324 342 -1 
              346 344 343 -1 
              339 358 340 -1 
              339 359 358 -1 
              346 349 344 -1 
              341 335 334 -1 
              341 340 335 -1 
              323 343 342 -1 
              323 342 324 -1 
              323 346 343 -1 
              325 324 311 -1 
              310 317 359 -1 
              310 339 338 -1 
              312 311 313 -1 
              310 359 339 -1 
              320 310 321 -1 
              320 319 317 -1 
              320 317 310 -1 
              310 325 311 -1 
              310 322 325 -1 
              310 329 322 -1 
              310 326 329 -1 
              310 333 326 -1 
              328 346 323 -1 
              310 330 333 -1 
              310 337 330 -1 
              310 334 337 -1 
              350 348 347 -1 
              310 341 334 -1 
              310 338 341 -1 
              350 353 348 -1 
              316 360 317 -1 
              316 361 360 -1 
              316 356 361 -1 
              316 357 356 -1 
              316 352 357 -1 
              316 353 352 -1 
              316 348 353 -1 
              316 349 348 -1 
              316 344 349 -1 
              327 347 346 -1 
              316 345 344 -1 
              362 327 332 -1 
              327 346 328 -1 
              362 354 351 -1 
              362 332 331 -1 
              362 331 336 -1 
              362 336 354 -1 
              362 351 350 -1 
              329 323 322 -1 
              362 350 347 -1 
              362 347 327 -1 
              329 328 323 -1 
              354 352 351 -1 
              354 357 352 -1 
              333 332 327 -1 
              333 327 326 -1 
              366 363 364 -1 
              366 365 363 -1 
              368 369 367 -1 
              370 369 368 -1 
              374 373 371 -1 
              377 376 375 -1 
              372 374 371 -1 
              379 375 374 -1 
              379 378 377 -1 
              379 372 378 -1 
              379 374 372 -1 
              379 377 375 -1 
              382 380 381 -1 
              383 382 381 -1 
              387 384 385 -1 
              387 386 384 -1 
              391 388 389 -1 
              391 390 388 -1 
              395 393 392 -1 
              395 394 393 -1 
              402 396 397 -1 
              403 402 397 -1 
              399 401 400 -1 
              404 398 396 -1 
              404 399 398 -1 
              404 402 401 -1 
              404 396 402 -1 
              404 401 399 -1 
              406 407 405 -1 
              406 408 407 -1 
              409 412 411 -1 
              409 410 412 -1 
              414 415 413 -1 
              414 416 415 -1 
              417 420 419 -1 
              417 418 420 -1 
              423 422 421 -1 
              423 421 424 -1 
              426 428 427 -1 
              426 425 428 -1 
              431 442 450 -1 
              440 450 449 -1 
              440 431 450 -1 
              433 441 432 -1 
              433 443 441 -1 
              439 449 448 -1 
              439 440 449 -1 
              434 444 443 -1 
              434 443 433 -1 
              438 448 447 -1 
              438 439 448 -1 
              435 445 444 -1 
              435 444 434 -1 
              437 447 446 -1 
              437 438 447 -1 
              436 446 445 -1 
              436 437 446 -1 
              436 445 435 -1 
              451 430 429 -1 
              451 431 430 -1 
              451 429 442 -1 
              451 442 431 -1 
              455 453 452 -1 
              455 454 453 -1 
              460 457 456 -1 
              460 458 457 -1 
              460 459 458 -1 
              460 456 459 -1 
              461 464 463 -1 
              461 462 464 -1 
              469 465 466 -1 
              469 467 465 -1 
              469 468 467 -1 
              469 466 468 -1 
              473 484 482 -1 
              474 485 484 -1 
              474 484 473 -1 
              475 486 485 -1 
              475 485 474 -1 
              476 487 486 -1 
              476 486 475 -1 
              477 487 476 -1 
              488 477 478 -1 
              488 487 477 -1 
              489 478 479 -1 
              489 488 478 -1 
              490 479 480 -1 
              490 489 479 -1 
              491 480 481 -1 
              491 490 480 -1 
              483 481 472 -1 
              483 491 481 -1 
              492 471 470 -1 
              492 472 471 -1 
              492 470 483 -1 
              492 483 472 -1 
              496 494 493 -1 
              496 495 494 -1 
              498 500 499 -1 
              498 497 500 -1 
              505 501 502 -1 
              505 503 501 -1 
              505 504 503 -1 
              505 502 504 -1 
              518 506 507 -1 
              518 509 506 -1 
              510 509 518 -1 
              519 510 518 -1 
              511 510 519 -1 
              520 511 519 -1 
              512 511 520 -1 
              521 512 520 -1 
              522 513 512 -1 
              522 512 521 -1 
              514 513 522 -1 
              523 514 522 -1 
              515 514 523 -1 
              524 515 523 -1 
              516 515 524 -1 
              525 516 524 -1 
              517 508 516 -1 
              517 516 525 -1 
              529 527 526 -1 
              529 526 538 -1 
              530 538 539 -1 
              530 529 538 -1 
              531 539 540 -1 
              531 530 539 -1 
              532 540 541 -1 
              532 531 540 -1 
              533 541 542 -1 
              533 532 541 -1 
              534 542 543 -1 
              534 533 542 -1 
              535 543 544 -1 
              535 534 543 -1 
              536 544 545 -1 
              536 535 544 -1 
              528 545 537 -1 
              528 536 545 -1 
              547 549 548 -1 
              547 546 549 -1 
              554 550 551 -1 
              554 552 550 -1 
              554 553 552 -1 
              554 551 553 -1 
              559 556 555 -1 
              559 557 556 -1 
              559 558 557 -1 
              559 555 558 -1 
              563 560 561 -1 
              563 562 560 -1 
              568 564 565 -1 
              568 566 564 -1 
              568 567 566 -1 
              568 565 567 -1 
              572 570 569 -1 
              572 571 570 -1 
              576 586 574 -1 
              576 582 585 -1 
              579 577 576 -1 
              596 574 594 -1 
              598 580 579 -1 
              593 594 574 -1 
              598 601 580 -1 
              614 574 596 -1 
              600 601 598 -1 
              600 603 601 -1 
              597 579 576 -1 
              597 598 579 -1 
              590 593 574 -1 
              573 574 614 -1 
              616 573 614 -1 
              575 597 576 -1 
              613 596 595 -1 
              613 614 596 -1 
              575 599 597 -1 
              575 603 600 -1 
              575 600 599 -1 
              592 595 593 -1 
              575 573 612 -1 
              575 612 611 -1 
              575 611 608 -1 
              592 593 590 -1 
              575 608 607 -1 
              592 613 595 -1 
              575 607 604 -1 
              575 604 603 -1 
              617 584 602 -1 
              617 602 605 -1 
              617 588 587 -1 
              589 590 574 -1 
              617 605 606 -1 
              617 609 591 -1 
              617 591 588 -1 
              617 587 584 -1 
              617 606 609 -1 
              615 573 616 -1 
              610 613 592 -1 
              586 589 574 -1 
              612 615 613 -1 
              612 573 615 -1 
              612 613 610 -1 
              609 592 591 -1 
              609 610 592 -1 
              588 591 589 -1 
              588 589 586 -1 
              608 611 609 -1 
              608 609 606 -1 
              584 587 585 -1 
              584 585 582 -1 
              604 605 602 -1 
              604 607 605 -1 
              601 602 584 -1 
              601 584 583 -1 
              580 581 578 -1 
              580 583 581 -1 
              580 601 583 -1 
              576 577 578 -1 
              576 578 581 -1 
              576 581 582 -1 
              576 585 586 -1 
              622 620 619 -1 
              622 621 620 -1 
              626 619 618 -1 
              626 623 622 -1 
              626 624 623 -1 
              626 625 624 -1 
              626 618 625 -1 
              626 622 619 -1 
              629 627 630 -1 
              628 627 629 -1 
              638 637 636 -1 
              635 638 636 -1 
              635 633 638 -1 
              634 633 635 -1 
              639 632 631 -1 
              639 633 632 -1 
              639 631 638 -1 
              639 638 633 -1 
              641 642 640 -1 
              641 643 642 -1 
              648 646 645 -1 
              648 647 646 -1 
              652 645 644 -1 
              652 649 648 -1 
              652 650 649 -1 
              652 651 650 -1 
              652 644 651 -1 
              652 648 645 -1 
              653 655 654 -1 
              653 656 655 -1 
              657 660 659 -1 
              658 660 657 -1 
              665 661 662 -1 
              665 663 661 -1 
              665 664 663 -1 
              665 662 664 -1 
              670 666 667 -1 
              670 668 666 -1 
              670 669 668 -1 
              670 667 669 -1 
              673 671 672 -1 
              673 676 675 -1 
              673 672 676 -1 
              674 673 675 -1 
              679 677 676 -1 
              679 678 677 -1 
              679 672 678 -1 
              679 676 672 -1 
              682 681 680 -1 
              682 680 683 -1 
              688 684 685 -1 
              688 686 684 -1 
              688 687 686 -1 
              688 685 687 -1 
              692 691 689 -1 
              690 692 689 -1 
              693 696 695 -1 
              694 696 693 -1 
              700 698 697 -1 
              700 699 698 -1 
              705 702 701 -1 
              705 703 702 -1 
              705 704 703 -1 
              705 701 704 -1 
              710 706 707 -1 
              710 708 706 -1 
              710 709 708 -1 
              710 707 709 -1 
              714 712 711 -1 
              714 713 712 -1 
              719 715 716 -1 
              719 717 715 -1 
              719 718 717 -1 
              719 716 718 -1 
              724 720 721 -1 
              724 722 720 -1 
              724 723 722 -1 
              724 721 723 -1 
              727 738 746 -1 
              736 746 745 -1 
              736 727 746 -1 
              729 737 728 -1 
              729 739 737 -1 
              735 745 744 -1 
              735 736 745 -1 
              730 740 739 -1 
              730 739 729 -1 
              734 744 743 -1 
              734 735 744 -1 
              731 741 740 -1 
              731 740 730 -1 
              733 743 742 -1 
              733 734 743 -1 
              732 742 741 -1 
              732 733 742 -1 
              732 741 731 -1 
              747 726 725 -1 
              747 727 726 -1 
              747 725 738 -1 
              747 738 727 -1 
              751 749 748 -1 
              751 750 749 -1 
              756 753 752 -1 
              756 754 753 -1 
              756 755 754 -1 
              756 752 755 -1 
              757 760 759 -1 
              757 758 760 -1 
              765 761 762 -1 
              765 763 761 -1 
              765 764 763 -1 
              765 762 764 -1 
              769 780 778 -1 
              770 781 780 -1 
              770 780 769 -1 
              771 782 781 -1 
              771 781 770 -1 
              772 783 782 -1 
              772 782 771 -1 
              773 783 772 -1 
              784 773 774 -1 
              784 783 773 -1 
              785 774 775 -1 
              785 784 774 -1 
              786 775 776 -1 
              786 785 775 -1 
              787 776 777 -1 
              787 786 776 -1 
              779 777 768 -1 
              779 787 777 -1 
              788 767 766 -1 
              788 768 767 -1 
              788 766 779 -1 
              788 779 768 -1 
              792 790 789 -1 
              792 791 790 -1 
              794 796 795 -1 
              794 793 796 -1 
              801 797 798 -1 
              801 799 797 -1 
              801 800 799 -1 
              801 798 800 -1 
              814 802 803 -1 
              814 805 802 -1 
              806 805 814 -1 
              815 806 814 -1 
              807 806 815 -1 
              816 807 815 -1 
              808 807 816 -1 
              817 808 816 -1 
              818 809 808 -1 
              818 808 817 -1 
              810 809 818 -1 
              819 810 818 -1 
              811 810 819 -1 
              820 811 819 -1 
              812 811 820 -1 
              821 812 820 -1 
              813 804 812 -1 
              813 812 821 -1 
              824 833 834 -1 
              824 822 833 -1 
              825 834 835 -1 
              825 824 834 -1 
              826 835 836 -1 
              826 825 835 -1 
              827 836 837 -1 
              827 826 836 -1 
              828 837 838 -1 
              828 827 837 -1 
              829 838 839 -1 
              829 828 838 -1 
              830 839 840 -1 
              830 829 839 -1 
              831 840 841 -1 
              831 830 840 -1 
              823 841 832 -1 
              823 831 841 -1 
              843 845 844 -1 
              843 842 845 -1 
              850 846 847 -1 
              850 848 846 -1 
              850 849 848 -1 
              850 847 849 -1 
              855 852 851 -1 
              855 853 852 -1 
              855 854 853 -1 
              855 851 854 -1 
              859 856 857 -1 
              859 858 856 -1 
              864 861 860 -1 
              864 862 861 -1 
              864 863 862 -1 
              864 860 863 -1 
              868 866 865 -1 
              868 867 866 -1 
              872 870 869 -1 
              872 871 870 -1 
              877 873 874 -1 
              877 875 873 -1 
              877 876 875 -1 
              877 874 876 -1 
              882 878 879 -1 
              882 880 878 -1 
              882 881 880 -1 
              882 879 881 -1 
              885 896 904 -1 
              894 904 903 -1 
              894 885 904 -1 
              887 895 886 -1 
              887 897 895 -1 
              893 903 902 -1 
              893 894 903 -1 
              888 898 897 -1 
              888 897 887 -1 
              892 902 901 -1 
              892 893 902 -1 
              889 899 898 -1 
              889 898 888 -1 
              891 901 900 -1 
              891 892 901 -1 
              890 900 899 -1 
              890 891 900 -1 
              890 899 889 -1 
              905 884 883 -1 
              905 885 884 -1 
              905 883 896 -1 
              905 896 885 -1 
              909 907 906 -1 
              909 908 907 -1 
              914 911 910 -1 
              914 912 911 -1 
              914 913 912 -1 
              914 910 913 -1 
              915 918 917 -1 
              915 916 918 -1 
              923 919 920 -1 
              923 921 919 -1 
              923 922 921 -1 
              923 920 922 -1 
              927 938 936 -1 
              928 939 938 -1 
              928 938 927 -1 
              929 940 939 -1 
              929 939 928 -1 
              930 941 940 -1 
              930 940 929 -1 
              931 941 930 -1 
              942 931 932 -1 
              942 941 931 -1 
              943 932 933 -1 
              943 942 932 -1 
              944 933 934 -1 
              944 943 933 -1 
              945 934 935 -1 
              945 944 934 -1 
              937 935 926 -1 
              937 945 935 -1 
              946 925 924 -1 
              946 926 925 -1 
              946 924 937 -1 
              946 937 926 -1 
              950 948 947 -1 
              950 949 948 -1 
              952 954 953 -1 
              952 951 954 -1 
              959 955 956 -1 
              959 957 955 -1 
              959 958 957 -1 
              959 956 958 -1 
              972 960 961 -1 
              972 963 960 -1 
              964 963 972 -1 
              973 964 972 -1 
              965 964 973 -1 
              974 965 973 -1 
              966 965 974 -1 
              975 966 974 -1 
              976 967 966 -1 
              976 966 975 -1 
              968 967 976 -1 
              977 968 976 -1 
              969 968 977 -1 
              978 969 977 -1 
              970 969 978 -1 
              979 970 978 -1 
              971 962 970 -1 
              971 970 979 -1 
              982 991 992 -1 
              982 980 991 -1 
              983 992 993 -1 
              983 982 992 -1 
              984 993 994 -1 
              984 983 993 -1 
              985 994 995 -1 
              985 984 994 -1 
              986 995 996 -1 
              986 985 995 -1 
              987 996 997 -1 
              987 986 996 -1 
              988 997 998 -1 
              988 987 997 -1 
              989 998 999 -1 
              989 988 998 -1 
              981 999 990 -1 
              981 989 999 -1 
              1001 1003 1002 -1 
              1001 1000 1003 -1 
              1008 1004 1005 -1 
              1008 1006 1004 -1 
              1008 1007 1006 -1 
              1008 1005 1007 -1 
              1013 1010 1009 -1 
              1013 1011 1010 -1 
              1013 1012 1011 -1 
              1013 1009 1012 -1 
              1017 1014 1015 -1 
              1017 1016 1014 -1 
              1022 1019 1018 -1 
              1022 1020 1019 -1 
              1022 1021 1020 -1 
              1022 1018 1021 -1 
              1026 1024 1023 -1 
              1026 1025 1024 -1 
              1030 1028 1027 -1 
              1030 1029 1028 -1 
              1035 1031 1032 -1 
              1035 1033 1031 -1 
              1035 1034 1033 -1 
              1035 1032 1034 -1 
              1040 1036 1037 -1 
              1040 1038 1036 -1 
              1040 1039 1038 -1 
              1040 1037 1039 -1 
              1043 1054 1062 -1 
              1052 1062 1061 -1 
              1052 1043 1062 -1 
              1045 1053 1044 -1 
              1045 1055 1053 -1 
              1051 1061 1060 -1 
              1051 1052 1061 -1 
              1046 1056 1055 -1 
              1046 1055 1045 -1 
              1050 1060 1059 -1 
              1050 1051 1060 -1 
              1047 1057 1056 -1 
              1047 1056 1046 -1 
              1049 1059 1058 -1 
              1049 1050 1059 -1 
              1048 1058 1057 -1 
              1048 1049 1058 -1 
              1048 1057 1047 -1 
              1063 1042 1041 -1 
              1063 1043 1042 -1 
              1063 1041 1054 -1 
              1063 1054 1043 -1 
              1067 1065 1064 -1 
              1067 1066 1065 -1 
              1072 1069 1068 -1 
              1072 1070 1069 -1 
              1072 1071 1070 -1 
              1072 1068 1071 -1 
              1073 1076 1075 -1 
              1073 1074 1076 -1 
              1081 1077 1078 -1 
              1081 1079 1077 -1 
              1081 1080 1079 -1 
              1081 1078 1080 -1 
              1085 1096 1094 -1 
              1086 1097 1096 -1 
              1086 1096 1085 -1 
              1087 1098 1097 -1 
              1087 1097 1086 -1 
              1088 1099 1098 -1 
              1088 1098 1087 -1 
              1089 1099 1088 -1 
              1100 1089 1090 -1 
              1100 1099 1089 -1 
              1101 1090 1091 -1 
              1101 1100 1090 -1 
              1102 1091 1092 -1 
              1102 1101 1091 -1 
              1103 1092 1093 -1 
              1103 1102 1092 -1 
              1095 1093 1084 -1 
              1095 1103 1093 -1 
              1104 1083 1082 -1 
              1104 1084 1083 -1 
              1104 1082 1095 -1 
              1104 1095 1084 -1 
              1108 1106 1105 -1 
              1108 1107 1106 -1 
              1110 1112 1111 -1 
              1110 1109 1112 -1 
              1117 1113 1114 -1 
              1117 1115 1113 -1 
              1117 1116 1115 -1 
              1117 1114 1116 -1 
              1130 1118 1119 -1 
              1130 1121 1118 -1 
              1122 1121 1130 -1 
              1131 1122 1130 -1 
              1123 1122 1131 -1 
              1132 1123 1131 -1 
              1124 1123 1132 -1 
              1133 1124 1132 -1 
              1134 1125 1124 -1 
              1134 1124 1133 -1 
              1126 1125 1134 -1 
              1135 1126 1134 -1 
              1127 1126 1135 -1 
              1136 1127 1135 -1 
              1128 1127 1136 -1 
              1137 1128 1136 -1 
              1129 1120 1128 -1 
              1129 1128 1137 -1 
              1140 1149 1150 -1 
              1140 1138 1149 -1 
              1141 1150 1151 -1 
              1141 1140 1150 -1 
              1142 1151 1152 -1 
              1142 1141 1151 -1 
              1143 1152 1153 -1 
              1143 1142 1152 -1 
              1144 1153 1154 -1 
              1144 1143 1153 -1 
              1145 1154 1155 -1 
              1145 1144 1154 -1 
              1146 1155 1156 -1 
              1146 1145 1155 -1 
              1147 1156 1157 -1 
              1147 1146 1156 -1 
              1139 1157 1148 -1 
              1139 1147 1157 -1 
              1159 1161 1160 -1 
              1159 1158 1161 -1 
              1166 1162 1163 -1 
              1166 1164 1162 -1 
              1166 1165 1164 -1 
              1166 1163 1165 -1 
              1171 1168 1167 -1 
              1171 1169 1168 -1 
              1171 1170 1169 -1 
              1171 1167 1170 -1 
              1175 1172 1173 -1 
              1175 1174 1172 -1 
              1180 1177 1176 -1 
              1180 1178 1177 -1 
              1180 1179 1178 -1 
              1180 1176 1179 -1 
              1184 1182 1181 -1 
              1184 1183 1182 -1 
              1188 1186 1185 -1 
              1188 1187 1186 -1 
              1193 1189 1190 -1 
              1193 1191 1189 -1 
              1193 1192 1191 -1 
              1193 1190 1192 -1 
              1198 1194 1195 -1 
              1198 1196 1194 -1 
              1198 1197 1196 -1 
              1198 1195 1197 -1 
              1201 1212 1220 -1 
              1210 1220 1219 -1 
              1210 1201 1220 -1 
              1203 1211 1202 -1 
              1203 1213 1211 -1 
              1209 1219 1218 -1 
              1209 1210 1219 -1 
              1204 1214 1213 -1 
              1204 1213 1203 -1 
              1208 1218 1217 -1 
              1208 1209 1218 -1 
              1205 1215 1214 -1 
              1205 1214 1204 -1 
              1207 1217 1216 -1 
              1207 1208 1217 -1 
              1206 1216 1215 -1 
              1206 1207 1216 -1 
              1206 1215 1205 -1 
              1221 1200 1199 -1 
              1221 1201 1200 -1 
              1221 1199 1212 -1 
              1221 1212 1201 -1 
              1225 1223 1222 -1 
              1225 1224 1223 -1 
              1230 1227 1226 -1 
              1230 1228 1227 -1 
              1230 1229 1228 -1 
              1230 1226 1229 -1 
              1231 1234 1233 -1 
              1231 1232 1234 -1 
              1239 1235 1236 -1 
              1239 1237 1235 -1 
              1239 1238 1237 -1 
              1239 1236 1238 -1 
              1243 1254 1252 -1 
              1244 1255 1254 -1 
              1244 1254 1243 -1 
              1245 1256 1255 -1 
              1245 1255 1244 -1 
              1246 1257 1256 -1 
              1246 1256 1245 -1 
              1247 1257 1246 -1 
              1258 1247 1248 -1 
              1258 1257 1247 -1 
              1259 1248 1249 -1 
              1259 1258 1248 -1 
              1260 1249 1250 -1 
              1260 1259 1249 -1 
              1261 1250 1251 -1 
              1261 1260 1250 -1 
              1253 1251 1242 -1 
              1253 1261 1251 -1 
              1262 1241 1240 -1 
              1262 1242 1241 -1 
              1262 1240 1253 -1 
              1262 1253 1242 -1 
              1266 1264 1263 -1 
              1266 1265 1264 -1 
              1268 1270 1269 -1 
              1268 1267 1270 -1 
              1275 1271 1272 -1 
              1275 1273 1271 -1 
              1275 1274 1273 -1 
              1275 1272 1274 -1 
              1288 1276 1277 -1 
              1288 1279 1276 -1 
              1280 1279 1288 -1 
              1289 1280 1288 -1 
              1281 1280 1289 -1 
              1290 1281 1289 -1 
              1282 1281 1290 -1 
              1291 1282 1290 -1 
              1292 1283 1282 -1 
              1292 1282 1291 -1 
              1284 1283 1292 -1 
              1293 1284 1292 -1 
              1285 1284 1293 -1 
              1294 1285 1293 -1 
              1286 1285 1294 -1 
              1295 1286 1294 -1 
              1287 1278 1286 -1 
              1287 1286 1295 -1 
              1298 1307 1308 -1 
              1298 1296 1307 -1 
              1299 1308 1309 -1 
              1299 1298 1308 -1 
              1300 1309 1310 -1 
              1300 1299 1309 -1 
              1301 1310 1311 -1 
              1301 1300 1310 -1 
              1302 1311 1312 -1 
              1302 1301 1311 -1 
              1303 1312 1313 -1 
              1303 1302 1312 -1 
              1304 1313 1314 -1 
              1304 1303 1313 -1 
              1305 1314 1315 -1 
              1305 1304 1314 -1 
              1297 1315 1306 -1 
              1297 1305 1315 -1 
              1317 1319 1318 -1 
              1317 1316 1319 -1 
              1324 1320 1321 -1 
              1324 1322 1320 -1 
              1324 1323 1322 -1 
              1324 1321 1323 -1 
              1329 1326 1325 -1 
              1329 1327 1326 -1 
              1329 1328 1327 -1 
              1329 1325 1328 -1 
              1333 1330 1331 -1 
              1333 1332 1330 -1 
              1338 1335 1334 -1 
              1338 1336 1335 -1 
              1338 1337 1336 -1 
              1338 1334 1337 -1 
              1342 1340 1339 -1 
              1342 1341 1340 -1 
              1345 1344 1343 -1 
              1345 1343 1346 -1 
              1350 1348 1347 -1 
              1350 1349 1348 -1 
              1354 1364 1363 -1 
              1354 1365 1364 -1 
              1355 1367 1365 -1 
              1355 1365 1354 -1 
              1356 1368 1367 -1 
              1356 1367 1355 -1 
              1357 1369 1368 -1 
              1357 1368 1356 -1 
              1358 1370 1369 -1 
              1358 1369 1357 -1 
              1359 1370 1358 -1 
              1371 1370 1359 -1 
              1372 1359 1360 -1 
              1372 1360 1361 -1 
              1372 1371 1359 -1 
              1373 1361 1362 -1 
              1373 1372 1361 -1 
              1374 1373 1362 -1 
              1366 1362 1353 -1 
              1366 1374 1362 -1 
              1351 1353 1352 -1 
              1351 1366 1353 -1 
              1378 1376 1375 -1 
              1378 1377 1376 -1 
              1383 1379 1380 -1 
              1383 1381 1379 -1 
              1383 1382 1381 -1 
              1383 1380 1382 -1 
              1388 1384 1385 -1 
              1388 1386 1384 -1 
              1388 1387 1386 -1 
              1388 1385 1387 -1 
              1390 1392 1391 -1 
              1390 1389 1392 -1 
              1396 1393 1394 -1 
              1396 1394 1405 -1 
              1397 1405 1406 -1 
              1397 1396 1405 -1 
              1398 1406 1407 -1 
              1398 1397 1406 -1 
              1399 1407 1408 -1 
              1399 1398 1407 -1 
              1400 1408 1409 -1 
              1400 1399 1408 -1 
              1401 1409 1410 -1 
              1401 1400 1409 -1 
              1402 1410 1411 -1 
              1402 1401 1410 -1 
              1403 1411 1412 -1 
              1403 1402 1411 -1 
              1395 1412 1404 -1 
              1395 1403 1412 -1 
              1415 1414 1413 -1 
              1415 1413 1416 -1 
              1420 1418 1417 -1 
              1420 1419 1418 -1 
              1423 1422 1421 -1 
              1423 1436 1444 -1 
              1423 1421 1436 -1 
              1424 1434 1433 -1 
              1424 1435 1434 -1 
              1424 1437 1435 -1 
              1432 1423 1444 -1 
              1425 1437 1424 -1 
              1426 1438 1437 -1 
              1426 1437 1425 -1 
              1431 1444 1443 -1 
              1431 1432 1444 -1 
              1427 1439 1438 -1 
              1427 1440 1439 -1 
              1427 1438 1426 -1 
              1430 1442 1441 -1 
              1430 1443 1442 -1 
              1430 1431 1443 -1 
              1428 1441 1440 -1 
              1428 1440 1427 -1 
              1429 1430 1441 -1 
              1429 1441 1428 -1 
              1448 1446 1445 -1 
              1448 1447 1446 -1 
              1453 1450 1449 -1 
              1453 1451 1450 -1 
              1453 1452 1451 -1 
              1453 1449 1452 -1 
              1454 1457 1456 -1 
              1454 1455 1457 -1 
              1462 1458 1459 -1 
              1462 1460 1458 -1 
              1462 1461 1460 -1 
              1462 1459 1461 -1 
              1464 1466 1465 -1 
              1464 1463 1466 -1 
              1479 1467 1468 -1 
              1479 1470 1467 -1 
              1480 1471 1470 -1 
              1480 1470 1479 -1 
              1481 1472 1471 -1 
              1481 1471 1480 -1 
              1482 1473 1472 -1 
              1482 1472 1481 -1 
              1483 1474 1473 -1 
              1483 1473 1482 -1 
              1484 1475 1474 -1 
              1484 1474 1483 -1 
              1485 1476 1475 -1 
              1485 1475 1484 -1 
              1486 1477 1476 -1 
              1486 1476 1485 -1 
              1478 1469 1477 -1 
              1478 1477 1486 -1 
              1491 1487 1488 -1 
              1491 1489 1487 -1 
              1491 1490 1489 -1 
              1491 1488 1490 -1 
              1496 1493 1492 -1 
              1496 1494 1493 -1 
              1496 1495 1494 -1 
              1496 1492 1495 -1 
              1500 1497 1498 -1 
              1500 1499 1497 -1 
              1505 1501 1502 -1 
              1505 1503 1501 -1 
              1505 1504 1503 -1 
              1505 1502 1504 -1 
              1510 1507 1506 -1 
              1510 1508 1507 -1 
              1510 1509 1508 -1 
              1510 1506 1509 -1 
              1514 1511 1512 -1 
              1514 1513 1511 -1 
              1518 1516 1515 -1 
              1518 1517 1516 -1 
              1522 1532 1531 -1 
              1522 1533 1532 -1 
              1523 1535 1533 -1 
              1523 1533 1522 -1 
              1524 1536 1535 -1 
              1524 1535 1523 -1 
              1525 1537 1536 -1 
              1525 1536 1524 -1 
              1526 1538 1537 -1 
              1526 1537 1525 -1 
              1527 1538 1526 -1 
              1539 1538 1527 -1 
              1540 1527 1528 -1 
              1540 1528 1529 -1 
              1540 1539 1527 -1 
              1541 1529 1530 -1 
              1541 1540 1529 -1 
              1542 1541 1530 -1 
              1534 1530 1521 -1 
              1534 1542 1530 -1 
              1519 1521 1520 -1 
              1519 1534 1521 -1 
              1546 1544 1543 -1 
              1546 1545 1544 -1 
              1551 1547 1548 -1 
              1551 1549 1547 -1 
              1551 1550 1549 -1 
              1551 1548 1550 -1 
              1556 1552 1553 -1 
              1556 1554 1552 -1 
              1556 1555 1554 -1 
              1556 1553 1555 -1 
              1558 1560 1559 -1 
              1558 1557 1560 -1 
              1564 1561 1562 -1 
              1564 1562 1573 -1 
              1565 1573 1574 -1 
              1565 1564 1573 -1 
              1566 1574 1575 -1 
              1566 1565 1574 -1 
              1567 1575 1576 -1 
              1567 1566 1575 -1 
              1568 1576 1577 -1 
              1568 1567 1576 -1 
              1569 1577 1578 -1 
              1569 1568 1577 -1 
              1570 1578 1579 -1 
              1570 1569 1578 -1 
              1571 1579 1580 -1 
              1571 1570 1579 -1 
              1563 1580 1572 -1 
              1563 1571 1580 -1 
              1584 1581 1582 -1 
              1584 1583 1581 -1 
              1588 1586 1585 -1 
              1588 1587 1586 -1 
              1591 1590 1589 -1 
              1591 1604 1612 -1 
              1591 1589 1604 -1 
              1592 1602 1601 -1 
              1592 1603 1602 -1 
              1592 1605 1603 -1 
              1600 1591 1612 -1 
              1593 1605 1592 -1 
              1594 1606 1605 -1 
              1594 1605 1593 -1 
              1599 1612 1611 -1 
              1599 1600 1612 -1 
              1595 1607 1606 -1 
              1595 1608 1607 -1 
              1595 1606 1594 -1 
              1598 1610 1609 -1 
              1598 1611 1610 -1 
              1598 1599 1611 -1 
              1596 1609 1608 -1 
              1596 1608 1595 -1 
              1597 1598 1609 -1 
              1597 1609 1596 -1 
              1616 1614 1613 -1 
              1616 1615 1614 -1 
              1621 1618 1617 -1 
              1621 1619 1618 -1 
              1621 1620 1619 -1 
              1621 1617 1620 -1 
              1622 1625 1624 -1 
              1622 1623 1625 -1 
              1630 1626 1627 -1 
              1630 1628 1626 -1 
              1630 1629 1628 -1 
              1630 1627 1629 -1 
              1632 1634 1633 -1 
              1632 1631 1634 -1 
              1647 1635 1636 -1 
              1647 1638 1635 -1 
              1648 1639 1638 -1 
              1648 1638 1647 -1 
              1649 1640 1639 -1 
              1649 1639 1648 -1 
              1650 1641 1640 -1 
              1650 1640 1649 -1 
              1651 1642 1641 -1 
              1651 1641 1650 -1 
              1652 1643 1642 -1 
              1652 1642 1651 -1 
              1653 1644 1643 -1 
              1653 1643 1652 -1 
              1654 1645 1644 -1 
              1654 1644 1653 -1 
              1646 1637 1645 -1 
              1646 1645 1654 -1 
              1659 1655 1656 -1 
              1659 1657 1655 -1 
              1659 1658 1657 -1 
              1659 1656 1658 -1 
              1664 1661 1660 -1 
              1664 1662 1661 -1 
              1664 1663 1662 -1 
              1664 1660 1663 -1 
              1668 1665 1666 -1 
              1668 1667 1665 -1 
              1673 1669 1670 -1 
              1673 1671 1669 -1 
              1673 1672 1671 -1 
              1673 1670 1672 -1 
              1678 1675 1674 -1 
              1678 1676 1675 -1 
              1678 1677 1676 -1 
              1678 1674 1677 -1 
              1682 1679 1680 -1 
              1682 1681 1679 -1 
              1686 1684 1683 -1 
              1686 1685 1684 -1 
              1690 1700 1699 -1 
              1690 1701 1700 -1 
              1691 1703 1701 -1 
              1691 1701 1690 -1 
              1692 1704 1703 -1 
              1692 1703 1691 -1 
              1693 1705 1704 -1 
              1693 1704 1692 -1 
              1694 1706 1705 -1 
              1694 1705 1693 -1 
              1695 1706 1694 -1 
              1707 1706 1695 -1 
              1708 1695 1696 -1 
              1708 1696 1697 -1 
              1708 1707 1695 -1 
              1709 1697 1698 -1 
              1709 1708 1697 -1 
              1710 1709 1698 -1 
              1702 1698 1689 -1 
              1702 1710 1698 -1 
              1687 1689 1688 -1 
              1687 1702 1689 -1 
              1714 1712 1711 -1 
              1714 1713 1712 -1 
              1719 1715 1716 -1 
              1719 1717 1715 -1 
              1719 1718 1717 -1 
              1719 1716 1718 -1 
              1724 1720 1721 -1 
              1724 1722 1720 -1 
              1724 1723 1722 -1 
              1724 1721 1723 -1 
              1726 1728 1727 -1 
              1726 1725 1728 -1 
              1732 1729 1730 -1 
              1732 1730 1741 -1 
              1733 1741 1742 -1 
              1733 1732 1741 -1 
              1734 1742 1743 -1 
              1734 1733 1742 -1 
              1735 1743 1744 -1 
              1735 1734 1743 -1 
              1736 1744 1745 -1 
              1736 1735 1744 -1 
              1737 1745 1746 -1 
              1737 1736 1745 -1 
              1738 1746 1747 -1 
              1738 1737 1746 -1 
              1739 1747 1748 -1 
              1739 1738 1747 -1 
              1731 1748 1740 -1 
              1731 1739 1748 -1 
              1752 1749 1750 -1 
              1752 1751 1749 -1 
              1756 1754 1753 -1 
              1756 1755 1754 -1 
              1759 1758 1757 -1 
              1759 1772 1780 -1 
              1759 1757 1772 -1 
              1760 1770 1769 -1 
              1760 1771 1770 -1 
              1760 1773 1771 -1 
              1768 1759 1780 -1 
              1761 1773 1760 -1 
              1762 1774 1773 -1 
              1762 1773 1761 -1 
              1767 1780 1779 -1 
              1767 1768 1780 -1 
              1763 1775 1774 -1 
              1763 1776 1775 -1 
              1763 1774 1762 -1 
              1766 1778 1777 -1 
              1766 1779 1778 -1 
              1766 1767 1779 -1 
              1764 1777 1776 -1 
              1764 1776 1763 -1 
              1765 1766 1777 -1 
              1765 1777 1764 -1 
              1784 1782 1781 -1 
              1784 1783 1782 -1 
              1789 1786 1785 -1 
              1789 1787 1786 -1 
              1789 1788 1787 -1 
              1789 1785 1788 -1 
              1790 1793 1792 -1 
              1790 1791 1793 -1 
              1798 1794 1795 -1 
              1798 1796 1794 -1 
              1798 1797 1796 -1 
              1798 1795 1797 -1 
              1800 1802 1801 -1 
              1800 1799 1802 -1 
              1815 1803 1804 -1 
              1815 1806 1803 -1 
              1816 1807 1806 -1 
              1816 1806 1815 -1 
              1817 1808 1807 -1 
              1817 1807 1816 -1 
              1818 1809 1808 -1 
              1818 1808 1817 -1 
              1819 1810 1809 -1 
              1819 1809 1818 -1 
              1820 1811 1810 -1 
              1820 1810 1819 -1 
              1821 1812 1811 -1 
              1821 1811 1820 -1 
              1822 1813 1812 -1 
              1822 1812 1821 -1 
              1814 1805 1813 -1 
              1814 1813 1822 -1 
              1827 1823 1824 -1 
              1827 1825 1823 -1 
              1827 1826 1825 -1 
              1827 1824 1826 -1 
              1832 1829 1828 -1 
              1832 1830 1829 -1 
              1832 1831 1830 -1 
              1832 1828 1831 -1 
              1836 1833 1834 -1 
              1836 1835 1833 -1 
              1841 1837 1838 -1 
              1841 1839 1837 -1 
              1841 1840 1839 -1 
              1841 1838 1840 -1 
              1846 1843 1842 -1 
              1846 1844 1843 -1 
              1846 1845 1844 -1 
              1846 1842 1845 -1 
              1850 1847 1848 -1 
              1850 1849 1847 -1 
              1854 1852 1851 -1 
              1854 1853 1852 -1 
              1858 1868 1867 -1 
              1858 1869 1868 -1 
              1859 1871 1869 -1 
              1859 1869 1858 -1 
              1860 1872 1871 -1 
              1860 1871 1859 -1 
              1861 1873 1872 -1 
              1861 1872 1860 -1 
              1862 1874 1873 -1 
              1862 1873 1861 -1 
              1863 1874 1862 -1 
              1875 1874 1863 -1 
              1876 1863 1864 -1 
              1876 1864 1865 -1 
              1876 1875 1863 -1 
              1877 1865 1866 -1 
              1877 1876 1865 -1 
              1878 1877 1866 -1 
              1870 1866 1857 -1 
              1870 1878 1866 -1 
              1855 1857 1856 -1 
              1855 1870 1857 -1 
              1882 1880 1879 -1 
              1882 1881 1880 -1 
              1887 1883 1884 -1 
              1887 1885 1883 -1 
              1887 1886 1885 -1 
              1887 1884 1886 -1 
              1892 1888 1889 -1 
              1892 1890 1888 -1 
              1892 1891 1890 -1 
              1892 1889 1891 -1 
              1894 1896 1895 -1 
              1894 1893 1896 -1 
              1900 1897 1898 -1 
              1900 1898 1909 -1 
              1901 1909 1910 -1 
              1901 1900 1909 -1 
              1902 1910 1911 -1 
              1902 1901 1910 -1 
              1903 1911 1912 -1 
              1903 1902 1911 -1 
              1904 1912 1913 -1 
              1904 1903 1912 -1 
              1905 1913 1914 -1 
              1905 1904 1913 -1 
              1906 1914 1915 -1 
              1906 1905 1914 -1 
              1907 1915 1916 -1 
              1907 1906 1915 -1 
              1899 1916 1908 -1 
              1899 1907 1916 -1 
              1920 1917 1918 -1 
              1920 1919 1917 -1 
              1924 1922 1921 -1 
              1924 1923 1922 -1 
              1927 1926 1925 -1 
              1927 1940 1948 -1 
              1927 1925 1940 -1 
              1928 1938 1937 -1 
              1928 1939 1938 -1 
              1928 1941 1939 -1 
              1936 1927 1948 -1 
              1929 1941 1928 -1 
              1930 1942 1941 -1 
              1930 1941 1929 -1 
              1935 1948 1947 -1 
              1935 1936 1948 -1 
              1931 1943 1942 -1 
              1931 1944 1943 -1 
              1931 1942 1930 -1 
              1934 1946 1945 -1 
              1934 1947 1946 -1 
              1934 1935 1947 -1 
              1932 1945 1944 -1 
              1932 1944 1931 -1 
              1933 1934 1945 -1 
              1933 1945 1932 -1 
              1952 1950 1949 -1 
              1952 1951 1950 -1 
              1957 1954 1953 -1 
              1957 1955 1954 -1 
              1957 1956 1955 -1 
              1957 1953 1956 -1 
              1958 1961 1960 -1 
              1958 1959 1961 -1 
              1966 1962 1963 -1 
              1966 1964 1962 -1 
              1966 1965 1964 -1 
              1966 1963 1965 -1 
              1968 1970 1969 -1 
              1968 1967 1970 -1 
              1983 1971 1972 -1 
              1983 1974 1971 -1 
              1984 1975 1974 -1 
              1984 1974 1983 -1 
              1985 1976 1975 -1 
              1985 1975 1984 -1 
              1986 1977 1976 -1 
              1986 1976 1985 -1 
              1987 1978 1977 -1 
              1987 1977 1986 -1 
              1988 1979 1978 -1 
              1988 1978 1987 -1 
              1989 1980 1979 -1 
              1989 1979 1988 -1 
              1990 1981 1980 -1 
              1990 1980 1989 -1 
              1982 1973 1981 -1 
              1982 1981 1990 -1 
              1995 1991 1992 -1 
              1995 1993 1991 -1 
              1995 1994 1993 -1 
              1995 1992 1994 -1 
              2000 1997 1996 -1 
              2000 1998 1997 -1 
              2000 1999 1998 -1 
              2000 1996 1999 -1 
              2004 2001 2002 -1 
              2004 2003 2001 -1 
              2009 2005 2006 -1 
              2009 2007 2005 -1 
              2009 2008 2007 -1 
              2009 2006 2008 -1 
              2014 2011 2010 -1 
              2014 2012 2011 -1 
              2014 2013 2012 -1 
              2014 2010 2013 -1 
              2018 2015 2016 -1 
              2018 2017 2015 -1 
              2022 2020 2019 -1 
              2022 2021 2020 -1 
              2026 2036 2035 -1 
              2026 2037 2036 -1 
              2027 2039 2037 -1 
              2027 2037 2026 -1 
              2028 2040 2039 -1 
              2028 2039 2027 -1 
              2029 2041 2040 -1 
              2029 2040 2028 -1 
              2030 2042 2041 -1 
              2030 2041 2029 -1 
              2031 2042 2030 -1 
              2043 2042 2031 -1 
              2044 2031 2032 -1 
              2044 2032 2033 -1 
              2044 2043 2031 -1 
              2045 2033 2034 -1 
              2045 2044 2033 -1 
              2046 2045 2034 -1 
              2038 2034 2025 -1 
              2038 2046 2034 -1 
              2023 2025 2024 -1 
              2023 2038 2025 -1 
              2050 2048 2047 -1 
              2050 2049 2048 -1 
              2055 2051 2052 -1 
              2055 2053 2051 -1 
              2055 2054 2053 -1 
              2055 2052 2054 -1 
              2060 2056 2057 -1 
              2060 2058 2056 -1 
              2060 2059 2058 -1 
              2060 2057 2059 -1 
              2062 2064 2063 -1 
              2062 2061 2064 -1 
              2068 2065 2066 -1 
              2068 2066 2077 -1 
              2069 2077 2078 -1 
              2069 2068 2077 -1 
              2070 2078 2079 -1 
              2070 2069 2078 -1 
              2071 2079 2080 -1 
              2071 2070 2079 -1 
              2072 2080 2081 -1 
              2072 2071 2080 -1 
              2073 2081 2082 -1 
              2073 2072 2081 -1 
              2074 2082 2083 -1 
              2074 2073 2082 -1 
              2075 2083 2084 -1 
              2075 2074 2083 -1 
              2067 2084 2076 -1 
              2067 2075 2084 -1 
              2088 2085 2086 -1 
              2088 2087 2085 -1 
              2092 2090 2089 -1 
              2092 2091 2090 -1 
              2095 2094 2093 -1 
              2095 2108 2116 -1 
              2095 2093 2108 -1 
              2096 2106 2105 -1 
              2096 2107 2106 -1 
              2096 2109 2107 -1 
              2104 2095 2116 -1 
              2097 2109 2096 -1 
              2098 2110 2109 -1 
              2098 2109 2097 -1 
              2103 2116 2115 -1 
              2103 2104 2116 -1 
              2099 2111 2110 -1 
              2099 2112 2111 -1 
              2099 2110 2098 -1 
              2102 2114 2113 -1 
              2102 2115 2114 -1 
              2102 2103 2115 -1 
              2100 2113 2112 -1 
              2100 2112 2099 -1 
              2101 2102 2113 -1 
              2101 2113 2100 -1 
              2120 2118 2117 -1 
              2120 2119 2118 -1 
              2125 2122 2121 -1 
              2125 2123 2122 -1 
              2125 2124 2123 -1 
              2125 2121 2124 -1 
              2126 2129 2128 -1 
              2126 2127 2129 -1 
              2134 2130 2131 -1 
              2134 2132 2130 -1 
              2134 2133 2132 -1 
              2134 2131 2133 -1 
              2136 2138 2137 -1 
              2136 2135 2138 -1 
              2151 2139 2140 -1 
              2151 2142 2139 -1 
              2152 2143 2142 -1 
              2152 2142 2151 -1 
              2153 2144 2143 -1 
              2153 2143 2152 -1 
              2154 2145 2144 -1 
              2154 2144 2153 -1 
              2155 2146 2145 -1 
              2155 2145 2154 -1 
              2156 2147 2146 -1 
              2156 2146 2155 -1 
              2157 2148 2147 -1 
              2157 2147 2156 -1 
              2158 2149 2148 -1 
              2158 2148 2157 -1 
              2150 2141 2149 -1 
              2150 2149 2158 -1 
              2163 2159 2160 -1 
              2163 2161 2159 -1 
              2163 2162 2161 -1 
              2163 2160 2162 -1 
              2168 2165 2164 -1 
              2168 2166 2165 -1 
              2168 2167 2166 -1 
              2168 2164 2167 -1 
              2172 2169 2170 -1 
              2172 2171 2169 -1 
              2177 2173 2174 -1 
              2177 2175 2173 -1 
              2177 2176 2175 -1 
              2177 2174 2176 -1 
              2182 2179 2178 -1 
              2182 2180 2179 -1 
              2182 2181 2180 -1 
              2182 2178 2181 -1 
              2185 2184 2183 -1 
              2185 2183 2186 -1 
            ]
          }
        }
      ]
    }
  ]
}
