#VRML V2.0 utf8
# META "generator" "CAD Exchanger 3.4.1 (cadexchanger.com)"
DEF __1 Transform {
  children [
    DEF _01303312 Group {
      children [
        DEF __3 Shape {
          appearance DEF __4 Appearance {
            material DEF __5 Material {
              ambientIntensity 0.25
              shininess 0
            }
          }
          geometry DEF __6 IndexedFaceSet {
            solid FALSE
            coord Coordinate {
              point [
                -0.002825 0.00247 -0.004875,
                0.002825 0.00247 -0.004875,
                0.002825 0.00545 -0.004875,
                -0.002825 0.00545 -0.004875,
                -0.00303266062413 0.00247 -0.0041,
                -0.00193156164976 0.00247 -0.0041,
                -0.001925 0.00247 -0.004175,
                0.001925 0.00247 -0.004175,
                0.00193156164976 0.00247 -0.0041,
                0.00303266062413 0.00247 -0.0041,
                -0.00303266062413 0.00545 -0.0041,
                -0.00879 0.00545 -0.0041,
                0.00303266062413 0.00545 -0.0041,
                0.00879 0.00545 -0.0041,
                0.00879 0.00545 0.004875,
                0.00789 0.00545 0.004875,
                0.00789 0.00545 0.00425,
                0.00774 0.00545 0.0041,
                0.001 0.00545 0.0041,
                0.0009 0.00545 0.0042,
                0.0009 0.00545 0.004875,
                -0.0009 0.00545 0.004875,
                -0.0009 0.00545 0.0042,
                -0.001 0.00545 0.0041,
                -0.00774 0.00545 0.0041,
                -0.00789 0.00545 0.00425,
                -0.00789 0.00545 0.004875,
                -0.00879 0.00545 0.004875,
                -0.00817 0.00545 0.003475,
                0.00817 0.00545 0.003475,
                0.00817 0.00545 -0.003475,
                0.00198624206447 0.00545 -0.003475,
                0.00189875340094 0.00545 -0.004475,
                -0.00189875340094 0.00545 -0.004475,
                -0.00198624206447 0.00545 -0.003475,
                -0.00817 0.00545 -0.003475,
                -0.00787 0.00515 0.003175,
                0.00787 0.00515 0.003175,
                -0.00787 0.00515 -0.003175,
                -0.00201248866353 0.00515 -0.003175,
                -0.00193156164976 -0.00173 -0.0041,
                -0.00201248866353 -0.00173 -0.003175,
                -0.001925 0.00515 -0.004175,
                -0.00789 -0.0031 -0.0041,
                0.00789 -0.0031 -0.0041,
                0.00789 -0.00545 -0.0041,
                0.00879 -0.00545 -0.0041,
                0.00193156164976 -0.00173 -0.0041,
                -0.00879 -0.00545 -0.0041,
                -0.00789 -0.00545 -0.0041,
                -0.00789 -0.0031 -0.002575,
                0.00789 -0.0031 -0.002575,
                -0.00789 -0.0031 0.00425,
                -0.00789 -0.0031 0.002525,
                -0.00789 -0.0045238 0.002525,
                -0.00789 -0.0046 0.0024488,
                -0.00789 -0.0046 0.002825,
                -0.00789 -0.00545 0.002825,
                -0.00789 -0.00545 0.004875,
                -0.00789 -0.00545 -0.002875,
                -0.00789 -0.0046 -0.002875,
                -0.00789 -0.0046 -0.0024988,
                -0.00789 -0.0045238 -0.002575,
                -0.00774 -0.0031 0.0041,
                0.00774 -0.0031 0.0041,
                0.001 -0.0031 0.0041,
                0.00789 -0.0031 0.00425,
                0.00789 -0.0031 0.002525,
                -0.001 -0.0031 0.0041,
                -0.0009 -0.0031 0.0042,
                -0.0009 -0.0031 0.004875,
                0.0009 -0.0031 0.004875,
                0.0009 -0.0031 0.0042,
                0.00789 -0.00545 0.002825,
                0.00789 -0.0046 0.002825,
                0.00789 -0.0046 0.0024488,
                0.00789 -0.0045238 0.002525,
                0.00789 -0.00545 0.004875,
                0.00789 -0.00545 -0.002875,
                0.00789 -0.0045238 -0.002575,
                0.00789 -0.0046 -0.0024988,
                0.00789 -0.0046 -0.002875,
                -0.00879 -0.0046 0.002825,
                -0.00879 -0.00545 0.002825,
                0.00879 -0.0046 0.002825,
                0.00879 -0.00545 0.002825,
                0.00879 -0.0046 -0.002875,
                -0.00879 -0.0046 -0.002875,
                0.006025 -0.0046 0.00159609617926,
                0.006025 -0.0046 0.00094524013065,
                0.006675 -0.0046 0.00094524013065,
                0.006675 -0.0046 0.00159609617926,
                0.003485 -0.0046 0.00159609617926,
                0.003485 -0.0046 0.00094524013065,
                0.004135 -0.0046 0.00094524013065,
                0.004135 -0.0046 0.00159609617926,
                0.000945 -0.0046 0.00159609617926,
                0.000945 -0.0046 0.00094524013065,
                0.001595 -0.0046 0.00094524013065,
                0.001595 -0.0046 0.00159609617926,
                -0.001595 -0.0046 0.00159609617926,
                -0.001595 -0.0046 0.00094524013065,
                -0.000945 -0.0046 0.00094524013065,
                -0.000945 -0.0046 0.00159609617926,
                -0.004135 -0.0046 0.00159609617926,
                -0.004135 -0.0046 0.00094524013065,
                -0.003485 -0.0046 0.00094524013065,
                -0.003485 -0.0046 0.00159609617926,
                -0.006675 -0.0046 0.00159609617926,
                -0.006675 -0.0046 0.00094524013065,
                -0.006025 -0.0046 0.00094524013065,
                -0.006025 -0.0046 0.00159609617926,
                0.006675 -0.0046 -0.000945,
                0.006025 -0.0046 -0.000945,
                0.006025 -0.0046 -0.001595,
                0.006675 -0.0046 -0.001595,
                0.004135 -0.0046 -0.000945,
                0.003485 -0.0046 -0.000945,
                0.003485 -0.0046 -0.001595,
                0.004135 -0.0046 -0.001595,
                0.001595 -0.0046 -0.000945,
                0.000945 -0.0046 -0.000945,
                0.000945 -0.0046 -0.001595,
                0.001595 -0.0046 -0.001595,
                -0.000945 -0.0046 -0.000945,
                -0.001595 -0.0046 -0.000945,
                -0.001595 -0.0046 -0.001595,
                -0.000945 -0.0046 -0.001595,
                -0.003485 -0.0046 -0.000945,
                -0.004135 -0.0046 -0.000945,
                -0.004135 -0.0046 -0.001595,
                -0.003485 -0.0046 -0.001595,
                -0.006025 -0.0046 -0.000945,
                -0.006675 -0.0046 -0.000945,
                -0.006675 -0.0046 -0.001595,
                -0.006025 -0.0046 -0.001595,
                0.00879 -0.00545 -0.002875,
                0.00879 -0.00545 0.004875,
                -0.00879 -0.00545 0.004875,
                -0.00879 -0.00545 -0.002875,
                0.006025 -0.004763 0.007275,
                0.006025 -0.005413 0.007275,
                0.006025 -0.005413 0.001778,
                0.006025 -0.004763 0.001778,
                0.006025 0.00402 0.000945,
                0.006025 0.00402 0.001595,
                0.006025 -0.00223 0.001595,
                0.006025 -0.00223 0.000945,
                0.006225 -0.004963 0.007775,
                0.006225 -0.005213 0.007775,
                0.006475 -0.005213 0.007775,
                0.006475 -0.004963 0.007775,
                0.006675 -0.005413 0.007275,
                0.006675 -0.004763 0.007275,
                0.006675 -0.004763 0.001778,
                0.006675 -0.005413 0.001778,
                0.006675 0.00402 0.001595,
                0.006675 0.00402 0.000945,
                0.006675 -0.00223 0.000945,
                0.006675 -0.00223 0.001595,
                0.006475 0.00452 0.001395,
                0.006475 0.00452 0.001145,
                0.006225 0.00452 0.001395,
                0.006225 0.00452 0.001145,
                -0.00787 -0.00223 -0.00254,
                -0.00787 -0.00223 0.00254,
                0.00787 -0.00223 -0.00254,
                0.00787 -0.00223 0.00254,
                0.004135 -0.00223 0.001595,
                0.003485 -0.00223 0.001595,
                0.004135 -0.00223 0.000945,
                0.003485 -0.00223 0.000945,
                0.001595 -0.00223 0.001595,
                0.000945 -0.00223 0.001595,
                0.001595 -0.00223 0.000945,
                0.000945 -0.00223 0.000945,
                -0.000945 -0.00223 0.001595,
                -0.001595 -0.00223 0.001595,
                -0.000945 -0.00223 0.000945,
                -0.001595 -0.00223 0.000945,
                -0.003485 -0.00223 0.001595,
                -0.004135 -0.00223 0.001595,
                -0.003485 -0.00223 0.000945,
                -0.004135 -0.00223 0.000945,
                -0.006025 -0.00223 0.001595,
                -0.006675 -0.00223 0.001595,
                -0.006025 -0.00223 0.000945,
                -0.006675 -0.00223 0.000945,
                0.006675 -0.00223 -0.000945,
                0.006025 -0.00223 -0.000945,
                0.006675 -0.00223 -0.001595,
                0.006025 -0.00223 -0.001595,
                0.004135 -0.00223 -0.000945,
                0.003485 -0.00223 -0.000945,
                0.004135 -0.00223 -0.001595,
                0.003485 -0.00223 -0.001595,
                0.001595 -0.00223 -0.000945,
                0.000945 -0.00223 -0.000945,
                0.001595 -0.00223 -0.001595,
                0.000945 -0.00223 -0.001595,
                -0.000945 -0.00223 -0.000945,
                -0.001595 -0.00223 -0.000945,
                -0.000945 -0.00223 -0.001595,
                -0.001595 -0.00223 -0.001595,
                -0.003485 -0.00223 -0.000945,
                -0.004135 -0.00223 -0.000945,
                -0.003485 -0.00223 -0.001595,
                -0.004135 -0.00223 -0.001595,
                -0.006025 -0.00223 -0.000945,
                -0.006675 -0.00223 -0.000945,
                -0.006025 -0.00223 -0.001595,
                -0.006675 -0.00223 -0.001595,
                -0.00787 -0.00173 -0.003175,
                -0.00787 -0.00173 -0.00254,
                -0.00787 -0.00173 0.00254,
                -0.00787 -0.00173 0.003175,
                0.00787 -0.00173 0.00254,
                0.00787 -0.00173 0.003175,
                0.00201248866353 -0.00173 -0.003175,
                0.00787 -0.00173 -0.003175,
                0.00787 -0.00173 -0.00254,
                0.00787 0.00515 -0.003175,
                0.00201248866353 0.00515 -0.003175,
                0.001925 0.00515 -0.004175,
                0.003485 0.00402 0.001595,
                0.004135 0.00402 0.001595,
                0.003685 0.00452 0.001395,
                0.003935 0.00452 0.001395,
                0.003485 0.00402 0.000945,
                0.003685 0.00452 0.001145,
                0.003485 -0.004763 0.007275,
                0.003485 -0.005413 0.007275,
                0.003485 -0.005413 0.001778,
                0.003485 -0.004763 0.001778,
                0.003685 -0.004963 0.007775,
                0.003685 -0.005213 0.007775,
                0.003935 -0.005213 0.007775,
                0.003935 -0.004963 0.007775,
                0.004135 -0.005413 0.007275,
                0.004135 -0.004763 0.007275,
                0.004135 -0.004763 0.001778,
                0.004135 -0.005413 0.001778,
                0.004135 0.00402 0.000945,
                0.003935 0.00452 0.001145,
                0.000945 0.00402 0.001595,
                0.001595 0.00402 0.001595,
                0.001145 0.00452 0.001395,
                0.001395 0.00452 0.001395,
                0.000945 0.00402 0.000945,
                0.001145 0.00452 0.001145,
                0.000945 -0.004763 0.007275,
                0.000945 -0.005413 0.007275,
                0.000945 -0.005413 0.001778,
                0.000945 -0.004763 0.001778,
                0.001145 -0.004963 0.007775,
                0.001145 -0.005213 0.007775,
                0.001395 -0.005213 0.007775,
                0.001395 -0.004963 0.007775,
                0.001595 -0.005413 0.007275,
                0.001595 -0.004763 0.007275,
                0.001595 -0.004763 0.001778,
                0.001595 -0.005413 0.001778,
                0.001595 0.00402 0.000945,
                0.001395 0.00452 0.001145,
                -0.001595 0.00402 0.001595,
                -0.000945 0.00402 0.001595,
                -0.001395 0.00452 0.001395,
                -0.001145 0.00452 0.001395,
                -0.001595 0.00402 0.000945,
                -0.001395 0.00452 0.001145,
                -0.001595 -0.004763 0.007275,
                -0.001595 -0.005413 0.007275,
                -0.001595 -0.005413 0.001778,
                -0.001595 -0.004763 0.001778,
                -0.001395 -0.004963 0.007775,
                -0.001395 -0.005213 0.007775,
                -0.001145 -0.005213 0.007775,
                -0.001145 -0.004963 0.007775,
                -0.000945 -0.005413 0.007275,
                -0.000945 -0.004763 0.007275,
                -0.000945 -0.004763 0.001778,
                -0.000945 -0.005413 0.001778,
                -0.000945 0.00402 0.000945,
                -0.001145 0.00452 0.001145,
                -0.004135 0.00402 0.001595,
                -0.003485 0.00402 0.001595,
                -0.003935 0.00452 0.001395,
                -0.003685 0.00452 0.001395,
                -0.004135 0.00402 0.000945,
                -0.003935 0.00452 0.001145,
                -0.004135 -0.004763 0.007275,
                -0.004135 -0.005413 0.007275,
                -0.004135 -0.005413 0.001778,
                -0.004135 -0.004763 0.001778,
                -0.003935 -0.004963 0.007775,
                -0.003935 -0.005213 0.007775,
                -0.003685 -0.005213 0.007775,
                -0.003685 -0.004963 0.007775,
                -0.003485 -0.005413 0.007275,
                -0.003485 -0.004763 0.007275,
                -0.003485 -0.004763 0.001778,
                -0.003485 -0.005413 0.001778,
                -0.003485 0.00402 0.000945,
                -0.003685 0.00452 0.001145,
                -0.006675 0.00402 0.001595,
                -0.006025 0.00402 0.001595,
                -0.006475 0.00452 0.001395,
                -0.006225 0.00452 0.001395,
                -0.006675 0.00402 0.000945,
                -0.006475 0.00452 0.001145,
                -0.006675 -0.004763 0.007275,
                -0.006675 -0.005413 0.007275,
                -0.006675 -0.005413 0.001778,
                -0.006675 -0.004763 0.001778,
                -0.006475 -0.004963 0.007775,
                -0.006475 -0.005213 0.007775,
                -0.006225 -0.005213 0.007775,
                -0.006225 -0.004963 0.007775,
                -0.006025 -0.005413 0.007275,
                -0.006025 -0.004763 0.007275,
                -0.006025 -0.004763 0.001778,
                -0.006025 -0.005413 0.001778,
                -0.006025 0.00402 0.000945,
                -0.006225 0.00452 0.001145,
                0.006675 -0.00712 -0.000945,
                0.006025 -0.00712 -0.000945,
                0.006025 0.00402 -0.000945,
                0.006675 0.00402 -0.000945,
                0.006675 -0.007953 0.007275,
                0.006675 -0.007303 0.007275,
                0.006675 -0.007303 -0.000762,
                0.006675 -0.00712 -0.001595,
                0.006675 -0.007953 -0.000762,
                0.006675 0.00402 -0.001595,
                0.006475 -0.007753 0.007775,
                0.006475 -0.007503 0.007775,
                0.006025 -0.007953 0.007275,
                0.006225 -0.007753 0.007775,
                0.006025 -0.007953 -0.000762,
                0.006025 -0.00712 -0.001595,
                0.006025 0.00402 -0.001595,
                0.006025 -0.007303 0.007275,
                0.006025 -0.007303 -0.000762,
                0.006225 -0.007503 0.007775,
                0.006225 0.00452 -0.001395,
                0.006225 0.00452 -0.001145,
                0.006475 0.00452 -0.001395,
                0.006475 0.00452 -0.001145,
                0.004135 -0.00712 -0.000945,
                0.003485 -0.00712 -0.000945,
                0.003485 0.00402 -0.000945,
                0.004135 0.00402 -0.000945,
                0.004135 -0.007953 0.007275,
                0.004135 -0.007303 0.007275,
                0.004135 -0.007303 -0.000762,
                0.004135 -0.00712 -0.001595,
                0.004135 -0.007953 -0.000762,
                0.004135 0.00402 -0.001595,
                0.003935 -0.007753 0.007775,
                0.003935 -0.007503 0.007775,
                0.003485 -0.007953 0.007275,
                0.003685 -0.007753 0.007775,
                0.003485 -0.007953 -0.000762,
                0.003485 -0.00712 -0.001595,
                0.003485 0.00402 -0.001595,
                0.003485 -0.007303 0.007275,
                0.003485 -0.007303 -0.000762,
                0.003685 -0.007503 0.007775,
                0.003685 0.00452 -0.001395,
                0.003685 0.00452 -0.001145,
                0.003935 0.00452 -0.001395,
                0.003935 0.00452 -0.001145,
                0.001595 -0.00712 -0.000945,
                0.000945 -0.00712 -0.000945,
                0.000945 0.00402 -0.000945,
                0.001595 0.00402 -0.000945,
                0.001595 -0.007953 0.007275,
                0.001595 -0.007303 0.007275,
                0.001595 -0.007303 -0.000762,
                0.001595 -0.00712 -0.001595,
                0.001595 -0.007953 -0.000762,
                0.001595 0.00402 -0.001595,
                0.001395 -0.007753 0.007775,
                0.001395 -0.007503 0.007775,
                0.000945 -0.007953 0.007275,
                0.001145 -0.007753 0.007775,
                0.000945 -0.007953 -0.000762,
                0.000945 -0.00712 -0.001595,
                0.000945 0.00402 -0.001595,
                0.000945 -0.007303 0.007275,
                0.000945 -0.007303 -0.000762,
                0.001145 -0.007503 0.007775,
                0.001145 0.00452 -0.001395,
                0.001145 0.00452 -0.001145,
                0.001395 0.00452 -0.001395,
                0.001395 0.00452 -0.001145,
                -0.000945 -0.00712 -0.000945,
                -0.001595 -0.00712 -0.000945,
                -0.001595 0.00402 -0.000945,
                -0.000945 0.00402 -0.000945,
                -0.000945 -0.007953 0.007275,
                -0.000945 -0.007303 0.007275,
                -0.000945 -0.007303 -0.000762,
                -0.000945 -0.00712 -0.001595,
                -0.000945 -0.007953 -0.000762,
                -0.000945 0.00402 -0.001595,
                -0.001145 -0.007753 0.007775,
                -0.001145 -0.007503 0.007775,
                -0.001595 -0.007953 0.007275,
                -0.001395 -0.007753 0.007775,
                -0.001595 -0.007953 -0.000762,
                -0.001595 -0.00712 -0.001595,
                -0.001595 0.00402 -0.001595,
                -0.001595 -0.007303 0.007275,
                -0.001595 -0.007303 -0.000762,
                -0.001395 -0.007503 0.007775,
                -0.001395 0.00452 -0.001395,
                -0.001395 0.00452 -0.001145,
                -0.001145 0.00452 -0.001395,
                -0.001145 0.00452 -0.001145,
                -0.003485 -0.00712 -0.000945,
                -0.004135 -0.00712 -0.000945,
                -0.004135 0.00402 -0.000945,
                -0.003485 0.00402 -0.000945,
                -0.003485 -0.007953 0.007275,
                -0.003485 -0.007303 0.007275,
                -0.003485 -0.007303 -0.000762,
                -0.003485 -0.00712 -0.001595,
                -0.003485 -0.007953 -0.000762,
                -0.003485 0.00402 -0.001595,
                -0.003685 -0.007753 0.007775,
                -0.003685 -0.007503 0.007775,
                -0.004135 -0.007953 0.007275,
                -0.003935 -0.007753 0.007775,
                -0.004135 -0.007953 -0.000762,
                -0.004135 -0.00712 -0.001595,
                -0.004135 0.00402 -0.001595,
                -0.004135 -0.007303 0.007275,
                -0.004135 -0.007303 -0.000762,
                -0.003935 -0.007503 0.007775,
                -0.003935 0.00452 -0.001395,
                -0.003935 0.00452 -0.001145,
                -0.003685 0.00452 -0.001395,
                -0.003685 0.00452 -0.001145,
                -0.006025 -0.00712 -0.000945,
                -0.006675 -0.00712 -0.000945,
                -0.006675 0.00402 -0.000945,
                -0.006025 0.00402 -0.000945,
                -0.006025 -0.007953 0.007275,
                -0.006025 -0.007303 0.007275,
                -0.006025 -0.007303 -0.000762,
                -0.006025 -0.00712 -0.001595,
                -0.006025 -0.007953 -0.000762,
                -0.006025 0.00402 -0.001595,
                -0.006225 -0.007753 0.007775,
                -0.006225 -0.007503 0.007775,
                -0.006675 -0.007953 0.007275,
                -0.006475 -0.007753 0.007775,
                -0.006675 -0.007953 -0.000762,
                -0.006675 -0.00712 -0.001595,
                -0.006675 0.00402 -0.001595,
                -0.006675 -0.007303 0.007275,
                -0.006675 -0.007303 -0.000762,
                -0.006475 -0.007503 0.007775,
                -0.006475 0.00452 -0.001395,
                -0.006475 0.00452 -0.001145,
                -0.006225 0.00452 -0.001395,
                -0.006225 0.00452 -0.001145,
                0.00788772116295 0.00545 0.00422395277335,
                0.00788095389312 0.00545 0.0041986969785,
                0.00786990381057 0.00545 0.004175,
                0.00785490666647 0.00545 0.00415358185855,
                0.00783641814145 0.00545 0.00413509333353,
                0.007815 0.00545 0.00412009618943,
                0.0077913030215 0.00545 0.00410904610688,
                0.00776604722665 0.00545 0.00410227883705,
                0.000901519224699 0.00545 0.00418263518223,
                0.000906030737921 0.00545 0.00416579798567,
                0.000913397459622 0.00545 0.00415,
                0.000923395555688 0.00545 0.00413572123903,
                0.000935721239031 0.00545 0.00412339555569,
                0.00095 0.00545 0.00411339745962,
                0.000965797985667 0.00545 0.00410603073792,
                0.000982635182233 0.00545 0.0041015192247,
                -0.000982635182233 0.00545 0.0041015192247,
                -0.000965797985667 0.00545 0.00410603073792,
                -0.00095 0.00545 0.00411339745962,
                -0.000935721239031 0.00545 0.00412339555569,
                -0.000923395555688 0.00545 0.00413572123903,
                -0.000913397459622 0.00545 0.00415,
                -0.000906030737921 0.00545 0.00416579798567,
                -0.000901519224699 0.00545 0.00418263518223,
                -0.00776604722665 0.00545 0.00410227883705,
                -0.0077913030215 0.00545 0.00410904610688,
                -0.007815 0.00545 0.00412009618943,
                -0.00783641814145 0.00545 0.00413509333353,
                -0.00785490666647 0.00545 0.00415358185855,
                -0.00786990381057 0.00545 0.004175,
                -0.00788095389312 0.00545 0.0041986969785,
                -0.00788772116295 0.00545 0.00422395277335,
                -0.00776604722665 -0.0031 0.00410227883705,
                -0.0077913030215 -0.0031 0.00410904610688,
                -0.007815 -0.0031 0.00412009618943,
                -0.00783641814145 -0.0031 0.00413509333353,
                -0.00785490666647 -0.0031 0.00415358185855,
                -0.00786990381057 -0.0031 0.004175,
                -0.00788095389312 -0.0031 0.0041986969785,
                -0.00788772116295 -0.0031 0.00422395277335,
                0.00788815325109 -0.0031 0.00422653483024,
                0.00788265847744 -0.0031 0.00420364745084,
                0.00787365097863 -0.0031 0.00418190142504,
                0.00786135254916 -0.0031 0.00416183221216,
                0.00784606601718 -0.0031 0.00414393398282,
                0.00782816778784 -0.0031 0.00412864745084,
                0.00780809857496 -0.0031 0.00411634902137,
                0.00778635254916 -0.0031 0.00410734152256,
                0.00776346516976 -0.0031 0.00410184674891,
                -0.000901519224699 -0.0031 0.00418263518223,
                -0.000906030737921 -0.0031 0.00416579798567,
                -0.000913397459622 -0.0031 0.00415,
                -0.000923395555688 -0.0031 0.00413572123903,
                -0.000935721239031 -0.0031 0.00412339555569,
                -0.00095 -0.0031 0.00411339745962,
                -0.000965797985667 -0.0031 0.00410603073792,
                -0.000982635182233 -0.0031 0.0041015192247,
                0.000982635182233 -0.0031 0.0041015192247,
                0.000965797985667 -0.0031 0.00410603073792,
                0.00095 -0.0031 0.00411339745962,
                0.000935721239031 -0.0031 0.00412339555569,
                0.000923395555688 -0.0031 0.00413572123903,
                0.000913397459622 -0.0031 0.00415,
                0.000906030737921 -0.0031 0.00416579798567,
                0.000901519224699 -0.0031 0.00418263518223,
                0.006025 -0.0047421240314 0.000960929134993,
                0.006025 -0.00487947109088 0.00100069306852,
                0.006025 -0.00500799425808 0.00106336029004,
                0.006025 -0.00512390660791 0.00114708431476,
                0.006025 -0.00522379279204 0.00124939822085,
                0.006025 -0.00530470967186 0.00136728733705,
                0.006025 -0.00536427303784 0.00149727806976,
                0.006025 -0.00540072786005 0.00163554025221,
                0.006025 -0.00462914222958 0.0016017216937,
                0.006025 -0.00465699179069 0.00161198414484,
                0.006025 -0.00468281611077 0.00162661358262,
                0.006025 -0.00470593589047 0.00164522518503,
                0.006025 -0.00472574297241 0.00166732938062,
                0.006025 -0.00474171633849 0.00169234472658,
                0.006025 -0.00475343581515 0.00171961320334,
                0.006025 -0.0047605931258 0.00174841752353,
                0.006675 -0.00462914222958 0.0016017216937,
                0.006675 -0.00465699179069 0.00161198414484,
                0.006675 -0.00468281611077 0.00162661358262,
                0.006675 -0.00470593589047 0.00164522518503,
                0.006675 -0.00472574297241 0.00166732938062,
                0.006675 -0.00474171633849 0.00169234472658,
                0.006675 -0.00475343581515 0.00171961320334,
                0.006675 -0.0047605931258 0.00174841752353,
                0.006675 -0.0047421240314 0.000960929134993,
                0.006675 -0.00487947109088 0.00100069306852,
                0.006675 -0.00500799425808 0.00106336029004,
                0.006675 -0.00512390660791 0.00114708431476,
                0.006675 -0.00522379279204 0.00124939822085,
                0.006675 -0.00530470967186 0.00136728733705,
                0.006675 -0.00536427303784 0.00149727806976,
                0.006675 -0.00540072786005 0.00163554025221,
                0.003485 -0.0047421240314 0.000960929134993,
                0.003485 -0.00487947109088 0.00100069306852,
                0.003485 -0.00500799425808 0.00106336029004,
                0.003485 -0.00512390660791 0.00114708431476,
                0.003485 -0.00522379279204 0.00124939822085,
                0.003485 -0.00530470967186 0.00136728733705,
                0.003485 -0.00536427303784 0.00149727806976,
                0.003485 -0.00540072786005 0.00163554025221,
                0.003485 -0.00462914222958 0.0016017216937,
                0.003485 -0.00465699179069 0.00161198414484,
                0.003485 -0.00468281611077 0.00162661358262,
                0.003485 -0.00470593589047 0.00164522518503,
                0.003485 -0.00472574297241 0.00166732938062,
                0.003485 -0.00474171633849 0.00169234472658,
                0.003485 -0.00475343581515 0.00171961320334,
                0.003485 -0.0047605931258 0.00174841752353,
                0.004135 -0.00462914222958 0.0016017216937,
                0.004135 -0.00465699179069 0.00161198414484,
                0.004135 -0.00468281611077 0.00162661358262,
                0.004135 -0.00470593589047 0.00164522518503,
                0.004135 -0.00472574297241 0.00166732938062,
                0.004135 -0.00474171633849 0.00169234472658,
                0.004135 -0.00475343581515 0.00171961320334,
                0.004135 -0.0047605931258 0.00174841752353,
                0.004135 -0.0047421240314 0.000960929134993,
                0.004135 -0.00487947109088 0.00100069306852,
                0.004135 -0.00500799425808 0.00106336029004,
                0.004135 -0.00512390660791 0.00114708431476,
                0.004135 -0.00522379279204 0.00124939822085,
                0.004135 -0.00530470967186 0.00136728733705,
                0.004135 -0.00536427303784 0.00149727806976,
                0.004135 -0.00540072786005 0.00163554025221,
                0.000945 -0.0047421240314 0.000960929134993,
                0.000945 -0.00487947109088 0.00100069306852,
                0.000945 -0.00500799425808 0.00106336029004,
                0.000945 -0.00512390660791 0.00114708431476,
                0.000945 -0.00522379279204 0.00124939822085,
                0.000945 -0.00530470967186 0.00136728733705,
                0.000945 -0.00536427303784 0.00149727806976,
                0.000945 -0.00540072786005 0.00163554025221,
                0.000945 -0.00462914222958 0.0016017216937,
                0.000945 -0.00465699179069 0.00161198414484,
                0.000945 -0.00468281611077 0.00162661358262,
                0.000945 -0.00470593589047 0.00164522518503,
                0.000945 -0.00472574297241 0.00166732938062,
                0.000945 -0.00474171633849 0.00169234472658,
                0.000945 -0.00475343581515 0.00171961320334,
                0.000945 -0.0047605931258 0.00174841752353,
                0.001595 -0.00462914222958 0.0016017216937,
                0.001595 -0.00465699179069 0.00161198414484,
                0.001595 -0.00468281611077 0.00162661358262,
                0.001595 -0.00470593589047 0.00164522518503,
                0.001595 -0.00472574297241 0.00166732938062,
                0.001595 -0.00474171633849 0.00169234472658,
                0.001595 -0.00475343581515 0.00171961320334,
                0.001595 -0.0047605931258 0.00174841752353,
                0.001595 -0.0047421240314 0.000960929134993,
                0.001595 -0.00487947109088 0.00100069306852,
                0.001595 -0.00500799425808 0.00106336029004,
                0.001595 -0.00512390660791 0.00114708431476,
                0.001595 -0.00522379279204 0.00124939822085,
                0.001595 -0.00530470967186 0.00136728733705,
                0.001595 -0.00536427303784 0.00149727806976,
                0.001595 -0.00540072786005 0.00163554025221,
                -0.001595 -0.0047421240314 0.000960929134993,
                -0.001595 -0.00487947109088 0.00100069306852,
                -0.001595 -0.00500799425808 0.00106336029004,
                -0.001595 -0.00512390660791 0.00114708431476,
                -0.001595 -0.00522379279204 0.00124939822085,
                -0.001595 -0.00530470967186 0.00136728733705,
                -0.001595 -0.00536427303784 0.00149727806976,
                -0.001595 -0.00540072786005 0.00163554025221,
                -0.001595 -0.00462914222958 0.0016017216937,
                -0.001595 -0.00465699179069 0.00161198414484,
                -0.001595 -0.00468281611077 0.00162661358262,
                -0.001595 -0.00470593589047 0.00164522518503,
                -0.001595 -0.00472574297241 0.00166732938062,
                -0.001595 -0.00474171633849 0.00169234472658,
                -0.001595 -0.00475343581515 0.00171961320334,
                -0.001595 -0.0047605931258 0.00174841752353,
                -0.000945 -0.00462914222958 0.0016017216937,
                -0.000945 -0.00465699179069 0.00161198414484,
                -0.000945 -0.00468281611077 0.00162661358262,
                -0.000945 -0.00470593589047 0.00164522518503,
                -0.000945 -0.00472574297241 0.00166732938062,
                -0.000945 -0.00474171633849 0.00169234472658,
                -0.000945 -0.00475343581515 0.00171961320334,
                -0.000945 -0.0047605931258 0.00174841752353,
                -0.000945 -0.0047421240314 0.000960929134993,
                -0.000945 -0.00487947109088 0.00100069306852,
                -0.000945 -0.00500799425808 0.00106336029004,
                -0.000945 -0.00512390660791 0.00114708431476,
                -0.000945 -0.00522379279204 0.00124939822085,
                -0.000945 -0.00530470967186 0.00136728733705,
                -0.000945 -0.00536427303784 0.00149727806976,
                -0.000945 -0.00540072786005 0.00163554025221,
                -0.004135 -0.0047421240314 0.000960929134993,
                -0.004135 -0.00487947109088 0.00100069306852,
                -0.004135 -0.00500799425808 0.00106336029004,
                -0.004135 -0.00512390660791 0.00114708431476,
                -0.004135 -0.00522379279204 0.00124939822085,
                -0.004135 -0.00530470967186 0.00136728733705,
                -0.004135 -0.00536427303784 0.00149727806976,
                -0.004135 -0.00540072786005 0.00163554025221,
                -0.004135 -0.00462914222958 0.0016017216937,
                -0.004135 -0.00465699179069 0.00161198414484,
                -0.004135 -0.00468281611077 0.00162661358262,
                -0.004135 -0.00470593589047 0.00164522518503,
                -0.004135 -0.00472574297241 0.00166732938062,
                -0.004135 -0.00474171633849 0.00169234472658,
                -0.004135 -0.00475343581515 0.00171961320334,
                -0.004135 -0.0047605931258 0.00174841752353,
                -0.003485 -0.00462914222958 0.0016017216937,
                -0.003485 -0.00465699179069 0.00161198414484,
                -0.003485 -0.00468281611077 0.00162661358262,
                -0.003485 -0.00470593589047 0.00164522518503,
                -0.003485 -0.00472574297241 0.00166732938062,
                -0.003485 -0.00474171633849 0.00169234472658,
                -0.003485 -0.00475343581515 0.00171961320334,
                -0.003485 -0.0047605931258 0.00174841752353,
                -0.003485 -0.0047421240314 0.000960929134993,
                -0.003485 -0.00487947109088 0.00100069306852,
                -0.003485 -0.00500799425808 0.00106336029004,
                -0.003485 -0.00512390660791 0.00114708431476,
                -0.003485 -0.00522379279204 0.00124939822085,
                -0.003485 -0.00530470967186 0.00136728733705,
                -0.003485 -0.00536427303784 0.00149727806976,
                -0.003485 -0.00540072786005 0.00163554025221,
                -0.006675 -0.0047421240314 0.000960929134993,
                -0.006675 -0.00487947109088 0.00100069306852,
                -0.006675 -0.00500799425808 0.00106336029004,
                -0.006675 -0.00512390660791 0.00114708431476,
                -0.006675 -0.00522379279204 0.00124939822085,
                -0.006675 -0.00530470967186 0.00136728733705,
                -0.006675 -0.00536427303784 0.00149727806976,
                -0.006675 -0.00540072786005 0.00163554025221,
                -0.006675 -0.00462914222958 0.0016017216937,
                -0.006675 -0.00465699179069 0.00161198414484,
                -0.006675 -0.00468281611077 0.00162661358262,
                -0.006675 -0.00470593589047 0.00164522518503,
                -0.006675 -0.00472574297241 0.00166732938062,
                -0.006675 -0.00474171633849 0.00169234472658,
                -0.006675 -0.00475343581515 0.00171961320334,
                -0.006675 -0.0047605931258 0.00174841752353,
                -0.006025 -0.00462914222958 0.0016017216937,
                -0.006025 -0.00465699179069 0.00161198414484,
                -0.006025 -0.00468281611077 0.00162661358262,
                -0.006025 -0.00470593589047 0.00164522518503,
                -0.006025 -0.00472574297241 0.00166732938062,
                -0.006025 -0.00474171633849 0.00169234472658,
                -0.006025 -0.00475343581515 0.00171961320334,
                -0.006025 -0.0047605931258 0.00174841752353,
                -0.006025 -0.0047421240314 0.000960929134993,
                -0.006025 -0.00487947109088 0.00100069306852,
                -0.006025 -0.00500799425808 0.00106336029004,
                -0.006025 -0.00512390660791 0.00114708431476,
                -0.006025 -0.00522379279204 0.00124939822085,
                -0.006025 -0.00530470967186 0.00136728733705,
                -0.006025 -0.00536427303784 0.00149727806976,
                -0.006025 -0.00540072786005 0.00163554025221,
                0.006675 -0.00715177761651 -0.000942219818801,
                0.006675 -0.00718258968623 -0.000933963749604,
                0.006675 -0.0072115 -0.000920482648893,
                0.006675 -0.00723763013257 -0.000902186133091,
                0.006675 -0.00726018613309 -0.000879630132573,
                0.006675 -0.00727848264889 -0.0008535,
                0.006675 -0.0072919637496 -0.000824589686229,
                0.006675 -0.0073002198188 -0.000793777616513,
                0.006675 -0.007264648932 -0.00158234485826,
                0.006675 -0.00740490277939 -0.00154476395311,
                0.006675 -0.0075365 -0.00148339916135,
                0.006675 -0.00765544207887 -0.00140011502112,
                0.006675 -0.00775811502112 -0.00129744207887,
                0.006675 -0.00784139916135 -0.0011785,
                0.006675 -0.00790276395311 -0.00104690277939,
                0.006675 -0.00794034485826 -0.000906648931997,
                0.006025 -0.007264648932 -0.00158234485826,
                0.006025 -0.00740490277939 -0.00154476395311,
                0.006025 -0.0075365 -0.00148339916135,
                0.006025 -0.00765544207887 -0.00140011502112,
                0.006025 -0.00775811502112 -0.00129744207887,
                0.006025 -0.00784139916135 -0.0011785,
                0.006025 -0.00790276395311 -0.00104690277939,
                0.006025 -0.00794034485826 -0.000906648931997,
                0.006025 -0.00715177761651 -0.000942219818801,
                0.006025 -0.00718258968623 -0.000933963749604,
                0.006025 -0.0072115 -0.000920482648893,
                0.006025 -0.00723763013257 -0.000902186133091,
                0.006025 -0.00726018613309 -0.000879630132573,
                0.006025 -0.00727848264889 -0.0008535,
                0.006025 -0.0072919637496 -0.000824589686229,
                0.006025 -0.0073002198188 -0.000793777616513,
                0.004135 -0.00715177761651 -0.000942219818801,
                0.004135 -0.00718258968623 -0.000933963749604,
                0.004135 -0.0072115 -0.000920482648893,
                0.004135 -0.00723763013257 -0.000902186133091,
                0.004135 -0.00726018613309 -0.000879630132573,
                0.004135 -0.00727848264889 -0.0008535,
                0.004135 -0.0072919637496 -0.000824589686229,
                0.004135 -0.0073002198188 -0.000793777616513,
                0.004135 -0.007264648932 -0.00158234485826,
                0.004135 -0.00740490277939 -0.00154476395311,
                0.004135 -0.0075365 -0.00148339916135,
                0.004135 -0.00765544207887 -0.00140011502112,
                0.004135 -0.00775811502112 -0.00129744207887,
                0.004135 -0.00784139916135 -0.0011785,
                0.004135 -0.00790276395311 -0.00104690277939,
                0.004135 -0.00794034485826 -0.000906648931997,
                0.003485 -0.007264648932 -0.00158234485826,
                0.003485 -0.00740490277939 -0.00154476395311,
                0.003485 -0.0075365 -0.00148339916135,
                0.003485 -0.00765544207887 -0.00140011502112,
                0.003485 -0.00775811502112 -0.00129744207887,
                0.003485 -0.00784139916135 -0.0011785,
                0.003485 -0.00790276395311 -0.00104690277939,
                0.003485 -0.00794034485826 -0.000906648931997,
                0.003485 -0.00715177761651 -0.000942219818801,
                0.003485 -0.00718258968623 -0.000933963749604,
                0.003485 -0.0072115 -0.000920482648893,
                0.003485 -0.00723763013257 -0.000902186133091,
                0.003485 -0.00726018613309 -0.000879630132573,
                0.003485 -0.00727848264889 -0.0008535,
                0.003485 -0.0072919637496 -0.000824589686229,
                0.003485 -0.0073002198188 -0.000793777616513,
                0.001595 -0.00715177761651 -0.000942219818801,
                0.001595 -0.00718258968623 -0.000933963749604,
                0.001595 -0.0072115 -0.000920482648893,
                0.001595 -0.00723763013257 -0.000902186133091,
                0.001595 -0.00726018613309 -0.000879630132573,
                0.001595 -0.00727848264889 -0.0008535,
                0.001595 -0.0072919637496 -0.000824589686229,
                0.001595 -0.0073002198188 -0.000793777616513,
                0.001595 -0.007264648932 -0.00158234485826,
                0.001595 -0.00740490277939 -0.00154476395311,
                0.001595 -0.0075365 -0.00148339916135,
                0.001595 -0.00765544207887 -0.00140011502112,
                0.001595 -0.00775811502112 -0.00129744207887,
                0.001595 -0.00784139916135 -0.0011785,
                0.001595 -0.00790276395311 -0.00104690277939,
                0.001595 -0.00794034485826 -0.000906648931997,
                0.000945 -0.007264648932 -0.00158234485826,
                0.000945 -0.00740490277939 -0.00154476395311,
                0.000945 -0.0075365 -0.00148339916135,
                0.000945 -0.00765544207887 -0.00140011502112,
                0.000945 -0.00775811502112 -0.00129744207887,
                0.000945 -0.00784139916135 -0.0011785,
                0.000945 -0.00790276395311 -0.00104690277939,
                0.000945 -0.00794034485826 -0.000906648931997,
                0.000945 -0.00715177761651 -0.000942219818801,
                0.000945 -0.00718258968623 -0.000933963749604,
                0.000945 -0.0072115 -0.000920482648893,
                0.000945 -0.00723763013257 -0.000902186133091,
                0.000945 -0.00726018613309 -0.000879630132573,
                0.000945 -0.00727848264889 -0.0008535,
                0.000945 -0.0072919637496 -0.000824589686229,
                0.000945 -0.0073002198188 -0.000793777616513,
                -0.000945 -0.00715177761651 -0.000942219818801,
                -0.000945 -0.00718258968623 -0.000933963749604,
                -0.000945 -0.0072115 -0.000920482648893,
                -0.000945 -0.00723763013257 -0.000902186133091,
                -0.000945 -0.00726018613309 -0.000879630132573,
                -0.000945 -0.00727848264889 -0.0008535,
                -0.000945 -0.0072919637496 -0.000824589686229,
                -0.000945 -0.0073002198188 -0.000793777616513,
                -0.000945 -0.007264648932 -0.00158234485826,
                -0.000945 -0.00740490277939 -0.00154476395311,
                -0.000945 -0.0075365 -0.00148339916135,
                -0.000945 -0.00765544207887 -0.00140011502112,
                -0.000945 -0.00775811502112 -0.00129744207887,
                -0.000945 -0.00784139916135 -0.0011785,
                -0.000945 -0.00790276395311 -0.00104690277939,
                -0.000945 -0.00794034485826 -0.000906648931997,
                -0.001595 -0.007264648932 -0.00158234485826,
                -0.001595 -0.00740490277939 -0.00154476395311,
                -0.001595 -0.0075365 -0.00148339916135,
                -0.001595 -0.00765544207887 -0.00140011502112,
                -0.001595 -0.00775811502112 -0.00129744207887,
                -0.001595 -0.00784139916135 -0.0011785,
                -0.001595 -0.00790276395311 -0.00104690277939,
                -0.001595 -0.00794034485826 -0.000906648931997,
                -0.001595 -0.00715177761651 -0.000942219818801,
                -0.001595 -0.00718258968623 -0.000933963749604,
                -0.001595 -0.0072115 -0.000920482648893,
                -0.001595 -0.00723763013257 -0.000902186133091,
                -0.001595 -0.00726018613309 -0.000879630132573,
                -0.001595 -0.00727848264889 -0.0008535,
                -0.001595 -0.0072919637496 -0.000824589686229,
                -0.001595 -0.0073002198188 -0.000793777616513,
                -0.003485 -0.00715177761651 -0.000942219818801,
                -0.003485 -0.00718258968623 -0.000933963749604,
                -0.003485 -0.0072115 -0.000920482648893,
                -0.003485 -0.00723763013257 -0.000902186133091,
                -0.003485 -0.00726018613309 -0.000879630132573,
                -0.003485 -0.00727848264889 -0.0008535,
                -0.003485 -0.0072919637496 -0.000824589686229,
                -0.003485 -0.0073002198188 -0.000793777616513,
                -0.003485 -0.007264648932 -0.00158234485826,
                -0.003485 -0.00740490277939 -0.00154476395311,
                -0.003485 -0.0075365 -0.00148339916135,
                -0.003485 -0.00765544207887 -0.00140011502112,
                -0.003485 -0.00775811502112 -0.00129744207887,
                -0.003485 -0.00784139916135 -0.0011785,
                -0.003485 -0.00790276395311 -0.00104690277939,
                -0.003485 -0.00794034485826 -0.000906648931997,
                -0.004135 -0.007264648932 -0.00158234485826,
                -0.004135 -0.00740490277939 -0.00154476395311,
                -0.004135 -0.0075365 -0.00148339916135,
                -0.004135 -0.00765544207887 -0.00140011502112,
                -0.004135 -0.00775811502112 -0.00129744207887,
                -0.004135 -0.00784139916135 -0.0011785,
                -0.004135 -0.00790276395311 -0.00104690277939,
                -0.004135 -0.00794034485826 -0.000906648931997,
                -0.004135 -0.00715177761651 -0.000942219818801,
                -0.004135 -0.00718258968623 -0.000933963749604,
                -0.004135 -0.0072115 -0.000920482648893,
                -0.004135 -0.00723763013257 -0.000902186133091,
                -0.004135 -0.00726018613309 -0.000879630132573,
                -0.004135 -0.00727848264889 -0.0008535,
                -0.004135 -0.0072919637496 -0.000824589686229,
                -0.004135 -0.0073002198188 -0.000793777616513,
                -0.006025 -0.00715177761651 -0.000942219818801,
                -0.006025 -0.00718258968623 -0.000933963749604,
                -0.006025 -0.0072115 -0.000920482648893,
                -0.006025 -0.00723763013257 -0.000902186133091,
                -0.006025 -0.00726018613309 -0.000879630132573,
                -0.006025 -0.00727848264889 -0.0008535,
                -0.006025 -0.0072919637496 -0.000824589686229,
                -0.006025 -0.0073002198188 -0.000793777616513,
                -0.006025 -0.007264648932 -0.00158234485826,
                -0.006025 -0.00740490277939 -0.00154476395311,
                -0.006025 -0.0075365 -0.00148339916135,
                -0.006025 -0.00765544207887 -0.00140011502112,
                -0.006025 -0.00775811502112 -0.00129744207887,
                -0.006025 -0.00784139916135 -0.0011785,
                -0.006025 -0.00790276395311 -0.00104690277939,
                -0.006025 -0.00794034485826 -0.000906648931997,
                -0.006675 -0.007264648932 -0.00158234485826,
                -0.006675 -0.00740490277939 -0.00154476395311,
                -0.006675 -0.0075365 -0.00148339916135,
                -0.006675 -0.00765544207887 -0.00140011502112,
                -0.006675 -0.00775811502112 -0.00129744207887,
                -0.006675 -0.00784139916135 -0.0011785,
                -0.006675 -0.00790276395311 -0.00104690277939,
                -0.006675 -0.00794034485826 -0.000906648931997,
                -0.006675 -0.00715177761651 -0.000942219818801,
                -0.006675 -0.00718258968623 -0.000933963749604,
                -0.006675 -0.0072115 -0.000920482648893,
                -0.006675 -0.00723763013257 -0.000902186133091,
                -0.006675 -0.00726018613309 -0.000879630132573,
                -0.006675 -0.00727848264889 -0.0008535,
                -0.006675 -0.0072919637496 -0.000824589686229,
                -0.006675 -0.0073002198188 -0.000793777616513,
                0 0.00247 -0.0044875,
                -8.881784197e-19 0.0053 0.003325,
                -0.00802 0.0053 0,
                -0.00507812103223 0.0053 -0.003325,
                -0.00195562103223 0.00186 -0.003825,
                -0.00789 -0.004275 -0.0032994,
                0 -0.0031 0.0037,
                0.00789 -0.004275 -0.0032994,
                -8.881784197e-19 -0.0046 -2.5e-05,
                0.00879 0 0.0003875,
                -0.00879 0 0.0003875,
                0.006025 -0.0050065 0.00411012006532,
                0.006125 -0.005088 0.007525,
                0.006575 -0.005088 0.007525,
                0.006675 -0.0050065 0.00411012006532,
                0.00635 -0.004863 0.007525,
                0.00635 -0.005313 0.007525,
                0.006575 0.00427 0.00127,
                0.00635 0.00427 0.001495,
                0 -0.00223 0,
                -0.00787 0.00146 0,
                0 -0.00173 -0.00332,
                0.00787 0.00146 0,
                0.00507812103223 0.0053 -0.003325,
                0.00802 0.0053 0,
                0.00195562103223 0.00186 -0.003825,
                0 0.0053 -0.004325,
                0.00635 0.00427 0.001045,
                0.006125 0.00427 0.00127,
                0.00381 0.00427 0.001495,
                0.003585 0.00427 0.00127,
                0.003485 -0.0050065 0.00411012006532,
                0.003585 -0.005088 0.007525,
                0.004035 -0.005088 0.007525,
                0.004135 -0.0050065 0.00411012006532,
                0.00381 -0.004863 0.007525,
                0.00381 -0.005313 0.007525,
                0.004035 0.00427 0.00127,
                0.00381 0.00427 0.001045,
                0.00127 0.00427 0.001495,
                0.001045 0.00427 0.00127,
                0.000945 -0.0050065 0.00411012006532,
                0.001045 -0.005088 0.007525,
                0.001495 -0.005088 0.007525,
                0.001595 -0.0050065 0.00411012006532,
                0.00127 -0.004863 0.007525,
                0.00127 -0.005313 0.007525,
                0.001495 0.00427 0.00127,
                0.00127 0.00427 0.001045,
                -0.00127 0.00427 0.001495,
                -0.001495 0.00427 0.00127,
                -0.001595 -0.0050065 0.00411012006532,
                -0.001495 -0.005088 0.007525,
                -0.001045 -0.005088 0.007525,
                -0.000945 -0.0050065 0.00411012006532,
                -0.00127 -0.004863 0.007525,
                -0.00127 -0.005313 0.007525,
                -0.001045 0.00427 0.00127,
                -0.00127 0.00427 0.001045,
                -0.00381 0.00427 0.001495,
                -0.004035 0.00427 0.00127,
                -0.004135 -0.0050065 0.00411012006532,
                -0.004035 -0.005088 0.007525,
                -0.003585 -0.005088 0.007525,
                -0.003485 -0.0050065 0.00411012006532,
                -0.00381 -0.004863 0.007525,
                -0.00381 -0.005313 0.007525,
                -0.003585 0.00427 0.00127,
                -0.00381 0.00427 0.001045,
                -0.00635 0.00427 0.001495,
                -0.006575 0.00427 0.00127,
                -0.006675 -0.0050065 0.00411012006532,
                -0.006575 -0.005088 0.007525,
                -0.006125 -0.005088 0.007525,
                -0.006025 -0.0050065 0.00411012006532,
                -0.00635 -0.004863 0.007525,
                -0.00635 -0.005313 0.007525,
                -0.006125 0.00427 0.00127,
                -0.00635 0.00427 0.001045,
                0.006575 -0.007628 0.007525,
                0.00635 -0.007853 0.007525,
                0.006125 -0.007628 0.007525,
                0.00635 -0.007403 0.007525,
                0.006125 0.00427 -0.00127,
                0.00635 0.00427 -0.001495,
                0.00635 0.00427 -0.001045,
                0.006575 0.00427 -0.00127,
                0.004035 -0.007628 0.007525,
                0.00381 -0.007853 0.007525,
                0.003585 -0.007628 0.007525,
                0.00381 -0.007403 0.007525,
                0.003585 0.00427 -0.00127,
                0.00381 0.00427 -0.001495,
                0.00381 0.00427 -0.001045,
                0.004035 0.00427 -0.00127,
                0.001495 -0.007628 0.007525,
                0.00127 -0.007853 0.007525,
                0.001045 -0.007628 0.007525,
                0.00127 -0.007403 0.007525,
                0.001045 0.00427 -0.00127,
                0.00127 0.00427 -0.001495,
                0.00127 0.00427 -0.001045,
                0.001495 0.00427 -0.00127,
                -0.001045 -0.007628 0.007525,
                -0.00127 -0.007853 0.007525,
                -0.001495 -0.007628 0.007525,
                -0.00127 -0.007403 0.007525,
                -0.001495 0.00427 -0.00127,
                -0.00127 0.00427 -0.001495,
                -0.00127 0.00427 -0.001045,
                -0.001045 0.00427 -0.00127,
                -0.003585 -0.007628 0.007525,
                -0.00381 -0.007853 0.007525,
                -0.004035 -0.007628 0.007525,
                -0.00381 -0.007403 0.007525,
                -0.004035 0.00427 -0.00127,
                -0.00381 0.00427 -0.001495,
                -0.00381 0.00427 -0.001045,
                -0.003585 0.00427 -0.00127,
                -0.006125 -0.007628 0.007525,
                -0.00635 -0.007853 0.007525,
                -0.006575 -0.007628 0.007525,
                -0.00635 -0.007403 0.007525,
                -0.006575 0.00427 -0.00127,
                -0.00635 0.00427 -0.001495,
                -0.00635 0.00427 -0.001045,
                -0.006125 0.00427 -0.00127

              ]
            }
            normal Normal {
              vector [
                -0 -0 -1,
                -0 -0 -1,
                -0 -0 -1,
                -0 -0 -1,
                -0 -1 -0,
                -0 -1 -0,
                -0 -1 -0,
                -0 -1 -0,
                -0 -1 -0,
                -0 -1 -0,
                -0 -1 -0,
                -0 -1 -0,
                -0 -1 -0,
                -0.96592581 -0 -0.25881904,
                -0.96592581 -0 -0.25881904,
                -0.96592581 -0 -0.25881904,
                -0.96592581 -0 -0.25881904,
                0 1 0,
                0 1 0,
                0 1 0,
                0 1 0,
                0 1 0,
                0 1 0,
                0 1 0,
                0 1 0,
                0 1 0,
                0 1 0,
                0 1 0,
                0 1 0,
                0 1 0,
                0 1 0,
                0 1 0,
                0 1 0,
                0 1 0,
                0 1 0,
                0 1 0,
                0 1 0,
                0 1 0,
                0 1 0,
                0 1 0,
                0 1 0,
                0 1 0,
                0 1 0,
                0 1 0,
                0 1 0,
                0 1 0,
                0 1 0,
                0 1 0,
                0 1 0,
                0 1 0,
                0 1 0,
                0 1 0,
                0 1 0,
                0 1 0,
                0 1 0,
                0 1 0,
                0 1 0,
                0 1 0,
                0 1 0,
                0 1 0,
                0 1 0,
                0 1 0,
                0 1 0,
                0 1 0,
                0 1 0,
                0 1 0,
                0 1 0,
                0 1 0,
                0 1 0,
                0 1 0,
                0 1 0,
                0 1 0,
                0 1 0,
                0 1 0,
                0 1 0,
                0 1 0,
                0 1 0,
                0 0.70710677 -0.70710677,
                0 0.70710677 -0.70710677,
                0 0.70710677 -0.70710677,
                0 0.70710677 -0.70710677,
                0 0.70710677 -0.70710677,
                0.70710677 0.70710677 0,
                0.70710677 0.70710677 0,
                0.70710677 0.70710677 0,
                0.70710677 0.70710677 0,
                0.70710677 0.70710677 0,
                0 0.70710677 0.70710677,
                0 0.70710677 0.70710677,
                0 0.70710677 0.70710677,
                0 0.70710677 0.70710677,
                0 0.70710677 0.70710677,
                0.99619472 -0 0.087155744,
                0.99619472 -0 0.087155744,
                0.99619472 -0 0.087155744,
                0.99619472 -0 0.087155744,
                0.99619472 -0 0.087155744,
                0.99619472 -0 0.087155744,
                0.99619472 -0 0.087155744,
                0.99619472 -0 0.087155744,
                0.99619472 -0 0.087155744,
                -0 -0 -1,
                -0 -0 -1,
                -0 -0 -1,
                -0 -0 -1,
                -0 -0 -1,
                -0 -0 -1,
                -0 -0 -1,
                -0 -0 -1,
                -0 -0 -1,
                -0 -0 -1,
                -0 -0 -1,
                -0 -0 -1,
                -0 -0 -1,
                -0 -0 -1,
                -0 -0 -1,
                -0 -0 -1,
                -0 -1 -0,
                -0 -1 -0,
                -0 -1 -0,
                -0 -1 -0,
                1 -0 -0,
                1 -0 -0,
                1 -0 -0,
                1 -0 -0,
                1 -0 -0,
                1 -0 -0,
                1 -0 -0,
                1 -0 -0,
                1 -0 -0,
                1 -0 -0,
                1 -0 -0,
                1 -0 -0,
                1 -0 -0,
                1 -0 -0,
                1 -0 -0,
                1 -0 -0,
                1 -0 -0,
                -6.1232343e-17 -0 1,
                1 -0 1.2246469e-16,
                0.17364818 -0 0.98480773,
                0.34202015 -0 0.93969262,
                0.5 -0 0.86602539,
                0.64278764 -0 0.76604444,
                0.76604444 -0 0.64278764,
                0.86602539 -0 0.5,
                0.93969262 -0 0.34202015,
                0.98480773 -0 0.17364818,
                1 -0 1.2246469e-16,
                -6.1232343e-17 -0 1,
                0.17364818 -0 0.98480773,
                0.34202015 -0 0.93969262,
                0.5 -0 0.86602539,
                0.64278764 -0 0.76604444,
                0.76604444 -0 0.64278764,
                0.86602539 -0 0.5,
                0.93969262 -0 0.34202015,
                0.98480773 -0 0.17364818,
                -0 -1 -0,
                -0 -1 -0,
                -0 -1 -0,
                -0 -1 -0,
                -0 -1 -0,
                -0 -1 -0,
                -0 -1 -0,
                -0 -1 -0,
                -0 -1 -0,
                -0 -1 -0,
                -0 -1 -0,
                -0 -1 -0,
                -0 -1 -0,
                -0 -1 -0,
                -0 -1 -0,
                -0 -1 -0,
                -0 -1 -0,
                -0 -1 -0,
                -0 -1 -0,
                -0 -1 -0,
                -0 -1 -0,
                -0 -1 -0,
                -0 -1 -0,
                -0 -1 -0,
                -0 -1 -0,
                -0 -1 -0,
                -0 -1 -0,
                -0 -1 -0,
                -0 -1 -0,
                -0 -1 -0,
                -0 -1 -0,
                -0 -1 -0,
                -0 -1 -0,
                -0 -1 -0,
                -0 -1 -0,
                -0 -1 -0,
                -0 -1 -0,
                -0 -1 -0,
                -0 -1 -0,
                -0 -1 -0,
                -0 -1 -0,
                -0 -1 -0,
                -0 -1 -0,
                -0 -1 -0,
                -0 -1 -0,
                -0 -1 -0,
                -0 -0 1,
                -0 -0 1,
                -0 -0 1,
                -0 -0 1,
                -0 -0 1,
                -0 -0 1,
                -0 -0 1,
                -0 -0 1,
                -6.1232343e-17 -0 1,
                1 -0 1.2246469e-16,
                0.17364818 -0 0.98480773,
                0.34202015 -0 0.93969262,
                0.5 -0 0.86602539,
                0.64278764 -0 0.76604444,
                0.76604444 -0 0.64278764,
                0.86602539 -0 0.5,
                0.93969262 -0 0.34202015,
                0.98480773 -0 0.17364818,
                1 -0 1.2246469e-16,
                -6.1232343e-17 -0 1,
                0.98480773 -0 0.17364818,
                0.93969262 -0 0.34202015,
                0.86602539 -0 0.5,
                0.76604444 -0 0.64278764,
                0.64278764 -0 0.76604444,
                0.5 -0 0.86602539,
                0.34202015 -0 0.93969262,
                0.17364818 -0 0.98480773,
                1 0 0,
                1 0 0,
                1 0 0,
                1 0 0,
                0 0 1,
                0 0 1,
                0 0 1,
                0 0 1,
                -1 0 0,
                -1 0 0,
                -1 0 0,
                -1 0 0,
                -1 0 -0,
                -6.1232343e-17 -0 1,
                -0.98480773 -0 0.17364818,
                -0.93969262 -0 0.34202015,
                -0.86602539 -0 0.5,
                -0.76604444 -0 0.64278764,
                -0.64278764 -0 0.76604444,
                -0.5 -0 0.86602539,
                -0.34202015 -0 0.93969262,
                -0.17364818 -0 0.98480773,
                -6.1232343e-17 -0 1,
                -1 0 -0,
                -0.17364818 -0 0.98480773,
                -0.34202015 -0 0.93969262,
                -0.5 -0 0.86602539,
                -0.64278764 -0 0.76604444,
                -0.76604444 -0 0.64278764,
                -0.86602539 -0 0.5,
                -0.93969262 -0 0.34202015,
                -0.98480773 -0 0.17364818,
                -1 0 -0,
                1.1929177e-14 -0 1,
                -0.98768836 -0 0.15643446,
                -0.95105654 -0 0.309017,
                -0.89100653 -0 0.45399049,
                -0.809017 -0 0.58778524,
                -0.70710677 -0 0.70710677,
                -0.58778524 -0 0.809017,
                -0.45399049 -0 0.89100653,
                -0.309017 -0 0.95105654,
                -0.15643446 -0 0.98768836,
                -6.1232343e-17 -0 1,
                -1 0 -0,
                -0.98480773 -0 0.17364818,
                -0.93969262 -0 0.34202015,
                -0.86602539 -0 0.5,
                -0.76604444 -0 0.64278764,
                -0.64278764 -0 0.76604444,
                -0.5 -0 0.86602539,
                -0.34202015 -0 0.93969262,
                -0.17364818 -0 0.98480773,
                -1 -0 -0,
                -1 -0 -0,
                -1 -0 -0,
                -1 -0 -0,
                -1 -0 -0,
                -1 -0 -0,
                -1 -0 -0,
                -1 -0 -0,
                -1 -0 -0,
                -1 -0 -0,
                -1 -0 -0,
                -1 -0 -0,
                -1 -0 -0,
                -1 -0 -0,
                -1 -0 -0,
                -1 -0 -0,
                -1 -0 -0,
                -0 -0 -1,
                -0 -0 -1,
                -0 -0 -1,
                -0 -0 -1,
                -0 -0 -1,
                -0 -0 -1,
                -0 -0 -1,
                -0 -0 -1,
                -0 -1 -0,
                -0 -1 -0,
                -0 -1 -0,
                -0 -1 -0,
                -0 -1 -0,
                -0 -1 -0,
                -0 -1 -0,
                -0 -1 -0,
                -0 -1 -0,
                -0 -1 -0,
                -0 -1 -0,
                -0 -1 -0,
                -0 -1 -0,
                -0 -1 -0,
                -0 -1 -0,
                -0 -1 -0,
                -0 -1 -0,
                -0 -1 -0,
                -0 -1 -0,
                -0 -1 -0,
                -0 -1 -0,
                -0 -1 -0,
                -0 -1 -0,
                -0 -1 -0,
                -0 -1 -0,
                -0 -1 -0,
                -0 -1 -0,
                -0 -1 -0,
                -0 -1 -0,
                -0 -1 -0,
                -0 -1 -0,
                -0 -1 -0,
                -0 -1 -0,
                -0 -1 -0,
                -0 -1 -0,
                -0 -1 -0,
                -0 -1 -0,
                -0 -1 -0,
                -0 -1 -0,
                -0 -1 -0,
                -0 -1 -0,
                -0 -1 -0,
                -0 -1 -0,
                -0 -1 -0,
                -0 -1 -0,
                -0 -1 -0,
                -0 -1 -0,
                -0 -1 -0,
                -0 -1 -0,
                -0 -1 -0,
                -0 -1 -0,
                -0 -1 -0,
                -0 -1 -0,
                -0 -1 -0,
                -0 -1 -0,
                -0 -1 -0,
                -0 -1 -0,
                -0 -1 -0,
                -0 -1 -0,
                -0 -1 -0,
                -0 -1 -0,
                0 -0.70710677 0.70710677,
                0 -0.70710677 0.70710677,
                0 -0.70710677 0.70710677,
                0 -0.70710677 0.70710677,
                -0 -0 1,
                -0 -0 1,
                -0 -0 1,
                -0 -0 1,
                1 0 0,
                1 0 0,
                1 0 0,
                1 0 0,
                1 0 0,
                1 0 0,
                1 0 0,
                1 0 0,
                1 0 0,
                0 -1 0,
                0 -1 0,
                0 -1 0,
                0 -1 0,
                0 -1 0,
                0 -1 0,
                0 -1 0,
                0 -1 0,
                0 -1 0,
                0 -1 0,
                0 -1 0,
                0 -1 0,
                0 -1 0,
                0 -1 0,
                0 -1 0,
                0 -1 0,
                -1 0 0,
                -1 0 0,
                -1 0 0,
                -1 0 0,
                -1 0 0,
                -1 0 0,
                -1 0 0,
                -1 0 0,
                -1 0 0,
                0 0 1,
                0 0 1,
                0 0 1,
                0 0 1,
                0 0 1,
                0 0 1,
                0 0 1,
                0 0 1,
                -0 -0 1,
                -0 -0 1,
                -0 -0 1,
                -0 -0 1,
                -0 -0 1,
                -0 -0 1,
                -0 -0 1,
                -0 -0 1,
                -0 -0.70710677 -0.70710677,
                -0 -0.70710677 -0.70710677,
                -0 -0.70710677 -0.70710677,
                -0 -0.70710677 -0.70710677,
                -0 -0 -1,
                -0 -0 -1,
                -0 -0 -1,
                -0 -0 -1,
                -1 0 0,
                -1 0 0,
                -1 0 0,
                -1 0 0,
                -1 0 0,
                -1 0 0,
                -1 0 0,
                -1 0 0,
                -1 0 0,
                -1 0 0,
                -1 0 0,
                -1 0 0,
                -1 0 0,
                -1 0 0,
                -1 0 0,
                -1 0 0,
                -1 0 0,
                -1 0 0,
                -1 0 0,
                -1 0 0,
                -1 0 0,
                -1 0 0,
                -1 0 0,
                -1 0 0,
                -1 0 0,
                -1 0 0,
                -1 0 0,
                -0.92847669 0 0.37139067,
                -0.92847669 0 0.37139067,
                -0.92847669 0 0.37139067,
                -0.92847669 0 0.37139067,
                -0.92847669 0 0.37139067,
                0 0 1,
                0 0 1,
                0 0 1,
                0 0 1,
                0.92847669 0 0.37139067,
                0.92847669 0 0.37139067,
                0.92847669 0 0.37139067,
                0.92847669 0 0.37139067,
                0.92847669 0 0.37139067,
                1 0 -0,
                1 0 -0,
                1 0 -0,
                1 0 -0,
                1 0 -0,
                1 0 -0,
                1 0 -0,
                1 0 -0,
                1 0 -0,
                1 0 -0,
                1 0 -0,
                1 0 -0,
                1 0 -0,
                1 0 -0,
                1 0 -0,
                1 0 -0,
                1 0 -0,
                1 0 -0,
                1 0 -0,
                1 0 -0,
                1 0 -0,
                1 0 -0,
                1 0 -0,
                1 0 -0,
                1 0 -0,
                1 0 -0,
                1 0 -0,
                0 1 0,
                0 1 0,
                0 1 0,
                0 1 0,
                0 0.92847669 0.37139067,
                0 0.92847669 0.37139067,
                0 0.92847669 0.37139067,
                0 0.92847669 0.37139067,
                0 0.92847669 0.37139067,
                0 0.10928962 0.99400997,
                0 0.10928962 0.99400997,
                -0 1 -1.5926599e-15,
                0 0.26853678 0.96326941,
                0 0.42072016 0.90719044,
                0 0.56183666 0.82724816,
                0 0.68817425 0.72554547,
                0 0.79640967 0.60475749,
                0 0.88369584 0.4680616,
                0 0.94773668 0.31905353,
                0 0.9868477 0.16165288,
                0 1 1.8369701e-16,
                0 0.26853678 0.96326941,
                0 0.42072016 0.90719044,
                0 0.56183666 0.82724816,
                0 0.68817425 0.72554547,
                0 0.79640967 0.60475749,
                0 0.88369584 0.4680616,
                0 0.94773668 0.31905353,
                0 0.9868477 0.16165288,
                -0 -0.024009604 -0.99971175,
                -0 -0.024009604 -0.99971175,
                -0 -1 -1.0718754e-15,
                -0 -0.19462669 -0.9808774,
                -0 -0.35950911 -0.93314159,
                -0 -0.51379865 -0.85791081,
                -0 -0.65294909 -0.75740176,
                -0 -0.77286047 -0.63457596,
                -0 -0.86999959 -0.49305242,
                -0 -0.94150424 -0.33700112,
                -0 -0.98526752 -0.17102011,
                -0 -1 -1.8369701e-16,
                -0 -0.19462669 -0.9808774,
                -0 -0.35950911 -0.93314159,
                -0 -0.51379865 -0.85791081,
                -0 -0.65294909 -0.75740176,
                -0 -0.77286047 -0.63457596,
                -0 -0.86999959 -0.49305242,
                -0 -0.94150424 -0.33700112,
                -0 -0.98526752 -0.17102011,
                0 -1 0,
                0 -1 0,
                0 -1 0,
                0 -1 0,
                0 -0.92847669 0.37139067,
                0 -0.92847669 0.37139067,
                0 -0.92847669 0.37139067,
                0 -0.92847669 0.37139067,
                0 -0.92847669 0.37139067,
                0.92847669 0.37139067 0,
                0.92847669 0.37139067 0,
                0.92847669 0.37139067 0,
                0.92847669 0.37139067 0,
                0.92847669 0.37139067 0,
                -0 1 -0,
                -0 1 -0,
                -0 1 -0,
                -0 1 -0,
                0 0.37139067 0.92847669,
                0 0.37139067 0.92847669,
                0 0.37139067 0.92847669,
                0 0.37139067 0.92847669,
                0 0.37139067 0.92847669,
                0 0 1,
                0 0 1,
                0 0 1,
                0 0 1,
                -0 1 0,
                -0 1 0,
                -0 1 0,
                -0 1 0,
                -0 1 0,
                -0 1 0,
                -0 1 0,
                -0 1 0,
                -0 1 0,
                -0 1 0,
                -0 1 0,
                -0 1 0,
                -0 1 0,
                -0 1 0,
                -0 1 0,
                -0 1 0,
                -0 1 0,
                -0 1 0,
                -0 1 0,
                -0 1 0,
                -0 1 0,
                -0 1 0,
                -0 1 0,
                -0 1 0,
                -0 1 0,
                -0 1 0,
                -0 1 0,
                -0 1 0,
                -0 1 0,
                -0 1 0,
                -0 1 0,
                -0 1 0,
                -0 1 0,
                -0 1 0,
                -0 1 0,
                -0 1 0,
                -0 1 0,
                -0 1 0,
                -0 1 0,
                -0 1 0,
                -0 1 0,
                -0 1 0,
                -0 1 0,
                -0 1 0,
                -0 1 0,
                -0 1 0,
                -0 1 0,
                -0 1 0,
                -0 1 0,
                -0 1 0,
                -0 1 0,
                -0 1 0,
                -0 1 0,
                1 -0 -0,
                1 -0 -0,
                1 -0 -0,
                1 -0 -0,
                1 -0 -0,
                1 -0 -0,
                1 -0 -0,
                1 -0 -0,
                1 -0 -0,
                -0 1 0,
                -0 1 0,
                -0 1 0,
                -0 1 0,
                -0 1 0,
                -0 1 0,
                -0 1 0,
                -0 1 0,
                -0 1 0,
                -0 1 0,
                -0 1 0,
                -0 1 0,
                -0 1 0,
                -0 -0 -1,
                -0 -0 -1,
                -0 -0 -1,
                -0 -0 -1,
                -1 -0 -0,
                -1 -0 -0,
                -1 -0 -0,
                -1 -0 -0,
                -1 -0 -0,
                -1 -0 -0,
                -1 -0 -0,
                -1 -0 -0,
                -1 -0 -0,
                -0 -0 1,
                -0 -0 1,
                -0 -0 1,
                -0 -0 1,
                -0 -0 1,
                -0 -0 1,
                -0 -0 1,
                -0 -0 1,
                0 0.70710677 0.70710677,
                0 0.70710677 0.70710677,
                0 0.70710677 0.70710677,
                0 0.70710677 0.70710677,
                0 0.70710677 0.70710677,
                -0.70710677 0.70710677 0,
                -0.70710677 0.70710677 0,
                -0.70710677 0.70710677 0,
                -0.70710677 0.70710677 0,
                -0.70710677 0.70710677 0,
                -0.99619472 -0 0.087155744,
                -0.99619472 -0 0.087155744,
                -0.99619472 -0 0.087155744,
                -0.99619472 -0 0.087155744,
                -0.99619472 -0 0.087155744,
                -0.99619472 -0 0.087155744,
                -0.99619472 -0 0.087155744,
                -0.99619472 -0 0.087155744,
                -0.99619472 -0 0.087155744,
                -0 -0 1,
                -0 -0 1,
                -0 -0 1,
                -0 -0 1,
                0 0.70710677 0.70710677,
                0 0.70710677 0.70710677,
                0 0.70710677 0.70710677,
                0 0.70710677 0.70710677,
                0 0.70710677 0.70710677,
                -0 -0 -1,
                -0 -0 -1,
                -0 -0 -1,
                -0 -0 -1,
                -0 -0 1,
                -0 -0 1,
                -0 -0 1,
                -0 -0 1,
                0 0 -1,
                0 0 -1,
                0 0 -1,
                0 0 -1,
                0 0.37139067 -0.92847669,
                0 0.37139067 -0.92847669,
                0 0.37139067 -0.92847669,
                0 0.37139067 -0.92847669,
                0 0.37139067 -0.92847669,
                -0.92847669 0.37139067 0,
                -0.92847669 0.37139067 0,
                -0.92847669 0.37139067 0,
                -0.92847669 0.37139067 0,
                -0.92847669 0.37139067 0,
                0 0 1,
                0 0 1,
                0 0 1,
                0 0 1,
                0 0.37139067 0.92847669,
                0 0.37139067 0.92847669,
                0 0.37139067 0.92847669,
                0 0.37139067 0.92847669,
                0 0.37139067 0.92847669,
                -0.92847669 0.37139067 0,
                -0.92847669 0.37139067 0,
                -0.92847669 0.37139067 0,
                -0.92847669 0.37139067 0,
                -0.92847669 0.37139067 0,
                -1 0 0,
                -1 0 0,
                -1 0 0,
                -1 0 0,
                -1 0 0,
                -1 0 0,
                -1 0 0,
                -1 0 0,
                -1 0 0,
                -1 0 0,
                -1 0 0,
                -1 0 0,
                -1 0 0,
                -1 0 0,
                -1 0 0,
                -1 0 0,
                -1 0 0,
                -1 0 0,
                -1 0 0,
                -1 0 0,
                -1 0 0,
                -1 0 0,
                -1 0 0,
                -1 0 0,
                -1 0 0,
                -1 0 0,
                -1 0 0,
                -0.92847669 0 0.37139067,
                -0.92847669 0 0.37139067,
                -0.92847669 0 0.37139067,
                -0.92847669 0 0.37139067,
                -0.92847669 0 0.37139067,
                0 0 1,
                0 0 1,
                0 0 1,
                0 0 1,
                0.92847669 0 0.37139067,
                0.92847669 0 0.37139067,
                0.92847669 0 0.37139067,
                0.92847669 0 0.37139067,
                0.92847669 0 0.37139067,
                1 0 -0,
                1 0 -0,
                1 0 -0,
                1 0 -0,
                1 0 -0,
                1 0 -0,
                1 0 -0,
                1 0 -0,
                1 0 -0,
                1 0 -0,
                1 0 -0,
                1 0 -0,
                1 0 -0,
                1 0 -0,
                1 0 -0,
                1 0 -0,
                1 0 -0,
                1 0 -0,
                1 0 -0,
                1 0 -0,
                1 0 -0,
                1 0 -0,
                1 0 -0,
                1 0 -0,
                1 0 -0,
                1 0 -0,
                1 0 -0,
                0 1 0,
                0 1 0,
                0 1 0,
                0 1 0,
                0 0.92847669 0.37139067,
                0 0.92847669 0.37139067,
                0 0.92847669 0.37139067,
                0 0.92847669 0.37139067,
                0 0.92847669 0.37139067,
                0 0.10928962 0.99400997,
                0 0.10928962 0.99400997,
                -0 1 -1.5926599e-15,
                0 0.26853678 0.96326941,
                0 0.42072016 0.90719044,
                0 0.56183666 0.82724816,
                0 0.68817425 0.72554547,
                0 0.79640967 0.60475749,
                0 0.88369584 0.4680616,
                0 0.94773668 0.31905353,
                0 0.9868477 0.16165288,
                0 1 1.8369701e-16,
                0 0.26853678 0.96326941,
                0 0.42072016 0.90719044,
                0 0.56183666 0.82724816,
                0 0.68817425 0.72554547,
                0 0.79640967 0.60475749,
                0 0.88369584 0.4680616,
                0 0.94773668 0.31905353,
                0 0.9868477 0.16165288,
                -0 -0.024009604 -0.99971175,
                -0 -1 -1.0718754e-15,
                -0 -0.19462669 -0.9808774,
                -0 -0.35950911 -0.93314159,
                -0 -0.51379865 -0.85791081,
                -0 -0.65294909 -0.75740176,
                -0 -0.77286047 -0.63457596,
                -0 -0.86999959 -0.49305242,
                -0 -0.94150424 -0.33700112,
                -0 -0.98526752 -0.17102011,
                -0 -1 -1.8369701e-16,
                -0 -0.024009604 -0.99971175,
                -0 -0.19462669 -0.9808774,
                -0 -0.35950911 -0.93314159,
                -0 -0.51379865 -0.85791081,
                -0 -0.65294909 -0.75740176,
                -0 -0.77286047 -0.63457596,
                -0 -0.86999959 -0.49305242,
                -0 -0.94150424 -0.33700112,
                -0 -0.98526752 -0.17102011,
                0 -1 0,
                0 -1 0,
                0 -1 0,
                0 -1 0,
                0 -0.92847669 0.37139067,
                0 -0.92847669 0.37139067,
                0 -0.92847669 0.37139067,
                0 -0.92847669 0.37139067,
                0 -0.92847669 0.37139067,
                0.92847669 0.37139067 0,
                0.92847669 0.37139067 0,
                0.92847669 0.37139067 0,
                0.92847669 0.37139067 0,
                0.92847669 0.37139067 0,
                -0 1 -0,
                -0 1 -0,
                -0 1 -0,
                -0 1 -0,
                0 0.37139067 -0.92847669,
                0 0.37139067 -0.92847669,
                0 0.37139067 -0.92847669,
                0 0.37139067 -0.92847669,
                0 0.37139067 -0.92847669,
                0 0 -1,
                0 0 -1,
                0 0 -1,
                0 0 -1,
                0 0 1,
                0 0 1,
                0 0 1,
                0 0 1,
                0 0.37139067 0.92847669,
                0 0.37139067 0.92847669,
                0 0.37139067 0.92847669,
                0 0.37139067 0.92847669,
                0 0.37139067 0.92847669,
                -0.92847669 0.37139067 0,
                -0.92847669 0.37139067 0,
                -0.92847669 0.37139067 0,
                -0.92847669 0.37139067 0,
                -0.92847669 0.37139067 0,
                -1 0 0,
                -1 0 0,
                -1 0 0,
                -1 0 0,
                -1 0 0,
                -1 0 0,
                -1 0 0,
                -1 0 0,
                -1 0 0,
                -1 0 0,
                -1 0 0,
                -1 0 0,
                -1 0 0,
                -1 0 0,
                -1 0 0,
                -1 0 0,
                -1 0 0,
                -1 0 0,
                -1 0 0,
                -1 0 0,
                -1 0 0,
                -1 0 0,
                -1 0 0,
                -1 0 0,
                -1 0 0,
                -1 0 0,
                -1 0 0,
                -0.92847669 0 0.37139067,
                -0.92847669 0 0.37139067,
                -0.92847669 0 0.37139067,
                -0.92847669 0 0.37139067,
                -0.92847669 0 0.37139067,
                0 0 1,
                0 0 1,
                0 0 1,
                0 0 1,
                0.92847669 0 0.37139067,
                0.92847669 0 0.37139067,
                0.92847669 0 0.37139067,
                0.92847669 0 0.37139067,
                0.92847669 0 0.37139067,
                1 0 -0,
                1 0 -0,
                1 0 -0,
                1 0 -0,
                1 0 -0,
                1 0 -0,
                1 0 -0,
                1 0 -0,
                1 0 -0,
                1 0 -0,
                1 0 -0,
                1 0 -0,
                1 0 -0,
                1 0 -0,
                1 0 -0,
                1 0 -0,
                1 0 -0,
                1 0 -0,
                1 0 -0,
                1 0 -0,
                1 0 -0,
                1 0 -0,
                1 0 -0,
                1 0 -0,
                1 0 -0,
                1 0 -0,
                1 0 -0,
                0 1 0,
                0 1 0,
                0 1 0,
                0 1 0,
                0 0.92847669 0.37139067,
                0 0.92847669 0.37139067,
                0 0.92847669 0.37139067,
                0 0.92847669 0.37139067,
                0 0.92847669 0.37139067,
                0 0.10928962 0.99400997,
                0 0.10928962 0.99400997,
                -0 1 -1.5926599e-15,
                0 0.26853678 0.96326941,
                0 0.42072016 0.90719044,
                0 0.56183666 0.82724816,
                0 0.68817425 0.72554547,
                0 0.79640967 0.60475749,
                0 0.88369584 0.4680616,
                0 0.94773668 0.31905353,
                0 0.9868477 0.16165288,
                0 1 1.8369701e-16,
                0 0.26853678 0.96326941,
                0 0.42072016 0.90719044,
                0 0.56183666 0.82724816,
                0 0.68817425 0.72554547,
                0 0.79640967 0.60475749,
                0 0.88369584 0.4680616,
                0 0.94773668 0.31905353,
                0 0.9868477 0.16165288,
                -0 -0.024009604 -0.99971175,
                -0 -1 -1.0718754e-15,
                -0 -0.19462669 -0.9808774,
                -0 -0.35950911 -0.93314159,
                -0 -0.51379865 -0.85791081,
                -0 -0.65294909 -0.75740176,
                -0 -0.77286047 -0.63457596,
                -0 -0.86999959 -0.49305242,
                -0 -0.94150424 -0.33700112,
                -0 -0.98526752 -0.17102011,
                -0 -1 -1.8369701e-16,
                -0 -0.024009604 -0.99971175,
                -0 -0.19462669 -0.9808774,
                -0 -0.35950911 -0.93314159,
                -0 -0.51379865 -0.85791081,
                -0 -0.65294909 -0.75740176,
                -0 -0.77286047 -0.63457596,
                -0 -0.86999959 -0.49305242,
                -0 -0.94150424 -0.33700112,
                -0 -0.98526752 -0.17102011,
                0 -1 0,
                0 -1 0,
                0 -1 0,
                0 -1 0,
                0 -0.92847669 0.37139067,
                0 -0.92847669 0.37139067,
                0 -0.92847669 0.37139067,
                0 -0.92847669 0.37139067,
                0 -0.92847669 0.37139067,
                0.92847669 0.37139067 0,
                0.92847669 0.37139067 0,
                0.92847669 0.37139067 0,
                0.92847669 0.37139067 0,
                0.92847669 0.37139067 0,
                -0 1 -0,
                -0 1 -0,
                -0 1 -0,
                -0 1 -0,
                0 0.37139067 -0.92847669,
                0 0.37139067 -0.92847669,
                0 0.37139067 -0.92847669,
                0 0.37139067 -0.92847669,
                0 0.37139067 -0.92847669,
                0 0 -1,
                0 0 -1,
                0 0 -1,
                0 0 -1,
                0 0 1,
                0 0 1,
                0 0 1,
                0 0 1,
                0 0.37139067 0.92847669,
                0 0.37139067 0.92847669,
                0 0.37139067 0.92847669,
                0 0.37139067 0.92847669,
                0 0.37139067 0.92847669,
                -0.92847669 0.37139067 0,
                -0.92847669 0.37139067 0,
                -0.92847669 0.37139067 0,
                -0.92847669 0.37139067 0,
                -0.92847669 0.37139067 0,
                -1 0 0,
                -1 0 0,
                -1 0 0,
                -1 0 0,
                -1 0 0,
                -1 0 0,
                -1 0 0,
                -1 0 0,
                -1 0 0,
                -1 0 0,
                -1 0 0,
                -1 0 0,
                -1 0 0,
                -1 0 0,
                -1 0 0,
                -1 0 0,
                -1 0 0,
                -1 0 0,
                -1 0 0,
                -1 0 0,
                -1 0 0,
                -1 0 0,
                -1 0 0,
                -1 0 0,
                -1 0 0,
                -1 0 0,
                -1 0 0,
                -0.92847669 0 0.37139067,
                -0.92847669 0 0.37139067,
                -0.92847669 0 0.37139067,
                -0.92847669 0 0.37139067,
                -0.92847669 0 0.37139067,
                0 0 1,
                0 0 1,
                0 0 1,
                0 0 1,
                0.92847669 0 0.37139067,
                0.92847669 0 0.37139067,
                0.92847669 0 0.37139067,
                0.92847669 0 0.37139067,
                0.92847669 0 0.37139067,
                1 0 -0,
                1 0 -0,
                1 0 -0,
                1 0 -0,
                1 0 -0,
                1 0 -0,
                1 0 -0,
                1 0 -0,
                1 0 -0,
                1 0 -0,
                1 0 -0,
                1 0 -0,
                1 0 -0,
                1 0 -0,
                1 0 -0,
                1 0 -0,
                1 0 -0,
                1 0 -0,
                1 0 -0,
                1 0 -0,
                1 0 -0,
                1 0 -0,
                1 0 -0,
                1 0 -0,
                1 0 -0,
                1 0 -0,
                1 0 -0,
                0 1 0,
                0 1 0,
                0 1 0,
                0 1 0,
                0 0.92847669 0.37139067,
                0 0.92847669 0.37139067,
                0 0.92847669 0.37139067,
                0 0.92847669 0.37139067,
                0 0.92847669 0.37139067,
                0 0.10928962 0.99400997,
                0 0.10928962 0.99400997,
                -0 1 -1.5926599e-15,
                0 0.26853678 0.96326941,
                0 0.42072016 0.90719044,
                0 0.56183666 0.82724816,
                0 0.68817425 0.72554547,
                0 0.79640967 0.60475749,
                0 0.88369584 0.4680616,
                0 0.94773668 0.31905353,
                0 0.9868477 0.16165288,
                0 1 1.8369701e-16,
                0 0.26853678 0.96326941,
                0 0.42072016 0.90719044,
                0 0.56183666 0.82724816,
                0 0.68817425 0.72554547,
                0 0.79640967 0.60475749,
                0 0.88369584 0.4680616,
                0 0.94773668 0.31905353,
                0 0.9868477 0.16165288,
                -0 -0.024009604 -0.99971175,
                -0 -1 -1.0718754e-15,
                -0 -0.19462669 -0.9808774,
                -0 -0.35950911 -0.93314159,
                -0 -0.51379865 -0.85791081,
                -0 -0.65294909 -0.75740176,
                -0 -0.77286047 -0.63457596,
                -0 -0.86999959 -0.49305242,
                -0 -0.94150424 -0.33700112,
                -0 -0.98526752 -0.17102011,
                -0 -1 -1.8369701e-16,
                -0 -0.024009604 -0.99971175,
                -0 -0.19462669 -0.9808774,
                -0 -0.35950911 -0.93314159,
                -0 -0.51379865 -0.85791081,
                -0 -0.65294909 -0.75740176,
                -0 -0.77286047 -0.63457596,
                -0 -0.86999959 -0.49305242,
                -0 -0.94150424 -0.33700112,
                -0 -0.98526752 -0.17102011,
                0 -1 0,
                0 -1 0,
                0 -1 0,
                0 -1 0,
                0 -0.92847669 0.37139067,
                0 -0.92847669 0.37139067,
                0 -0.92847669 0.37139067,
                0 -0.92847669 0.37139067,
                0 -0.92847669 0.37139067,
                0.92847669 0.37139067 0,
                0.92847669 0.37139067 0,
                0.92847669 0.37139067 0,
                0.92847669 0.37139067 0,
                0.92847669 0.37139067 0,
                -0 1 -0,
                -0 1 -0,
                -0 1 -0,
                -0 1 -0,
                0 0.37139067 -0.92847669,
                0 0.37139067 -0.92847669,
                0 0.37139067 -0.92847669,
                0 0.37139067 -0.92847669,
                0 0.37139067 -0.92847669,
                0 0 -1,
                0 0 -1,
                0 0 -1,
                0 0 -1,
                0 0 1,
                0 0 1,
                0 0 1,
                0 0 1,
                0 0.37139067 0.92847669,
                0 0.37139067 0.92847669,
                0 0.37139067 0.92847669,
                0 0.37139067 0.92847669,
                0 0.37139067 0.92847669,
                -0.92847669 0.37139067 0,
                -0.92847669 0.37139067 0,
                -0.92847669 0.37139067 0,
                -0.92847669 0.37139067 0,
                -0.92847669 0.37139067 0,
                -1 0 0,
                -1 0 0,
                -1 0 0,
                -1 0 0,
                -1 0 0,
                -1 0 0,
                -1 0 0,
                -1 0 0,
                -1 0 0,
                -1 0 0,
                -1 0 0,
                -1 0 0,
                -1 0 0,
                -1 0 0,
                -1 0 0,
                -1 0 0,
                -1 0 0,
                -1 0 0,
                -1 0 0,
                -1 0 0,
                -1 0 0,
                -1 0 0,
                -1 0 0,
                -1 0 0,
                -1 0 0,
                -1 0 0,
                -1 0 0,
                -0.92847669 0 0.37139067,
                -0.92847669 0 0.37139067,
                -0.92847669 0 0.37139067,
                -0.92847669 0 0.37139067,
                -0.92847669 0 0.37139067,
                0 0 1,
                0 0 1,
                0 0 1,
                0 0 1,
                0.92847669 0 0.37139067,
                0.92847669 0 0.37139067,
                0.92847669 0 0.37139067,
                0.92847669 0 0.37139067,
                0.92847669 0 0.37139067,
                1 0 -0,
                1 0 -0,
                1 0 -0,
                1 0 -0,
                1 0 -0,
                1 0 -0,
                1 0 -0,
                1 0 -0,
                1 0 -0,
                1 0 -0,
                1 0 -0,
                1 0 -0,
                1 0 -0,
                1 0 -0,
                1 0 -0,
                1 0 -0,
                1 0 -0,
                1 0 -0,
                1 0 -0,
                1 0 -0,
                1 0 -0,
                1 0 -0,
                1 0 -0,
                1 0 -0,
                1 0 -0,
                1 0 -0,
                1 0 -0,
                0 1 0,
                0 1 0,
                0 1 0,
                0 1 0,
                0 0.92847669 0.37139067,
                0 0.92847669 0.37139067,
                0 0.92847669 0.37139067,
                0 0.92847669 0.37139067,
                0 0.92847669 0.37139067,
                0 0.10928962 0.99400997,
                0 0.10928962 0.99400997,
                -0 1 -1.5926599e-15,
                0 0.26853678 0.96326941,
                0 0.42072016 0.90719044,
                0 0.56183666 0.82724816,
                0 0.68817425 0.72554547,
                0 0.79640967 0.60475749,
                0 0.88369584 0.4680616,
                0 0.94773668 0.31905353,
                0 0.9868477 0.16165288,
                0 1 1.8369701e-16,
                0 0.26853678 0.96326941,
                0 0.42072016 0.90719044,
                0 0.56183666 0.82724816,
                0 0.68817425 0.72554547,
                0 0.79640967 0.60475749,
                0 0.88369584 0.4680616,
                0 0.94773668 0.31905353,
                0 0.9868477 0.16165288,
                -0 -0.024009604 -0.99971175,
                -0 -1 -1.0718754e-15,
                -0 -0.19462669 -0.9808774,
                -0 -0.35950911 -0.93314159,
                -0 -0.51379865 -0.85791081,
                -0 -0.65294909 -0.75740176,
                -0 -0.77286047 -0.63457596,
                -0 -0.86999959 -0.49305242,
                -0 -0.94150424 -0.33700112,
                -0 -0.98526752 -0.17102011,
                -0 -1 -1.8369701e-16,
                -0 -0.024009604 -0.99971175,
                -0 -0.19462669 -0.9808774,
                -0 -0.35950911 -0.93314159,
                -0 -0.51379865 -0.85791081,
                -0 -0.65294909 -0.75740176,
                -0 -0.77286047 -0.63457596,
                -0 -0.86999959 -0.49305242,
                -0 -0.94150424 -0.33700112,
                -0 -0.98526752 -0.17102011,
                0 -1 0,
                0 -1 0,
                0 -1 0,
                0 -1 0,
                0 -0.92847669 0.37139067,
                0 -0.92847669 0.37139067,
                0 -0.92847669 0.37139067,
                0 -0.92847669 0.37139067,
                0 -0.92847669 0.37139067,
                0.92847669 0.37139067 0,
                0.92847669 0.37139067 0,
                0.92847669 0.37139067 0,
                0.92847669 0.37139067 0,
                0.92847669 0.37139067 0,
                -0 1 -0,
                -0 1 -0,
                -0 1 -0,
                -0 1 -0,
                0 0.37139067 -0.92847669,
                0 0.37139067 -0.92847669,
                0 0.37139067 -0.92847669,
                0 0.37139067 -0.92847669,
                0 0.37139067 -0.92847669,
                0 0 -1,
                0 0 -1,
                0 0 -1,
                0 0 -1,
                0 0 1,
                0 0 1,
                0 0 1,
                0 0 1,
                0 0.37139067 0.92847669,
                0 0.37139067 0.92847669,
                0 0.37139067 0.92847669,
                0 0.37139067 0.92847669,
                0 0.37139067 0.92847669,
                -0.92847669 0.37139067 0,
                -0.92847669 0.37139067 0,
                -0.92847669 0.37139067 0,
                -0.92847669 0.37139067 0,
                -0.92847669 0.37139067 0,
                -1 0 0,
                -1 0 0,
                -1 0 0,
                -1 0 0,
                -1 0 0,
                -1 0 0,
                -1 0 0,
                -1 0 0,
                -1 0 0,
                -1 0 0,
                -1 0 0,
                -1 0 0,
                -1 0 0,
                -1 0 0,
                -1 0 0,
                -1 0 0,
                -1 0 0,
                -1 0 0,
                -1 0 0,
                -1 0 0,
                -1 0 0,
                -1 0 0,
                -1 0 0,
                -1 0 0,
                -1 0 0,
                -1 0 0,
                -1 0 0,
                -0.92847669 0 0.37139067,
                -0.92847669 0 0.37139067,
                -0.92847669 0 0.37139067,
                -0.92847669 0 0.37139067,
                -0.92847669 0 0.37139067,
                0 0 1,
                0 0 1,
                0 0 1,
                0 0 1,
                0.92847669 0 0.37139067,
                0.92847669 0 0.37139067,
                0.92847669 0 0.37139067,
                0.92847669 0 0.37139067,
                0.92847669 0 0.37139067,
                1 0 -0,
                1 0 -0,
                1 0 -0,
                1 0 -0,
                1 0 -0,
                1 0 -0,
                1 0 -0,
                1 0 -0,
                1 0 -0,
                1 0 -0,
                1 0 -0,
                1 0 -0,
                1 0 -0,
                1 0 -0,
                1 0 -0,
                1 0 -0,
                1 0 -0,
                1 0 -0,
                1 0 -0,
                1 0 -0,
                1 0 -0,
                1 0 -0,
                1 0 -0,
                1 0 -0,
                1 0 -0,
                1 0 -0,
                1 0 -0,
                0 1 0,
                0 1 0,
                0 1 0,
                0 1 0,
                0 0.92847669 0.37139067,
                0 0.92847669 0.37139067,
                0 0.92847669 0.37139067,
                0 0.92847669 0.37139067,
                0 0.92847669 0.37139067,
                0 0.10928962 0.99400997,
                0 0.10928962 0.99400997,
                -0 1 -1.5926599e-15,
                0 0.26853678 0.96326941,
                0 0.42072016 0.90719044,
                0 0.56183666 0.82724816,
                0 0.68817425 0.72554547,
                0 0.79640967 0.60475749,
                0 0.88369584 0.4680616,
                0 0.94773668 0.31905353,
                0 0.9868477 0.16165288,
                0 1 1.8369701e-16,
                0 0.26853678 0.96326941,
                0 0.42072016 0.90719044,
                0 0.56183666 0.82724816,
                0 0.68817425 0.72554547,
                0 0.79640967 0.60475749,
                0 0.88369584 0.4680616,
                0 0.94773668 0.31905353,
                0 0.9868477 0.16165288,
                -0 -0.024009604 -0.99971175,
                -0 -0.024009604 -0.99971175,
                -0 -1 -1.0718754e-15,
                -0 -0.19462669 -0.9808774,
                -0 -0.35950911 -0.93314159,
                -0 -0.51379865 -0.85791081,
                -0 -0.65294909 -0.75740176,
                -0 -0.77286047 -0.63457596,
                -0 -0.86999959 -0.49305242,
                -0 -0.94150424 -0.33700112,
                -0 -0.98526752 -0.17102011,
                -0 -1 -1.8369701e-16,
                -0 -0.19462669 -0.9808774,
                -0 -0.35950911 -0.93314159,
                -0 -0.51379865 -0.85791081,
                -0 -0.65294909 -0.75740176,
                -0 -0.77286047 -0.63457596,
                -0 -0.86999959 -0.49305242,
                -0 -0.94150424 -0.33700112,
                -0 -0.98526752 -0.17102011,
                0 -1 0,
                0 -1 0,
                0 -1 0,
                0 -1 0,
                0 -0.92847669 0.37139067,
                0 -0.92847669 0.37139067,
                0 -0.92847669 0.37139067,
                0 -0.92847669 0.37139067,
                0 -0.92847669 0.37139067,
                0.92847669 0.37139067 0,
                0.92847669 0.37139067 0,
                0.92847669 0.37139067 0,
                0.92847669 0.37139067 0,
                0.92847669 0.37139067 0,
                -0 1 -0,
                -0 1 -0,
                -0 1 -0,
                -0 1 -0,
                0 0.37139067 -0.92847669,
                0 0.37139067 -0.92847669,
                0 0.37139067 -0.92847669,
                0 0.37139067 -0.92847669,
                0 0.37139067 -0.92847669,
                0 0 -1,
                0 0 -1,
                0 0 -1,
                0 0 -1,
                0 0 1,
                0 0 1,
                0 0 1,
                0 0 1,
                0 0 1,
                0 0 1,
                0 0 1,
                0 0 1,
                1 0 -0,
                1 0 -0,
                1 0 -0,
                1 0 -0,
                1 0 -0,
                1 0 -0,
                1 0 -0,
                1 0 -0,
                1 0 -0,
                1 0 -0,
                1 0 -0,
                1 0 -0,
                1 0 -0,
                1 0 -0,
                1 0 -0,
                1 0 -0,
                1 0 -0,
                1 0 -0,
                1 0 -0,
                1 0 -0,
                1 0 -0,
                1 0 -0,
                1 0 -0,
                1 0 -0,
                1 0 -0,
                1 0 -0,
                1 0 -0,
                1 0 -0,
                0.92847669 0 0.37139067,
                0.92847669 0 0.37139067,
                0.92847669 0 0.37139067,
                0.92847669 0 0.37139067,
                0.92847669 0 0.37139067,
                0 -0.92847669 0.37139067,
                0 -0.92847669 0.37139067,
                0 -0.92847669 0.37139067,
                0 -0.92847669 0.37139067,
                0 -0.92847669 0.37139067,
                0 -1 0,
                0 -1 0,
                0 -1 0,
                0 -1 0,
                0 1.2246469e-16 -1,
                0 1.2246469e-16 -1,
                -0 -1 -1.8369701e-16,
                -0 -0.17364818 -0.98480773,
                -0 -0.34202015 -0.93969262,
                -0 -0.5 -0.86602539,
                -0 -0.64278764 -0.76604444,
                -0 -0.76604444 -0.64278764,
                -0 -0.86602539 -0.5,
                -0 -0.93969262 -0.34202015,
                -0 -0.98480773 -0.17364818,
                -0 -1 -1.8369701e-16,
                -0 -0.17364818 -0.98480773,
                -0 -0.34202015 -0.93969262,
                -0 -0.5 -0.86602539,
                -0 -0.64278764 -0.76604444,
                -0 -0.76604444 -0.64278764,
                -0 -0.86602539 -0.5,
                -0 -0.93969262 -0.34202015,
                -0 -0.98480773 -0.17364818,
                0 0 -1,
                0 0 -1,
                0 0 -1,
                0 0 -1,
                0 0 -1,
                0 0 -1,
                0 0 -1,
                0 0 -1,
                -1 0 0,
                -1 0 0,
                -1 0 0,
                -1 0 0,
                -1 0 0,
                -1 0 0,
                -1 0 0,
                -1 0 0,
                -1 0 0,
                -1 0 0,
                -1 0 0,
                -1 0 0,
                -1 0 0,
                -1 0 0,
                -1 0 0,
                -1 0 0,
                -1 0 0,
                -1 0 0,
                -1 0 0,
                -1 0 0,
                -1 0 0,
                -1 0 0,
                -1 0 0,
                -1 0 0,
                -1 0 0,
                -1 0 0,
                -1 0 0,
                -1 0 0,
                -0.92847669 0 0.37139067,
                -0.92847669 0 0.37139067,
                -0.92847669 0 0.37139067,
                -0.92847669 0 0.37139067,
                -0.92847669 0 0.37139067,
                0 0 1,
                0 0 1,
                0 0 1,
                0 0 1,
                0 0.92847669 0.37139067,
                0 0.92847669 0.37139067,
                0 0.92847669 0.37139067,
                0 0.92847669 0.37139067,
                0 0.92847669 0.37139067,
                0 1 0,
                0 1 0,
                0 1 0,
                0 1 0,
                -0 -1.2246469e-16 1,
                -0 -1.2246469e-16 1,
                0 1 1.8369701e-16,
                0 0.17364818 0.98480773,
                0 0.34202015 0.93969262,
                0 0.5 0.86602539,
                0 0.64278764 0.76604444,
                0 0.76604444 0.64278764,
                0 0.86602539 0.5,
                0 0.93969262 0.34202015,
                0 0.98480773 0.17364818,
                0 1 1.8369701e-16,
                0 0.17364818 0.98480773,
                0 0.34202015 0.93969262,
                0 0.5 0.86602539,
                0 0.64278764 0.76604444,
                0 0.76604444 0.64278764,
                0 0.86602539 0.5,
                0 0.93969262 0.34202015,
                0 0.98480773 0.17364818,
                -0.92847669 0.37139067 0,
                -0.92847669 0.37139067 0,
                -0.92847669 0.37139067 0,
                -0.92847669 0.37139067 0,
                -0.92847669 0.37139067 0,
                0 0.37139067 -0.92847669,
                0 0.37139067 -0.92847669,
                0 0.37139067 -0.92847669,
                0 0.37139067 -0.92847669,
                0 0.37139067 -0.92847669,
                -0 1 -0,
                -0 1 -0,
                -0 1 -0,
                -0 1 -0,
                0 0.37139067 0.92847669,
                0 0.37139067 0.92847669,
                0 0.37139067 0.92847669,
                0 0.37139067 0.92847669,
                0 0.37139067 0.92847669,
                0.92847669 0.37139067 0,
                0.92847669 0.37139067 0,
                0.92847669 0.37139067 0,
                0.92847669 0.37139067 0,
                0.92847669 0.37139067 0,
                0 0 1,
                0 0 1,
                0 0 1,
                0 0 1,
                0 0 1,
                0 0 1,
                0 0 1,
                0 0 1,
                1 0 -0,
                1 0 -0,
                1 0 -0,
                1 0 -0,
                1 0 -0,
                1 0 -0,
                1 0 -0,
                1 0 -0,
                1 0 -0,
                1 0 -0,
                1 0 -0,
                1 0 -0,
                1 0 -0,
                1 0 -0,
                1 0 -0,
                1 0 -0,
                1 0 -0,
                1 0 -0,
                1 0 -0,
                1 0 -0,
                1 0 -0,
                1 0 -0,
                1 0 -0,
                1 0 -0,
                1 0 -0,
                1 0 -0,
                1 0 -0,
                1 0 -0,
                0.92847669 0 0.37139067,
                0.92847669 0 0.37139067,
                0.92847669 0 0.37139067,
                0.92847669 0 0.37139067,
                0.92847669 0 0.37139067,
                0 -0.92847669 0.37139067,
                0 -0.92847669 0.37139067,
                0 -0.92847669 0.37139067,
                0 -0.92847669 0.37139067,
                0 -0.92847669 0.37139067,
                0 -1 0,
                0 -1 0,
                0 -1 0,
                0 -1 0,
                0 1.2246469e-16 -1,
                0 1.2246469e-16 -1,
                -0 -1 -1.8369701e-16,
                -0 -0.17364818 -0.98480773,
                -0 -0.34202015 -0.93969262,
                -0 -0.5 -0.86602539,
                -0 -0.64278764 -0.76604444,
                -0 -0.76604444 -0.64278764,
                -0 -0.86602539 -0.5,
                -0 -0.93969262 -0.34202015,
                -0 -0.98480773 -0.17364818,
                -0 -1 -1.8369701e-16,
                -0 -0.17364818 -0.98480773,
                -0 -0.34202015 -0.93969262,
                -0 -0.5 -0.86602539,
                -0 -0.64278764 -0.76604444,
                -0 -0.76604444 -0.64278764,
                -0 -0.86602539 -0.5,
                -0 -0.93969262 -0.34202015,
                -0 -0.98480773 -0.17364818,
                0 0 -1,
                0 0 -1,
                0 0 -1,
                0 0 -1,
                0 0 -1,
                0 0 -1,
                0 0 -1,
                0 0 -1,
                -1 0 0,
                -1 0 0,
                -1 0 0,
                -1 0 0,
                -1 0 0,
                -1 0 0,
                -1 0 0,
                -1 0 0,
                -1 0 0,
                -1 0 0,
                -1 0 0,
                -1 0 0,
                -1 0 0,
                -1 0 0,
                -1 0 0,
                -1 0 0,
                -1 0 0,
                -1 0 0,
                -1 0 0,
                -1 0 0,
                -1 0 0,
                -1 0 0,
                -1 0 0,
                -1 0 0,
                -1 0 0,
                -1 0 0,
                -1 0 0,
                -1 0 0,
                -0.92847669 0 0.37139067,
                -0.92847669 0 0.37139067,
                -0.92847669 0 0.37139067,
                -0.92847669 0 0.37139067,
                -0.92847669 0 0.37139067,
                0 0 1,
                0 0 1,
                0 0 1,
                0 0 1,
                0 0.92847669 0.37139067,
                0 0.92847669 0.37139067,
                0 0.92847669 0.37139067,
                0 0.92847669 0.37139067,
                0 0.92847669 0.37139067,
                0 1 0,
                0 1 0,
                0 1 0,
                0 1 0,
                -0 -1.2246469e-16 1,
                -0 -1.2246469e-16 1,
                0 1 1.8369701e-16,
                0 0.17364818 0.98480773,
                0 0.34202015 0.93969262,
                0 0.5 0.86602539,
                0 0.64278764 0.76604444,
                0 0.76604444 0.64278764,
                0 0.86602539 0.5,
                0 0.93969262 0.34202015,
                0 0.98480773 0.17364818,
                0 1 1.8369701e-16,
                0 0.17364818 0.98480773,
                0 0.34202015 0.93969262,
                0 0.5 0.86602539,
                0 0.64278764 0.76604444,
                0 0.76604444 0.64278764,
                0 0.86602539 0.5,
                0 0.93969262 0.34202015,
                0 0.98480773 0.17364818,
                -0.92847669 0.37139067 0,
                -0.92847669 0.37139067 0,
                -0.92847669 0.37139067 0,
                -0.92847669 0.37139067 0,
                -0.92847669 0.37139067 0,
                0 0.37139067 -0.92847669,
                0 0.37139067 -0.92847669,
                0 0.37139067 -0.92847669,
                0 0.37139067 -0.92847669,
                0 0.37139067 -0.92847669,
                -0 1 -0,
                -0 1 -0,
                -0 1 -0,
                -0 1 -0,
                0 0.37139067 0.92847669,
                0 0.37139067 0.92847669,
                0 0.37139067 0.92847669,
                0 0.37139067 0.92847669,
                0 0.37139067 0.92847669,
                0.92847669 0.37139067 0,
                0.92847669 0.37139067 0,
                0.92847669 0.37139067 0,
                0.92847669 0.37139067 0,
                0.92847669 0.37139067 0,
                0 0 1,
                0 0 1,
                0 0 1,
                0 0 1,
                0 0 1,
                0 0 1,
                0 0 1,
                0 0 1,
                1 0 -0,
                1 0 -0,
                1 0 -0,
                1 0 -0,
                1 0 -0,
                1 0 -0,
                1 0 -0,
                1 0 -0,
                1 0 -0,
                1 0 -0,
                1 0 -0,
                1 0 -0,
                1 0 -0,
                1 0 -0,
                1 0 -0,
                1 0 -0,
                1 0 -0,
                1 0 -0,
                1 0 -0,
                1 0 -0,
                1 0 -0,
                1 0 -0,
                1 0 -0,
                1 0 -0,
                1 0 -0,
                1 0 -0,
                1 0 -0,
                1 0 -0,
                0.92847669 0 0.37139067,
                0.92847669 0 0.37139067,
                0.92847669 0 0.37139067,
                0.92847669 0 0.37139067,
                0.92847669 0 0.37139067,
                0 -0.92847669 0.37139067,
                0 -0.92847669 0.37139067,
                0 -0.92847669 0.37139067,
                0 -0.92847669 0.37139067,
                0 -0.92847669 0.37139067,
                0 -1 0,
                0 -1 0,
                0 -1 0,
                0 -1 0,
                0 1.2246469e-16 -1,
                0 1.2246469e-16 -1,
                -0 -1 -1.8369701e-16,
                -0 -0.17364818 -0.98480773,
                -0 -0.34202015 -0.93969262,
                -0 -0.5 -0.86602539,
                -0 -0.64278764 -0.76604444,
                -0 -0.76604444 -0.64278764,
                -0 -0.86602539 -0.5,
                -0 -0.93969262 -0.34202015,
                -0 -0.98480773 -0.17364818,
                -0 -1 -1.8369701e-16,
                -0 -0.17364818 -0.98480773,
                -0 -0.34202015 -0.93969262,
                -0 -0.5 -0.86602539,
                -0 -0.64278764 -0.76604444,
                -0 -0.76604444 -0.64278764,
                -0 -0.86602539 -0.5,
                -0 -0.93969262 -0.34202015,
                -0 -0.98480773 -0.17364818,
                0 0 -1,
                0 0 -1,
                0 0 -1,
                0 0 -1,
                0 0 -1,
                0 0 -1,
                0 0 -1,
                0 0 -1,
                -1 0 0,
                -1 0 0,
                -1 0 0,
                -1 0 0,
                -1 0 0,
                -1 0 0,
                -1 0 0,
                -1 0 0,
                -1 0 0,
                -1 0 0,
                -1 0 0,
                -1 0 0,
                -1 0 0,
                -1 0 0,
                -1 0 0,
                -1 0 0,
                -1 0 0,
                -1 0 0,
                -1 0 0,
                -1 0 0,
                -1 0 0,
                -1 0 0,
                -1 0 0,
                -1 0 0,
                -1 0 0,
                -1 0 0,
                -1 0 0,
                -1 0 0,
                -0.92847669 0 0.37139067,
                -0.92847669 0 0.37139067,
                -0.92847669 0 0.37139067,
                -0.92847669 0 0.37139067,
                -0.92847669 0 0.37139067,
                0 0 1,
                0 0 1,
                0 0 1,
                0 0 1,
                0 0.92847669 0.37139067,
                0 0.92847669 0.37139067,
                0 0.92847669 0.37139067,
                0 0.92847669 0.37139067,
                0 0.92847669 0.37139067,
                0 1 0,
                0 1 0,
                0 1 0,
                0 1 0,
                -0 -1.2246469e-16 1,
                -0 -1.2246469e-16 1,
                0 1 1.8369701e-16,
                0 0.17364818 0.98480773,
                0 0.34202015 0.93969262,
                0 0.5 0.86602539,
                0 0.64278764 0.76604444,
                0 0.76604444 0.64278764,
                0 0.86602539 0.5,
                0 0.93969262 0.34202015,
                0 0.98480773 0.17364818,
                0 1 1.8369701e-16,
                0 0.17364818 0.98480773,
                0 0.34202015 0.93969262,
                0 0.5 0.86602539,
                0 0.64278764 0.76604444,
                0 0.76604444 0.64278764,
                0 0.86602539 0.5,
                0 0.93969262 0.34202015,
                0 0.98480773 0.17364818,
                -0.92847669 0.37139067 0,
                -0.92847669 0.37139067 0,
                -0.92847669 0.37139067 0,
                -0.92847669 0.37139067 0,
                -0.92847669 0.37139067 0,
                0 0.37139067 -0.92847669,
                0 0.37139067 -0.92847669,
                0 0.37139067 -0.92847669,
                0 0.37139067 -0.92847669,
                0 0.37139067 -0.92847669,
                -0 1 -0,
                -0 1 -0,
                -0 1 -0,
                -0 1 -0,
                0 0.37139067 0.92847669,
                0 0.37139067 0.92847669,
                0 0.37139067 0.92847669,
                0 0.37139067 0.92847669,
                0 0.37139067 0.92847669,
                0.92847669 0.37139067 0,
                0.92847669 0.37139067 0,
                0.92847669 0.37139067 0,
                0.92847669 0.37139067 0,
                0.92847669 0.37139067 0,
                0 0 1,
                0 0 1,
                0 0 1,
                0 0 1,
                0 0 1,
                0 0 1,
                0 0 1,
                0 0 1,
                1 0 -0,
                1 0 -0,
                1 0 -0,
                1 0 -0,
                1 0 -0,
                1 0 -0,
                1 0 -0,
                1 0 -0,
                1 0 -0,
                1 0 -0,
                1 0 -0,
                1 0 -0,
                1 0 -0,
                1 0 -0,
                1 0 -0,
                1 0 -0,
                1 0 -0,
                1 0 -0,
                1 0 -0,
                1 0 -0,
                1 0 -0,
                1 0 -0,
                1 0 -0,
                1 0 -0,
                1 0 -0,
                1 0 -0,
                1 0 -0,
                1 0 -0,
                0.92847669 0 0.37139067,
                0.92847669 0 0.37139067,
                0.92847669 0 0.37139067,
                0.92847669 0 0.37139067,
                0.92847669 0 0.37139067,
                0 -0.92847669 0.37139067,
                0 -0.92847669 0.37139067,
                0 -0.92847669 0.37139067,
                0 -0.92847669 0.37139067,
                0 -0.92847669 0.37139067,
                0 -1 0,
                0 -1 0,
                0 -1 0,
                0 -1 0,
                0 1.2246469e-16 -1,
                0 1.2246469e-16 -1,
                -0 -1 -1.8369701e-16,
                -0 -0.17364818 -0.98480773,
                -0 -0.34202015 -0.93969262,
                -0 -0.5 -0.86602539,
                -0 -0.64278764 -0.76604444,
                -0 -0.76604444 -0.64278764,
                -0 -0.86602539 -0.5,
                -0 -0.93969262 -0.34202015,
                -0 -0.98480773 -0.17364818,
                -0 -1 -1.8369701e-16,
                -0 -0.17364818 -0.98480773,
                -0 -0.34202015 -0.93969262,
                -0 -0.5 -0.86602539,
                -0 -0.64278764 -0.76604444,
                -0 -0.76604444 -0.64278764,
                -0 -0.86602539 -0.5,
                -0 -0.93969262 -0.34202015,
                -0 -0.98480773 -0.17364818,
                0 0 -1,
                0 0 -1,
                0 0 -1,
                0 0 -1,
                0 0 -1,
                0 0 -1,
                0 0 -1,
                0 0 -1,
                -1 0 0,
                -1 0 0,
                -1 0 0,
                -1 0 0,
                -1 0 0,
                -1 0 0,
                -1 0 0,
                -1 0 0,
                -1 0 0,
                -1 0 0,
                -1 0 0,
                -1 0 0,
                -1 0 0,
                -1 0 0,
                -1 0 0,
                -1 0 0,
                -1 0 0,
                -1 0 0,
                -1 0 0,
                -1 0 0,
                -1 0 0,
                -1 0 0,
                -1 0 0,
                -1 0 0,
                -1 0 0,
                -1 0 0,
                -1 0 0,
                -1 0 0,
                -0.92847669 0 0.37139067,
                -0.92847669 0 0.37139067,
                -0.92847669 0 0.37139067,
                -0.92847669 0 0.37139067,
                -0.92847669 0 0.37139067,
                0 0 1,
                0 0 1,
                0 0 1,
                0 0 1,
                0 0.92847669 0.37139067,
                0 0.92847669 0.37139067,
                0 0.92847669 0.37139067,
                0 0.92847669 0.37139067,
                0 0.92847669 0.37139067,
                0 1 0,
                0 1 0,
                0 1 0,
                0 1 0,
                -0 -1.2246469e-16 1,
                -0 -1.2246469e-16 1,
                0 1 1.8369701e-16,
                0 0.17364818 0.98480773,
                0 0.34202015 0.93969262,
                0 0.5 0.86602539,
                0 0.64278764 0.76604444,
                0 0.76604444 0.64278764,
                0 0.86602539 0.5,
                0 0.93969262 0.34202015,
                0 0.98480773 0.17364818,
                0 1 1.8369701e-16,
                0 0.17364818 0.98480773,
                0 0.34202015 0.93969262,
                0 0.5 0.86602539,
                0 0.64278764 0.76604444,
                0 0.76604444 0.64278764,
                0 0.86602539 0.5,
                0 0.93969262 0.34202015,
                0 0.98480773 0.17364818,
                -0.92847669 0.37139067 0,
                -0.92847669 0.37139067 0,
                -0.92847669 0.37139067 0,
                -0.92847669 0.37139067 0,
                -0.92847669 0.37139067 0,
                0 0.37139067 -0.92847669,
                0 0.37139067 -0.92847669,
                0 0.37139067 -0.92847669,
                0 0.37139067 -0.92847669,
                0 0.37139067 -0.92847669,
                -0 1 -0,
                -0 1 -0,
                -0 1 -0,
                -0 1 -0,
                0 0.37139067 0.92847669,
                0 0.37139067 0.92847669,
                0 0.37139067 0.92847669,
                0 0.37139067 0.92847669,
                0 0.37139067 0.92847669,
                0.92847669 0.37139067 0,
                0.92847669 0.37139067 0,
                0.92847669 0.37139067 0,
                0.92847669 0.37139067 0,
                0.92847669 0.37139067 0,
                0 0 1,
                0 0 1,
                0 0 1,
                0 0 1,
                0 0 1,
                0 0 1,
                0 0 1,
                0 0 1,
                1 0 -0,
                1 0 -0,
                1 0 -0,
                1 0 -0,
                1 0 -0,
                1 0 -0,
                1 0 -0,
                1 0 -0,
                1 0 -0,
                1 0 -0,
                1 0 -0,
                1 0 -0,
                1 0 -0,
                1 0 -0,
                1 0 -0,
                1 0 -0,
                1 0 -0,
                1 0 -0,
                1 0 -0,
                1 0 -0,
                1 0 -0,
                1 0 -0,
                1 0 -0,
                1 0 -0,
                1 0 -0,
                1 0 -0,
                1 0 -0,
                1 0 -0,
                0.92847669 0 0.37139067,
                0.92847669 0 0.37139067,
                0.92847669 0 0.37139067,
                0.92847669 0 0.37139067,
                0.92847669 0 0.37139067,
                0 -0.92847669 0.37139067,
                0 -0.92847669 0.37139067,
                0 -0.92847669 0.37139067,
                0 -0.92847669 0.37139067,
                0 -0.92847669 0.37139067,
                0 -1 0,
                0 -1 0,
                0 -1 0,
                0 -1 0,
                0 1.2246469e-16 -1,
                0 1.2246469e-16 -1,
                -0 -1 -1.8369701e-16,
                -0 -0.17364818 -0.98480773,
                -0 -0.34202015 -0.93969262,
                -0 -0.5 -0.86602539,
                -0 -0.64278764 -0.76604444,
                -0 -0.76604444 -0.64278764,
                -0 -0.86602539 -0.5,
                -0 -0.93969262 -0.34202015,
                -0 -0.98480773 -0.17364818,
                -0 -1 -1.8369701e-16,
                -0 -0.17364818 -0.98480773,
                -0 -0.34202015 -0.93969262,
                -0 -0.5 -0.86602539,
                -0 -0.64278764 -0.76604444,
                -0 -0.76604444 -0.64278764,
                -0 -0.86602539 -0.5,
                -0 -0.93969262 -0.34202015,
                -0 -0.98480773 -0.17364818,
                0 0 -1,
                0 0 -1,
                0 0 -1,
                0 0 -1,
                0 0 -1,
                0 0 -1,
                0 0 -1,
                0 0 -1,
                -1 0 0,
                -1 0 0,
                -1 0 0,
                -1 0 0,
                -1 0 0,
                -1 0 0,
                -1 0 0,
                -1 0 0,
                -1 0 0,
                -1 0 0,
                -1 0 0,
                -1 0 0,
                -1 0 0,
                -1 0 0,
                -1 0 0,
                -1 0 0,
                -1 0 0,
                -1 0 0,
                -1 0 0,
                -1 0 0,
                -1 0 0,
                -1 0 0,
                -1 0 0,
                -1 0 0,
                -1 0 0,
                -1 0 0,
                -1 0 0,
                -1 0 0,
                -0.92847669 0 0.37139067,
                -0.92847669 0 0.37139067,
                -0.92847669 0 0.37139067,
                -0.92847669 0 0.37139067,
                -0.92847669 0 0.37139067,
                0 0 1,
                0 0 1,
                0 0 1,
                0 0 1,
                0 0.92847669 0.37139067,
                0 0.92847669 0.37139067,
                0 0.92847669 0.37139067,
                0 0.92847669 0.37139067,
                0 0.92847669 0.37139067,
                0 1 0,
                0 1 0,
                0 1 0,
                0 1 0,
                -0 -1.2246469e-16 1,
                -0 -1.2246469e-16 1,
                0 1 1.8369701e-16,
                0 0.17364818 0.98480773,
                0 0.34202015 0.93969262,
                0 0.5 0.86602539,
                0 0.64278764 0.76604444,
                0 0.76604444 0.64278764,
                0 0.86602539 0.5,
                0 0.93969262 0.34202015,
                0 0.98480773 0.17364818,
                0 1 1.8369701e-16,
                0 0.17364818 0.98480773,
                0 0.34202015 0.93969262,
                0 0.5 0.86602539,
                0 0.64278764 0.76604444,
                0 0.76604444 0.64278764,
                0 0.86602539 0.5,
                0 0.93969262 0.34202015,
                0 0.98480773 0.17364818,
                -0.92847669 0.37139067 0,
                -0.92847669 0.37139067 0,
                -0.92847669 0.37139067 0,
                -0.92847669 0.37139067 0,
                -0.92847669 0.37139067 0,
                0 0.37139067 -0.92847669,
                0 0.37139067 -0.92847669,
                0 0.37139067 -0.92847669,
                0 0.37139067 -0.92847669,
                0 0.37139067 -0.92847669,
                -0 1 -0,
                -0 1 -0,
                -0 1 -0,
                -0 1 -0,
                0 0.37139067 0.92847669,
                0 0.37139067 0.92847669,
                0 0.37139067 0.92847669,
                0 0.37139067 0.92847669,
                0 0.37139067 0.92847669,
                0.92847669 0.37139067 0,
                0.92847669 0.37139067 0,
                0.92847669 0.37139067 0,
                0.92847669 0.37139067 0,
                0.92847669 0.37139067 0,
                0 0 1,
                0 0 1,
                0 0 1,
                0 0 1,
                0 0 1,
                0 0 1,
                0 0 1,
                0 0 1,
                1 0 -0,
                1 0 -0,
                1 0 -0,
                1 0 -0,
                1 0 -0,
                1 0 -0,
                1 0 -0,
                1 0 -0,
                1 0 -0,
                1 0 -0,
                1 0 -0,
                1 0 -0,
                1 0 -0,
                1 0 -0,
                1 0 -0,
                1 0 -0,
                1 0 -0,
                1 0 -0,
                1 0 -0,
                1 0 -0,
                1 0 -0,
                1 0 -0,
                1 0 -0,
                1 0 -0,
                1 0 -0,
                1 0 -0,
                1 0 -0,
                1 0 -0,
                0.92847669 0 0.37139067,
                0.92847669 0 0.37139067,
                0.92847669 0 0.37139067,
                0.92847669 0 0.37139067,
                0.92847669 0 0.37139067,
                0 -0.92847669 0.37139067,
                0 -0.92847669 0.37139067,
                0 -0.92847669 0.37139067,
                0 -0.92847669 0.37139067,
                0 -0.92847669 0.37139067,
                0 -1 0,
                0 -1 0,
                0 -1 0,
                0 -1 0,
                0 1.2246469e-16 -1,
                0 1.2246469e-16 -1,
                -0 -1 -1.8369701e-16,
                -0 -0.17364818 -0.98480773,
                -0 -0.34202015 -0.93969262,
                -0 -0.5 -0.86602539,
                -0 -0.64278764 -0.76604444,
                -0 -0.76604444 -0.64278764,
                -0 -0.86602539 -0.5,
                -0 -0.93969262 -0.34202015,
                -0 -0.98480773 -0.17364818,
                -0 -1 -1.8369701e-16,
                -0 -0.17364818 -0.98480773,
                -0 -0.34202015 -0.93969262,
                -0 -0.5 -0.86602539,
                -0 -0.64278764 -0.76604444,
                -0 -0.76604444 -0.64278764,
                -0 -0.86602539 -0.5,
                -0 -0.93969262 -0.34202015,
                -0 -0.98480773 -0.17364818,
                0 0 -1,
                0 0 -1,
                0 0 -1,
                0 0 -1,
                0 0 -1,
                0 0 -1,
                0 0 -1,
                0 0 -1,
                -1 0 0,
                -1 0 0,
                -1 0 0,
                -1 0 0,
                -1 0 0,
                -1 0 0,
                -1 0 0,
                -1 0 0,
                -1 0 0,
                -1 0 0,
                -1 0 0,
                -1 0 0,
                -1 0 0,
                -1 0 0,
                -1 0 0,
                -1 0 0,
                -1 0 0,
                -1 0 0,
                -1 0 0,
                -1 0 0,
                -1 0 0,
                -1 0 0,
                -1 0 0,
                -1 0 0,
                -1 0 0,
                -1 0 0,
                -1 0 0,
                -1 0 0,
                -0.92847669 0 0.37139067,
                -0.92847669 0 0.37139067,
                -0.92847669 0 0.37139067,
                -0.92847669 0 0.37139067,
                -0.92847669 0 0.37139067,
                0 0 1,
                0 0 1,
                0 0 1,
                0 0 1,
                0 0.92847669 0.37139067,
                0 0.92847669 0.37139067,
                0 0.92847669 0.37139067,
                0 0.92847669 0.37139067,
                0 0.92847669 0.37139067,
                0 1 0,
                0 1 0,
                0 1 0,
                0 1 0,
                -0 -1.2246469e-16 1,
                -0 -1.2246469e-16 1,
                0 1 1.8369701e-16,
                0 0.17364818 0.98480773,
                0 0.34202015 0.93969262,
                0 0.5 0.86602539,
                0 0.64278764 0.76604444,
                0 0.76604444 0.64278764,
                0 0.86602539 0.5,
                0 0.93969262 0.34202015,
                0 0.98480773 0.17364818,
                0 1 1.8369701e-16,
                0 0.17364818 0.98480773,
                0 0.34202015 0.93969262,
                0 0.5 0.86602539,
                0 0.64278764 0.76604444,
                0 0.76604444 0.64278764,
                0 0.86602539 0.5,
                0 0.93969262 0.34202015,
                0 0.98480773 0.17364818,
                -0.92847669 0.37139067 0,
                -0.92847669 0.37139067 0,
                -0.92847669 0.37139067 0,
                -0.92847669 0.37139067 0,
                -0.92847669 0.37139067 0,
                0 0.37139067 -0.92847669,
                0 0.37139067 -0.92847669,
                0 0.37139067 -0.92847669,
                0 0.37139067 -0.92847669,
                0 0.37139067 -0.92847669,
                -0 1 -0,
                -0 1 -0,
                -0 1 -0,
                -0 1 -0,
                0 0.37139067 0.92847669,
                0 0.37139067 0.92847669,
                0 0.37139067 0.92847669,
                0 0.37139067 0.92847669,
                0 0.37139067 0.92847669,
                0.92847669 0.37139067 0,
                0.92847669 0.37139067 0,
                0.92847669 0.37139067 0,
                0.92847669 0.37139067 0,
                0.92847669 0.37139067 0,
                0.96592581 -0 -0.25881904,
                0.96592581 -0 -0.25881904,
                0.96592581 -0 -0.25881904,
                0.96592581 -0 -0.25881904

              ]
            }
            coordIndex [
              2 1 0 -1 
              2 0 3 -1 
              6 4 0 -1 
              5 4 6 -1 
              9 8 7 -1 
              9 7 1 -1 
              917 0 1 -1 
              917 7 6 -1 
              917 6 0 -1 
              917 1 7 -1 
              3 0 4 -1 
              3 4 10 -1 
              488 478 479 -1 
              32 12 2 -1 
              31 12 32 -1 
              487 479 480 -1 
              487 488 479 -1 
              487 480 481 -1 
              29 13 30 -1 
              489 478 488 -1 
              14 13 29 -1 
              486 487 481 -1 
              471 29 472 -1 
              470 29 471 -1 
              490 476 477 -1 
              490 477 478 -1 
              490 478 489 -1 
              473 472 29 -1 
              469 29 470 -1 
              485 481 482 -1 
              485 482 483 -1 
              485 486 481 -1 
              491 19 476 -1 
              491 476 490 -1 
              474 473 29 -1 
              468 14 29 -1 
              468 29 469 -1 
              475 474 29 -1 
              484 485 483 -1 
              22 19 491 -1 
              17 475 29 -1 
              16 14 468 -1 
              21 20 19 -1 
              15 14 16 -1 
              21 19 22 -1 
              28 35 11 -1 
              3 33 32 -1 
              3 32 2 -1 
              24 23 28 -1 
              492 24 28 -1 
              493 492 28 -1 
              10 34 33 -1 
              10 33 3 -1 
              494 493 28 -1 
              18 17 29 -1 
              495 494 28 -1 
              496 495 28 -1 
              497 496 28 -1 
              498 497 28 -1 
              499 498 28 -1 
              27 28 11 -1 
              27 25 499 -1 
              27 26 25 -1 
              27 499 28 -1 
              10 11 35 -1 
              10 35 34 -1 
              29 28 23 -1 
              29 23 484 -1 
              29 484 18 -1 
              18 484 483 -1 
              13 12 31 -1 
              13 31 30 -1 
              918 28 29 -1 
              918 36 28 -1 
              918 37 36 -1 
              918 29 37 -1 
              919 35 28 -1 
              919 38 35 -1 
              919 36 38 -1 
              919 28 36 -1 
              920 34 35 -1 
              920 39 34 -1 
              920 38 39 -1 
              920 35 38 -1 
              42 5 6 -1 
              34 42 33 -1 
              39 5 42 -1 
              39 42 34 -1 
              921 40 5 -1 
              921 41 40 -1 
              921 39 41 -1 
              921 5 39 -1 
              43 49 48 -1 
              11 43 48 -1 
              4 40 43 -1 
              4 43 11 -1 
              5 40 4 -1 
              10 4 11 -1 
              44 46 45 -1 
              9 47 8 -1 
              9 44 47 -1 
              13 9 12 -1 
              13 46 44 -1 
              13 44 9 -1 
              43 47 44 -1 
              43 40 47 -1 
              44 50 43 -1 
              51 50 44 -1 
              56 55 54 -1 
              53 56 54 -1 
              58 57 56 -1 
              52 58 56 -1 
              52 56 53 -1 
              26 52 25 -1 
              58 52 26 -1 
              60 59 49 -1 
              61 60 62 -1 
              922 49 43 -1 
              922 50 62 -1 
              922 43 50 -1 
              922 60 49 -1 
              922 62 60 -1 
              492 500 63 -1 
              492 63 24 -1 
              493 501 500 -1 
              493 500 492 -1 
              494 502 501 -1 
              494 501 493 -1 
              503 502 494 -1 
              495 503 494 -1 
              504 503 495 -1 
              496 504 495 -1 
              497 505 504 -1 
              497 504 496 -1 
              506 505 497 -1 
              498 506 497 -1 
              507 506 498 -1 
              499 507 498 -1 
              52 507 499 -1 
              25 52 499 -1 
              503 504 53 -1 
              505 53 504 -1 
              502 503 53 -1 
              506 53 505 -1 
              64 65 67 -1 
              501 502 53 -1 
              516 64 67 -1 
              507 53 506 -1 
              515 516 67 -1 
              500 501 53 -1 
              514 515 67 -1 
              513 514 67 -1 
              63 500 53 -1 
              512 513 67 -1 
              52 53 507 -1 
              511 512 67 -1 
              68 63 53 -1 
              510 511 67 -1 
              509 510 67 -1 
              508 509 67 -1 
              66 508 67 -1 
              923 67 65 -1 
              923 53 67 -1 
              923 69 517 -1 
              923 517 518 -1 
              923 518 519 -1 
              923 519 520 -1 
              923 520 521 -1 
              923 521 522 -1 
              923 522 523 -1 
              923 523 524 -1 
              923 524 68 -1 
              923 70 69 -1 
              923 71 70 -1 
              923 72 71 -1 
              923 65 525 -1 
              923 525 526 -1 
              923 526 527 -1 
              923 527 528 -1 
              923 528 529 -1 
              923 529 530 -1 
              923 530 531 -1 
              923 531 532 -1 
              923 532 72 -1 
              923 68 53 -1 
              17 65 64 -1 
              18 65 17 -1 
              24 68 23 -1 
              24 63 68 -1 
              483 525 65 -1 
              483 65 18 -1 
              482 526 525 -1 
              482 525 483 -1 
              481 527 526 -1 
              481 526 482 -1 
              480 528 527 -1 
              480 527 481 -1 
              479 529 528 -1 
              479 528 480 -1 
              478 530 529 -1 
              478 529 479 -1 
              477 531 530 -1 
              477 530 478 -1 
              476 532 531 -1 
              476 531 477 -1 
              19 72 532 -1 
              19 532 476 -1 
              19 71 72 -1 
              19 20 71 -1 
              21 70 71 -1 
              20 21 71 -1 
              21 69 70 -1 
              21 22 69 -1 
              517 69 22 -1 
              491 517 22 -1 
              518 517 491 -1 
              490 518 491 -1 
              519 518 490 -1 
              489 519 490 -1 
              520 519 489 -1 
              488 520 489 -1 
              521 520 488 -1 
              487 521 488 -1 
              522 521 487 -1 
              486 522 487 -1 
              523 522 486 -1 
              485 523 486 -1 
              524 523 485 -1 
              484 524 485 -1 
              68 524 484 -1 
              23 68 484 -1 
              508 66 16 -1 
              468 508 16 -1 
              509 508 468 -1 
              469 509 468 -1 
              510 509 469 -1 
              470 510 469 -1 
              511 510 470 -1 
              471 511 470 -1 
              512 511 471 -1 
              472 513 512 -1 
              472 512 471 -1 
              473 514 513 -1 
              473 513 472 -1 
              474 515 514 -1 
              474 514 473 -1 
              475 516 515 -1 
              475 515 474 -1 
              17 64 516 -1 
              17 516 475 -1 
              74 73 77 -1 
              66 74 77 -1 
              76 75 74 -1 
              67 74 66 -1 
              67 76 74 -1 
              16 66 15 -1 
              15 66 77 -1 
              81 80 79 -1 
              45 78 81 -1 
              924 44 45 -1 
              924 51 44 -1 
              924 79 51 -1 
              924 81 79 -1 
              924 45 81 -1 
              57 82 56 -1 
              57 83 82 -1 
              85 74 84 -1 
              85 73 74 -1 
              128 131 126 -1 
              80 81 86 -1 
              128 126 125 -1 
              101 125 124 -1 
              101 124 102 -1 
              103 97 96 -1 
              103 102 97 -1 
              112 115 80 -1 
              106 128 125 -1 
              106 125 101 -1 
              75 86 84 -1 
              75 80 86 -1 
              75 112 80 -1 
              75 90 112 -1 
              132 135 130 -1 
              132 130 129 -1 
              116 114 113 -1 
              116 119 114 -1 
              89 113 112 -1 
              105 128 106 -1 
              89 112 90 -1 
              105 132 129 -1 
              105 129 128 -1 
              107 101 100 -1 
              91 90 75 -1 
              107 106 101 -1 
              74 75 84 -1 
              133 61 134 -1 
              87 60 61 -1 
              110 132 105 -1 
              94 116 113 -1 
              94 113 89 -1 
              109 133 132 -1 
              109 132 110 -1 
              120 118 117 -1 
              111 105 104 -1 
              120 123 118 -1 
              93 120 117 -1 
              111 110 105 -1 
              93 117 116 -1 
              93 116 94 -1 
              55 109 108 -1 
              95 89 88 -1 
              55 87 61 -1 
              55 61 133 -1 
              95 94 89 -1 
              55 133 109 -1 
              82 55 56 -1 
              82 87 55 -1 
              55 91 75 -1 
              55 88 91 -1 
              55 95 88 -1 
              55 92 95 -1 
              55 99 92 -1 
              55 96 99 -1 
              55 103 96 -1 
              55 100 103 -1 
              98 120 93 -1 
              55 107 100 -1 
              55 104 107 -1 
              124 127 122 -1 
              55 111 104 -1 
              55 108 111 -1 
              124 122 121 -1 
              80 134 61 -1 
              80 135 134 -1 
              80 130 135 -1 
              80 131 130 -1 
              80 126 131 -1 
              80 127 126 -1 
              80 122 127 -1 
              80 123 122 -1 
              80 118 123 -1 
              80 119 118 -1 
              80 114 119 -1 
              97 120 98 -1 
              80 115 114 -1 
              925 124 121 -1 
              97 121 120 -1 
              925 121 97 -1 
              925 97 102 -1 
              99 93 92 -1 
              925 102 124 -1 
              99 98 93 -1 
              76 55 75 -1 
              76 54 55 -1 
              76 53 54 -1 
              67 53 76 -1 
              86 136 46 -1 
              137 85 84 -1 
              13 86 46 -1 
              926 84 86 -1 
              926 14 137 -1 
              926 13 14 -1 
              926 86 13 -1 
              926 137 84 -1 
              138 83 57 -1 
              58 138 57 -1 
              137 73 85 -1 
              137 77 73 -1 
              59 48 49 -1 
              59 139 48 -1 
              136 45 46 -1 
              136 78 45 -1 
              87 11 48 -1 
              139 87 48 -1 
              138 82 83 -1 
              927 27 11 -1 
              927 138 27 -1 
              927 87 82 -1 
              927 11 87 -1 
              927 82 138 -1 
              26 138 58 -1 
              26 27 138 -1 
              14 77 137 -1 
              14 15 77 -1 
              60 139 59 -1 
              60 87 139 -1 
              86 78 136 -1 
              86 81 78 -1 
              79 80 61 -1 
              79 61 62 -1 
              79 50 51 -1 
              79 62 50 -1 
              142 143 548 -1 
              540 548 547 -1 
              540 142 548 -1 
              533 88 89 -1 
              533 541 88 -1 
              539 547 546 -1 
              539 540 547 -1 
              534 542 541 -1 
              534 541 533 -1 
              538 546 545 -1 
              538 539 546 -1 
              535 543 542 -1 
              535 542 534 -1 
              537 545 544 -1 
              537 538 545 -1 
              536 544 543 -1 
              536 537 544 -1 
              536 543 535 -1 
              928 141 140 -1 
              928 142 141 -1 
              928 140 143 -1 
              928 143 142 -1 
              147 145 144 -1 
              147 146 145 -1 
              929 149 148 -1 
              929 141 149 -1 
              929 140 141 -1 
              929 148 140 -1 
              150 148 149 -1 
              150 151 148 -1 
              930 152 153 -1 
              930 150 152 -1 
              930 151 150 -1 
              930 153 151 -1 
              91 557 90 -1 
              549 558 557 -1 
              549 557 91 -1 
              550 559 558 -1 
              550 558 549 -1 
              551 560 559 -1 
              551 559 550 -1 
              552 560 551 -1 
              561 552 553 -1 
              561 560 552 -1 
              562 553 554 -1 
              562 561 553 -1 
              563 554 555 -1 
              563 562 554 -1 
              564 555 556 -1 
              564 563 555 -1 
              155 556 154 -1 
              155 564 556 -1 
              931 153 152 -1 
              931 154 153 -1 
              931 152 155 -1 
              931 155 154 -1 
              159 157 156 -1 
              159 158 157 -1 
              140 154 143 -1 
              140 153 154 -1 
              932 153 140 -1 
              932 151 153 -1 
              932 148 151 -1 
              932 140 148 -1 
              541 91 88 -1 
              541 549 91 -1 
              550 549 541 -1 
              542 550 541 -1 
              551 550 542 -1 
              543 551 542 -1 
              552 551 543 -1 
              544 552 543 -1 
              545 553 552 -1 
              545 552 544 -1 
              554 553 545 -1 
              546 554 545 -1 
              555 554 546 -1 
              547 555 546 -1 
              556 555 547 -1 
              548 556 547 -1 
              143 154 556 -1 
              143 556 548 -1 
              533 89 90 -1 
              533 90 557 -1 
              534 557 558 -1 
              534 533 557 -1 
              535 558 559 -1 
              535 534 558 -1 
              536 559 560 -1 
              536 535 559 -1 
              537 560 561 -1 
              537 536 560 -1 
              538 561 562 -1 
              538 537 561 -1 
              539 562 563 -1 
              539 538 562 -1 
              540 563 564 -1 
              540 539 563 -1 
              142 564 155 -1 
              142 540 564 -1 
              152 142 155 -1 
              152 141 142 -1 
              933 141 152 -1 
              933 149 141 -1 
              933 150 149 -1 
              933 152 150 -1 
              934 161 160 -1 
              934 157 161 -1 
              934 156 157 -1 
              934 160 156 -1 
              161 162 160 -1 
              161 163 162 -1 
              935 145 156 -1 
              935 162 145 -1 
              935 160 162 -1 
              935 156 160 -1 
              146 156 145 -1 
              146 159 156 -1 
              193 171 170 -1 
              193 174 171 -1 
              193 196 174 -1 
              187 165 185 -1 
              195 196 193 -1 
              184 185 165 -1 
              195 198 196 -1 
              192 193 170 -1 
              209 187 186 -1 
              209 165 187 -1 
              181 184 165 -1 
              147 170 168 -1 
              147 168 146 -1 
              147 192 170 -1 
              164 165 209 -1 
              167 173 176 -1 
              167 159 146 -1 
              167 168 169 -1 
              167 169 172 -1 
              211 164 209 -1 
              167 172 173 -1 
              167 146 168 -1 
              208 209 186 -1 
              183 186 184 -1 
              167 176 165 -1 
              183 184 181 -1 
              183 208 186 -1 
              180 181 165 -1 
              158 159 167 -1 
              210 164 211 -1 
              189 147 158 -1 
              189 192 147 -1 
              205 208 183 -1 
              188 189 158 -1 
              177 180 165 -1 
              191 194 192 -1 
              207 210 208 -1 
              191 192 189 -1 
              207 164 210 -1 
              207 208 205 -1 
              204 183 182 -1 
              166 158 167 -1 
              166 190 188 -1 
              166 191 190 -1 
              204 205 183 -1 
              166 194 191 -1 
              179 182 180 -1 
              166 188 158 -1 
              166 164 207 -1 
              179 180 177 -1 
              166 207 206 -1 
              179 204 182 -1 
              166 206 203 -1 
              166 203 202 -1 
              166 202 199 -1 
              166 199 198 -1 
              166 198 195 -1 
              176 177 165 -1 
              166 195 194 -1 
              936 197 200 -1 
              936 200 178 -1 
              936 175 197 -1 
              936 178 175 -1 
              201 204 179 -1 
              203 204 201 -1 
              203 206 204 -1 
              200 179 178 -1 
              200 201 179 -1 
              175 176 173 -1 
              175 178 176 -1 
              171 172 169 -1 
              171 174 172 -1 
              199 200 197 -1 
              199 202 200 -1 
              196 197 175 -1 
              196 175 174 -1 
              214 164 213 -1 
              214 165 164 -1 
              937 213 212 -1 
              937 215 214 -1 
              937 36 215 -1 
              937 38 36 -1 
              937 212 38 -1 
              937 214 213 -1 
              216 215 217 -1 
              216 214 215 -1 
              41 212 213 -1 
              218 41 213 -1 
              220 218 213 -1 
              219 218 220 -1 
              938 47 40 -1 
              938 218 47 -1 
              938 40 41 -1 
              938 41 218 -1 
              167 165 214 -1 
              216 167 214 -1 
              220 167 216 -1 
              220 166 167 -1 
              939 216 217 -1 
              939 219 220 -1 
              939 221 219 -1 
              939 37 221 -1 
              939 217 37 -1 
              939 220 216 -1 
              164 166 220 -1 
              213 164 220 -1 
              222 219 221 -1 
              222 218 219 -1 
              940 30 31 -1 
              940 221 30 -1 
              940 222 221 -1 
              940 31 222 -1 
              941 29 30 -1 
              941 37 29 -1 
              941 221 37 -1 
              941 30 221 -1 
              223 7 8 -1 
              223 222 31 -1 
              223 8 222 -1 
              32 223 31 -1 
              942 218 222 -1 
              942 47 218 -1 
              942 8 47 -1 
              942 222 8 -1 
              42 6 7 -1 
              42 7 223 -1 
              943 32 33 -1 
              943 223 32 -1 
              943 42 223 -1 
              943 33 42 -1 
              217 215 36 -1 
              37 217 36 -1 
              38 41 39 -1 
              38 212 41 -1 
              158 144 157 -1 
              158 147 144 -1 
              944 163 161 -1 
              944 144 163 -1 
              944 157 144 -1 
              944 161 157 -1 
              945 144 145 -1 
              945 163 144 -1 
              945 162 163 -1 
              945 145 162 -1 
              169 225 224 -1 
              169 168 225 -1 
              946 224 225 -1 
              946 226 224 -1 
              946 227 226 -1 
              946 225 227 -1 
              947 228 224 -1 
              947 229 228 -1 
              947 226 229 -1 
              947 224 226 -1 
              232 233 580 -1 
              572 580 579 -1 
              572 232 580 -1 
              565 92 93 -1 
              565 573 92 -1 
              571 579 578 -1 
              571 572 579 -1 
              566 574 573 -1 
              566 573 565 -1 
              570 578 577 -1 
              570 571 578 -1 
              567 575 574 -1 
              567 574 566 -1 
              569 577 576 -1 
              569 570 577 -1 
              568 576 575 -1 
              568 569 576 -1 
              568 575 567 -1 
              948 231 230 -1 
              948 232 231 -1 
              948 230 233 -1 
              948 233 232 -1 
              171 224 228 -1 
              171 169 224 -1 
              949 235 234 -1 
              949 231 235 -1 
              949 230 231 -1 
              949 234 230 -1 
              236 234 235 -1 
              236 237 234 -1 
              950 238 239 -1 
              950 236 238 -1 
              950 237 236 -1 
              950 239 237 -1 
              95 589 94 -1 
              581 590 589 -1 
              581 589 95 -1 
              582 591 590 -1 
              582 590 581 -1 
              583 592 591 -1 
              583 591 582 -1 
              584 592 583 -1 
              593 584 585 -1 
              593 592 584 -1 
              594 585 586 -1 
              594 593 585 -1 
              595 586 587 -1 
              595 594 586 -1 
              596 587 588 -1 
              596 595 587 -1 
              241 588 240 -1 
              241 596 588 -1 
              951 239 238 -1 
              951 240 239 -1 
              951 238 241 -1 
              951 241 240 -1 
              168 242 225 -1 
              168 170 242 -1 
              230 240 233 -1 
              230 239 240 -1 
              952 239 230 -1 
              952 237 239 -1 
              952 234 237 -1 
              952 230 234 -1 
              573 95 92 -1 
              573 581 95 -1 
              582 581 573 -1 
              574 582 573 -1 
              583 582 574 -1 
              575 583 574 -1 
              584 583 575 -1 
              576 584 575 -1 
              577 585 584 -1 
              577 584 576 -1 
              586 585 577 -1 
              578 586 577 -1 
              587 586 578 -1 
              579 587 578 -1 
              588 587 579 -1 
              580 588 579 -1 
              233 240 588 -1 
              233 588 580 -1 
              565 94 589 -1 
              565 93 94 -1 
              566 589 590 -1 
              566 565 589 -1 
              567 590 591 -1 
              567 566 590 -1 
              568 591 592 -1 
              568 567 591 -1 
              569 592 593 -1 
              569 568 592 -1 
              570 593 594 -1 
              570 569 593 -1 
              571 594 595 -1 
              571 570 594 -1 
              572 595 596 -1 
              572 571 595 -1 
              232 596 241 -1 
              232 572 596 -1 
              238 232 241 -1 
              238 231 232 -1 
              953 231 238 -1 
              953 235 231 -1 
              953 236 235 -1 
              953 238 236 -1 
              954 243 227 -1 
              954 242 243 -1 
              954 225 242 -1 
              954 227 225 -1 
              243 226 227 -1 
              243 229 226 -1 
              955 229 243 -1 
              955 228 229 -1 
              955 242 228 -1 
              955 243 242 -1 
              170 228 242 -1 
              170 171 228 -1 
              173 245 244 -1 
              173 172 245 -1 
              956 244 245 -1 
              956 246 244 -1 
              956 247 246 -1 
              956 245 247 -1 
              957 248 244 -1 
              957 249 248 -1 
              957 246 249 -1 
              957 244 246 -1 
              252 253 612 -1 
              604 612 611 -1 
              604 252 612 -1 
              597 96 97 -1 
              597 605 96 -1 
              603 611 610 -1 
              603 604 611 -1 
              598 606 605 -1 
              598 605 597 -1 
              602 610 609 -1 
              602 603 610 -1 
              599 607 606 -1 
              599 606 598 -1 
              601 609 608 -1 
              601 602 609 -1 
              600 608 607 -1 
              600 601 608 -1 
              600 607 599 -1 
              958 251 250 -1 
              958 252 251 -1 
              958 250 253 -1 
              958 253 252 -1 
              175 244 248 -1 
              175 173 244 -1 
              959 255 254 -1 
              959 251 255 -1 
              959 250 251 -1 
              959 254 250 -1 
              256 254 255 -1 
              256 257 254 -1 
              960 258 259 -1 
              960 256 258 -1 
              960 257 256 -1 
              960 259 257 -1 
              99 621 98 -1 
              613 622 621 -1 
              613 621 99 -1 
              614 623 622 -1 
              614 622 613 -1 
              615 624 623 -1 
              615 623 614 -1 
              616 624 615 -1 
              625 616 617 -1 
              625 624 616 -1 
              626 617 618 -1 
              626 625 617 -1 
              627 618 619 -1 
              627 626 618 -1 
              628 619 620 -1 
              628 627 619 -1 
              261 620 260 -1 
              261 628 620 -1 
              961 259 258 -1 
              961 260 259 -1 
              961 258 261 -1 
              961 261 260 -1 
              172 262 245 -1 
              172 174 262 -1 
              250 260 253 -1 
              250 259 260 -1 
              962 259 250 -1 
              962 257 259 -1 
              962 254 257 -1 
              962 250 254 -1 
              605 99 96 -1 
              605 613 99 -1 
              614 613 605 -1 
              606 614 605 -1 
              615 614 606 -1 
              607 615 606 -1 
              616 615 607 -1 
              608 616 607 -1 
              609 617 616 -1 
              609 616 608 -1 
              618 617 609 -1 
              610 618 609 -1 
              619 618 610 -1 
              611 619 610 -1 
              620 619 611 -1 
              612 620 611 -1 
              253 260 620 -1 
              253 620 612 -1 
              597 98 621 -1 
              597 97 98 -1 
              598 621 622 -1 
              598 597 621 -1 
              599 622 623 -1 
              599 598 622 -1 
              600 623 624 -1 
              600 599 623 -1 
              601 624 625 -1 
              601 600 624 -1 
              602 625 626 -1 
              602 601 625 -1 
              603 626 627 -1 
              603 602 626 -1 
              604 627 628 -1 
              604 603 627 -1 
              252 628 261 -1 
              252 604 628 -1 
              258 252 261 -1 
              258 251 252 -1 
              963 251 258 -1 
              963 255 251 -1 
              963 256 255 -1 
              963 258 256 -1 
              964 263 247 -1 
              964 262 263 -1 
              964 245 262 -1 
              964 247 245 -1 
              263 246 247 -1 
              263 249 246 -1 
              965 249 263 -1 
              965 248 249 -1 
              965 262 248 -1 
              965 263 262 -1 
              174 248 262 -1 
              174 175 248 -1 
              177 265 264 -1 
              177 176 265 -1 
              966 264 265 -1 
              966 266 264 -1 
              966 267 266 -1 
              966 265 267 -1 
              967 268 264 -1 
              967 269 268 -1 
              967 266 269 -1 
              967 264 266 -1 
              272 273 644 -1 
              636 644 643 -1 
              636 272 644 -1 
              629 100 101 -1 
              629 637 100 -1 
              635 643 642 -1 
              635 636 643 -1 
              630 638 637 -1 
              630 637 629 -1 
              634 642 641 -1 
              634 635 642 -1 
              631 639 638 -1 
              631 638 630 -1 
              633 641 640 -1 
              633 634 641 -1 
              632 640 639 -1 
              632 633 640 -1 
              632 639 631 -1 
              968 271 270 -1 
              968 272 271 -1 
              968 270 273 -1 
              968 273 272 -1 
              179 264 268 -1 
              179 177 264 -1 
              969 275 274 -1 
              969 271 275 -1 
              969 270 271 -1 
              969 274 270 -1 
              276 274 275 -1 
              276 277 274 -1 
              970 278 279 -1 
              970 276 278 -1 
              970 277 276 -1 
              970 279 277 -1 
              103 653 102 -1 
              645 654 653 -1 
              645 653 103 -1 
              646 655 654 -1 
              646 654 645 -1 
              647 656 655 -1 
              647 655 646 -1 
              648 656 647 -1 
              657 648 649 -1 
              657 656 648 -1 
              658 649 650 -1 
              658 657 649 -1 
              659 650 651 -1 
              659 658 650 -1 
              660 651 652 -1 
              660 659 651 -1 
              281 652 280 -1 
              281 660 652 -1 
              971 279 278 -1 
              971 280 279 -1 
              971 278 281 -1 
              971 281 280 -1 
              176 282 265 -1 
              176 178 282 -1 
              270 280 273 -1 
              270 279 280 -1 
              972 279 270 -1 
              972 277 279 -1 
              972 274 277 -1 
              972 270 274 -1 
              637 103 100 -1 
              637 645 103 -1 
              646 645 637 -1 
              638 646 637 -1 
              647 646 638 -1 
              639 647 638 -1 
              648 647 639 -1 
              640 648 639 -1 
              641 649 648 -1 
              641 648 640 -1 
              650 649 641 -1 
              642 650 641 -1 
              651 650 642 -1 
              643 651 642 -1 
              652 651 643 -1 
              644 652 643 -1 
              273 280 652 -1 
              273 652 644 -1 
              629 102 653 -1 
              629 101 102 -1 
              630 653 654 -1 
              630 629 653 -1 
              631 654 655 -1 
              631 630 654 -1 
              632 655 656 -1 
              632 631 655 -1 
              633 656 657 -1 
              633 632 656 -1 
              634 657 658 -1 
              634 633 657 -1 
              635 658 659 -1 
              635 634 658 -1 
              636 659 660 -1 
              636 635 659 -1 
              272 660 281 -1 
              272 636 660 -1 
              278 272 281 -1 
              278 271 272 -1 
              973 271 278 -1 
              973 275 271 -1 
              973 276 275 -1 
              973 278 276 -1 
              974 283 267 -1 
              974 282 283 -1 
              974 265 282 -1 
              974 267 265 -1 
              283 266 267 -1 
              283 269 266 -1 
              975 269 283 -1 
              975 268 269 -1 
              975 282 268 -1 
              975 283 282 -1 
              178 268 282 -1 
              178 179 268 -1 
              181 285 284 -1 
              181 180 285 -1 
              976 284 285 -1 
              976 286 284 -1 
              976 287 286 -1 
              976 285 287 -1 
              977 288 284 -1 
              977 289 288 -1 
              977 286 289 -1 
              977 284 286 -1 
              292 293 676 -1 
              668 676 675 -1 
              668 292 676 -1 
              661 104 105 -1 
              661 669 104 -1 
              667 675 674 -1 
              667 668 675 -1 
              662 670 669 -1 
              662 669 661 -1 
              666 674 673 -1 
              666 667 674 -1 
              663 671 670 -1 
              663 670 662 -1 
              665 673 672 -1 
              665 666 673 -1 
              664 672 671 -1 
              664 665 672 -1 
              664 671 663 -1 
              978 291 290 -1 
              978 292 291 -1 
              978 290 293 -1 
              978 293 292 -1 
              183 284 288 -1 
              183 181 284 -1 
              979 295 294 -1 
              979 291 295 -1 
              979 290 291 -1 
              979 294 290 -1 
              296 294 295 -1 
              296 297 294 -1 
              980 298 299 -1 
              980 296 298 -1 
              980 297 296 -1 
              980 299 297 -1 
              107 685 106 -1 
              677 686 685 -1 
              677 685 107 -1 
              678 687 686 -1 
              678 686 677 -1 
              679 688 687 -1 
              679 687 678 -1 
              680 688 679 -1 
              689 680 681 -1 
              689 688 680 -1 
              690 681 682 -1 
              690 689 681 -1 
              691 682 683 -1 
              691 690 682 -1 
              692 683 684 -1 
              692 691 683 -1 
              301 684 300 -1 
              301 692 684 -1 
              981 299 298 -1 
              981 300 299 -1 
              981 298 301 -1 
              981 301 300 -1 
              180 302 285 -1 
              180 182 302 -1 
              290 300 293 -1 
              290 299 300 -1 
              982 299 290 -1 
              982 297 299 -1 
              982 294 297 -1 
              982 290 294 -1 
              669 107 104 -1 
              669 677 107 -1 
              678 677 669 -1 
              670 678 669 -1 
              679 678 670 -1 
              671 679 670 -1 
              680 679 671 -1 
              672 680 671 -1 
              673 681 680 -1 
              673 680 672 -1 
              682 681 673 -1 
              674 682 673 -1 
              683 682 674 -1 
              675 683 674 -1 
              684 683 675 -1 
              676 684 675 -1 
              293 300 684 -1 
              293 684 676 -1 
              661 106 685 -1 
              661 105 106 -1 
              662 685 686 -1 
              662 661 685 -1 
              663 686 687 -1 
              663 662 686 -1 
              664 687 688 -1 
              664 663 687 -1 
              665 688 689 -1 
              665 664 688 -1 
              666 689 690 -1 
              666 665 689 -1 
              667 690 691 -1 
              667 666 690 -1 
              668 691 692 -1 
              668 667 691 -1 
              292 692 301 -1 
              292 668 692 -1 
              298 292 301 -1 
              298 291 292 -1 
              983 291 298 -1 
              983 295 291 -1 
              983 296 295 -1 
              983 298 296 -1 
              984 303 287 -1 
              984 302 303 -1 
              984 285 302 -1 
              984 287 285 -1 
              303 286 287 -1 
              303 289 286 -1 
              985 289 303 -1 
              985 288 289 -1 
              985 302 288 -1 
              985 303 302 -1 
              182 288 302 -1 
              182 183 288 -1 
              185 305 304 -1 
              185 184 305 -1 
              986 304 305 -1 
              986 306 304 -1 
              986 307 306 -1 
              986 305 307 -1 
              987 308 304 -1 
              987 309 308 -1 
              987 306 309 -1 
              987 304 306 -1 
              312 313 708 -1 
              700 708 707 -1 
              700 312 708 -1 
              693 108 109 -1 
              693 701 108 -1 
              699 707 706 -1 
              699 700 707 -1 
              694 702 701 -1 
              694 701 693 -1 
              698 706 705 -1 
              698 699 706 -1 
              695 703 702 -1 
              695 702 694 -1 
              697 705 704 -1 
              697 698 705 -1 
              696 704 703 -1 
              696 697 704 -1 
              696 703 695 -1 
              988 311 310 -1 
              988 312 311 -1 
              988 310 313 -1 
              988 313 312 -1 
              187 304 308 -1 
              187 185 304 -1 
              989 315 314 -1 
              989 311 315 -1 
              989 310 311 -1 
              989 314 310 -1 
              316 314 315 -1 
              316 317 314 -1 
              990 318 319 -1 
              990 316 318 -1 
              990 317 316 -1 
              990 319 317 -1 
              111 717 110 -1 
              709 718 717 -1 
              709 717 111 -1 
              710 719 718 -1 
              710 718 709 -1 
              711 720 719 -1 
              711 719 710 -1 
              712 720 711 -1 
              721 712 713 -1 
              721 720 712 -1 
              722 713 714 -1 
              722 721 713 -1 
              723 714 715 -1 
              723 722 714 -1 
              724 715 716 -1 
              724 723 715 -1 
              321 716 320 -1 
              321 724 716 -1 
              991 319 318 -1 
              991 320 319 -1 
              991 318 321 -1 
              991 321 320 -1 
              184 322 305 -1 
              184 186 322 -1 
              310 320 313 -1 
              310 319 320 -1 
              992 319 310 -1 
              992 317 319 -1 
              992 314 317 -1 
              992 310 314 -1 
              701 111 108 -1 
              701 709 111 -1 
              710 709 701 -1 
              702 710 701 -1 
              711 710 702 -1 
              703 711 702 -1 
              712 711 703 -1 
              704 712 703 -1 
              705 713 712 -1 
              705 712 704 -1 
              714 713 705 -1 
              706 714 705 -1 
              715 714 706 -1 
              707 715 706 -1 
              716 715 707 -1 
              708 716 707 -1 
              313 320 716 -1 
              313 716 708 -1 
              693 109 110 -1 
              693 110 717 -1 
              694 717 718 -1 
              694 693 717 -1 
              695 718 719 -1 
              695 694 718 -1 
              696 719 720 -1 
              696 695 719 -1 
              697 720 721 -1 
              697 696 720 -1 
              698 721 722 -1 
              698 697 721 -1 
              699 722 723 -1 
              699 698 722 -1 
              700 723 724 -1 
              700 699 723 -1 
              312 724 321 -1 
              312 700 724 -1 
              318 312 321 -1 
              318 311 312 -1 
              993 311 318 -1 
              993 315 311 -1 
              993 316 315 -1 
              993 318 316 -1 
              994 323 307 -1 
              994 322 323 -1 
              994 305 322 -1 
              994 307 305 -1 
              323 306 307 -1 
              323 309 306 -1 
              995 309 323 -1 
              995 308 309 -1 
              995 322 308 -1 
              995 323 322 -1 
              186 308 322 -1 
              186 187 308 -1 
              325 324 112 -1 
              325 112 113 -1 
              189 327 326 -1 
              189 188 327 -1 
              324 115 112 -1 
              324 331 115 -1 
              725 733 331 -1 
              725 331 324 -1 
              726 734 733 -1 
              726 733 725 -1 
              727 735 734 -1 
              727 734 726 -1 
              728 736 735 -1 
              728 735 727 -1 
              729 736 728 -1 
              737 736 729 -1 
              738 729 730 -1 
              738 730 731 -1 
              738 737 729 -1 
              739 731 732 -1 
              739 738 731 -1 
              740 739 732 -1 
              332 732 330 -1 
              332 740 732 -1 
              328 330 329 -1 
              328 332 330 -1 
              188 333 327 -1 
              188 190 333 -1 
              996 328 329 -1 
              996 334 328 -1 
              996 335 334 -1 
              996 329 335 -1 
              997 336 328 -1 
              997 337 336 -1 
              997 334 337 -1 
              997 328 334 -1 
              328 338 332 -1 
              328 336 338 -1 
              741 339 331 -1 
              741 331 733 -1 
              742 733 734 -1 
              742 741 733 -1 
              743 734 735 -1 
              743 742 734 -1 
              744 735 736 -1 
              744 743 735 -1 
              745 736 737 -1 
              745 744 736 -1 
              746 737 738 -1 
              746 745 737 -1 
              747 738 739 -1 
              747 746 738 -1 
              748 739 740 -1 
              748 747 739 -1 
              338 740 332 -1 
              338 748 740 -1 
              331 339 114 -1 
              331 114 115 -1 
              190 340 333 -1 
              190 191 340 -1 
              338 336 341 -1 
              338 342 756 -1 
              338 341 342 -1 
              339 113 114 -1 
              339 325 113 -1 
              339 749 325 -1 
              748 338 756 -1 
              741 749 339 -1 
              742 750 749 -1 
              742 749 741 -1 
              747 756 755 -1 
              747 748 756 -1 
              743 751 750 -1 
              743 752 751 -1 
              743 750 742 -1 
              746 754 753 -1 
              746 755 754 -1 
              746 747 755 -1 
              744 753 752 -1 
              744 752 743 -1 
              745 746 753 -1 
              745 753 744 -1 
              191 326 340 -1 
              191 189 326 -1 
              998 337 343 -1 
              998 336 337 -1 
              998 341 336 -1 
              998 343 341 -1 
              334 343 337 -1 
              334 335 343 -1 
              999 329 341 -1 
              999 335 329 -1 
              999 343 335 -1 
              999 341 343 -1 
              341 330 342 -1 
              341 329 330 -1 
              749 324 325 -1 
              749 725 324 -1 
              750 726 725 -1 
              750 725 749 -1 
              751 727 726 -1 
              751 726 750 -1 
              752 728 727 -1 
              752 727 751 -1 
              753 729 728 -1 
              753 728 752 -1 
              754 730 729 -1 
              754 729 753 -1 
              755 731 730 -1 
              755 730 754 -1 
              756 732 731 -1 
              756 731 755 -1 
              342 330 732 -1 
              342 732 756 -1 
              1000 340 326 -1 
              1000 344 340 -1 
              1000 345 344 -1 
              1000 326 345 -1 
              1001 344 346 -1 
              1001 340 344 -1 
              1001 333 340 -1 
              1001 346 333 -1 
              346 345 347 -1 
              346 344 345 -1 
              1002 326 327 -1 
              1002 345 326 -1 
              1002 347 345 -1 
              1002 327 347 -1 
              1003 346 347 -1 
              1003 333 346 -1 
              1003 327 333 -1 
              1003 347 327 -1 
              349 116 117 -1 
              349 348 116 -1 
              193 351 350 -1 
              193 192 351 -1 
              348 119 116 -1 
              348 355 119 -1 
              757 765 355 -1 
              757 355 348 -1 
              758 766 765 -1 
              758 765 757 -1 
              759 767 766 -1 
              759 766 758 -1 
              760 768 767 -1 
              760 767 759 -1 
              761 768 760 -1 
              769 768 761 -1 
              770 761 762 -1 
              770 762 763 -1 
              770 769 761 -1 
              771 763 764 -1 
              771 770 763 -1 
              772 771 764 -1 
              356 764 354 -1 
              356 772 764 -1 
              352 354 353 -1 
              352 356 354 -1 
              192 357 351 -1 
              192 194 357 -1 
              1004 352 353 -1 
              1004 358 352 -1 
              1004 359 358 -1 
              1004 353 359 -1 
              1005 360 352 -1 
              1005 361 360 -1 
              1005 358 361 -1 
              1005 352 358 -1 
              352 362 356 -1 
              352 360 362 -1 
              773 363 355 -1 
              773 355 765 -1 
              774 765 766 -1 
              774 773 765 -1 
              775 766 767 -1 
              775 774 766 -1 
              776 767 768 -1 
              776 775 767 -1 
              777 768 769 -1 
              777 776 768 -1 
              778 769 770 -1 
              778 777 769 -1 
              779 770 771 -1 
              779 778 770 -1 
              780 771 772 -1 
              780 779 771 -1 
              362 772 356 -1 
              362 780 772 -1 
              355 118 119 -1 
              355 363 118 -1 
              194 364 357 -1 
              194 195 364 -1 
              362 360 365 -1 
              362 366 788 -1 
              362 365 366 -1 
              363 117 118 -1 
              363 349 117 -1 
              363 781 349 -1 
              780 362 788 -1 
              773 781 363 -1 
              774 782 781 -1 
              774 781 773 -1 
              779 788 787 -1 
              779 780 788 -1 
              775 783 782 -1 
              775 784 783 -1 
              775 782 774 -1 
              778 786 785 -1 
              778 787 786 -1 
              778 779 787 -1 
              776 785 784 -1 
              776 784 775 -1 
              777 778 785 -1 
              777 785 776 -1 
              195 350 364 -1 
              195 193 350 -1 
              1006 361 367 -1 
              1006 360 361 -1 
              1006 365 360 -1 
              1006 367 365 -1 
              358 367 361 -1 
              358 359 367 -1 
              1007 353 365 -1 
              1007 359 353 -1 
              1007 367 359 -1 
              1007 365 367 -1 
              365 354 366 -1 
              365 353 354 -1 
              781 348 349 -1 
              781 757 348 -1 
              782 758 757 -1 
              782 757 781 -1 
              783 759 758 -1 
              783 758 782 -1 
              784 760 759 -1 
              784 759 783 -1 
              785 761 760 -1 
              785 760 784 -1 
              786 762 761 -1 
              786 761 785 -1 
              787 763 762 -1 
              787 762 786 -1 
              788 764 763 -1 
              788 763 787 -1 
              366 354 764 -1 
              366 764 788 -1 
              1008 364 350 -1 
              1008 368 364 -1 
              1008 369 368 -1 
              1008 350 369 -1 
              1009 368 370 -1 
              1009 364 368 -1 
              1009 357 364 -1 
              1009 370 357 -1 
              370 369 371 -1 
              370 368 369 -1 
              1010 350 351 -1 
              1010 369 350 -1 
              1010 371 369 -1 
              1010 351 371 -1 
              1011 370 371 -1 
              1011 357 370 -1 
              1011 351 357 -1 
              1011 371 351 -1 
              373 120 121 -1 
              373 372 120 -1 
              197 375 374 -1 
              197 196 375 -1 
              372 123 120 -1 
              372 379 123 -1 
              789 797 379 -1 
              789 379 372 -1 
              790 798 797 -1 
              790 797 789 -1 
              791 799 798 -1 
              791 798 790 -1 
              792 800 799 -1 
              792 799 791 -1 
              793 800 792 -1 
              801 800 793 -1 
              802 793 794 -1 
              802 794 795 -1 
              802 801 793 -1 
              803 795 796 -1 
              803 802 795 -1 
              804 803 796 -1 
              380 796 378 -1 
              380 804 796 -1 
              376 378 377 -1 
              376 380 378 -1 
              196 381 375 -1 
              196 198 381 -1 
              1012 376 377 -1 
              1012 382 376 -1 
              1012 383 382 -1 
              1012 377 383 -1 
              1013 384 376 -1 
              1013 385 384 -1 
              1013 382 385 -1 
              1013 376 382 -1 
              376 386 380 -1 
              376 384 386 -1 
              805 387 379 -1 
              805 379 797 -1 
              806 797 798 -1 
              806 805 797 -1 
              807 798 799 -1 
              807 806 798 -1 
              808 799 800 -1 
              808 807 799 -1 
              809 800 801 -1 
              809 808 800 -1 
              810 801 802 -1 
              810 809 801 -1 
              811 802 803 -1 
              811 810 802 -1 
              812 803 804 -1 
              812 811 803 -1 
              386 804 380 -1 
              386 812 804 -1 
              379 122 123 -1 
              379 387 122 -1 
              198 388 381 -1 
              198 199 388 -1 
              386 384 389 -1 
              386 390 820 -1 
              386 389 390 -1 
              387 121 122 -1 
              387 373 121 -1 
              387 813 373 -1 
              812 386 820 -1 
              805 813 387 -1 
              806 814 813 -1 
              806 813 805 -1 
              811 820 819 -1 
              811 812 820 -1 
              807 815 814 -1 
              807 816 815 -1 
              807 814 806 -1 
              810 818 817 -1 
              810 819 818 -1 
              810 811 819 -1 
              808 817 816 -1 
              808 816 807 -1 
              809 810 817 -1 
              809 817 808 -1 
              199 374 388 -1 
              199 197 374 -1 
              1014 385 391 -1 
              1014 384 385 -1 
              1014 389 384 -1 
              1014 391 389 -1 
              382 391 385 -1 
              382 383 391 -1 
              1015 377 389 -1 
              1015 383 377 -1 
              1015 391 383 -1 
              1015 389 391 -1 
              389 378 390 -1 
              389 377 378 -1 
              813 372 373 -1 
              813 789 372 -1 
              814 790 789 -1 
              814 789 813 -1 
              815 791 790 -1 
              815 790 814 -1 
              816 792 791 -1 
              816 791 815 -1 
              817 793 792 -1 
              817 792 816 -1 
              818 794 793 -1 
              818 793 817 -1 
              819 795 794 -1 
              819 794 818 -1 
              820 796 795 -1 
              820 795 819 -1 
              390 378 796 -1 
              390 796 820 -1 
              1016 388 374 -1 
              1016 392 388 -1 
              1016 393 392 -1 
              1016 374 393 -1 
              1017 392 394 -1 
              1017 388 392 -1 
              1017 381 388 -1 
              1017 394 381 -1 
              394 393 395 -1 
              394 392 393 -1 
              1018 374 375 -1 
              1018 393 374 -1 
              1018 395 393 -1 
              1018 375 395 -1 
              1019 394 395 -1 
              1019 381 394 -1 
              1019 375 381 -1 
              1019 395 375 -1 
              397 124 125 -1 
              397 396 124 -1 
              201 399 398 -1 
              201 200 399 -1 
              396 127 124 -1 
              396 403 127 -1 
              821 829 403 -1 
              821 403 396 -1 
              822 830 829 -1 
              822 829 821 -1 
              823 831 830 -1 
              823 830 822 -1 
              824 832 831 -1 
              824 831 823 -1 
              825 832 824 -1 
              833 832 825 -1 
              834 825 826 -1 
              834 826 827 -1 
              834 833 825 -1 
              835 827 828 -1 
              835 834 827 -1 
              836 835 828 -1 
              404 828 402 -1 
              404 836 828 -1 
              400 402 401 -1 
              400 404 402 -1 
              200 405 399 -1 
              200 202 405 -1 
              1020 400 401 -1 
              1020 406 400 -1 
              1020 407 406 -1 
              1020 401 407 -1 
              1021 408 400 -1 
              1021 409 408 -1 
              1021 406 409 -1 
              1021 400 406 -1 
              400 410 404 -1 
              400 408 410 -1 
              837 411 403 -1 
              837 403 829 -1 
              838 829 830 -1 
              838 837 829 -1 
              839 830 831 -1 
              839 838 830 -1 
              840 831 832 -1 
              840 839 831 -1 
              841 832 833 -1 
              841 840 832 -1 
              842 833 834 -1 
              842 841 833 -1 
              843 834 835 -1 
              843 842 834 -1 
              844 835 836 -1 
              844 843 835 -1 
              410 836 404 -1 
              410 844 836 -1 
              403 126 127 -1 
              403 411 126 -1 
              202 412 405 -1 
              202 203 412 -1 
              410 408 413 -1 
              410 414 852 -1 
              410 413 414 -1 
              411 125 126 -1 
              411 397 125 -1 
              411 845 397 -1 
              844 410 852 -1 
              837 845 411 -1 
              838 846 845 -1 
              838 845 837 -1 
              843 852 851 -1 
              843 844 852 -1 
              839 847 846 -1 
              839 848 847 -1 
              839 846 838 -1 
              842 850 849 -1 
              842 851 850 -1 
              842 843 851 -1 
              840 849 848 -1 
              840 848 839 -1 
              841 842 849 -1 
              841 849 840 -1 
              203 398 412 -1 
              203 201 398 -1 
              1022 409 415 -1 
              1022 408 409 -1 
              1022 413 408 -1 
              1022 415 413 -1 
              406 415 409 -1 
              406 407 415 -1 
              1023 401 413 -1 
              1023 407 401 -1 
              1023 415 407 -1 
              1023 413 415 -1 
              413 402 414 -1 
              413 401 402 -1 
              845 396 397 -1 
              845 821 396 -1 
              846 822 821 -1 
              846 821 845 -1 
              847 823 822 -1 
              847 822 846 -1 
              848 824 823 -1 
              848 823 847 -1 
              849 825 824 -1 
              849 824 848 -1 
              850 826 825 -1 
              850 825 849 -1 
              851 827 826 -1 
              851 826 850 -1 
              852 828 827 -1 
              852 827 851 -1 
              414 402 828 -1 
              414 828 852 -1 
              1024 412 398 -1 
              1024 416 412 -1 
              1024 417 416 -1 
              1024 398 417 -1 
              1025 416 418 -1 
              1025 412 416 -1 
              1025 405 412 -1 
              1025 418 405 -1 
              418 417 419 -1 
              418 416 417 -1 
              1026 398 399 -1 
              1026 417 398 -1 
              1026 419 417 -1 
              1026 399 419 -1 
              1027 418 419 -1 
              1027 405 418 -1 
              1027 399 405 -1 
              1027 419 399 -1 
              421 128 129 -1 
              421 420 128 -1 
              205 423 422 -1 
              205 204 423 -1 
              420 131 128 -1 
              420 427 131 -1 
              853 861 427 -1 
              853 427 420 -1 
              854 862 861 -1 
              854 861 853 -1 
              855 863 862 -1 
              855 862 854 -1 
              856 864 863 -1 
              856 863 855 -1 
              857 864 856 -1 
              865 864 857 -1 
              866 857 858 -1 
              866 858 859 -1 
              866 865 857 -1 
              867 859 860 -1 
              867 866 859 -1 
              868 867 860 -1 
              428 860 426 -1 
              428 868 860 -1 
              424 426 425 -1 
              424 428 426 -1 
              204 429 423 -1 
              204 206 429 -1 
              1028 424 425 -1 
              1028 430 424 -1 
              1028 431 430 -1 
              1028 425 431 -1 
              1029 432 424 -1 
              1029 433 432 -1 
              1029 430 433 -1 
              1029 424 430 -1 
              424 434 428 -1 
              424 432 434 -1 
              869 435 427 -1 
              869 427 861 -1 
              870 861 862 -1 
              870 869 861 -1 
              871 862 863 -1 
              871 870 862 -1 
              872 863 864 -1 
              872 871 863 -1 
              873 864 865 -1 
              873 872 864 -1 
              874 865 866 -1 
              874 873 865 -1 
              875 866 867 -1 
              875 874 866 -1 
              876 867 868 -1 
              876 875 867 -1 
              434 868 428 -1 
              434 876 868 -1 
              427 130 131 -1 
              427 435 130 -1 
              206 436 429 -1 
              206 207 436 -1 
              434 432 437 -1 
              434 438 884 -1 
              434 437 438 -1 
              435 129 130 -1 
              435 421 129 -1 
              435 877 421 -1 
              876 434 884 -1 
              869 877 435 -1 
              870 878 877 -1 
              870 877 869 -1 
              875 884 883 -1 
              875 876 884 -1 
              871 879 878 -1 
              871 880 879 -1 
              871 878 870 -1 
              874 882 881 -1 
              874 883 882 -1 
              874 875 883 -1 
              872 881 880 -1 
              872 880 871 -1 
              873 874 881 -1 
              873 881 872 -1 
              207 422 436 -1 
              207 205 422 -1 
              1030 433 439 -1 
              1030 432 433 -1 
              1030 437 432 -1 
              1030 439 437 -1 
              430 439 433 -1 
              430 431 439 -1 
              1031 425 437 -1 
              1031 431 425 -1 
              1031 439 431 -1 
              1031 437 439 -1 
              437 426 438 -1 
              437 425 426 -1 
              877 420 421 -1 
              877 853 420 -1 
              878 854 853 -1 
              878 853 877 -1 
              879 855 854 -1 
              879 854 878 -1 
              880 856 855 -1 
              880 855 879 -1 
              881 857 856 -1 
              881 856 880 -1 
              882 858 857 -1 
              882 857 881 -1 
              883 859 858 -1 
              883 858 882 -1 
              884 860 859 -1 
              884 859 883 -1 
              438 426 860 -1 
              438 860 884 -1 
              1032 436 422 -1 
              1032 440 436 -1 
              1032 441 440 -1 
              1032 422 441 -1 
              1033 440 442 -1 
              1033 436 440 -1 
              1033 429 436 -1 
              1033 442 429 -1 
              442 441 443 -1 
              442 440 441 -1 
              1034 422 423 -1 
              1034 441 422 -1 
              1034 443 441 -1 
              1034 423 443 -1 
              1035 442 443 -1 
              1035 429 442 -1 
              1035 423 429 -1 
              1035 443 423 -1 
              445 132 133 -1 
              445 444 132 -1 
              209 447 446 -1 
              209 208 447 -1 
              444 135 132 -1 
              444 451 135 -1 
              885 893 451 -1 
              885 451 444 -1 
              886 894 893 -1 
              886 893 885 -1 
              887 895 894 -1 
              887 894 886 -1 
              888 896 895 -1 
              888 895 887 -1 
              889 896 888 -1 
              897 896 889 -1 
              898 889 890 -1 
              898 890 891 -1 
              898 897 889 -1 
              899 891 892 -1 
              899 898 891 -1 
              900 899 892 -1 
              452 892 450 -1 
              452 900 892 -1 
              448 450 449 -1 
              448 452 450 -1 
              208 453 447 -1 
              208 210 453 -1 
              1036 448 449 -1 
              1036 454 448 -1 
              1036 455 454 -1 
              1036 449 455 -1 
              1037 456 448 -1 
              1037 457 456 -1 
              1037 454 457 -1 
              1037 448 454 -1 
              448 458 452 -1 
              448 456 458 -1 
              901 459 451 -1 
              901 451 893 -1 
              902 893 894 -1 
              902 901 893 -1 
              903 894 895 -1 
              903 902 894 -1 
              904 895 896 -1 
              904 903 895 -1 
              905 896 897 -1 
              905 904 896 -1 
              906 897 898 -1 
              906 905 897 -1 
              907 898 899 -1 
              907 906 898 -1 
              908 899 900 -1 
              908 907 899 -1 
              458 900 452 -1 
              458 908 900 -1 
              451 134 135 -1 
              451 459 134 -1 
              210 460 453 -1 
              210 211 460 -1 
              458 456 461 -1 
              458 462 916 -1 
              458 461 462 -1 
              459 133 134 -1 
              459 445 133 -1 
              459 909 445 -1 
              908 458 916 -1 
              901 909 459 -1 
              902 910 909 -1 
              902 909 901 -1 
              907 916 915 -1 
              907 908 916 -1 
              903 911 910 -1 
              903 912 911 -1 
              903 910 902 -1 
              906 914 913 -1 
              906 915 914 -1 
              906 907 915 -1 
              904 913 912 -1 
              904 912 903 -1 
              905 906 913 -1 
              905 913 904 -1 
              211 446 460 -1 
              211 209 446 -1 
              1038 457 463 -1 
              1038 456 457 -1 
              1038 461 456 -1 
              1038 463 461 -1 
              454 463 457 -1 
              454 455 463 -1 
              1039 449 461 -1 
              1039 455 449 -1 
              1039 463 455 -1 
              1039 461 463 -1 
              461 450 462 -1 
              461 449 450 -1 
              909 444 445 -1 
              909 885 444 -1 
              910 886 885 -1 
              910 885 909 -1 
              911 887 886 -1 
              911 886 910 -1 
              912 888 887 -1 
              912 887 911 -1 
              913 889 888 -1 
              913 888 912 -1 
              914 890 889 -1 
              914 889 913 -1 
              915 891 890 -1 
              915 890 914 -1 
              916 892 891 -1 
              916 891 915 -1 
              462 450 892 -1 
              462 892 916 -1 
              1040 460 446 -1 
              1040 464 460 -1 
              1040 465 464 -1 
              1040 446 465 -1 
              1041 464 466 -1 
              1041 460 464 -1 
              1041 453 460 -1 
              1041 466 453 -1 
              466 465 467 -1 
              466 464 465 -1 
              1042 446 447 -1 
              1042 465 446 -1 
              1042 467 465 -1 
              1042 447 467 -1 
              1043 466 467 -1 
              1043 453 466 -1 
              1043 447 453 -1 
              1043 467 447 -1 
              12 9 1 -1 
              12 1 2 -1 
            ]
            normalIndex [
              2 1 0 -1 
              2 0 3 -1 
              8 6 4 -1 
              7 6 8 -1 
              11 10 9 -1 
              11 9 5 -1 
              12 4 5 -1 
              12 9 8 -1 
              12 8 4 -1 
              12 5 9 -1 
              15 14 13 -1 
              15 13 16 -1 
              53 39 40 -1 
              73 21 20 -1 
              72 21 73 -1 
              52 40 41 -1 
              52 53 40 -1 
              52 41 42 -1 
              70 22 71 -1 
              54 39 53 -1 
              23 22 70 -1 
              51 52 42 -1 
              30 70 31 -1 
              29 70 30 -1 
              55 37 38 -1 
              55 38 39 -1 
              55 39 54 -1 
              32 31 70 -1 
              28 70 29 -1 
              50 42 43 -1 
              50 43 44 -1 
              50 51 42 -1 
              56 36 37 -1 
              56 37 55 -1 
              33 32 70 -1 
              27 23 70 -1 
              27 70 28 -1 
              34 33 70 -1 
              49 50 44 -1 
              47 36 56 -1 
              26 34 70 -1 
              25 23 27 -1 
              46 45 36 -1 
              24 23 25 -1 
              46 36 47 -1 
              69 76 17 -1 
              19 74 73 -1 
              19 73 20 -1 
              57 48 69 -1 
              59 57 69 -1 
              60 59 69 -1 
              18 75 74 -1 
              18 74 19 -1 
              61 60 69 -1 
              35 26 70 -1 
              62 61 69 -1 
              63 62 69 -1 
              64 63 69 -1 
              65 64 69 -1 
              66 65 69 -1 
              68 69 17 -1 
              68 58 66 -1 
              68 67 58 -1 
              68 66 69 -1 
              18 17 76 -1 
              18 76 75 -1 
              70 69 48 -1 
              70 48 49 -1 
              70 49 35 -1 
              35 49 44 -1 
              22 21 72 -1 
              22 72 71 -1 
              81 77 78 -1 
              81 79 77 -1 
              81 80 79 -1 
              81 78 80 -1 
              86 82 83 -1 
              86 84 82 -1 
              86 85 84 -1 
              86 83 85 -1 
              91 87 88 -1 
              91 89 87 -1 
              91 90 89 -1 
              91 88 90 -1 
              99 93 92 -1 
              97 99 98 -1 
              96 93 99 -1 
              96 99 97 -1 
              100 94 93 -1 
              100 95 94 -1 
              100 96 95 -1 
              100 93 96 -1 
              101 116 115 -1 
              114 101 115 -1 
              112 110 101 -1 
              112 101 114 -1 
              111 110 112 -1 
              113 112 114 -1 
              102 104 103 -1 
              107 109 108 -1 
              107 102 109 -1 
              105 107 106 -1 
              105 104 102 -1 
              105 102 107 -1 
              101 109 102 -1 
              101 110 109 -1 
              118 119 117 -1 
              120 119 118 -1 
              126 125 124 -1 
              123 126 124 -1 
              128 127 126 -1 
              122 128 126 -1 
              122 126 123 -1 
              129 122 121 -1 
              128 122 129 -1 
              133 132 130 -1 
              134 133 135 -1 
              137 130 131 -1 
              137 136 135 -1 
              137 131 136 -1 
              137 133 130 -1 
              137 135 133 -1 
              150 140 138 -1 
              150 138 149 -1 
              151 141 140 -1 
              151 140 150 -1 
              152 142 141 -1 
              152 141 151 -1 
              143 142 152 -1 
              153 143 152 -1 
              144 143 153 -1 
              154 144 153 -1 
              155 145 144 -1 
              155 144 154 -1 
              146 145 155 -1 
              156 146 155 -1 
              147 146 156 -1 
              157 147 156 -1 
              139 147 157 -1 
              148 139 157 -1 
              177 178 171 -1 
              179 171 178 -1 
              176 177 171 -1 
              180 171 179 -1 
              158 159 170 -1 
              175 176 171 -1 
              169 158 170 -1 
              181 171 180 -1 
              168 169 170 -1 
              174 175 171 -1 
              167 168 170 -1 
              166 167 170 -1 
              173 174 171 -1 
              165 166 170 -1 
              172 171 181 -1 
              164 165 170 -1 
              182 173 171 -1 
              163 164 170 -1 
              162 163 170 -1 
              161 162 170 -1 
              160 161 170 -1 
              203 170 159 -1 
              203 171 170 -1 
              203 183 184 -1 
              203 184 185 -1 
              203 185 186 -1 
              203 186 187 -1 
              203 187 188 -1 
              203 188 189 -1 
              203 189 190 -1 
              203 190 191 -1 
              203 191 182 -1 
              203 192 183 -1 
              203 193 192 -1 
              203 194 193 -1 
              203 159 195 -1 
              203 195 196 -1 
              203 196 197 -1 
              203 197 198 -1 
              203 198 199 -1 
              203 199 200 -1 
              203 200 201 -1 
              203 201 202 -1 
              203 202 194 -1 
              203 182 171 -1 
              207 205 204 -1 
              206 205 207 -1 
              208 211 210 -1 
              208 209 211 -1 
              231 214 212 -1 
              231 212 223 -1 
              230 215 214 -1 
              230 214 231 -1 
              229 216 215 -1 
              229 215 230 -1 
              228 217 216 -1 
              228 216 229 -1 
              227 218 217 -1 
              227 217 228 -1 
              226 219 218 -1 
              226 218 227 -1 
              225 220 219 -1 
              225 219 226 -1 
              224 221 220 -1 
              224 220 225 -1 
              222 213 221 -1 
              222 221 224 -1 
              235 232 233 -1 
              235 234 232 -1 
              238 236 237 -1 
              239 238 237 -1 
              243 240 241 -1 
              243 242 240 -1 
              246 244 255 -1 
              263 246 255 -1 
              247 246 263 -1 
              262 247 263 -1 
              248 247 262 -1 
              261 248 262 -1 
              249 248 261 -1 
              260 249 261 -1 
              250 249 260 -1 
              259 250 260 -1 
              251 250 259 -1 
              258 251 259 -1 
              252 251 258 -1 
              257 252 258 -1 
              253 252 257 -1 
              256 253 257 -1 
              245 253 256 -1 
              254 245 256 -1 
              266 264 276 -1 
              277 266 276 -1 
              267 266 277 -1 
              278 267 277 -1 
              268 267 278 -1 
              279 268 278 -1 
              269 268 279 -1 
              280 269 279 -1 
              270 269 280 -1 
              281 271 270 -1 
              281 270 280 -1 
              282 272 271 -1 
              282 271 281 -1 
              283 273 272 -1 
              283 272 282 -1 
              284 274 273 -1 
              284 273 283 -1 
              275 265 274 -1 
              275 274 284 -1 
              286 285 293 -1 
              290 286 293 -1 
              288 287 286 -1 
              289 286 290 -1 
              289 288 286 -1 
              291 290 292 -1 
              292 290 293 -1 
              300 299 298 -1 
              294 295 300 -1 
              301 296 294 -1 
              301 297 296 -1 
              301 298 297 -1 
              301 300 298 -1 
              301 294 300 -1 
              302 304 303 -1 
              302 305 304 -1 
              309 307 306 -1 
              309 308 307 -1 
              362 365 360 -1 
              316 315 314 -1 
              362 360 359 -1 
              335 359 358 -1 
              335 358 336 -1 
              337 331 330 -1 
              337 336 331 -1 
              346 349 316 -1 
              340 362 359 -1 
              340 359 335 -1 
              311 314 313 -1 
              311 316 314 -1 
              311 346 316 -1 
              311 324 346 -1 
              366 369 364 -1 
              366 364 363 -1 
              350 348 347 -1 
              350 353 348 -1 
              323 347 346 -1 
              339 362 340 -1 
              323 346 324 -1 
              339 366 363 -1 
              339 363 362 -1 
              341 335 334 -1 
              325 324 311 -1 
              341 340 335 -1 
              312 311 313 -1 
              367 317 368 -1 
              319 318 317 -1 
              344 366 339 -1 
              328 350 347 -1 
              328 347 323 -1 
              343 367 366 -1 
              343 366 344 -1 
              354 352 351 -1 
              345 339 338 -1 
              354 357 352 -1 
              327 354 351 -1 
              345 344 339 -1 
              327 351 350 -1 
              327 350 328 -1 
              310 343 342 -1 
              329 323 322 -1 
              310 319 317 -1 
              310 317 367 -1 
              329 328 323 -1 
              310 367 343 -1 
              320 310 321 -1 
              320 319 310 -1 
              310 325 311 -1 
              310 322 325 -1 
              310 329 322 -1 
              310 326 329 -1 
              310 333 326 -1 
              310 330 333 -1 
              310 337 330 -1 
              310 334 337 -1 
              332 354 327 -1 
              310 341 334 -1 
              310 338 341 -1 
              358 361 356 -1 
              310 345 338 -1 
              310 342 345 -1 
              358 356 355 -1 
              316 368 317 -1 
              316 369 368 -1 
              316 364 369 -1 
              316 365 364 -1 
              316 360 365 -1 
              316 361 360 -1 
              316 356 361 -1 
              316 357 356 -1 
              316 352 357 -1 
              316 353 352 -1 
              316 348 353 -1 
              331 354 332 -1 
              316 349 348 -1 
              370 358 355 -1 
              331 355 354 -1 
              370 355 331 -1 
              370 331 336 -1 
              333 327 326 -1 
              370 336 358 -1 
              333 332 327 -1 
              374 371 372 -1 
              374 373 371 -1 
              376 377 375 -1 
              378 377 376 -1 
              382 381 379 -1 
              385 384 383 -1 
              380 382 379 -1 
              387 383 382 -1 
              387 386 385 -1 
              387 380 386 -1 
              387 382 380 -1 
              387 385 383 -1 
              390 388 389 -1 
              391 390 389 -1 
              395 392 393 -1 
              395 394 392 -1 
              399 396 397 -1 
              399 398 396 -1 
              403 401 400 -1 
              403 402 401 -1 
              410 404 405 -1 
              411 410 405 -1 
              407 409 408 -1 
              412 406 404 -1 
              412 407 406 -1 
              412 410 409 -1 
              412 404 410 -1 
              412 409 407 -1 
              414 415 413 -1 
              414 416 415 -1 
              417 420 419 -1 
              417 418 420 -1 
              422 423 421 -1 
              422 424 423 -1 
              425 428 427 -1 
              425 426 428 -1 
              431 430 429 -1 
              431 429 432 -1 
              434 436 435 -1 
              434 433 436 -1 
              439 450 458 -1 
              448 458 457 -1 
              448 439 458 -1 
              441 449 440 -1 
              441 451 449 -1 
              447 457 456 -1 
              447 448 457 -1 
              442 452 451 -1 
              442 451 441 -1 
              446 456 455 -1 
              446 447 456 -1 
              443 453 452 -1 
              443 452 442 -1 
              445 455 454 -1 
              445 446 455 -1 
              444 454 453 -1 
              444 445 454 -1 
              444 453 443 -1 
              459 438 437 -1 
              459 439 438 -1 
              459 437 450 -1 
              459 450 439 -1 
              463 461 460 -1 
              463 462 461 -1 
              468 465 464 -1 
              468 466 465 -1 
              468 467 466 -1 
              468 464 467 -1 
              469 472 471 -1 
              469 470 472 -1 
              477 473 474 -1 
              477 475 473 -1 
              477 476 475 -1 
              477 474 476 -1 
              481 492 490 -1 
              482 493 492 -1 
              482 492 481 -1 
              483 494 493 -1 
              483 493 482 -1 
              484 495 494 -1 
              484 494 483 -1 
              485 495 484 -1 
              496 485 486 -1 
              496 495 485 -1 
              497 486 487 -1 
              497 496 486 -1 
              498 487 488 -1 
              498 497 487 -1 
              499 488 489 -1 
              499 498 488 -1 
              491 489 480 -1 
              491 499 489 -1 
              500 479 478 -1 
              500 480 479 -1 
              500 478 491 -1 
              500 491 480 -1 
              504 502 501 -1 
              504 503 502 -1 
              506 508 507 -1 
              506 505 508 -1 
              513 509 510 -1 
              513 511 509 -1 
              513 512 511 -1 
              513 510 512 -1 
              526 514 515 -1 
              526 517 514 -1 
              518 517 526 -1 
              527 518 526 -1 
              519 518 527 -1 
              528 519 527 -1 
              520 519 528 -1 
              529 520 528 -1 
              530 521 520 -1 
              530 520 529 -1 
              522 521 530 -1 
              531 522 530 -1 
              523 522 531 -1 
              532 523 531 -1 
              524 523 532 -1 
              533 524 532 -1 
              525 516 524 -1 
              525 524 533 -1 
              537 535 534 -1 
              537 534 546 -1 
              538 546 547 -1 
              538 537 546 -1 
              539 547 548 -1 
              539 538 547 -1 
              540 548 549 -1 
              540 539 548 -1 
              541 549 550 -1 
              541 540 549 -1 
              542 550 551 -1 
              542 541 550 -1 
              543 551 552 -1 
              543 542 551 -1 
              544 552 553 -1 
              544 543 552 -1 
              536 553 545 -1 
              536 544 553 -1 
              555 557 556 -1 
              555 554 557 -1 
              562 558 559 -1 
              562 560 558 -1 
              562 561 560 -1 
              562 559 561 -1 
              567 564 563 -1 
              567 565 564 -1 
              567 566 565 -1 
              567 563 566 -1 
              571 568 569 -1 
              571 570 568 -1 
              576 572 573 -1 
              576 574 572 -1 
              576 575 574 -1 
              576 573 575 -1 
              580 578 577 -1 
              580 579 578 -1 
              614 592 591 -1 
              614 595 592 -1 
              614 617 595 -1 
              608 582 606 -1 
              616 617 614 -1 
              605 606 582 -1 
              616 619 617 -1 
              613 614 591 -1 
              630 608 607 -1 
              630 582 608 -1 
              602 605 582 -1 
              588 591 589 -1 
              588 589 586 -1 
              588 613 591 -1 
              581 582 630 -1 
              584 594 597 -1 
              584 585 586 -1 
              584 589 590 -1 
              584 590 593 -1 
              632 581 630 -1 
              584 593 594 -1 
              584 586 589 -1 
              629 630 607 -1 
              604 607 605 -1 
              584 597 582 -1 
              604 605 602 -1 
              604 629 607 -1 
              601 602 582 -1 
              587 585 584 -1 
              631 581 632 -1 
              610 588 587 -1 
              610 613 588 -1 
              626 629 604 -1 
              609 610 587 -1 
              598 601 582 -1 
              612 615 613 -1 
              628 631 629 -1 
              612 613 610 -1 
              628 581 631 -1 
              628 629 626 -1 
              625 604 603 -1 
              583 587 584 -1 
              583 611 609 -1 
              583 612 611 -1 
              625 626 604 -1 
              583 615 612 -1 
              600 603 601 -1 
              583 609 587 -1 
              583 581 628 -1 
              600 601 598 -1 
              583 628 627 -1 
              600 625 603 -1 
              583 627 624 -1 
              583 624 623 -1 
              583 623 620 -1 
              583 620 619 -1 
              583 619 616 -1 
              597 598 582 -1 
              583 616 615 -1 
              633 618 621 -1 
              633 621 599 -1 
              633 596 618 -1 
              633 599 596 -1 
              622 625 600 -1 
              624 625 622 -1 
              624 627 625 -1 
              621 600 599 -1 
              621 622 600 -1 
              596 597 594 -1 
              596 599 597 -1 
              592 593 590 -1 
              592 595 593 -1 
              620 621 618 -1 
              620 623 621 -1 
              617 618 596 -1 
              617 596 595 -1 
              638 636 635 -1 
              638 637 636 -1 
              642 635 634 -1 
              642 639 638 -1 
              642 640 639 -1 
              642 641 640 -1 
              642 634 641 -1 
              642 638 635 -1 
              644 646 645 -1 
              644 643 646 -1 
              654 653 652 -1 
              649 654 652 -1 
              651 649 652 -1 
              650 649 651 -1 
              655 648 647 -1 
              655 649 648 -1 
              655 647 654 -1 
              655 654 649 -1 
              659 658 656 -1 
              657 659 656 -1 
              664 662 661 -1 
              664 663 662 -1 
              668 661 660 -1 
              668 665 664 -1 
              668 666 665 -1 
              668 667 666 -1 
              668 660 667 -1 
              668 664 661 -1 
              672 671 670 -1 
              669 672 670 -1 
              674 675 673 -1 
              674 676 675 -1 
              681 677 678 -1 
              681 679 677 -1 
              681 680 679 -1 
              681 678 680 -1 
              686 682 683 -1 
              686 684 682 -1 
              686 685 684 -1 
              686 683 685 -1 
              689 687 688 -1 
              689 692 691 -1 
              689 688 692 -1 
              690 689 691 -1 
              695 693 692 -1 
              695 694 693 -1 
              695 688 694 -1 
              695 692 688 -1 
              698 697 696 -1 
              698 696 699 -1 
              704 700 701 -1 
              704 702 700 -1 
              704 703 702 -1 
              704 701 703 -1 
              708 707 705 -1 
              706 708 705 -1 
              710 711 709 -1 
              710 712 711 -1 
              716 714 713 -1 
              716 715 714 -1 
              721 718 717 -1 
              721 719 718 -1 
              721 720 719 -1 
              721 717 720 -1 
              726 722 723 -1 
              726 724 722 -1 
              726 725 724 -1 
              726 723 725 -1 
              730 728 727 -1 
              730 729 728 -1 
              735 731 732 -1 
              735 733 731 -1 
              735 734 733 -1 
              735 732 734 -1 
              740 736 737 -1 
              740 738 736 -1 
              740 739 738 -1 
              740 737 739 -1 
              743 754 762 -1 
              752 762 761 -1 
              752 743 762 -1 
              745 753 744 -1 
              745 755 753 -1 
              751 761 760 -1 
              751 752 761 -1 
              746 756 755 -1 
              746 755 745 -1 
              750 760 759 -1 
              750 751 760 -1 
              747 757 756 -1 
              747 756 746 -1 
              749 759 758 -1 
              749 750 759 -1 
              748 758 757 -1 
              748 749 758 -1 
              748 757 747 -1 
              763 742 741 -1 
              763 743 742 -1 
              763 741 754 -1 
              763 754 743 -1 
              767 765 764 -1 
              767 766 765 -1 
              772 769 768 -1 
              772 770 769 -1 
              772 771 770 -1 
              772 768 771 -1 
              773 776 775 -1 
              773 774 776 -1 
              781 777 778 -1 
              781 779 777 -1 
              781 780 779 -1 
              781 778 780 -1 
              785 796 794 -1 
              786 797 796 -1 
              786 796 785 -1 
              787 798 797 -1 
              787 797 786 -1 
              788 799 798 -1 
              788 798 787 -1 
              789 799 788 -1 
              800 789 790 -1 
              800 799 789 -1 
              801 790 791 -1 
              801 800 790 -1 
              802 791 792 -1 
              802 801 791 -1 
              803 792 793 -1 
              803 802 792 -1 
              795 793 784 -1 
              795 803 793 -1 
              804 783 782 -1 
              804 784 783 -1 
              804 782 795 -1 
              804 795 784 -1 
              808 806 805 -1 
              808 807 806 -1 
              810 812 811 -1 
              810 809 812 -1 
              817 813 814 -1 
              817 815 813 -1 
              817 816 815 -1 
              817 814 816 -1 
              830 818 819 -1 
              830 821 818 -1 
              822 821 830 -1 
              831 822 830 -1 
              823 822 831 -1 
              832 823 831 -1 
              824 823 832 -1 
              833 824 832 -1 
              834 825 824 -1 
              834 824 833 -1 
              826 825 834 -1 
              835 826 834 -1 
              827 826 835 -1 
              836 827 835 -1 
              828 827 836 -1 
              837 828 836 -1 
              829 820 828 -1 
              829 828 837 -1 
              840 849 850 -1 
              840 838 849 -1 
              841 850 851 -1 
              841 840 850 -1 
              842 851 852 -1 
              842 841 851 -1 
              843 852 853 -1 
              843 842 852 -1 
              844 853 854 -1 
              844 843 853 -1 
              845 854 855 -1 
              845 844 854 -1 
              846 855 856 -1 
              846 845 855 -1 
              847 856 857 -1 
              847 846 856 -1 
              839 857 848 -1 
              839 847 857 -1 
              859 861 860 -1 
              859 858 861 -1 
              866 862 863 -1 
              866 864 862 -1 
              866 865 864 -1 
              866 863 865 -1 
              871 868 867 -1 
              871 869 868 -1 
              871 870 869 -1 
              871 867 870 -1 
              875 872 873 -1 
              875 874 872 -1 
              880 877 876 -1 
              880 878 877 -1 
              880 879 878 -1 
              880 876 879 -1 
              884 882 881 -1 
              884 883 882 -1 
              888 886 885 -1 
              888 887 886 -1 
              893 889 890 -1 
              893 891 889 -1 
              893 892 891 -1 
              893 890 892 -1 
              898 894 895 -1 
              898 896 894 -1 
              898 897 896 -1 
              898 895 897 -1 
              901 912 920 -1 
              910 920 919 -1 
              910 901 920 -1 
              903 911 902 -1 
              903 913 911 -1 
              909 919 918 -1 
              909 910 919 -1 
              904 914 913 -1 
              904 913 903 -1 
              908 918 917 -1 
              908 909 918 -1 
              905 915 914 -1 
              905 914 904 -1 
              907 917 916 -1 
              907 908 917 -1 
              906 916 915 -1 
              906 907 916 -1 
              906 915 905 -1 
              921 900 899 -1 
              921 901 900 -1 
              921 899 912 -1 
              921 912 901 -1 
              925 923 922 -1 
              925 924 923 -1 
              930 927 926 -1 
              930 928 927 -1 
              930 929 928 -1 
              930 926 929 -1 
              931 934 933 -1 
              931 932 934 -1 
              939 935 936 -1 
              939 937 935 -1 
              939 938 937 -1 
              939 936 938 -1 
              943 954 952 -1 
              944 955 954 -1 
              944 954 943 -1 
              945 956 955 -1 
              945 955 944 -1 
              946 957 956 -1 
              946 956 945 -1 
              947 957 946 -1 
              958 947 948 -1 
              958 957 947 -1 
              959 948 949 -1 
              959 958 948 -1 
              960 949 950 -1 
              960 959 949 -1 
              961 950 951 -1 
              961 960 950 -1 
              953 951 942 -1 
              953 961 951 -1 
              962 941 940 -1 
              962 942 941 -1 
              962 940 953 -1 
              962 953 942 -1 
              966 964 963 -1 
              966 965 964 -1 
              968 970 969 -1 
              968 967 970 -1 
              975 971 972 -1 
              975 973 971 -1 
              975 974 973 -1 
              975 972 974 -1 
              988 976 977 -1 
              988 979 976 -1 
              980 979 988 -1 
              989 980 988 -1 
              981 980 989 -1 
              990 981 989 -1 
              982 981 990 -1 
              991 982 990 -1 
              992 983 982 -1 
              992 982 991 -1 
              984 983 992 -1 
              993 984 992 -1 
              985 984 993 -1 
              994 985 993 -1 
              986 985 994 -1 
              995 986 994 -1 
              987 978 986 -1 
              987 986 995 -1 
              998 1007 1008 -1 
              998 996 1007 -1 
              999 1008 1009 -1 
              999 998 1008 -1 
              1000 1009 1010 -1 
              1000 999 1009 -1 
              1001 1010 1011 -1 
              1001 1000 1010 -1 
              1002 1011 1012 -1 
              1002 1001 1011 -1 
              1003 1012 1013 -1 
              1003 1002 1012 -1 
              1004 1013 1014 -1 
              1004 1003 1013 -1 
              1005 1014 1015 -1 
              1005 1004 1014 -1 
              997 1015 1006 -1 
              997 1005 1015 -1 
              1017 1019 1018 -1 
              1017 1016 1019 -1 
              1024 1020 1021 -1 
              1024 1022 1020 -1 
              1024 1023 1022 -1 
              1024 1021 1023 -1 
              1029 1026 1025 -1 
              1029 1027 1026 -1 
              1029 1028 1027 -1 
              1029 1025 1028 -1 
              1033 1030 1031 -1 
              1033 1032 1030 -1 
              1038 1035 1034 -1 
              1038 1036 1035 -1 
              1038 1037 1036 -1 
              1038 1034 1037 -1 
              1042 1040 1039 -1 
              1042 1041 1040 -1 
              1046 1044 1043 -1 
              1046 1045 1044 -1 
              1051 1047 1048 -1 
              1051 1049 1047 -1 
              1051 1050 1049 -1 
              1051 1048 1050 -1 
              1056 1052 1053 -1 
              1056 1054 1052 -1 
              1056 1055 1054 -1 
              1056 1053 1055 -1 
              1059 1070 1078 -1 
              1068 1078 1077 -1 
              1068 1059 1078 -1 
              1061 1069 1060 -1 
              1061 1071 1069 -1 
              1067 1077 1076 -1 
              1067 1068 1077 -1 
              1062 1072 1071 -1 
              1062 1071 1061 -1 
              1066 1076 1075 -1 
              1066 1067 1076 -1 
              1063 1073 1072 -1 
              1063 1072 1062 -1 
              1065 1075 1074 -1 
              1065 1066 1075 -1 
              1064 1074 1073 -1 
              1064 1065 1074 -1 
              1064 1073 1063 -1 
              1079 1058 1057 -1 
              1079 1059 1058 -1 
              1079 1057 1070 -1 
              1079 1070 1059 -1 
              1083 1081 1080 -1 
              1083 1082 1081 -1 
              1088 1085 1084 -1 
              1088 1086 1085 -1 
              1088 1087 1086 -1 
              1088 1084 1087 -1 
              1089 1092 1091 -1 
              1089 1090 1092 -1 
              1097 1093 1094 -1 
              1097 1095 1093 -1 
              1097 1096 1095 -1 
              1097 1094 1096 -1 
              1101 1112 1110 -1 
              1102 1113 1112 -1 
              1102 1112 1101 -1 
              1103 1114 1113 -1 
              1103 1113 1102 -1 
              1104 1115 1114 -1 
              1104 1114 1103 -1 
              1105 1115 1104 -1 
              1116 1105 1106 -1 
              1116 1115 1105 -1 
              1117 1106 1107 -1 
              1117 1116 1106 -1 
              1118 1107 1108 -1 
              1118 1117 1107 -1 
              1119 1108 1109 -1 
              1119 1118 1108 -1 
              1111 1109 1100 -1 
              1111 1119 1109 -1 
              1120 1099 1098 -1 
              1120 1100 1099 -1 
              1120 1098 1111 -1 
              1120 1111 1100 -1 
              1124 1122 1121 -1 
              1124 1123 1122 -1 
              1126 1128 1127 -1 
              1126 1125 1128 -1 
              1133 1129 1130 -1 
              1133 1131 1129 -1 
              1133 1132 1131 -1 
              1133 1130 1132 -1 
              1146 1134 1135 -1 
              1146 1137 1134 -1 
              1138 1137 1146 -1 
              1147 1138 1146 -1 
              1139 1138 1147 -1 
              1148 1139 1147 -1 
              1140 1139 1148 -1 
              1149 1140 1148 -1 
              1150 1141 1140 -1 
              1150 1140 1149 -1 
              1142 1141 1150 -1 
              1151 1142 1150 -1 
              1143 1142 1151 -1 
              1152 1143 1151 -1 
              1144 1143 1152 -1 
              1153 1144 1152 -1 
              1145 1136 1144 -1 
              1145 1144 1153 -1 
              1156 1165 1166 -1 
              1156 1154 1165 -1 
              1157 1166 1167 -1 
              1157 1156 1166 -1 
              1158 1167 1168 -1 
              1158 1157 1167 -1 
              1159 1168 1169 -1 
              1159 1158 1168 -1 
              1160 1169 1170 -1 
              1160 1159 1169 -1 
              1161 1170 1171 -1 
              1161 1160 1170 -1 
              1162 1171 1172 -1 
              1162 1161 1171 -1 
              1163 1172 1173 -1 
              1163 1162 1172 -1 
              1155 1173 1164 -1 
              1155 1163 1173 -1 
              1175 1177 1176 -1 
              1175 1174 1177 -1 
              1182 1178 1179 -1 
              1182 1180 1178 -1 
              1182 1181 1180 -1 
              1182 1179 1181 -1 
              1187 1184 1183 -1 
              1187 1185 1184 -1 
              1187 1186 1185 -1 
              1187 1183 1186 -1 
              1191 1188 1189 -1 
              1191 1190 1188 -1 
              1196 1193 1192 -1 
              1196 1194 1193 -1 
              1196 1195 1194 -1 
              1196 1192 1195 -1 
              1200 1198 1197 -1 
              1200 1199 1198 -1 
              1204 1202 1201 -1 
              1204 1203 1202 -1 
              1209 1205 1206 -1 
              1209 1207 1205 -1 
              1209 1208 1207 -1 
              1209 1206 1208 -1 
              1214 1210 1211 -1 
              1214 1212 1210 -1 
              1214 1213 1212 -1 
              1214 1211 1213 -1 
              1217 1228 1236 -1 
              1226 1236 1235 -1 
              1226 1217 1236 -1 
              1219 1227 1218 -1 
              1219 1229 1227 -1 
              1225 1235 1234 -1 
              1225 1226 1235 -1 
              1220 1230 1229 -1 
              1220 1229 1219 -1 
              1224 1234 1233 -1 
              1224 1225 1234 -1 
              1221 1231 1230 -1 
              1221 1230 1220 -1 
              1223 1233 1232 -1 
              1223 1224 1233 -1 
              1222 1232 1231 -1 
              1222 1223 1232 -1 
              1222 1231 1221 -1 
              1237 1216 1215 -1 
              1237 1217 1216 -1 
              1237 1215 1228 -1 
              1237 1228 1217 -1 
              1241 1239 1238 -1 
              1241 1240 1239 -1 
              1246 1243 1242 -1 
              1246 1244 1243 -1 
              1246 1245 1244 -1 
              1246 1242 1245 -1 
              1247 1250 1249 -1 
              1247 1248 1250 -1 
              1255 1251 1252 -1 
              1255 1253 1251 -1 
              1255 1254 1253 -1 
              1255 1252 1254 -1 
              1259 1270 1268 -1 
              1260 1271 1270 -1 
              1260 1270 1259 -1 
              1261 1272 1271 -1 
              1261 1271 1260 -1 
              1262 1273 1272 -1 
              1262 1272 1261 -1 
              1263 1273 1262 -1 
              1274 1263 1264 -1 
              1274 1273 1263 -1 
              1275 1264 1265 -1 
              1275 1274 1264 -1 
              1276 1265 1266 -1 
              1276 1275 1265 -1 
              1277 1266 1267 -1 
              1277 1276 1266 -1 
              1269 1267 1258 -1 
              1269 1277 1267 -1 
              1278 1257 1256 -1 
              1278 1258 1257 -1 
              1278 1256 1269 -1 
              1278 1269 1258 -1 
              1282 1280 1279 -1 
              1282 1281 1280 -1 
              1284 1286 1285 -1 
              1284 1283 1286 -1 
              1291 1287 1288 -1 
              1291 1289 1287 -1 
              1291 1290 1289 -1 
              1291 1288 1290 -1 
              1304 1292 1293 -1 
              1304 1295 1292 -1 
              1296 1295 1304 -1 
              1305 1296 1304 -1 
              1297 1296 1305 -1 
              1306 1297 1305 -1 
              1298 1297 1306 -1 
              1307 1298 1306 -1 
              1308 1299 1298 -1 
              1308 1298 1307 -1 
              1300 1299 1308 -1 
              1309 1300 1308 -1 
              1301 1300 1309 -1 
              1310 1301 1309 -1 
              1302 1301 1310 -1 
              1311 1302 1310 -1 
              1303 1294 1302 -1 
              1303 1302 1311 -1 
              1314 1323 1324 -1 
              1314 1312 1323 -1 
              1315 1324 1325 -1 
              1315 1314 1324 -1 
              1316 1325 1326 -1 
              1316 1315 1325 -1 
              1317 1326 1327 -1 
              1317 1316 1326 -1 
              1318 1327 1328 -1 
              1318 1317 1327 -1 
              1319 1328 1329 -1 
              1319 1318 1328 -1 
              1320 1329 1330 -1 
              1320 1319 1329 -1 
              1321 1330 1331 -1 
              1321 1320 1330 -1 
              1313 1331 1322 -1 
              1313 1321 1331 -1 
              1333 1335 1334 -1 
              1333 1332 1335 -1 
              1340 1336 1337 -1 
              1340 1338 1336 -1 
              1340 1339 1338 -1 
              1340 1337 1339 -1 
              1345 1342 1341 -1 
              1345 1343 1342 -1 
              1345 1344 1343 -1 
              1345 1341 1344 -1 
              1349 1346 1347 -1 
              1349 1348 1346 -1 
              1354 1351 1350 -1 
              1354 1352 1351 -1 
              1354 1353 1352 -1 
              1354 1350 1353 -1 
              1358 1356 1355 -1 
              1358 1357 1356 -1 
              1362 1360 1359 -1 
              1362 1361 1360 -1 
              1367 1363 1364 -1 
              1367 1365 1363 -1 
              1367 1366 1365 -1 
              1367 1364 1366 -1 
              1372 1368 1369 -1 
              1372 1370 1368 -1 
              1372 1371 1370 -1 
              1372 1369 1371 -1 
              1375 1386 1394 -1 
              1384 1394 1393 -1 
              1384 1375 1394 -1 
              1377 1385 1376 -1 
              1377 1387 1385 -1 
              1383 1393 1392 -1 
              1383 1384 1393 -1 
              1378 1388 1387 -1 
              1378 1387 1377 -1 
              1382 1392 1391 -1 
              1382 1383 1392 -1 
              1379 1389 1388 -1 
              1379 1388 1378 -1 
              1381 1391 1390 -1 
              1381 1382 1391 -1 
              1380 1390 1389 -1 
              1380 1381 1390 -1 
              1380 1389 1379 -1 
              1395 1374 1373 -1 
              1395 1375 1374 -1 
              1395 1373 1386 -1 
              1395 1386 1375 -1 
              1399 1397 1396 -1 
              1399 1398 1397 -1 
              1404 1401 1400 -1 
              1404 1402 1401 -1 
              1404 1403 1402 -1 
              1404 1400 1403 -1 
              1405 1408 1407 -1 
              1405 1406 1408 -1 
              1413 1409 1410 -1 
              1413 1411 1409 -1 
              1413 1412 1411 -1 
              1413 1410 1412 -1 
              1417 1428 1426 -1 
              1418 1429 1428 -1 
              1418 1428 1417 -1 
              1419 1430 1429 -1 
              1419 1429 1418 -1 
              1420 1431 1430 -1 
              1420 1430 1419 -1 
              1421 1431 1420 -1 
              1432 1421 1422 -1 
              1432 1431 1421 -1 
              1433 1422 1423 -1 
              1433 1432 1422 -1 
              1434 1423 1424 -1 
              1434 1433 1423 -1 
              1435 1424 1425 -1 
              1435 1434 1424 -1 
              1427 1425 1416 -1 
              1427 1435 1425 -1 
              1436 1415 1414 -1 
              1436 1416 1415 -1 
              1436 1414 1427 -1 
              1436 1427 1416 -1 
              1440 1438 1437 -1 
              1440 1439 1438 -1 
              1442 1444 1443 -1 
              1442 1441 1444 -1 
              1449 1445 1446 -1 
              1449 1447 1445 -1 
              1449 1448 1447 -1 
              1449 1446 1448 -1 
              1462 1450 1451 -1 
              1462 1453 1450 -1 
              1454 1453 1462 -1 
              1463 1454 1462 -1 
              1455 1454 1463 -1 
              1464 1455 1463 -1 
              1456 1455 1464 -1 
              1465 1456 1464 -1 
              1466 1457 1456 -1 
              1466 1456 1465 -1 
              1458 1457 1466 -1 
              1467 1458 1466 -1 
              1459 1458 1467 -1 
              1468 1459 1467 -1 
              1460 1459 1468 -1 
              1469 1460 1468 -1 
              1461 1452 1460 -1 
              1461 1460 1469 -1 
              1473 1471 1470 -1 
              1473 1470 1482 -1 
              1474 1482 1483 -1 
              1474 1473 1482 -1 
              1475 1483 1484 -1 
              1475 1474 1483 -1 
              1476 1484 1485 -1 
              1476 1475 1484 -1 
              1477 1485 1486 -1 
              1477 1476 1485 -1 
              1478 1486 1487 -1 
              1478 1477 1486 -1 
              1479 1487 1488 -1 
              1479 1478 1487 -1 
              1480 1488 1489 -1 
              1480 1479 1488 -1 
              1472 1489 1481 -1 
              1472 1480 1489 -1 
              1491 1493 1492 -1 
              1491 1490 1493 -1 
              1498 1494 1495 -1 
              1498 1496 1494 -1 
              1498 1497 1496 -1 
              1498 1495 1497 -1 
              1503 1500 1499 -1 
              1503 1501 1500 -1 
              1503 1502 1501 -1 
              1503 1499 1502 -1 
              1507 1504 1505 -1 
              1507 1506 1504 -1 
              1512 1509 1508 -1 
              1512 1510 1509 -1 
              1512 1511 1510 -1 
              1512 1508 1511 -1 
              1516 1514 1513 -1 
              1516 1515 1514 -1 
              1519 1518 1517 -1 
              1519 1517 1520 -1 
              1524 1522 1521 -1 
              1524 1523 1522 -1 
              1528 1538 1537 -1 
              1528 1539 1538 -1 
              1529 1541 1539 -1 
              1529 1539 1528 -1 
              1530 1542 1541 -1 
              1530 1541 1529 -1 
              1531 1543 1542 -1 
              1531 1542 1530 -1 
              1532 1544 1543 -1 
              1532 1543 1531 -1 
              1533 1544 1532 -1 
              1545 1544 1533 -1 
              1546 1533 1534 -1 
              1546 1534 1535 -1 
              1546 1545 1533 -1 
              1547 1535 1536 -1 
              1547 1546 1535 -1 
              1548 1547 1536 -1 
              1540 1536 1527 -1 
              1540 1548 1536 -1 
              1525 1527 1526 -1 
              1525 1540 1527 -1 
              1552 1550 1549 -1 
              1552 1551 1550 -1 
              1557 1553 1554 -1 
              1557 1555 1553 -1 
              1557 1556 1555 -1 
              1557 1554 1556 -1 
              1562 1558 1559 -1 
              1562 1560 1558 -1 
              1562 1561 1560 -1 
              1562 1559 1561 -1 
              1564 1566 1565 -1 
              1564 1563 1566 -1 
              1570 1567 1568 -1 
              1570 1568 1579 -1 
              1571 1579 1580 -1 
              1571 1570 1579 -1 
              1572 1580 1581 -1 
              1572 1571 1580 -1 
              1573 1581 1582 -1 
              1573 1572 1581 -1 
              1574 1582 1583 -1 
              1574 1573 1582 -1 
              1575 1583 1584 -1 
              1575 1574 1583 -1 
              1576 1584 1585 -1 
              1576 1575 1584 -1 
              1577 1585 1586 -1 
              1577 1576 1585 -1 
              1569 1586 1578 -1 
              1569 1577 1586 -1 
              1589 1588 1587 -1 
              1589 1587 1590 -1 
              1594 1592 1591 -1 
              1594 1593 1592 -1 
              1597 1596 1595 -1 
              1597 1610 1618 -1 
              1597 1595 1610 -1 
              1598 1608 1607 -1 
              1598 1609 1608 -1 
              1598 1611 1609 -1 
              1606 1597 1618 -1 
              1599 1611 1598 -1 
              1600 1612 1611 -1 
              1600 1611 1599 -1 
              1605 1618 1617 -1 
              1605 1606 1618 -1 
              1601 1613 1612 -1 
              1601 1614 1613 -1 
              1601 1612 1600 -1 
              1604 1616 1615 -1 
              1604 1617 1616 -1 
              1604 1605 1617 -1 
              1602 1615 1614 -1 
              1602 1614 1601 -1 
              1603 1604 1615 -1 
              1603 1615 1602 -1 
              1622 1620 1619 -1 
              1622 1621 1620 -1 
              1627 1624 1623 -1 
              1627 1625 1624 -1 
              1627 1626 1625 -1 
              1627 1623 1626 -1 
              1628 1631 1630 -1 
              1628 1629 1631 -1 
              1636 1632 1633 -1 
              1636 1634 1632 -1 
              1636 1635 1634 -1 
              1636 1633 1635 -1 
              1638 1640 1639 -1 
              1638 1637 1640 -1 
              1653 1641 1642 -1 
              1653 1644 1641 -1 
              1654 1645 1644 -1 
              1654 1644 1653 -1 
              1655 1646 1645 -1 
              1655 1645 1654 -1 
              1656 1647 1646 -1 
              1656 1646 1655 -1 
              1657 1648 1647 -1 
              1657 1647 1656 -1 
              1658 1649 1648 -1 
              1658 1648 1657 -1 
              1659 1650 1649 -1 
              1659 1649 1658 -1 
              1660 1651 1650 -1 
              1660 1650 1659 -1 
              1652 1643 1651 -1 
              1652 1651 1660 -1 
              1665 1661 1662 -1 
              1665 1663 1661 -1 
              1665 1664 1663 -1 
              1665 1662 1664 -1 
              1670 1667 1666 -1 
              1670 1668 1667 -1 
              1670 1669 1668 -1 
              1670 1666 1669 -1 
              1674 1671 1672 -1 
              1674 1673 1671 -1 
              1679 1675 1676 -1 
              1679 1677 1675 -1 
              1679 1678 1677 -1 
              1679 1676 1678 -1 
              1684 1681 1680 -1 
              1684 1682 1681 -1 
              1684 1683 1682 -1 
              1684 1680 1683 -1 
              1688 1685 1686 -1 
              1688 1687 1685 -1 
              1692 1690 1689 -1 
              1692 1691 1690 -1 
              1696 1706 1705 -1 
              1696 1707 1706 -1 
              1697 1709 1707 -1 
              1697 1707 1696 -1 
              1698 1710 1709 -1 
              1698 1709 1697 -1 
              1699 1711 1710 -1 
              1699 1710 1698 -1 
              1700 1712 1711 -1 
              1700 1711 1699 -1 
              1701 1712 1700 -1 
              1713 1712 1701 -1 
              1714 1701 1702 -1 
              1714 1702 1703 -1 
              1714 1713 1701 -1 
              1715 1703 1704 -1 
              1715 1714 1703 -1 
              1716 1715 1704 -1 
              1708 1704 1695 -1 
              1708 1716 1704 -1 
              1693 1695 1694 -1 
              1693 1708 1695 -1 
              1720 1718 1717 -1 
              1720 1719 1718 -1 
              1725 1721 1722 -1 
              1725 1723 1721 -1 
              1725 1724 1723 -1 
              1725 1722 1724 -1 
              1730 1726 1727 -1 
              1730 1728 1726 -1 
              1730 1729 1728 -1 
              1730 1727 1729 -1 
              1732 1734 1733 -1 
              1732 1731 1734 -1 
              1738 1735 1736 -1 
              1738 1736 1747 -1 
              1739 1747 1748 -1 
              1739 1738 1747 -1 
              1740 1748 1749 -1 
              1740 1739 1748 -1 
              1741 1749 1750 -1 
              1741 1740 1749 -1 
              1742 1750 1751 -1 
              1742 1741 1750 -1 
              1743 1751 1752 -1 
              1743 1742 1751 -1 
              1744 1752 1753 -1 
              1744 1743 1752 -1 
              1745 1753 1754 -1 
              1745 1744 1753 -1 
              1737 1754 1746 -1 
              1737 1745 1754 -1 
              1758 1755 1756 -1 
              1758 1757 1755 -1 
              1762 1760 1759 -1 
              1762 1761 1760 -1 
              1765 1764 1763 -1 
              1765 1778 1786 -1 
              1765 1763 1778 -1 
              1766 1776 1775 -1 
              1766 1777 1776 -1 
              1766 1779 1777 -1 
              1774 1765 1786 -1 
              1767 1779 1766 -1 
              1768 1780 1779 -1 
              1768 1779 1767 -1 
              1773 1786 1785 -1 
              1773 1774 1786 -1 
              1769 1781 1780 -1 
              1769 1782 1781 -1 
              1769 1780 1768 -1 
              1772 1784 1783 -1 
              1772 1785 1784 -1 
              1772 1773 1785 -1 
              1770 1783 1782 -1 
              1770 1782 1769 -1 
              1771 1772 1783 -1 
              1771 1783 1770 -1 
              1790 1788 1787 -1 
              1790 1789 1788 -1 
              1795 1792 1791 -1 
              1795 1793 1792 -1 
              1795 1794 1793 -1 
              1795 1791 1794 -1 
              1796 1799 1798 -1 
              1796 1797 1799 -1 
              1804 1800 1801 -1 
              1804 1802 1800 -1 
              1804 1803 1802 -1 
              1804 1801 1803 -1 
              1806 1808 1807 -1 
              1806 1805 1808 -1 
              1821 1809 1810 -1 
              1821 1812 1809 -1 
              1822 1813 1812 -1 
              1822 1812 1821 -1 
              1823 1814 1813 -1 
              1823 1813 1822 -1 
              1824 1815 1814 -1 
              1824 1814 1823 -1 
              1825 1816 1815 -1 
              1825 1815 1824 -1 
              1826 1817 1816 -1 
              1826 1816 1825 -1 
              1827 1818 1817 -1 
              1827 1817 1826 -1 
              1828 1819 1818 -1 
              1828 1818 1827 -1 
              1820 1811 1819 -1 
              1820 1819 1828 -1 
              1833 1829 1830 -1 
              1833 1831 1829 -1 
              1833 1832 1831 -1 
              1833 1830 1832 -1 
              1838 1835 1834 -1 
              1838 1836 1835 -1 
              1838 1837 1836 -1 
              1838 1834 1837 -1 
              1842 1839 1840 -1 
              1842 1841 1839 -1 
              1847 1843 1844 -1 
              1847 1845 1843 -1 
              1847 1846 1845 -1 
              1847 1844 1846 -1 
              1852 1849 1848 -1 
              1852 1850 1849 -1 
              1852 1851 1850 -1 
              1852 1848 1851 -1 
              1856 1853 1854 -1 
              1856 1855 1853 -1 
              1860 1858 1857 -1 
              1860 1859 1858 -1 
              1864 1874 1873 -1 
              1864 1875 1874 -1 
              1865 1877 1875 -1 
              1865 1875 1864 -1 
              1866 1878 1877 -1 
              1866 1877 1865 -1 
              1867 1879 1878 -1 
              1867 1878 1866 -1 
              1868 1880 1879 -1 
              1868 1879 1867 -1 
              1869 1880 1868 -1 
              1881 1880 1869 -1 
              1882 1869 1870 -1 
              1882 1870 1871 -1 
              1882 1881 1869 -1 
              1883 1871 1872 -1 
              1883 1882 1871 -1 
              1884 1883 1872 -1 
              1876 1872 1863 -1 
              1876 1884 1872 -1 
              1861 1863 1862 -1 
              1861 1876 1863 -1 
              1888 1886 1885 -1 
              1888 1887 1886 -1 
              1893 1889 1890 -1 
              1893 1891 1889 -1 
              1893 1892 1891 -1 
              1893 1890 1892 -1 
              1898 1894 1895 -1 
              1898 1896 1894 -1 
              1898 1897 1896 -1 
              1898 1895 1897 -1 
              1900 1902 1901 -1 
              1900 1899 1902 -1 
              1906 1903 1904 -1 
              1906 1904 1915 -1 
              1907 1915 1916 -1 
              1907 1906 1915 -1 
              1908 1916 1917 -1 
              1908 1907 1916 -1 
              1909 1917 1918 -1 
              1909 1908 1917 -1 
              1910 1918 1919 -1 
              1910 1909 1918 -1 
              1911 1919 1920 -1 
              1911 1910 1919 -1 
              1912 1920 1921 -1 
              1912 1911 1920 -1 
              1913 1921 1922 -1 
              1913 1912 1921 -1 
              1905 1922 1914 -1 
              1905 1913 1922 -1 
              1926 1923 1924 -1 
              1926 1925 1923 -1 
              1930 1928 1927 -1 
              1930 1929 1928 -1 
              1933 1932 1931 -1 
              1933 1946 1954 -1 
              1933 1931 1946 -1 
              1934 1944 1943 -1 
              1934 1945 1944 -1 
              1934 1947 1945 -1 
              1942 1933 1954 -1 
              1935 1947 1934 -1 
              1936 1948 1947 -1 
              1936 1947 1935 -1 
              1941 1954 1953 -1 
              1941 1942 1954 -1 
              1937 1949 1948 -1 
              1937 1950 1949 -1 
              1937 1948 1936 -1 
              1940 1952 1951 -1 
              1940 1953 1952 -1 
              1940 1941 1953 -1 
              1938 1951 1950 -1 
              1938 1950 1937 -1 
              1939 1940 1951 -1 
              1939 1951 1938 -1 
              1958 1956 1955 -1 
              1958 1957 1956 -1 
              1963 1960 1959 -1 
              1963 1961 1960 -1 
              1963 1962 1961 -1 
              1963 1959 1962 -1 
              1964 1967 1966 -1 
              1964 1965 1967 -1 
              1972 1968 1969 -1 
              1972 1970 1968 -1 
              1972 1971 1970 -1 
              1972 1969 1971 -1 
              1974 1976 1975 -1 
              1974 1973 1976 -1 
              1989 1977 1978 -1 
              1989 1980 1977 -1 
              1990 1981 1980 -1 
              1990 1980 1989 -1 
              1991 1982 1981 -1 
              1991 1981 1990 -1 
              1992 1983 1982 -1 
              1992 1982 1991 -1 
              1993 1984 1983 -1 
              1993 1983 1992 -1 
              1994 1985 1984 -1 
              1994 1984 1993 -1 
              1995 1986 1985 -1 
              1995 1985 1994 -1 
              1996 1987 1986 -1 
              1996 1986 1995 -1 
              1988 1979 1987 -1 
              1988 1987 1996 -1 
              2001 1997 1998 -1 
              2001 1999 1997 -1 
              2001 2000 1999 -1 
              2001 1998 2000 -1 
              2006 2003 2002 -1 
              2006 2004 2003 -1 
              2006 2005 2004 -1 
              2006 2002 2005 -1 
              2010 2007 2008 -1 
              2010 2009 2007 -1 
              2015 2011 2012 -1 
              2015 2013 2011 -1 
              2015 2014 2013 -1 
              2015 2012 2014 -1 
              2020 2017 2016 -1 
              2020 2018 2017 -1 
              2020 2019 2018 -1 
              2020 2016 2019 -1 
              2024 2021 2022 -1 
              2024 2023 2021 -1 
              2028 2026 2025 -1 
              2028 2027 2026 -1 
              2032 2042 2041 -1 
              2032 2043 2042 -1 
              2033 2045 2043 -1 
              2033 2043 2032 -1 
              2034 2046 2045 -1 
              2034 2045 2033 -1 
              2035 2047 2046 -1 
              2035 2046 2034 -1 
              2036 2048 2047 -1 
              2036 2047 2035 -1 
              2037 2048 2036 -1 
              2049 2048 2037 -1 
              2050 2037 2038 -1 
              2050 2038 2039 -1 
              2050 2049 2037 -1 
              2051 2039 2040 -1 
              2051 2050 2039 -1 
              2052 2051 2040 -1 
              2044 2040 2031 -1 
              2044 2052 2040 -1 
              2029 2031 2030 -1 
              2029 2044 2031 -1 
              2056 2054 2053 -1 
              2056 2055 2054 -1 
              2061 2057 2058 -1 
              2061 2059 2057 -1 
              2061 2060 2059 -1 
              2061 2058 2060 -1 
              2066 2062 2063 -1 
              2066 2064 2062 -1 
              2066 2065 2064 -1 
              2066 2063 2065 -1 
              2068 2070 2069 -1 
              2068 2067 2070 -1 
              2074 2071 2072 -1 
              2074 2072 2083 -1 
              2075 2083 2084 -1 
              2075 2074 2083 -1 
              2076 2084 2085 -1 
              2076 2075 2084 -1 
              2077 2085 2086 -1 
              2077 2076 2085 -1 
              2078 2086 2087 -1 
              2078 2077 2086 -1 
              2079 2087 2088 -1 
              2079 2078 2087 -1 
              2080 2088 2089 -1 
              2080 2079 2088 -1 
              2081 2089 2090 -1 
              2081 2080 2089 -1 
              2073 2090 2082 -1 
              2073 2081 2090 -1 
              2094 2091 2092 -1 
              2094 2093 2091 -1 
              2098 2096 2095 -1 
              2098 2097 2096 -1 
              2101 2100 2099 -1 
              2101 2114 2122 -1 
              2101 2099 2114 -1 
              2102 2112 2111 -1 
              2102 2113 2112 -1 
              2102 2115 2113 -1 
              2110 2101 2122 -1 
              2103 2115 2102 -1 
              2104 2116 2115 -1 
              2104 2115 2103 -1 
              2109 2122 2121 -1 
              2109 2110 2122 -1 
              2105 2117 2116 -1 
              2105 2118 2117 -1 
              2105 2116 2104 -1 
              2108 2120 2119 -1 
              2108 2121 2120 -1 
              2108 2109 2121 -1 
              2106 2119 2118 -1 
              2106 2118 2105 -1 
              2107 2108 2119 -1 
              2107 2119 2106 -1 
              2126 2124 2123 -1 
              2126 2125 2124 -1 
              2131 2128 2127 -1 
              2131 2129 2128 -1 
              2131 2130 2129 -1 
              2131 2127 2130 -1 
              2132 2135 2134 -1 
              2132 2133 2135 -1 
              2140 2136 2137 -1 
              2140 2138 2136 -1 
              2140 2139 2138 -1 
              2140 2137 2139 -1 
              2142 2144 2143 -1 
              2142 2141 2144 -1 
              2157 2145 2146 -1 
              2157 2148 2145 -1 
              2158 2149 2148 -1 
              2158 2148 2157 -1 
              2159 2150 2149 -1 
              2159 2149 2158 -1 
              2160 2151 2150 -1 
              2160 2150 2159 -1 
              2161 2152 2151 -1 
              2161 2151 2160 -1 
              2162 2153 2152 -1 
              2162 2152 2161 -1 
              2163 2154 2153 -1 
              2163 2153 2162 -1 
              2164 2155 2154 -1 
              2164 2154 2163 -1 
              2156 2147 2155 -1 
              2156 2155 2164 -1 
              2169 2165 2166 -1 
              2169 2167 2165 -1 
              2169 2168 2167 -1 
              2169 2166 2168 -1 
              2174 2171 2170 -1 
              2174 2172 2171 -1 
              2174 2173 2172 -1 
              2174 2170 2173 -1 
              2178 2175 2176 -1 
              2178 2177 2175 -1 
              2183 2179 2180 -1 
              2183 2181 2179 -1 
              2183 2182 2181 -1 
              2183 2180 2182 -1 
              2188 2185 2184 -1 
              2188 2186 2185 -1 
              2188 2187 2186 -1 
              2188 2184 2187 -1 
              2192 2189 2190 -1 
              2192 2191 2189 -1 
              2196 2194 2193 -1 
              2196 2195 2194 -1 
              2200 2210 2209 -1 
              2200 2211 2210 -1 
              2201 2213 2211 -1 
              2201 2211 2200 -1 
              2202 2214 2213 -1 
              2202 2213 2201 -1 
              2203 2215 2214 -1 
              2203 2214 2202 -1 
              2204 2216 2215 -1 
              2204 2215 2203 -1 
              2205 2216 2204 -1 
              2217 2216 2205 -1 
              2218 2205 2206 -1 
              2218 2206 2207 -1 
              2218 2217 2205 -1 
              2219 2207 2208 -1 
              2219 2218 2207 -1 
              2220 2219 2208 -1 
              2212 2208 2199 -1 
              2212 2220 2208 -1 
              2197 2199 2198 -1 
              2197 2212 2199 -1 
              2224 2222 2221 -1 
              2224 2223 2222 -1 
              2229 2225 2226 -1 
              2229 2227 2225 -1 
              2229 2228 2227 -1 
              2229 2226 2228 -1 
              2234 2230 2231 -1 
              2234 2232 2230 -1 
              2234 2233 2232 -1 
              2234 2231 2233 -1 
              2236 2238 2237 -1 
              2236 2235 2238 -1 
              2242 2239 2240 -1 
              2242 2240 2251 -1 
              2243 2251 2252 -1 
              2243 2242 2251 -1 
              2244 2252 2253 -1 
              2244 2243 2252 -1 
              2245 2253 2254 -1 
              2245 2244 2253 -1 
              2246 2254 2255 -1 
              2246 2245 2254 -1 
              2247 2255 2256 -1 
              2247 2246 2255 -1 
              2248 2256 2257 -1 
              2248 2247 2256 -1 
              2249 2257 2258 -1 
              2249 2248 2257 -1 
              2241 2258 2250 -1 
              2241 2249 2258 -1 
              2262 2259 2260 -1 
              2262 2261 2259 -1 
              2266 2264 2263 -1 
              2266 2265 2264 -1 
              2269 2268 2267 -1 
              2269 2282 2290 -1 
              2269 2267 2282 -1 
              2270 2280 2279 -1 
              2270 2281 2280 -1 
              2270 2283 2281 -1 
              2278 2269 2290 -1 
              2271 2283 2270 -1 
              2272 2284 2283 -1 
              2272 2283 2271 -1 
              2277 2290 2289 -1 
              2277 2278 2290 -1 
              2273 2285 2284 -1 
              2273 2286 2285 -1 
              2273 2284 2272 -1 
              2276 2288 2287 -1 
              2276 2289 2288 -1 
              2276 2277 2289 -1 
              2274 2287 2286 -1 
              2274 2286 2273 -1 
              2275 2276 2287 -1 
              2275 2287 2274 -1 
              2294 2292 2291 -1 
              2294 2293 2292 -1 
              2299 2296 2295 -1 
              2299 2297 2296 -1 
              2299 2298 2297 -1 
              2299 2295 2298 -1 
              2300 2303 2302 -1 
              2300 2301 2303 -1 
              2308 2304 2305 -1 
              2308 2306 2304 -1 
              2308 2307 2306 -1 
              2308 2305 2307 -1 
              2310 2312 2311 -1 
              2310 2309 2312 -1 
              2325 2313 2314 -1 
              2325 2316 2313 -1 
              2326 2317 2316 -1 
              2326 2316 2325 -1 
              2327 2318 2317 -1 
              2327 2317 2326 -1 
              2328 2319 2318 -1 
              2328 2318 2327 -1 
              2329 2320 2319 -1 
              2329 2319 2328 -1 
              2330 2321 2320 -1 
              2330 2320 2329 -1 
              2331 2322 2321 -1 
              2331 2321 2330 -1 
              2332 2323 2322 -1 
              2332 2322 2331 -1 
              2324 2315 2323 -1 
              2324 2323 2332 -1 
              2337 2333 2334 -1 
              2337 2335 2333 -1 
              2337 2336 2335 -1 
              2337 2334 2336 -1 
              2342 2339 2338 -1 
              2342 2340 2339 -1 
              2342 2341 2340 -1 
              2342 2338 2341 -1 
              2346 2343 2344 -1 
              2346 2345 2343 -1 
              2351 2347 2348 -1 
              2351 2349 2347 -1 
              2351 2350 2349 -1 
              2351 2348 2350 -1 
              2356 2353 2352 -1 
              2356 2354 2353 -1 
              2356 2355 2354 -1 
              2356 2352 2355 -1 
              2360 2357 2358 -1 
              2360 2359 2357 -1 
              2364 2362 2361 -1 
              2364 2363 2362 -1 
              2368 2378 2377 -1 
              2368 2379 2378 -1 
              2369 2381 2379 -1 
              2369 2379 2368 -1 
              2370 2382 2381 -1 
              2370 2381 2369 -1 
              2371 2383 2382 -1 
              2371 2382 2370 -1 
              2372 2384 2383 -1 
              2372 2383 2371 -1 
              2373 2384 2372 -1 
              2385 2384 2373 -1 
              2386 2373 2374 -1 
              2386 2374 2375 -1 
              2386 2385 2373 -1 
              2387 2375 2376 -1 
              2387 2386 2375 -1 
              2388 2387 2376 -1 
              2380 2376 2367 -1 
              2380 2388 2376 -1 
              2365 2367 2366 -1 
              2365 2380 2367 -1 
              2392 2390 2389 -1 
              2392 2391 2390 -1 
              2397 2393 2394 -1 
              2397 2395 2393 -1 
              2397 2396 2395 -1 
              2397 2394 2396 -1 
              2402 2398 2399 -1 
              2402 2400 2398 -1 
              2402 2401 2400 -1 
              2402 2399 2401 -1 
              2404 2406 2405 -1 
              2404 2403 2406 -1 
              2410 2407 2408 -1 
              2410 2408 2419 -1 
              2411 2419 2420 -1 
              2411 2410 2419 -1 
              2412 2420 2421 -1 
              2412 2411 2420 -1 
              2413 2421 2422 -1 
              2413 2412 2421 -1 
              2414 2422 2423 -1 
              2414 2413 2422 -1 
              2415 2423 2424 -1 
              2415 2414 2423 -1 
              2416 2424 2425 -1 
              2416 2415 2424 -1 
              2417 2425 2426 -1 
              2417 2416 2425 -1 
              2409 2426 2418 -1 
              2409 2417 2426 -1 
              2430 2427 2428 -1 
              2430 2429 2427 -1 
              2434 2432 2431 -1 
              2434 2433 2432 -1 
              2437 2436 2435 -1 
              2437 2450 2458 -1 
              2437 2435 2450 -1 
              2438 2448 2447 -1 
              2438 2449 2448 -1 
              2438 2451 2449 -1 
              2446 2437 2458 -1 
              2439 2451 2438 -1 
              2440 2452 2451 -1 
              2440 2451 2439 -1 
              2445 2458 2457 -1 
              2445 2446 2458 -1 
              2441 2453 2452 -1 
              2441 2454 2453 -1 
              2441 2452 2440 -1 
              2444 2456 2455 -1 
              2444 2457 2456 -1 
              2444 2445 2457 -1 
              2442 2455 2454 -1 
              2442 2454 2441 -1 
              2443 2444 2455 -1 
              2443 2455 2442 -1 
              2462 2460 2459 -1 
              2462 2461 2460 -1 
              2467 2464 2463 -1 
              2467 2465 2464 -1 
              2467 2466 2465 -1 
              2467 2463 2466 -1 
              2468 2471 2470 -1 
              2468 2469 2471 -1 
              2476 2472 2473 -1 
              2476 2474 2472 -1 
              2476 2475 2474 -1 
              2476 2473 2475 -1 
              2478 2480 2479 -1 
              2478 2477 2480 -1 
              2493 2481 2482 -1 
              2493 2484 2481 -1 
              2494 2485 2484 -1 
              2494 2484 2493 -1 
              2495 2486 2485 -1 
              2495 2485 2494 -1 
              2496 2487 2486 -1 
              2496 2486 2495 -1 
              2497 2488 2487 -1 
              2497 2487 2496 -1 
              2498 2489 2488 -1 
              2498 2488 2497 -1 
              2499 2490 2489 -1 
              2499 2489 2498 -1 
              2500 2491 2490 -1 
              2500 2490 2499 -1 
              2492 2483 2491 -1 
              2492 2491 2500 -1 
              2505 2501 2502 -1 
              2505 2503 2501 -1 
              2505 2504 2503 -1 
              2505 2502 2504 -1 
              2510 2507 2506 -1 
              2510 2508 2507 -1 
              2510 2509 2508 -1 
              2510 2506 2509 -1 
              2514 2511 2512 -1 
              2514 2513 2511 -1 
              2519 2515 2516 -1 
              2519 2517 2515 -1 
              2519 2518 2517 -1 
              2519 2516 2518 -1 
              2524 2521 2520 -1 
              2524 2522 2521 -1 
              2524 2523 2522 -1 
              2524 2520 2523 -1 
              2527 2526 2525 -1 
              2527 2525 2528 -1 
            ]
          }
        }
      ]
    }
  ]
}
