ISO-10303-21;
HEADER;
FILE_DESCRIPTION((''),'2;1');
FILE_NAME('901303312','2013-04-05T',('me'),(''),
'PRO/ENGINEER BY PARAMETRIC TECHNOLOGY CORPORATION, 2011490',
'PRO/ENGINEER BY PARAMETRIC TECHNOLOGY CORPORATION, 2011490','');
FILE_SCHEMA(('CONFIG_CONTROL_DESIGN'));
ENDSEC;
DATA;
#1=DIRECTION('',(1.E0,0.E0,0.E0));
#2=VECTOR('',#1,5.65E0);
#3=CARTESIAN_POINT('',(-2.825E0,2.47E0,-4.875E0));
#4=LINE('',#3,#2);
#5=DIRECTION('',(0.E0,1.E0,0.E0));
#6=VECTOR('',#5,2.98E0);
#7=CARTESIAN_POINT('',(2.825E0,2.47E0,-4.875E0));
#8=LINE('',#7,#6);
#9=DIRECTION('',(-1.E0,0.E0,0.E0));
#10=VECTOR('',#9,5.65E0);
#11=CARTESIAN_POINT('',(2.825E0,5.45E0,-4.875E0));
#12=LINE('',#11,#10);
#13=DIRECTION('',(0.E0,1.E0,0.E0));
#14=VECTOR('',#13,2.98E0);
#15=CARTESIAN_POINT('',(-2.825E0,2.47E0,-4.875E0));
#16=LINE('',#15,#14);
#17=DIRECTION('',(2.588190451025E-1,0.E0,-9.659258262891E-1));
#18=VECTOR('',#17,8.023390398178E-1);
#19=CARTESIAN_POINT('',(-3.032660624134E0,2.47E0,-4.1E0));
#20=LINE('',#19,#18);
#21=DIRECTION('',(0.E0,-1.E0,0.E0));
#22=VECTOR('',#21,2.98E0);
#23=CARTESIAN_POINT('',(-3.032660624134E0,5.45E0,-4.1E0));
#24=LINE('',#23,#22);
#25=DIRECTION('',(-8.715574274766E-2,0.E0,-9.961946980917E-1));
#26=VECTOR('',#25,1.003819837543E0);
#27=CARTESIAN_POINT('',(1.986242064468E0,5.45E0,-3.475E0));
#28=LINE('',#27,#26);
#29=DIRECTION('',(-8.715574274766E-2,0.E0,9.961946980917E-1));
#30=VECTOR('',#29,1.003819837543E0);
#31=CARTESIAN_POINT('',(-1.898753400942E0,5.45E0,-4.475E0));
#32=LINE('',#31,#30);
#33=DIRECTION('',(1.E0,0.E0,0.E0));
#34=VECTOR('',#33,5.757339375866E0);
#35=CARTESIAN_POINT('',(-8.79E0,5.45E0,-4.1E0));
#36=LINE('',#35,#34);
#37=DIRECTION('',(2.588190451025E-1,0.E0,-9.659258262891E-1));
#38=VECTOR('',#37,8.023390398178E-1);
#39=CARTESIAN_POINT('',(-3.032660624134E0,5.45E0,-4.1E0));
#40=LINE('',#39,#38);
#41=DIRECTION('',(2.588190451025E-1,0.E0,9.659258262891E-1));
#42=VECTOR('',#41,8.023390398178E-1);
#43=CARTESIAN_POINT('',(2.825E0,5.45E0,-4.875E0));
#44=LINE('',#43,#42);
#45=DIRECTION('',(-1.E0,0.E0,0.E0));
#46=VECTOR('',#45,5.757339375866E0);
#47=CARTESIAN_POINT('',(8.79E0,5.45E0,-4.1E0));
#48=LINE('',#47,#46);
#49=DIRECTION('',(0.E0,0.E0,1.E0));
#50=VECTOR('',#49,8.975E0);
#51=CARTESIAN_POINT('',(8.79E0,5.45E0,-4.1E0));
#52=LINE('',#51,#50);
#53=DIRECTION('',(0.E0,0.E0,-1.E0));
#54=VECTOR('',#53,6.25E-1);
#55=CARTESIAN_POINT('',(7.89E0,5.45E0,4.875E0));
#56=LINE('',#55,#54);
#57=CARTESIAN_POINT('',(7.74E0,5.45E0,4.25E0));
#58=DIRECTION('',(0.E0,1.E0,0.E0));
#59=DIRECTION('',(1.E0,0.E0,-3.552713678800E-14));
#60=AXIS2_PLACEMENT_3D('',#57,#58,#59);
#62=DIRECTION('',(-1.E0,0.E0,0.E0));
#63=VECTOR('',#62,6.74E0);
#64=CARTESIAN_POINT('',(7.74E0,5.45E0,4.1E0));
#65=LINE('',#64,#63);
#66=CARTESIAN_POINT('',(1.E0,5.45E0,4.2E0));
#67=DIRECTION('',(0.E0,-1.E0,0.E0));
#68=DIRECTION('',(-1.E0,0.E0,-3.552713678801E-14));
#69=AXIS2_PLACEMENT_3D('',#66,#67,#68);
#71=DIRECTION('',(0.E0,0.E0,-1.E0));
#72=VECTOR('',#71,6.75E-1);
#73=CARTESIAN_POINT('',(9.E-1,5.45E0,4.875E0));
#74=LINE('',#73,#72);
#75=DIRECTION('',(1.E0,0.E0,0.E0));
#76=VECTOR('',#75,1.8E0);
#77=CARTESIAN_POINT('',(-9.E-1,5.45E0,4.875E0));
#78=LINE('',#77,#76);
#79=DIRECTION('',(0.E0,0.E0,1.E0));
#80=VECTOR('',#79,6.75E-1);
#81=CARTESIAN_POINT('',(-9.E-1,5.45E0,4.2E0));
#82=LINE('',#81,#80);
#83=CARTESIAN_POINT('',(-1.E0,5.45E0,4.2E0));
#84=DIRECTION('',(0.E0,-1.E0,0.E0));
#85=DIRECTION('',(0.E0,0.E0,-1.E0));
#86=AXIS2_PLACEMENT_3D('',#83,#84,#85);
#88=DIRECTION('',(-1.E0,0.E0,0.E0));
#89=VECTOR('',#88,6.74E0);
#90=CARTESIAN_POINT('',(-1.E0,5.45E0,4.1E0));
#91=LINE('',#90,#89);
#92=CARTESIAN_POINT('',(-7.74E0,5.45E0,4.25E0));
#93=DIRECTION('',(0.E0,1.E0,0.E0));
#94=DIRECTION('',(0.E0,0.E0,-1.E0));
#95=AXIS2_PLACEMENT_3D('',#92,#93,#94);
#97=DIRECTION('',(0.E0,0.E0,-1.E0));
#98=VECTOR('',#97,6.25E-1);
#99=CARTESIAN_POINT('',(-7.89E0,5.45E0,4.875E0));
#100=LINE('',#99,#98);
#101=DIRECTION('',(1.E0,0.E0,0.E0));
#102=VECTOR('',#101,1.634E1);
#103=CARTESIAN_POINT('',(-8.17E0,5.45E0,3.475E0));
#104=LINE('',#103,#102);
#105=DIRECTION('',(5.773502691896E-1,-5.773502691896E-1,-5.773502691896E-1));
#106=VECTOR('',#105,5.196152422707E-1);
#107=CARTESIAN_POINT('',(-8.17E0,5.45E0,3.475E0));
#108=LINE('',#107,#106);
#109=DIRECTION('',(1.E0,0.E0,0.E0));
#110=VECTOR('',#109,1.574E1);
#111=CARTESIAN_POINT('',(-7.87E0,5.15E0,3.175E0));
#112=LINE('',#111,#110);
#113=DIRECTION('',(0.E0,0.E0,1.E0));
#114=VECTOR('',#113,6.95E0);
#115=CARTESIAN_POINT('',(-8.17E0,5.45E0,-3.475E0));
#116=LINE('',#115,#114);
#117=DIRECTION('',(0.E0,0.E0,1.E0));
#118=VECTOR('',#117,6.35E0);
#119=CARTESIAN_POINT('',(-7.87E0,5.15E0,-3.175E0));
#120=LINE('',#119,#118);
#121=DIRECTION('',(-1.E0,0.E0,0.E0));
#122=VECTOR('',#121,6.183757935532E0);
#123=CARTESIAN_POINT('',(-1.986242064468E0,5.45E0,-3.475E0));
#124=LINE('',#123,#122);
#125=DIRECTION('',(-6.174578541845E-2,-7.057575568080E-1,7.057575568080E-1));
#126=VECTOR('',#125,4.250751509582E-1);
#127=CARTESIAN_POINT('',(-1.986242064468E0,5.45E0,-3.475E0));
#128=LINE('',#127,#126);
#129=DIRECTION('',(-1.E0,0.E0,0.E0));
#130=VECTOR('',#129,5.857511336474E0);
#131=CARTESIAN_POINT('',(-2.012488663526E0,5.15E0,-3.175E0));
#132=LINE('',#131,#130);
#133=DIRECTION('',(5.773502691896E-1,-5.773502691896E-1,5.773502691896E-1));
#134=VECTOR('',#133,5.196152422707E-1);
#135=CARTESIAN_POINT('',(-8.17E0,5.45E0,-3.475E0));
#136=LINE('',#135,#134);
#137=DIRECTION('',(-8.715574274766E-2,0.E0,9.961946980917E-1));
#138=VECTOR('',#137,7.528648781575E-2);
#139=CARTESIAN_POINT('',(-1.925E0,2.47E0,-4.175E0));
#140=LINE('',#139,#138);
#141=DIRECTION('',(0.E0,1.E0,0.E0));
#142=VECTOR('',#141,4.2E0);
#143=CARTESIAN_POINT('',(-1.931561649764E0,-1.73E0,-4.1E0));
#144=LINE('',#143,#142);
#145=DIRECTION('',(0.E0,-1.E0,0.E0));
#146=VECTOR('',#145,2.68E0);
#147=CARTESIAN_POINT('',(-1.925E0,5.15E0,-4.175E0));
#148=LINE('',#147,#146);
#149=DIRECTION('',(1.E0,0.E0,0.E0));
#150=VECTOR('',#149,1.578E1);
#151=CARTESIAN_POINT('',(-7.89E0,-3.1E0,-4.1E0));
#152=LINE('',#151,#150);
#153=DIRECTION('',(0.E0,-1.E0,0.E0));
#154=VECTOR('',#153,2.98E0);
#155=CARTESIAN_POINT('',(3.032660624134E0,5.45E0,-4.1E0));
#156=LINE('',#155,#154);
#157=DIRECTION('',(-1.E0,0.E0,0.E0));
#158=VECTOR('',#157,1.101098974370E0);
#159=CARTESIAN_POINT('',(3.032660624134E0,2.47E0,-4.1E0));
#160=LINE('',#159,#158);
#161=DIRECTION('',(-1.E0,0.E0,0.E0));
#162=VECTOR('',#161,1.101098974370E0);
#163=CARTESIAN_POINT('',(-1.931561649764E0,2.47E0,-4.1E0));
#164=LINE('',#163,#162);
#165=DIRECTION('',(0.E0,-1.E0,0.E0));
#166=VECTOR('',#165,8.55E0);
#167=CARTESIAN_POINT('',(-7.89E0,5.45E0,4.25E0));
#168=LINE('',#167,#166);
#169=DIRECTION('',(0.E0,0.E0,1.E0));
#170=VECTOR('',#169,1.725E0);
#171=CARTESIAN_POINT('',(-7.89E0,-3.1E0,2.525E0));
#172=LINE('',#171,#170);
#173=DIRECTION('',(0.E0,1.E0,0.E0));
#174=VECTOR('',#173,1.4238E0);
#175=CARTESIAN_POINT('',(-7.89E0,-4.5238E0,2.525E0));
#176=LINE('',#175,#174);
#177=DIRECTION('',(0.E0,1.E0,0.E0));
#178=VECTOR('',#177,8.5E-1);
#179=CARTESIAN_POINT('',(-7.89E0,-5.45E0,2.825E0));
#180=LINE('',#179,#178);
#181=DIRECTION('',(0.E0,1.E0,0.E0));
#182=VECTOR('',#181,1.09E1);
#183=CARTESIAN_POINT('',(-7.89E0,-5.45E0,4.875E0));
#184=LINE('',#183,#182);
#185=DIRECTION('',(0.E0,1.E0,0.E0));
#186=VECTOR('',#185,2.35E0);
#187=CARTESIAN_POINT('',(-7.89E0,-5.45E0,-4.1E0));
#188=LINE('',#187,#186);
#189=DIRECTION('',(0.E0,1.E0,0.E0));
#190=VECTOR('',#189,8.5E-1);
#191=CARTESIAN_POINT('',(-7.89E0,-5.45E0,-2.875E0));
#192=LINE('',#191,#190);
#193=DIRECTION('',(0.E0,-1.E0,0.E0));
#194=VECTOR('',#193,1.4238E0);
#195=CARTESIAN_POINT('',(-7.89E0,-3.1E0,-2.575E0));
#196=LINE('',#195,#194);
#197=DIRECTION('',(0.E0,0.E0,1.E0));
#198=VECTOR('',#197,1.525E0);
#199=CARTESIAN_POINT('',(-7.89E0,-3.1E0,-4.1E0));
#200=LINE('',#199,#198);
#201=DIRECTION('',(0.E0,-1.E0,0.E0));
#202=VECTOR('',#201,8.55E0);
#203=CARTESIAN_POINT('',(-7.74E0,5.45E0,4.1E0));
#204=LINE('',#203,#202);
#205=CARTESIAN_POINT('',(7.74E0,-3.1E0,4.25E0));
#206=DIRECTION('',(0.E0,1.E0,0.E0));
#207=DIRECTION('',(1.E0,0.E0,1.184237892933E-14));
#208=AXIS2_PLACEMENT_3D('',#205,#206,#207);
#210=DIRECTION('',(-1.E0,0.E0,0.E0));
#211=VECTOR('',#210,1.578E1);
#212=CARTESIAN_POINT('',(7.89E0,-3.1E0,2.525E0));
#213=LINE('',#212,#211);
#214=CARTESIAN_POINT('',(-7.74E0,-3.1E0,4.25E0));
#215=DIRECTION('',(0.E0,1.E0,0.E0));
#216=DIRECTION('',(0.E0,0.E0,-1.E0));
#217=AXIS2_PLACEMENT_3D('',#214,#215,#216);
#219=CARTESIAN_POINT('',(-1.E0,-3.1E0,4.2E0));
#220=DIRECTION('',(0.E0,1.E0,0.E0));
#221=DIRECTION('',(1.E0,0.E0,0.E0));
#222=AXIS2_PLACEMENT_3D('',#219,#220,#221);
#224=CARTESIAN_POINT('',(1.E0,-3.1E0,4.2E0));
#225=DIRECTION('',(0.E0,1.E0,0.E0));
#226=DIRECTION('',(0.E0,0.E0,-1.E0));
#227=AXIS2_PLACEMENT_3D('',#224,#225,#226);
#229=DIRECTION('',(-1.E0,0.E0,0.E0));
#230=VECTOR('',#229,6.74E0);
#231=CARTESIAN_POINT('',(7.74E0,-3.1E0,4.1E0));
#232=LINE('',#231,#230);
#233=DIRECTION('',(0.E0,1.E0,0.E0));
#234=VECTOR('',#233,8.55E0);
#235=CARTESIAN_POINT('',(1.E0,-3.1E0,4.1E0));
#236=LINE('',#235,#234);
#237=DIRECTION('',(0.E0,-1.E0,0.E0));
#238=VECTOR('',#237,8.55E0);
#239=CARTESIAN_POINT('',(7.74E0,5.45E0,4.1E0));
#240=LINE('',#239,#238);
#241=DIRECTION('',(0.E0,1.E0,0.E0));
#242=VECTOR('',#241,8.55E0);
#243=CARTESIAN_POINT('',(-1.E0,-3.1E0,4.1E0));
#244=LINE('',#243,#242);
#245=DIRECTION('',(-1.E0,0.E0,0.E0));
#246=VECTOR('',#245,6.74E0);
#247=CARTESIAN_POINT('',(-1.E0,-3.1E0,4.1E0));
#248=LINE('',#247,#246);
#249=DIRECTION('',(0.E0,-1.E0,0.E0));
#250=VECTOR('',#249,8.55E0);
#251=CARTESIAN_POINT('',(9.E-1,5.45E0,4.2E0));
#252=LINE('',#251,#250);
#253=DIRECTION('',(0.E0,0.E0,-1.E0));
#254=VECTOR('',#253,6.75E-1);
#255=CARTESIAN_POINT('',(9.E-1,-3.1E0,4.875E0));
#256=LINE('',#255,#254);
#257=DIRECTION('',(0.E0,-1.E0,0.E0));
#258=VECTOR('',#257,8.55E0);
#259=CARTESIAN_POINT('',(9.E-1,5.45E0,4.875E0));
#260=LINE('',#259,#258);
#261=DIRECTION('',(1.E0,0.E0,0.E0));
#262=VECTOR('',#261,1.8E0);
#263=CARTESIAN_POINT('',(-9.E-1,-3.1E0,4.875E0));
#264=LINE('',#263,#262);
#265=DIRECTION('',(0.E0,-1.E0,0.E0));
#266=VECTOR('',#265,8.55E0);
#267=CARTESIAN_POINT('',(-9.E-1,5.45E0,4.875E0));
#268=LINE('',#267,#266);
#269=DIRECTION('',(0.E0,0.E0,1.E0));
#270=VECTOR('',#269,6.75E-1);
#271=CARTESIAN_POINT('',(-9.E-1,-3.1E0,4.2E0));
#272=LINE('',#271,#270);
#273=DIRECTION('',(0.E0,-1.E0,0.E0));
#274=VECTOR('',#273,8.55E0);
#275=CARTESIAN_POINT('',(-9.E-1,5.45E0,4.2E0));
#276=LINE('',#275,#274);
#277=DIRECTION('',(0.E0,-1.E0,0.E0));
#278=VECTOR('',#277,8.55E0);
#279=CARTESIAN_POINT('',(7.89E0,5.45E0,4.25E0));
#280=LINE('',#279,#278);
#281=DIRECTION('',(0.E0,1.E0,0.E0));
#282=VECTOR('',#281,8.5E-1);
#283=CARTESIAN_POINT('',(7.89E0,-5.45E0,2.825E0));
#284=LINE('',#283,#282);
#285=DIRECTION('',(0.E0,1.E0,0.E0));
#286=VECTOR('',#285,1.4238E0);
#287=CARTESIAN_POINT('',(7.89E0,-4.5238E0,2.525E0));
#288=LINE('',#287,#286);
#289=DIRECTION('',(0.E0,0.E0,1.E0));
#290=VECTOR('',#289,1.725E0);
#291=CARTESIAN_POINT('',(7.89E0,-3.1E0,2.525E0));
#292=LINE('',#291,#290);
#293=DIRECTION('',(0.E0,-1.E0,0.E0));
#294=VECTOR('',#293,1.09E1);
#295=CARTESIAN_POINT('',(7.89E0,5.45E0,4.875E0));
#296=LINE('',#295,#294);
#297=DIRECTION('',(0.E0,1.E0,0.E0));
#298=VECTOR('',#297,2.35E0);
#299=CARTESIAN_POINT('',(7.89E0,-5.45E0,-4.1E0));
#300=LINE('',#299,#298);
#301=DIRECTION('',(0.E0,0.E0,1.E0));
#302=VECTOR('',#301,1.525E0);
#303=CARTESIAN_POINT('',(7.89E0,-3.1E0,-4.1E0));
#304=LINE('',#303,#302);
#305=DIRECTION('',(0.E0,-1.E0,0.E0));
#306=VECTOR('',#305,1.4238E0);
#307=CARTESIAN_POINT('',(7.89E0,-3.1E0,-2.575E0));
#308=LINE('',#307,#306);
#309=DIRECTION('',(0.E0,1.E0,0.E0));
#310=VECTOR('',#309,8.5E-1);
#311=CARTESIAN_POINT('',(7.89E0,-5.45E0,-2.875E0));
#312=LINE('',#311,#310);
#313=DIRECTION('',(-1.E0,0.E0,0.E0));
#314=VECTOR('',#313,9.E-1);
#315=CARTESIAN_POINT('',(-7.89E0,-4.6E0,2.825E0));
#316=LINE('',#315,#314);
#317=DIRECTION('',(-1.E0,0.E0,0.E0));
#318=VECTOR('',#317,9.E-1);
#319=CARTESIAN_POINT('',(8.79E0,-4.6E0,2.825E0));
#320=LINE('',#319,#318);
#321=DIRECTION('',(0.E0,0.E0,1.E0));
#322=VECTOR('',#321,3.762E-1);
#323=CARTESIAN_POINT('',(7.89E0,-4.6E0,2.4488E0));
#324=LINE('',#323,#322);
#325=DIRECTION('',(-1.E0,0.E0,0.E0));
#326=VECTOR('',#325,9.E-1);
#327=CARTESIAN_POINT('',(8.79E0,-4.6E0,-2.875E0));
#328=LINE('',#327,#326);
#329=DIRECTION('',(0.E0,0.E0,1.E0));
#330=VECTOR('',#329,3.762E-1);
#331=CARTESIAN_POINT('',(7.89E0,-4.6E0,-2.875E0));
#332=LINE('',#331,#330);
#333=DIRECTION('',(0.E0,0.E0,1.E0));
#334=VECTOR('',#333,3.762E-1);
#335=CARTESIAN_POINT('',(-7.89E0,-4.6E0,-2.875E0));
#336=LINE('',#335,#334);
#337=DIRECTION('',(-1.E0,0.E0,0.E0));
#338=VECTOR('',#337,9.E-1);
#339=CARTESIAN_POINT('',(-7.89E0,-4.6E0,-2.875E0));
#340=LINE('',#339,#338);
#341=DIRECTION('',(0.E0,0.E0,-1.E0));
#342=VECTOR('',#341,3.762E-1);
#343=CARTESIAN_POINT('',(-7.89E0,-4.6E0,2.825E0));
#344=LINE('',#343,#342);
#345=DIRECTION('',(0.E0,0.E0,-1.E0));
#346=VECTOR('',#345,6.508560486096E-1);
#347=CARTESIAN_POINT('',(6.025E0,-4.6E0,1.596096179259E0));
#348=LINE('',#347,#346);
#349=DIRECTION('',(-1.E0,0.E0,0.E0));
#350=VECTOR('',#349,6.5E-1);
#351=CARTESIAN_POINT('',(6.675E0,-4.6E0,9.452401306499E-1));
#352=LINE('',#351,#350);
#353=DIRECTION('',(0.E0,0.E0,-1.E0));
#354=VECTOR('',#353,6.508560486096E-1);
#355=CARTESIAN_POINT('',(6.675E0,-4.6E0,1.596096179259E0));
#356=LINE('',#355,#354);
#357=DIRECTION('',(-1.E0,0.E0,0.E0));
#358=VECTOR('',#357,6.5E-1);
#359=CARTESIAN_POINT('',(6.675E0,-4.6E0,1.596096179259E0));
#360=LINE('',#359,#358);
#361=DIRECTION('',(0.E0,0.E0,-1.E0));
#362=VECTOR('',#361,6.508560486096E-1);
#363=CARTESIAN_POINT('',(3.485E0,-4.6E0,1.596096179259E0));
#364=LINE('',#363,#362);
#365=DIRECTION('',(-1.E0,0.E0,0.E0));
#366=VECTOR('',#365,6.5E-1);
#367=CARTESIAN_POINT('',(4.135E0,-4.6E0,9.452401306499E-1));
#368=LINE('',#367,#366);
#369=DIRECTION('',(0.E0,0.E0,-1.E0));
#370=VECTOR('',#369,6.508560486096E-1);
#371=CARTESIAN_POINT('',(4.135E0,-4.6E0,1.596096179259E0));
#372=LINE('',#371,#370);
#373=DIRECTION('',(-1.E0,0.E0,0.E0));
#374=VECTOR('',#373,6.5E-1);
#375=CARTESIAN_POINT('',(4.135E0,-4.6E0,1.596096179259E0));
#376=LINE('',#375,#374);
#377=DIRECTION('',(0.E0,0.E0,-1.E0));
#378=VECTOR('',#377,6.508560486096E-1);
#379=CARTESIAN_POINT('',(9.45E-1,-4.6E0,1.596096179259E0));
#380=LINE('',#379,#378);
#381=DIRECTION('',(-1.E0,0.E0,0.E0));
#382=VECTOR('',#381,6.5E-1);
#383=CARTESIAN_POINT('',(1.595E0,-4.6E0,9.452401306499E-1));
#384=LINE('',#383,#382);
#385=DIRECTION('',(0.E0,0.E0,-1.E0));
#386=VECTOR('',#385,6.508560486096E-1);
#387=CARTESIAN_POINT('',(1.595E0,-4.6E0,1.596096179259E0));
#388=LINE('',#387,#386);
#389=DIRECTION('',(-1.E0,0.E0,0.E0));
#390=VECTOR('',#389,6.5E-1);
#391=CARTESIAN_POINT('',(1.595E0,-4.6E0,1.596096179259E0));
#392=LINE('',#391,#390);
#393=DIRECTION('',(0.E0,0.E0,-1.E0));
#394=VECTOR('',#393,6.508560486096E-1);
#395=CARTESIAN_POINT('',(-1.595E0,-4.6E0,1.596096179259E0));
#396=LINE('',#395,#394);
#397=DIRECTION('',(-1.E0,0.E0,0.E0));
#398=VECTOR('',#397,6.5E-1);
#399=CARTESIAN_POINT('',(-9.45E-1,-4.6E0,9.452401306499E-1));
#400=LINE('',#399,#398);
#401=DIRECTION('',(0.E0,0.E0,-1.E0));
#402=VECTOR('',#401,6.508560486096E-1);
#403=CARTESIAN_POINT('',(-9.45E-1,-4.6E0,1.596096179259E0));
#404=LINE('',#403,#402);
#405=DIRECTION('',(-1.E0,0.E0,0.E0));
#406=VECTOR('',#405,6.5E-1);
#407=CARTESIAN_POINT('',(-9.45E-1,-4.6E0,1.596096179259E0));
#408=LINE('',#407,#406);
#409=DIRECTION('',(0.E0,0.E0,-1.E0));
#410=VECTOR('',#409,6.508560486096E-1);
#411=CARTESIAN_POINT('',(-4.135E0,-4.6E0,1.596096179259E0));
#412=LINE('',#411,#410);
#413=DIRECTION('',(-1.E0,0.E0,0.E0));
#414=VECTOR('',#413,6.5E-1);
#415=CARTESIAN_POINT('',(-3.485E0,-4.6E0,9.452401306499E-1));
#416=LINE('',#415,#414);
#417=DIRECTION('',(0.E0,0.E0,-1.E0));
#418=VECTOR('',#417,6.508560486096E-1);
#419=CARTESIAN_POINT('',(-3.485E0,-4.6E0,1.596096179259E0));
#420=LINE('',#419,#418);
#421=DIRECTION('',(-1.E0,0.E0,0.E0));
#422=VECTOR('',#421,6.5E-1);
#423=CARTESIAN_POINT('',(-3.485E0,-4.6E0,1.596096179259E0));
#424=LINE('',#423,#422);
#425=DIRECTION('',(0.E0,0.E0,-1.E0));
#426=VECTOR('',#425,6.508560486096E-1);
#427=CARTESIAN_POINT('',(-6.675E0,-4.6E0,1.596096179259E0));
#428=LINE('',#427,#426);
#429=DIRECTION('',(-1.E0,0.E0,0.E0));
#430=VECTOR('',#429,6.5E-1);
#431=CARTESIAN_POINT('',(-6.025E0,-4.6E0,9.452401306499E-1));
#432=LINE('',#431,#430);
#433=DIRECTION('',(0.E0,0.E0,-1.E0));
#434=VECTOR('',#433,6.508560486096E-1);
#435=CARTESIAN_POINT('',(-6.025E0,-4.6E0,1.596096179259E0));
#436=LINE('',#435,#434);
#437=DIRECTION('',(-1.E0,0.E0,0.E0));
#438=VECTOR('',#437,6.5E-1);
#439=CARTESIAN_POINT('',(-6.025E0,-4.6E0,1.596096179259E0));
#440=LINE('',#439,#438);
#441=DIRECTION('',(-1.E0,0.E0,0.E0));
#442=VECTOR('',#441,6.5E-1);
#443=CARTESIAN_POINT('',(6.675E0,-4.6E0,-9.45E-1));
#444=LINE('',#443,#442);
#445=DIRECTION('',(0.E0,0.E0,-1.E0));
#446=VECTOR('',#445,6.5E-1);
#447=CARTESIAN_POINT('',(6.025E0,-4.6E0,-9.45E-1));
#448=LINE('',#447,#446);
#449=DIRECTION('',(1.E0,0.E0,0.E0));
#450=VECTOR('',#449,6.5E-1);
#451=CARTESIAN_POINT('',(6.025E0,-4.6E0,-1.595E0));
#452=LINE('',#451,#450);
#453=DIRECTION('',(0.E0,0.E0,-1.E0));
#454=VECTOR('',#453,6.5E-1);
#455=CARTESIAN_POINT('',(6.675E0,-4.6E0,-9.45E-1));
#456=LINE('',#455,#454);
#457=DIRECTION('',(-1.E0,0.E0,0.E0));
#458=VECTOR('',#457,6.5E-1);
#459=CARTESIAN_POINT('',(4.135E0,-4.6E0,-9.45E-1));
#460=LINE('',#459,#458);
#461=DIRECTION('',(0.E0,0.E0,-1.E0));
#462=VECTOR('',#461,6.5E-1);
#463=CARTESIAN_POINT('',(3.485E0,-4.6E0,-9.45E-1));
#464=LINE('',#463,#462);
#465=DIRECTION('',(1.E0,0.E0,0.E0));
#466=VECTOR('',#465,6.5E-1);
#467=CARTESIAN_POINT('',(3.485E0,-4.6E0,-1.595E0));
#468=LINE('',#467,#466);
#469=DIRECTION('',(0.E0,0.E0,-1.E0));
#470=VECTOR('',#469,6.5E-1);
#471=CARTESIAN_POINT('',(4.135E0,-4.6E0,-9.45E-1));
#472=LINE('',#471,#470);
#473=DIRECTION('',(-1.E0,0.E0,0.E0));
#474=VECTOR('',#473,6.5E-1);
#475=CARTESIAN_POINT('',(1.595E0,-4.6E0,-9.45E-1));
#476=LINE('',#475,#474);
#477=DIRECTION('',(0.E0,0.E0,-1.E0));
#478=VECTOR('',#477,6.5E-1);
#479=CARTESIAN_POINT('',(9.45E-1,-4.6E0,-9.45E-1));
#480=LINE('',#479,#478);
#481=DIRECTION('',(1.E0,0.E0,0.E0));
#482=VECTOR('',#481,6.5E-1);
#483=CARTESIAN_POINT('',(9.45E-1,-4.6E0,-1.595E0));
#484=LINE('',#483,#482);
#485=DIRECTION('',(0.E0,0.E0,-1.E0));
#486=VECTOR('',#485,6.5E-1);
#487=CARTESIAN_POINT('',(1.595E0,-4.6E0,-9.45E-1));
#488=LINE('',#487,#486);
#489=DIRECTION('',(-1.E0,0.E0,0.E0));
#490=VECTOR('',#489,6.5E-1);
#491=CARTESIAN_POINT('',(-9.45E-1,-4.6E0,-9.45E-1));
#492=LINE('',#491,#490);
#493=DIRECTION('',(0.E0,0.E0,-1.E0));
#494=VECTOR('',#493,6.5E-1);
#495=CARTESIAN_POINT('',(-1.595E0,-4.6E0,-9.45E-1));
#496=LINE('',#495,#494);
#497=DIRECTION('',(1.E0,0.E0,0.E0));
#498=VECTOR('',#497,6.5E-1);
#499=CARTESIAN_POINT('',(-1.595E0,-4.6E0,-1.595E0));
#500=LINE('',#499,#498);
#501=DIRECTION('',(0.E0,0.E0,-1.E0));
#502=VECTOR('',#501,6.5E-1);
#503=CARTESIAN_POINT('',(-9.45E-1,-4.6E0,-9.45E-1));
#504=LINE('',#503,#502);
#505=DIRECTION('',(-1.E0,0.E0,0.E0));
#506=VECTOR('',#505,6.5E-1);
#507=CARTESIAN_POINT('',(-3.485E0,-4.6E0,-9.45E-1));
#508=LINE('',#507,#506);
#509=DIRECTION('',(0.E0,0.E0,-1.E0));
#510=VECTOR('',#509,6.5E-1);
#511=CARTESIAN_POINT('',(-4.135E0,-4.6E0,-9.45E-1));
#512=LINE('',#511,#510);
#513=DIRECTION('',(1.E0,0.E0,0.E0));
#514=VECTOR('',#513,6.5E-1);
#515=CARTESIAN_POINT('',(-4.135E0,-4.6E0,-1.595E0));
#516=LINE('',#515,#514);
#517=DIRECTION('',(0.E0,0.E0,-1.E0));
#518=VECTOR('',#517,6.5E-1);
#519=CARTESIAN_POINT('',(-3.485E0,-4.6E0,-9.45E-1));
#520=LINE('',#519,#518);
#521=DIRECTION('',(-1.E0,0.E0,0.E0));
#522=VECTOR('',#521,6.5E-1);
#523=CARTESIAN_POINT('',(-6.025E0,-4.6E0,-9.45E-1));
#524=LINE('',#523,#522);
#525=DIRECTION('',(0.E0,0.E0,-1.E0));
#526=VECTOR('',#525,6.5E-1);
#527=CARTESIAN_POINT('',(-6.675E0,-4.6E0,-9.45E-1));
#528=LINE('',#527,#526);
#529=DIRECTION('',(1.E0,0.E0,0.E0));
#530=VECTOR('',#529,6.5E-1);
#531=CARTESIAN_POINT('',(-6.675E0,-4.6E0,-1.595E0));
#532=LINE('',#531,#530);
#533=DIRECTION('',(0.E0,0.E0,-1.E0));
#534=VECTOR('',#533,6.5E-1);
#535=CARTESIAN_POINT('',(-6.025E0,-4.6E0,-9.45E-1));
#536=LINE('',#535,#534);
#537=DIRECTION('',(1.E0,0.E0,0.E0));
#538=VECTOR('',#537,1.578E1);
#539=CARTESIAN_POINT('',(-7.89E0,-4.6E0,2.4488E0));
#540=LINE('',#539,#538);
#541=DIRECTION('',(0.E0,7.071067811865E-1,7.071067811865E-1));
#542=VECTOR('',#541,1.077630734528E-1);
#543=CARTESIAN_POINT('',(-7.89E0,-4.6E0,2.4488E0));
#544=LINE('',#543,#542);
#545=DIRECTION('',(1.E0,0.E0,0.E0));
#546=VECTOR('',#545,1.578E1);
#547=CARTESIAN_POINT('',(-7.89E0,-4.5238E0,2.525E0));
#548=LINE('',#547,#546);
#549=DIRECTION('',(0.E0,7.071067811865E-1,7.071067811865E-1));
#550=VECTOR('',#549,1.077630734528E-1);
#551=CARTESIAN_POINT('',(7.89E0,-4.6E0,2.4488E0));
#552=LINE('',#551,#550);
#553=DIRECTION('',(0.E0,1.E0,0.E0));
#554=VECTOR('',#553,1.09E1);
#555=CARTESIAN_POINT('',(8.79E0,-5.45E0,-4.1E0));
#556=LINE('',#555,#554);
#557=DIRECTION('',(0.E0,0.E0,1.E0));
#558=VECTOR('',#557,1.225E0);
#559=CARTESIAN_POINT('',(8.79E0,-5.45E0,-4.1E0));
#560=LINE('',#559,#558);
#561=DIRECTION('',(0.E0,1.E0,0.E0));
#562=VECTOR('',#561,8.5E-1);
#563=CARTESIAN_POINT('',(8.79E0,-5.45E0,-2.875E0));
#564=LINE('',#563,#562);
#565=DIRECTION('',(0.E0,0.E0,1.E0));
#566=VECTOR('',#565,5.7E0);
#567=CARTESIAN_POINT('',(8.79E0,-4.6E0,-2.875E0));
#568=LINE('',#567,#566);
#569=DIRECTION('',(0.E0,1.E0,0.E0));
#570=VECTOR('',#569,8.5E-1);
#571=CARTESIAN_POINT('',(8.79E0,-5.45E0,2.825E0));
#572=LINE('',#571,#570);
#573=DIRECTION('',(0.E0,0.E0,1.E0));
#574=VECTOR('',#573,2.05E0);
#575=CARTESIAN_POINT('',(8.79E0,-5.45E0,2.825E0));
#576=LINE('',#575,#574);
#577=DIRECTION('',(1.E0,0.E0,0.E0));
#578=VECTOR('',#577,9.E-1);
#579=CARTESIAN_POINT('',(-8.79E0,-5.45E0,2.825E0));
#580=LINE('',#579,#578);
#581=DIRECTION('',(0.E0,0.E0,1.E0));
#582=VECTOR('',#581,2.05E0);
#583=CARTESIAN_POINT('',(-8.79E0,-5.45E0,2.825E0));
#584=LINE('',#583,#582);
#585=DIRECTION('',(0.E0,0.E0,1.E0));
#586=VECTOR('',#585,2.05E0);
#587=CARTESIAN_POINT('',(-7.89E0,-5.45E0,2.825E0));
#588=LINE('',#587,#586);
#589=DIRECTION('',(1.E0,0.E0,0.E0));
#590=VECTOR('',#589,9.E-1);
#591=CARTESIAN_POINT('',(7.89E0,-5.45E0,2.825E0));
#592=LINE('',#591,#590);
#593=DIRECTION('',(0.E0,0.E0,1.E0));
#594=VECTOR('',#593,2.05E0);
#595=CARTESIAN_POINT('',(7.89E0,-5.45E0,2.825E0));
#596=LINE('',#595,#594);
#597=DIRECTION('',(1.E0,0.E0,0.E0));
#598=VECTOR('',#597,9.E-1);
#599=CARTESIAN_POINT('',(-8.79E0,-5.45E0,-4.1E0));
#600=LINE('',#599,#598);
#601=DIRECTION('',(0.E0,0.E0,1.E0));
#602=VECTOR('',#601,1.225E0);
#603=CARTESIAN_POINT('',(-8.79E0,-5.45E0,-4.1E0));
#604=LINE('',#603,#602);
#605=DIRECTION('',(1.E0,0.E0,0.E0));
#606=VECTOR('',#605,9.E-1);
#607=CARTESIAN_POINT('',(-8.79E0,-5.45E0,-2.875E0));
#608=LINE('',#607,#606);
#609=DIRECTION('',(0.E0,0.E0,1.E0));
#610=VECTOR('',#609,1.225E0);
#611=CARTESIAN_POINT('',(-7.89E0,-5.45E0,-4.1E0));
#612=LINE('',#611,#610);
#613=DIRECTION('',(-1.E0,0.E0,0.E0));
#614=VECTOR('',#613,9.E-1);
#615=CARTESIAN_POINT('',(8.79E0,-5.45E0,-4.1E0));
#616=LINE('',#615,#614);
#617=DIRECTION('',(0.E0,0.E0,1.E0));
#618=VECTOR('',#617,1.225E0);
#619=CARTESIAN_POINT('',(7.89E0,-5.45E0,-4.1E0));
#620=LINE('',#619,#618);
#621=DIRECTION('',(1.E0,0.E0,0.E0));
#622=VECTOR('',#621,9.E-1);
#623=CARTESIAN_POINT('',(7.89E0,-5.45E0,-2.875E0));
#624=LINE('',#623,#622);
#625=DIRECTION('',(0.E0,-1.E0,0.E0));
#626=VECTOR('',#625,1.09E1);
#627=CARTESIAN_POINT('',(-8.79E0,5.45E0,-4.1E0));
#628=LINE('',#627,#626);
#629=DIRECTION('',(0.E0,0.E0,1.E0));
#630=VECTOR('',#629,8.975E0);
#631=CARTESIAN_POINT('',(-8.79E0,5.45E0,-4.1E0));
#632=LINE('',#631,#630);
#633=DIRECTION('',(0.E0,1.E0,0.E0));
#634=VECTOR('',#633,8.5E-1);
#635=CARTESIAN_POINT('',(-8.79E0,-5.45E0,2.825E0));
#636=LINE('',#635,#634);
#637=DIRECTION('',(0.E0,0.E0,1.E0));
#638=VECTOR('',#637,5.7E0);
#639=CARTESIAN_POINT('',(-8.79E0,-4.6E0,-2.875E0));
#640=LINE('',#639,#638);
#641=DIRECTION('',(0.E0,1.E0,0.E0));
#642=VECTOR('',#641,8.5E-1);
#643=CARTESIAN_POINT('',(-8.79E0,-5.45E0,-2.875E0));
#644=LINE('',#643,#642);
#645=DIRECTION('',(1.E0,0.E0,0.E0));
#646=VECTOR('',#645,9.E-1);
#647=CARTESIAN_POINT('',(-8.79E0,-5.45E0,4.875E0));
#648=LINE('',#647,#646);
#649=DIRECTION('',(0.E0,-1.E0,0.E0));
#650=VECTOR('',#649,1.09E1);
#651=CARTESIAN_POINT('',(-8.79E0,5.45E0,4.875E0));
#652=LINE('',#651,#650);
#653=DIRECTION('',(-1.E0,0.E0,0.E0));
#654=VECTOR('',#653,9.E-1);
#655=CARTESIAN_POINT('',(-7.89E0,5.45E0,4.875E0));
#656=LINE('',#655,#654);
#657=DIRECTION('',(-1.E0,0.E0,0.E0));
#658=VECTOR('',#657,9.E-1);
#659=CARTESIAN_POINT('',(8.79E0,5.45E0,4.875E0));
#660=LINE('',#659,#658);
#661=DIRECTION('',(0.E0,1.E0,0.E0));
#662=VECTOR('',#661,1.09E1);
#663=CARTESIAN_POINT('',(8.79E0,-5.45E0,4.875E0));
#664=LINE('',#663,#662);
#665=DIRECTION('',(1.E0,0.E0,0.E0));
#666=VECTOR('',#665,9.E-1);
#667=CARTESIAN_POINT('',(7.89E0,-5.45E0,4.875E0));
#668=LINE('',#667,#666);
#669=DIRECTION('',(1.E0,0.E0,0.E0));
#670=VECTOR('',#669,1.578E1);
#671=CARTESIAN_POINT('',(-7.89E0,-4.6E0,-2.4988E0));
#672=LINE('',#671,#670);
#673=DIRECTION('',(0.E0,7.071067811865E-1,-7.071067811865E-1));
#674=VECTOR('',#673,1.077630734528E-1);
#675=CARTESIAN_POINT('',(7.89E0,-4.6E0,-2.4988E0));
#676=LINE('',#675,#674);
#677=DIRECTION('',(1.E0,0.E0,0.E0));
#678=VECTOR('',#677,1.578E1);
#679=CARTESIAN_POINT('',(-7.89E0,-4.5238E0,-2.575E0));
#680=LINE('',#679,#678);
#681=DIRECTION('',(-1.648391032739E-14,7.071067811865E-1,-7.071067811865E-1));
#682=VECTOR('',#681,1.077630734528E-1);
#683=CARTESIAN_POINT('',(-7.89E0,-4.6E0,-2.4988E0));
#684=LINE('',#683,#682);
#685=DIRECTION('',(-1.E0,0.E0,0.E0));
#686=VECTOR('',#685,1.578E1);
#687=CARTESIAN_POINT('',(7.89E0,-3.1E0,-2.575E0));
#688=LINE('',#687,#686);
#689=DIRECTION('',(0.E0,-1.E0,0.E0));
#690=VECTOR('',#689,6.5E-1);
#691=CARTESIAN_POINT('',(6.025E0,-4.763E0,7.275E0));
#692=LINE('',#691,#690);
#693=CARTESIAN_POINT('',(6.025E0,-4.58E0,1.778E0));
#694=DIRECTION('',(-1.E0,0.E0,0.E0));
#695=DIRECTION('',(0.E0,-1.092896174863E-1,-9.940099494018E-1));
#696=AXIS2_PLACEMENT_3D('',#693,#694,#695);
#698=DIRECTION('',(0.E0,0.E0,1.E0));
#699=VECTOR('',#698,5.497E0);
#700=CARTESIAN_POINT('',(6.025E0,-4.763E0,1.778E0));
#701=LINE('',#700,#699);
#702=DIRECTION('',(0.E0,0.E0,1.E0));
#703=VECTOR('',#702,6.5E-1);
#704=CARTESIAN_POINT('',(6.025E0,4.02E0,9.45E-1));
#705=LINE('',#704,#703);
#706=DIRECTION('',(0.E0,-1.E0,0.E0));
#707=VECTOR('',#706,6.25E0);
#708=CARTESIAN_POINT('',(6.025E0,4.02E0,1.595E0));
#709=LINE('',#708,#707);
#710=DIRECTION('',(0.E0,1.E0,0.E0));
#711=VECTOR('',#710,2.5E-1);
#712=CARTESIAN_POINT('',(6.475E0,-5.213E0,7.775E0));
#713=LINE('',#712,#711);
#714=DIRECTION('',(1.E0,0.E0,0.E0));
#715=VECTOR('',#714,2.5E-1);
#716=CARTESIAN_POINT('',(6.225E0,-5.213E0,7.775E0));
#717=LINE('',#716,#715);
#718=DIRECTION('',(0.E0,-1.E0,0.E0));
#719=VECTOR('',#718,2.5E-1);
#720=CARTESIAN_POINT('',(6.225E0,-4.963E0,7.775E0));
#721=LINE('',#720,#719);
#722=DIRECTION('',(-1.E0,0.E0,0.E0));
#723=VECTOR('',#722,2.5E-1);
#724=CARTESIAN_POINT('',(6.475E0,-4.963E0,7.775E0));
#725=LINE('',#724,#723);
#726=DIRECTION('',(0.E0,1.E0,0.E0));
#727=VECTOR('',#726,6.5E-1);
#728=CARTESIAN_POINT('',(6.675E0,-5.413E0,7.275E0));
#729=LINE('',#728,#727);
#730=CARTESIAN_POINT('',(6.675E0,-4.58E0,1.778E0));
#731=DIRECTION('',(-1.E0,0.E0,0.E0));
#732=DIRECTION('',(0.E0,-2.400960384154E-2,-9.997117279113E-1));
#733=AXIS2_PLACEMENT_3D('',#730,#731,#732);
#735=DIRECTION('',(0.E0,0.E0,1.E0));
#736=VECTOR('',#735,5.497E0);
#737=CARTESIAN_POINT('',(6.675E0,-5.413E0,1.778E0));
#738=LINE('',#737,#736);
#739=DIRECTION('',(0.E0,0.E0,-1.E0));
#740=VECTOR('',#739,6.5E-1);
#741=CARTESIAN_POINT('',(6.675E0,4.02E0,1.595E0));
#742=LINE('',#741,#740);
#743=DIRECTION('',(0.E0,-1.E0,0.E0));
#744=VECTOR('',#743,6.25E0);
#745=CARTESIAN_POINT('',(6.675E0,4.02E0,9.45E-1));
#746=LINE('',#745,#744);
#747=DIRECTION('',(-1.E0,0.E0,0.E0));
#748=VECTOR('',#747,6.5E-1);
#749=CARTESIAN_POINT('',(6.675E0,-4.763E0,7.275E0));
#750=LINE('',#749,#748);
#751=DIRECTION('',(-1.E0,0.E0,0.E0));
#752=VECTOR('',#751,6.5E-1);
#753=CARTESIAN_POINT('',(6.675E0,-4.763E0,1.778E0));
#754=LINE('',#753,#752);
#755=DIRECTION('',(0.E0,0.E0,1.E0));
#756=VECTOR('',#755,5.497E0);
#757=CARTESIAN_POINT('',(6.675E0,-4.763E0,1.778E0));
#758=LINE('',#757,#756);
#759=DIRECTION('',(-3.481553119114E-1,-3.481553119114E-1,8.703882797785E-1));
#760=VECTOR('',#759,5.744562646538E-1);
#761=CARTESIAN_POINT('',(6.675E0,-4.763E0,7.275E0));
#762=LINE('',#761,#760);
#763=DIRECTION('',(-3.481553119114E-1,3.481553119114E-1,-8.703882797785E-1));
#764=VECTOR('',#763,5.744562646538E-1);
#765=CARTESIAN_POINT('',(6.225E0,-4.963E0,7.775E0));
#766=LINE('',#765,#764);
#767=CARTESIAN_POINT('',(6.675E0,-4.58E0,1.778E0));
#768=DIRECTION('',(-1.E0,0.E0,0.E0));
#769=DIRECTION('',(0.E0,-1.092896174863E-1,-9.940099494018E-1));
#770=AXIS2_PLACEMENT_3D('',#767,#768,#769);
#772=CARTESIAN_POINT('',(6.025E0,-4.58E0,1.778E0));
#773=DIRECTION('',(-1.E0,0.E0,0.E0));
#774=DIRECTION('',(0.E0,-2.400960384154E-2,-9.997117279113E-1));
#775=AXIS2_PLACEMENT_3D('',#772,#773,#774);
#777=DIRECTION('',(1.E0,0.E0,0.E0));
#778=VECTOR('',#777,6.5E-1);
#779=CARTESIAN_POINT('',(6.025E0,-5.413E0,7.275E0));
#780=LINE('',#779,#778);
#781=DIRECTION('',(1.E0,0.E0,0.E0));
#782=VECTOR('',#781,6.5E-1);
#783=CARTESIAN_POINT('',(6.025E0,-5.413E0,1.778E0));
#784=LINE('',#783,#782);
#785=DIRECTION('',(0.E0,0.E0,1.E0));
#786=VECTOR('',#785,5.497E0);
#787=CARTESIAN_POINT('',(6.025E0,-5.413E0,1.778E0));
#788=LINE('',#787,#786);
#789=DIRECTION('',(3.481553119114E-1,3.481553119114E-1,8.703882797785E-1));
#790=VECTOR('',#789,5.744562646538E-1);
#791=CARTESIAN_POINT('',(6.025E0,-5.413E0,7.275E0));
#792=LINE('',#791,#790);
#793=DIRECTION('',(3.481553119114E-1,-3.481553119114E-1,-8.703882797785E-1));
#794=VECTOR('',#793,5.744562646538E-1);
#795=CARTESIAN_POINT('',(6.475E0,-5.213E0,7.775E0));
#796=LINE('',#795,#794);
#797=DIRECTION('',(3.481553119114E-1,-8.703882797785E-1,-3.481553119114E-1));
#798=VECTOR('',#797,5.744562646538E-1);
#799=CARTESIAN_POINT('',(6.475E0,4.52E0,1.145E0));
#800=LINE('',#799,#798);
#801=DIRECTION('',(1.E0,0.E0,0.E0));
#802=VECTOR('',#801,2.5E-1);
#803=CARTESIAN_POINT('',(6.225E0,4.52E0,1.395E0));
#804=LINE('',#803,#802);
#805=DIRECTION('',(0.E0,0.E0,1.E0));
#806=VECTOR('',#805,2.5E-1);
#807=CARTESIAN_POINT('',(6.225E0,4.52E0,1.145E0));
#808=LINE('',#807,#806);
#809=DIRECTION('',(-1.E0,0.E0,0.E0));
#810=VECTOR('',#809,2.5E-1);
#811=CARTESIAN_POINT('',(6.475E0,4.52E0,1.145E0));
#812=LINE('',#811,#810);
#813=DIRECTION('',(0.E0,0.E0,-1.E0));
#814=VECTOR('',#813,2.5E-1);
#815=CARTESIAN_POINT('',(6.475E0,4.52E0,1.395E0));
#816=LINE('',#815,#814);
#817=DIRECTION('',(3.481553119114E-1,-8.703882797785E-1,3.481553119114E-1));
#818=VECTOR('',#817,5.744562646538E-1);
#819=CARTESIAN_POINT('',(6.475E0,4.52E0,1.395E0));
#820=LINE('',#819,#818);
#821=DIRECTION('',(1.E0,0.E0,0.E0));
#822=VECTOR('',#821,6.5E-1);
#823=CARTESIAN_POINT('',(6.025E0,4.02E0,1.595E0));
#824=LINE('',#823,#822);
#825=DIRECTION('',(0.E0,-1.E0,0.E0));
#826=VECTOR('',#825,6.25E0);
#827=CARTESIAN_POINT('',(6.675E0,4.02E0,1.595E0));
#828=LINE('',#827,#826);
#829=DIRECTION('',(0.E0,0.E0,1.E0));
#830=VECTOR('',#829,5.08E0);
#831=CARTESIAN_POINT('',(-7.87E0,-2.23E0,-2.54E0));
#832=LINE('',#831,#830);
#833=DIRECTION('',(-1.E0,0.E0,0.E0));
#834=VECTOR('',#833,1.574E1);
#835=CARTESIAN_POINT('',(7.87E0,-2.23E0,-2.54E0));
#836=LINE('',#835,#834);
#837=DIRECTION('',(0.E0,0.E0,-1.E0));
#838=VECTOR('',#837,5.08E0);
#839=CARTESIAN_POINT('',(7.87E0,-2.23E0,2.54E0));
#840=LINE('',#839,#838);
#841=DIRECTION('',(1.E0,0.E0,0.E0));
#842=VECTOR('',#841,1.574E1);
#843=CARTESIAN_POINT('',(-7.87E0,-2.23E0,2.54E0));
#844=LINE('',#843,#842);
#845=DIRECTION('',(-1.E0,0.E0,0.E0));
#846=VECTOR('',#845,6.5E-1);
#847=CARTESIAN_POINT('',(6.675E0,-2.23E0,1.595E0));
#848=LINE('',#847,#846);
#849=DIRECTION('',(0.E0,0.E0,-1.E0));
#850=VECTOR('',#849,6.5E-1);
#851=CARTESIAN_POINT('',(6.675E0,-2.23E0,1.595E0));
#852=LINE('',#851,#850);
#853=DIRECTION('',(1.E0,0.E0,0.E0));
#854=VECTOR('',#853,6.5E-1);
#855=CARTESIAN_POINT('',(6.025E0,-2.23E0,9.45E-1));
#856=LINE('',#855,#854);
#857=DIRECTION('',(0.E0,0.E0,-1.E0));
#858=VECTOR('',#857,6.5E-1);
#859=CARTESIAN_POINT('',(6.025E0,-2.23E0,1.595E0));
#860=LINE('',#859,#858);
#861=DIRECTION('',(-1.E0,0.E0,0.E0));
#862=VECTOR('',#861,6.5E-1);
#863=CARTESIAN_POINT('',(4.135E0,-2.23E0,1.595E0));
#864=LINE('',#863,#862);
#865=DIRECTION('',(0.E0,0.E0,-1.E0));
#866=VECTOR('',#865,6.5E-1);
#867=CARTESIAN_POINT('',(4.135E0,-2.23E0,1.595E0));
#868=LINE('',#867,#866);
#869=DIRECTION('',(1.E0,0.E0,0.E0));
#870=VECTOR('',#869,6.5E-1);
#871=CARTESIAN_POINT('',(3.485E0,-2.23E0,9.45E-1));
#872=LINE('',#871,#870);
#873=DIRECTION('',(0.E0,0.E0,-1.E0));
#874=VECTOR('',#873,6.5E-1);
#875=CARTESIAN_POINT('',(3.485E0,-2.23E0,1.595E0));
#876=LINE('',#875,#874);
#877=DIRECTION('',(-1.E0,0.E0,0.E0));
#878=VECTOR('',#877,6.5E-1);
#879=CARTESIAN_POINT('',(1.595E0,-2.23E0,1.595E0));
#880=LINE('',#879,#878);
#881=DIRECTION('',(0.E0,0.E0,-1.E0));
#882=VECTOR('',#881,6.5E-1);
#883=CARTESIAN_POINT('',(1.595E0,-2.23E0,1.595E0));
#884=LINE('',#883,#882);
#885=DIRECTION('',(1.E0,0.E0,0.E0));
#886=VECTOR('',#885,6.5E-1);
#887=CARTESIAN_POINT('',(9.45E-1,-2.23E0,9.45E-1));
#888=LINE('',#887,#886);
#889=DIRECTION('',(0.E0,0.E0,-1.E0));
#890=VECTOR('',#889,6.5E-1);
#891=CARTESIAN_POINT('',(9.45E-1,-2.23E0,1.595E0));
#892=LINE('',#891,#890);
#893=DIRECTION('',(-1.E0,0.E0,0.E0));
#894=VECTOR('',#893,6.5E-1);
#895=CARTESIAN_POINT('',(-9.45E-1,-2.23E0,1.595E0));
#896=LINE('',#895,#894);
#897=DIRECTION('',(0.E0,0.E0,-1.E0));
#898=VECTOR('',#897,6.5E-1);
#899=CARTESIAN_POINT('',(-9.45E-1,-2.23E0,1.595E0));
#900=LINE('',#899,#898);
#901=DIRECTION('',(1.E0,0.E0,0.E0));
#902=VECTOR('',#901,6.5E-1);
#903=CARTESIAN_POINT('',(-1.595E0,-2.23E0,9.45E-1));
#904=LINE('',#903,#902);
#905=DIRECTION('',(0.E0,0.E0,-1.E0));
#906=VECTOR('',#905,6.5E-1);
#907=CARTESIAN_POINT('',(-1.595E0,-2.23E0,1.595E0));
#908=LINE('',#907,#906);
#909=DIRECTION('',(-1.E0,0.E0,0.E0));
#910=VECTOR('',#909,6.5E-1);
#911=CARTESIAN_POINT('',(-3.485E0,-2.23E0,1.595E0));
#912=LINE('',#911,#910);
#913=DIRECTION('',(0.E0,0.E0,-1.E0));
#914=VECTOR('',#913,6.5E-1);
#915=CARTESIAN_POINT('',(-3.485E0,-2.23E0,1.595E0));
#916=LINE('',#915,#914);
#917=DIRECTION('',(1.E0,0.E0,0.E0));
#918=VECTOR('',#917,6.5E-1);
#919=CARTESIAN_POINT('',(-4.135E0,-2.23E0,9.45E-1));
#920=LINE('',#919,#918);
#921=DIRECTION('',(0.E0,0.E0,-1.E0));
#922=VECTOR('',#921,6.5E-1);
#923=CARTESIAN_POINT('',(-4.135E0,-2.23E0,1.595E0));
#924=LINE('',#923,#922);
#925=DIRECTION('',(-1.E0,0.E0,0.E0));
#926=VECTOR('',#925,6.5E-1);
#927=CARTESIAN_POINT('',(-6.025E0,-2.23E0,1.595E0));
#928=LINE('',#927,#926);
#929=DIRECTION('',(0.E0,0.E0,-1.E0));
#930=VECTOR('',#929,6.5E-1);
#931=CARTESIAN_POINT('',(-6.025E0,-2.23E0,1.595E0));
#932=LINE('',#931,#930);
#933=DIRECTION('',(1.E0,0.E0,0.E0));
#934=VECTOR('',#933,6.5E-1);
#935=CARTESIAN_POINT('',(-6.675E0,-2.23E0,9.45E-1));
#936=LINE('',#935,#934);
#937=DIRECTION('',(0.E0,0.E0,-1.E0));
#938=VECTOR('',#937,6.5E-1);
#939=CARTESIAN_POINT('',(-6.675E0,-2.23E0,1.595E0));
#940=LINE('',#939,#938);
#941=DIRECTION('',(-1.E0,0.E0,0.E0));
#942=VECTOR('',#941,6.5E-1);
#943=CARTESIAN_POINT('',(6.675E0,-2.23E0,-9.45E-1));
#944=LINE('',#943,#942);
#945=DIRECTION('',(0.E0,0.E0,-1.E0));
#946=VECTOR('',#945,6.5E-1);
#947=CARTESIAN_POINT('',(6.675E0,-2.23E0,-9.45E-1));
#948=LINE('',#947,#946);
#949=DIRECTION('',(1.E0,0.E0,0.E0));
#950=VECTOR('',#949,6.5E-1);
#951=CARTESIAN_POINT('',(6.025E0,-2.23E0,-1.595E0));
#952=LINE('',#951,#950);
#953=DIRECTION('',(0.E0,0.E0,-1.E0));
#954=VECTOR('',#953,6.5E-1);
#955=CARTESIAN_POINT('',(6.025E0,-2.23E0,-9.45E-1));
#956=LINE('',#955,#954);
#957=DIRECTION('',(-1.E0,0.E0,0.E0));
#958=VECTOR('',#957,6.5E-1);
#959=CARTESIAN_POINT('',(4.135E0,-2.23E0,-9.45E-1));
#960=LINE('',#959,#958);
#961=DIRECTION('',(0.E0,0.E0,-1.E0));
#962=VECTOR('',#961,6.5E-1);
#963=CARTESIAN_POINT('',(4.135E0,-2.23E0,-9.45E-1));
#964=LINE('',#963,#962);
#965=DIRECTION('',(1.E0,0.E0,0.E0));
#966=VECTOR('',#965,6.5E-1);
#967=CARTESIAN_POINT('',(3.485E0,-2.23E0,-1.595E0));
#968=LINE('',#967,#966);
#969=DIRECTION('',(0.E0,0.E0,-1.E0));
#970=VECTOR('',#969,6.5E-1);
#971=CARTESIAN_POINT('',(3.485E0,-2.23E0,-9.45E-1));
#972=LINE('',#971,#970);
#973=DIRECTION('',(-1.E0,0.E0,0.E0));
#974=VECTOR('',#973,6.5E-1);
#975=CARTESIAN_POINT('',(1.595E0,-2.23E0,-9.45E-1));
#976=LINE('',#975,#974);
#977=DIRECTION('',(0.E0,0.E0,-1.E0));
#978=VECTOR('',#977,6.5E-1);
#979=CARTESIAN_POINT('',(1.595E0,-2.23E0,-9.45E-1));
#980=LINE('',#979,#978);
#981=DIRECTION('',(1.E0,0.E0,0.E0));
#982=VECTOR('',#981,6.5E-1);
#983=CARTESIAN_POINT('',(9.45E-1,-2.23E0,-1.595E0));
#984=LINE('',#983,#982);
#985=DIRECTION('',(0.E0,0.E0,-1.E0));
#986=VECTOR('',#985,6.5E-1);
#987=CARTESIAN_POINT('',(9.45E-1,-2.23E0,-9.45E-1));
#988=LINE('',#987,#986);
#989=DIRECTION('',(-1.E0,0.E0,0.E0));
#990=VECTOR('',#989,6.5E-1);
#991=CARTESIAN_POINT('',(-9.45E-1,-2.23E0,-9.45E-1));
#992=LINE('',#991,#990);
#993=DIRECTION('',(0.E0,0.E0,-1.E0));
#994=VECTOR('',#993,6.5E-1);
#995=CARTESIAN_POINT('',(-9.45E-1,-2.23E0,-9.45E-1));
#996=LINE('',#995,#994);
#997=DIRECTION('',(1.E0,0.E0,0.E0));
#998=VECTOR('',#997,6.5E-1);
#999=CARTESIAN_POINT('',(-1.595E0,-2.23E0,-1.595E0));
#1000=LINE('',#999,#998);
#1001=DIRECTION('',(0.E0,0.E0,-1.E0));
#1002=VECTOR('',#1001,6.5E-1);
#1003=CARTESIAN_POINT('',(-1.595E0,-2.23E0,-9.45E-1));
#1004=LINE('',#1003,#1002);
#1005=DIRECTION('',(-1.E0,0.E0,0.E0));
#1006=VECTOR('',#1005,6.5E-1);
#1007=CARTESIAN_POINT('',(-3.485E0,-2.23E0,-9.45E-1));
#1008=LINE('',#1007,#1006);
#1009=DIRECTION('',(0.E0,0.E0,-1.E0));
#1010=VECTOR('',#1009,6.5E-1);
#1011=CARTESIAN_POINT('',(-3.485E0,-2.23E0,-9.45E-1));
#1012=LINE('',#1011,#1010);
#1013=DIRECTION('',(1.E0,0.E0,0.E0));
#1014=VECTOR('',#1013,6.5E-1);
#1015=CARTESIAN_POINT('',(-4.135E0,-2.23E0,-1.595E0));
#1016=LINE('',#1015,#1014);
#1017=DIRECTION('',(0.E0,0.E0,-1.E0));
#1018=VECTOR('',#1017,6.5E-1);
#1019=CARTESIAN_POINT('',(-4.135E0,-2.23E0,-9.45E-1));
#1020=LINE('',#1019,#1018);
#1021=DIRECTION('',(-1.E0,0.E0,0.E0));
#1022=VECTOR('',#1021,6.5E-1);
#1023=CARTESIAN_POINT('',(-6.025E0,-2.23E0,-9.45E-1));
#1024=LINE('',#1023,#1022);
#1025=DIRECTION('',(0.E0,0.E0,-1.E0));
#1026=VECTOR('',#1025,6.5E-1);
#1027=CARTESIAN_POINT('',(-6.025E0,-2.23E0,-9.45E-1));
#1028=LINE('',#1027,#1026);
#1029=DIRECTION('',(1.E0,0.E0,0.E0));
#1030=VECTOR('',#1029,6.5E-1);
#1031=CARTESIAN_POINT('',(-6.675E0,-2.23E0,-1.595E0));
#1032=LINE('',#1031,#1030);
#1033=DIRECTION('',(0.E0,0.E0,-1.E0));
#1034=VECTOR('',#1033,6.5E-1);
#1035=CARTESIAN_POINT('',(-6.675E0,-2.23E0,-9.45E-1));
#1036=LINE('',#1035,#1034);
#1037=DIRECTION('',(0.E0,-1.E0,0.E0));
#1038=VECTOR('',#1037,5.E-1);
#1039=CARTESIAN_POINT('',(-7.87E0,-1.73E0,-2.54E0));
#1040=LINE('',#1039,#1038);
#1041=DIRECTION('',(0.E0,-1.E0,0.E0));
#1042=VECTOR('',#1041,6.88E0);
#1043=CARTESIAN_POINT('',(-7.87E0,5.15E0,-3.175E0));
#1044=LINE('',#1043,#1042);
#1045=DIRECTION('',(1.E0,0.E0,0.E0));
#1046=VECTOR('',#1045,1.574E1);
#1047=CARTESIAN_POINT('',(-7.87E0,-1.73E0,2.54E0));
#1048=LINE('',#1047,#1046);
#1049=DIRECTION('',(0.E0,0.E0,-1.E0));
#1050=VECTOR('',#1049,6.35E-1);
#1051=CARTESIAN_POINT('',(7.87E0,-1.73E0,3.175E0));
#1052=LINE('',#1051,#1050);
#1053=DIRECTION('',(1.E0,0.E0,0.E0));
#1054=VECTOR('',#1053,1.574E1);
#1055=CARTESIAN_POINT('',(-7.87E0,-1.73E0,3.175E0));
#1056=LINE('',#1055,#1054);
#1057=DIRECTION('',(0.E0,0.E0,1.E0));
#1058=VECTOR('',#1057,6.35E-1);
#1059=CARTESIAN_POINT('',(-7.87E0,-1.73E0,2.54E0));
#1060=LINE('',#1059,#1058);
#1061=DIRECTION('',(1.E0,0.E0,0.E0));
#1062=VECTOR('',#1061,3.863123299529E0);
#1063=CARTESIAN_POINT('',(-1.931561649764E0,-1.73E0,-4.1E0));
#1064=LINE('',#1063,#1062);
#1065=DIRECTION('',(-8.715574274766E-2,0.E0,-9.961946980917E-1));
#1066=VECTOR('',#1065,9.285333497276E-1);
#1067=CARTESIAN_POINT('',(2.012488663526E0,-1.73E0,-3.175E0));
#1068=LINE('',#1067,#1066);
#1069=DIRECTION('',(-1.E0,0.E0,0.E0));
#1070=VECTOR('',#1069,5.857511336474E0);
#1071=CARTESIAN_POINT('',(7.87E0,-1.73E0,-3.175E0));
#1072=LINE('',#1071,#1070);
#1073=DIRECTION('',(0.E0,0.E0,-1.E0));
#1074=VECTOR('',#1073,6.35E-1);
#1075=CARTESIAN_POINT('',(7.87E0,-1.73E0,-2.54E0));
#1076=LINE('',#1075,#1074);
#1077=DIRECTION('',(1.E0,0.E0,0.E0));
#1078=VECTOR('',#1077,1.574E1);
#1079=CARTESIAN_POINT('',(-7.87E0,-1.73E0,-2.54E0));
#1080=LINE('',#1079,#1078);
#1081=DIRECTION('',(0.E0,0.E0,1.E0));
#1082=VECTOR('',#1081,6.35E-1);
#1083=CARTESIAN_POINT('',(-7.87E0,-1.73E0,-3.175E0));
#1084=LINE('',#1083,#1082);
#1085=DIRECTION('',(-1.E0,0.E0,0.E0));
#1086=VECTOR('',#1085,5.857511336474E0);
#1087=CARTESIAN_POINT('',(-2.012488663526E0,-1.73E0,-3.175E0));
#1088=LINE('',#1087,#1086);
#1089=DIRECTION('',(-8.715574274766E-2,0.E0,9.961946980917E-1));
#1090=VECTOR('',#1089,9.285333497276E-1);
#1091=CARTESIAN_POINT('',(-1.931561649764E0,-1.73E0,-4.1E0));
#1092=LINE('',#1091,#1090);
#1093=DIRECTION('',(0.E0,-1.E0,0.E0));
#1094=VECTOR('',#1093,5.E-1);
#1095=CARTESIAN_POINT('',(-7.87E0,-1.73E0,2.54E0));
#1096=LINE('',#1095,#1094);
#1097=DIRECTION('',(0.E0,-1.E0,0.E0));
#1098=VECTOR('',#1097,5.E-1);
#1099=CARTESIAN_POINT('',(7.87E0,-1.73E0,2.54E0));
#1100=LINE('',#1099,#1098);
#1101=DIRECTION('',(0.E0,-1.E0,0.E0));
#1102=VECTOR('',#1101,6.88E0);
#1103=CARTESIAN_POINT('',(7.87E0,5.15E0,3.175E0));
#1104=LINE('',#1103,#1102);
#1105=DIRECTION('',(0.E0,-1.E0,0.E0));
#1106=VECTOR('',#1105,5.E-1);
#1107=CARTESIAN_POINT('',(7.87E0,-1.73E0,-2.54E0));
#1108=LINE('',#1107,#1106);
#1109=DIRECTION('',(0.E0,-1.E0,0.E0));
#1110=VECTOR('',#1109,6.88E0);
#1111=CARTESIAN_POINT('',(7.87E0,5.15E0,-3.175E0));
#1112=LINE('',#1111,#1110);
#1113=DIRECTION('',(-1.E0,0.E0,0.E0));
#1114=VECTOR('',#1113,6.183757935532E0);
#1115=CARTESIAN_POINT('',(8.17E0,5.45E0,-3.475E0));
#1116=LINE('',#1115,#1114);
#1117=DIRECTION('',(-5.773502691896E-1,-5.773502691896E-1,5.773502691896E-1));
#1118=VECTOR('',#1117,5.196152422707E-1);
#1119=CARTESIAN_POINT('',(8.17E0,5.45E0,-3.475E0));
#1120=LINE('',#1119,#1118);
#1121=DIRECTION('',(-1.E0,0.E0,0.E0));
#1122=VECTOR('',#1121,5.857511336474E0);
#1123=CARTESIAN_POINT('',(7.87E0,5.15E0,-3.175E0));
#1124=LINE('',#1123,#1122);
#1125=DIRECTION('',(6.174578541845E-2,-7.057575568080E-1,7.057575568080E-1));
#1126=VECTOR('',#1125,4.250751509582E-1);
#1127=CARTESIAN_POINT('',(1.986242064468E0,5.45E0,-3.475E0));
#1128=LINE('',#1127,#1126);
#1129=DIRECTION('',(0.E0,0.E0,-1.E0));
#1130=VECTOR('',#1129,6.95E0);
#1131=CARTESIAN_POINT('',(8.17E0,5.45E0,3.475E0));
#1132=LINE('',#1131,#1130);
#1133=DIRECTION('',(-5.773502691896E-1,-5.773502691896E-1,-5.773502691896E-1));
#1134=VECTOR('',#1133,5.196152422707E-1);
#1135=CARTESIAN_POINT('',(8.17E0,5.45E0,3.475E0));
#1136=LINE('',#1135,#1134);
#1137=DIRECTION('',(0.E0,0.E0,-1.E0));
#1138=VECTOR('',#1137,6.35E0);
#1139=CARTESIAN_POINT('',(7.87E0,5.15E0,3.175E0));
#1140=LINE('',#1139,#1138);
#1141=DIRECTION('',(8.715574274766E-2,0.E0,9.961946980917E-1));
#1142=VECTOR('',#1141,7.528648781575E-2);
#1143=CARTESIAN_POINT('',(1.925E0,2.47E0,-4.175E0));
#1144=LINE('',#1143,#1142);
#1145=DIRECTION('',(0.E0,-1.E0,0.E0));
#1146=VECTOR('',#1145,6.88E0);
#1147=CARTESIAN_POINT('',(2.012488663526E0,5.15E0,-3.175E0));
#1148=LINE('',#1147,#1146);
#1149=DIRECTION('',(0.E0,1.E0,0.E0));
#1150=VECTOR('',#1149,4.2E0);
#1151=CARTESIAN_POINT('',(1.931561649764E0,-1.73E0,-4.1E0));
#1152=LINE('',#1151,#1150);
#1153=DIRECTION('',(-1.E0,0.E0,0.E0));
#1154=VECTOR('',#1153,3.85E0);
#1155=CARTESIAN_POINT('',(1.925E0,2.47E0,-4.175E0));
#1156=LINE('',#1155,#1154);
#1157=DIRECTION('',(0.E0,-1.E0,0.E0));
#1158=VECTOR('',#1157,2.68E0);
#1159=CARTESIAN_POINT('',(1.925E0,5.15E0,-4.175E0));
#1160=LINE('',#1159,#1158);
#1161=DIRECTION('',(-1.E0,0.E0,0.E0));
#1162=VECTOR('',#1161,3.797506801884E0);
#1163=CARTESIAN_POINT('',(1.898753400942E0,5.45E0,-4.475E0));
#1164=LINE('',#1163,#1162);
#1165=DIRECTION('',(6.174578541845E-2,-7.057575568080E-1,7.057575568080E-1));
#1166=VECTOR('',#1165,4.250751509582E-1);
#1167=CARTESIAN_POINT('',(1.898753400942E0,5.45E0,-4.475E0));
#1168=LINE('',#1167,#1166);
#1169=DIRECTION('',(-1.E0,0.E0,0.E0));
#1170=VECTOR('',#1169,3.85E0);
#1171=CARTESIAN_POINT('',(1.925E0,5.15E0,-4.175E0));
#1172=LINE('',#1171,#1170);
#1173=DIRECTION('',(-6.174578541845E-2,-7.057575568080E-1,7.057575568080E-1));
#1174=VECTOR('',#1173,4.250751509582E-1);
#1175=CARTESIAN_POINT('',(-1.898753400942E0,5.45E0,-4.475E0));
#1176=LINE('',#1175,#1174);
#1177=DIRECTION('',(0.E0,-1.E0,0.E0));
#1178=VECTOR('',#1177,6.88E0);
#1179=CARTESIAN_POINT('',(-7.87E0,5.15E0,3.175E0));
#1180=LINE('',#1179,#1178);
#1181=DIRECTION('',(0.E0,-1.E0,0.E0));
#1182=VECTOR('',#1181,6.88E0);
#1183=CARTESIAN_POINT('',(-2.012488663526E0,5.15E0,-3.175E0));
#1184=LINE('',#1183,#1182);
#1185=DIRECTION('',(-1.E0,0.E0,0.E0));
#1186=VECTOR('',#1185,6.5E-1);
#1187=CARTESIAN_POINT('',(6.675E0,4.02E0,9.45E-1));
#1188=LINE('',#1187,#1186);
#1189=DIRECTION('',(0.E0,-1.E0,0.E0));
#1190=VECTOR('',#1189,6.25E0);
#1191=CARTESIAN_POINT('',(6.025E0,4.02E0,9.45E-1));
#1192=LINE('',#1191,#1190);
#1193=DIRECTION('',(-3.481553119114E-1,-8.703882797785E-1,-3.481553119114E-1));
#1194=VECTOR('',#1193,5.744562646538E-1);
#1195=CARTESIAN_POINT('',(6.225E0,4.52E0,1.145E0));
#1196=LINE('',#1195,#1194);
#1197=DIRECTION('',(-3.481553119114E-1,-8.703882797785E-1,3.481553119114E-1));
#1198=VECTOR('',#1197,5.744562646538E-1);
#1199=CARTESIAN_POINT('',(6.225E0,4.52E0,1.395E0));
#1200=LINE('',#1199,#1198);
#1201=DIRECTION('',(1.E0,0.E0,0.E0));
#1202=VECTOR('',#1201,6.5E-1);
#1203=CARTESIAN_POINT('',(3.485E0,4.02E0,1.595E0));
#1204=LINE('',#1203,#1202);
#1205=DIRECTION('',(0.E0,-1.E0,0.E0));
#1206=VECTOR('',#1205,6.25E0);
#1207=CARTESIAN_POINT('',(4.135E0,4.02E0,1.595E0));
#1208=LINE('',#1207,#1206);
#1209=DIRECTION('',(3.481553119114E-1,-8.703882797785E-1,3.481553119114E-1));
#1210=VECTOR('',#1209,5.744562646538E-1);
#1211=CARTESIAN_POINT('',(3.935E0,4.52E0,1.395E0));
#1212=LINE('',#1211,#1210);
#1213=DIRECTION('',(-3.481553119114E-1,-8.703882797785E-1,3.481553119114E-1));
#1214=VECTOR('',#1213,5.744562646538E-1);
#1215=CARTESIAN_POINT('',(3.685E0,4.52E0,1.395E0));
#1216=LINE('',#1215,#1214);
#1217=DIRECTION('',(0.E0,-1.E0,0.E0));
#1218=VECTOR('',#1217,6.5E-1);
#1219=CARTESIAN_POINT('',(3.485E0,-4.763E0,7.275E0));
#1220=LINE('',#1219,#1218);
#1221=CARTESIAN_POINT('',(3.485E0,-4.58E0,1.778E0));
#1222=DIRECTION('',(-1.E0,0.E0,0.E0));
#1223=DIRECTION('',(0.E0,-1.092896174863E-1,-9.940099494018E-1));
#1224=AXIS2_PLACEMENT_3D('',#1221,#1222,#1223);
#1226=DIRECTION('',(0.E0,0.E0,1.E0));
#1227=VECTOR('',#1226,5.497E0);
#1228=CARTESIAN_POINT('',(3.485E0,-4.763E0,1.778E0));
#1229=LINE('',#1228,#1227);
#1230=DIRECTION('',(0.E0,0.E0,1.E0));
#1231=VECTOR('',#1230,6.5E-1);
#1232=CARTESIAN_POINT('',(3.485E0,4.02E0,9.45E-1));
#1233=LINE('',#1232,#1231);
#1234=DIRECTION('',(0.E0,-1.E0,0.E0));
#1235=VECTOR('',#1234,6.25E0);
#1236=CARTESIAN_POINT('',(3.485E0,4.02E0,1.595E0));
#1237=LINE('',#1236,#1235);
#1238=DIRECTION('',(0.E0,1.E0,0.E0));
#1239=VECTOR('',#1238,2.5E-1);
#1240=CARTESIAN_POINT('',(3.935E0,-5.213E0,7.775E0));
#1241=LINE('',#1240,#1239);
#1242=DIRECTION('',(1.E0,0.E0,0.E0));
#1243=VECTOR('',#1242,2.5E-1);
#1244=CARTESIAN_POINT('',(3.685E0,-5.213E0,7.775E0));
#1245=LINE('',#1244,#1243);
#1246=DIRECTION('',(0.E0,-1.E0,0.E0));
#1247=VECTOR('',#1246,2.5E-1);
#1248=CARTESIAN_POINT('',(3.685E0,-4.963E0,7.775E0));
#1249=LINE('',#1248,#1247);
#1250=DIRECTION('',(-1.E0,0.E0,0.E0));
#1251=VECTOR('',#1250,2.5E-1);
#1252=CARTESIAN_POINT('',(3.935E0,-4.963E0,7.775E0));
#1253=LINE('',#1252,#1251);
#1254=DIRECTION('',(0.E0,1.E0,0.E0));
#1255=VECTOR('',#1254,6.5E-1);
#1256=CARTESIAN_POINT('',(4.135E0,-5.413E0,7.275E0));
#1257=LINE('',#1256,#1255);
#1258=CARTESIAN_POINT('',(4.135E0,-4.58E0,1.778E0));
#1259=DIRECTION('',(-1.E0,0.E0,0.E0));
#1260=DIRECTION('',(0.E0,-2.400960384154E-2,-9.997117279113E-1));
#1261=AXIS2_PLACEMENT_3D('',#1258,#1259,#1260);
#1263=DIRECTION('',(0.E0,0.E0,1.E0));
#1264=VECTOR('',#1263,5.497E0);
#1265=CARTESIAN_POINT('',(4.135E0,-5.413E0,1.778E0));
#1266=LINE('',#1265,#1264);
#1267=DIRECTION('',(0.E0,0.E0,-1.E0));
#1268=VECTOR('',#1267,6.5E-1);
#1269=CARTESIAN_POINT('',(4.135E0,4.02E0,1.595E0));
#1270=LINE('',#1269,#1268);
#1271=DIRECTION('',(0.E0,-1.E0,0.E0));
#1272=VECTOR('',#1271,6.25E0);
#1273=CARTESIAN_POINT('',(4.135E0,4.02E0,9.45E-1));
#1274=LINE('',#1273,#1272);
#1275=DIRECTION('',(-1.E0,0.E0,0.E0));
#1276=VECTOR('',#1275,6.5E-1);
#1277=CARTESIAN_POINT('',(4.135E0,-4.763E0,7.275E0));
#1278=LINE('',#1277,#1276);
#1279=DIRECTION('',(-1.E0,0.E0,0.E0));
#1280=VECTOR('',#1279,6.5E-1);
#1281=CARTESIAN_POINT('',(4.135E0,-4.763E0,1.778E0));
#1282=LINE('',#1281,#1280);
#1283=DIRECTION('',(0.E0,0.E0,1.E0));
#1284=VECTOR('',#1283,5.497E0);
#1285=CARTESIAN_POINT('',(4.135E0,-4.763E0,1.778E0));
#1286=LINE('',#1285,#1284);
#1287=DIRECTION('',(-3.481553119114E-1,-3.481553119114E-1,8.703882797785E-1));
#1288=VECTOR('',#1287,5.744562646538E-1);
#1289=CARTESIAN_POINT('',(4.135E0,-4.763E0,7.275E0));
#1290=LINE('',#1289,#1288);
#1291=DIRECTION('',(-3.481553119114E-1,3.481553119114E-1,-8.703882797785E-1));
#1292=VECTOR('',#1291,5.744562646538E-1);
#1293=CARTESIAN_POINT('',(3.685E0,-4.963E0,7.775E0));
#1294=LINE('',#1293,#1292);
#1295=CARTESIAN_POINT('',(4.135E0,-4.58E0,1.778E0));
#1296=DIRECTION('',(-1.E0,0.E0,0.E0));
#1297=DIRECTION('',(0.E0,-1.092896174863E-1,-9.940099494018E-1));
#1298=AXIS2_PLACEMENT_3D('',#1295,#1296,#1297);
#1300=CARTESIAN_POINT('',(3.485E0,-4.58E0,1.778E0));
#1301=DIRECTION('',(-1.E0,0.E0,0.E0));
#1302=DIRECTION('',(0.E0,-2.400960384154E-2,-9.997117279113E-1));
#1303=AXIS2_PLACEMENT_3D('',#1300,#1301,#1302);
#1305=DIRECTION('',(1.E0,0.E0,0.E0));
#1306=VECTOR('',#1305,6.5E-1);
#1307=CARTESIAN_POINT('',(3.485E0,-5.413E0,7.275E0));
#1308=LINE('',#1307,#1306);
#1309=DIRECTION('',(1.E0,0.E0,0.E0));
#1310=VECTOR('',#1309,6.5E-1);
#1311=CARTESIAN_POINT('',(3.485E0,-5.413E0,1.778E0));
#1312=LINE('',#1311,#1310);
#1313=DIRECTION('',(0.E0,0.E0,1.E0));
#1314=VECTOR('',#1313,5.497E0);
#1315=CARTESIAN_POINT('',(3.485E0,-5.413E0,1.778E0));
#1316=LINE('',#1315,#1314);
#1317=DIRECTION('',(3.481553119114E-1,3.481553119114E-1,8.703882797785E-1));
#1318=VECTOR('',#1317,5.744562646538E-1);
#1319=CARTESIAN_POINT('',(3.485E0,-5.413E0,7.275E0));
#1320=LINE('',#1319,#1318);
#1321=DIRECTION('',(3.481553119114E-1,-3.481553119114E-1,-8.703882797785E-1));
#1322=VECTOR('',#1321,5.744562646538E-1);
#1323=CARTESIAN_POINT('',(3.935E0,-5.213E0,7.775E0));
#1324=LINE('',#1323,#1322);
#1325=DIRECTION('',(3.481553119114E-1,-8.703882797785E-1,-3.481553119114E-1));
#1326=VECTOR('',#1325,5.744562646538E-1);
#1327=CARTESIAN_POINT('',(3.935E0,4.52E0,1.145E0));
#1328=LINE('',#1327,#1326);
#1329=DIRECTION('',(1.E0,0.E0,0.E0));
#1330=VECTOR('',#1329,2.5E-1);
#1331=CARTESIAN_POINT('',(3.685E0,4.52E0,1.395E0));
#1332=LINE('',#1331,#1330);
#1333=DIRECTION('',(0.E0,0.E0,1.E0));
#1334=VECTOR('',#1333,2.5E-1);
#1335=CARTESIAN_POINT('',(3.685E0,4.52E0,1.145E0));
#1336=LINE('',#1335,#1334);
#1337=DIRECTION('',(-1.E0,0.E0,0.E0));
#1338=VECTOR('',#1337,2.5E-1);
#1339=CARTESIAN_POINT('',(3.935E0,4.52E0,1.145E0));
#1340=LINE('',#1339,#1338);
#1341=DIRECTION('',(0.E0,0.E0,-1.E0));
#1342=VECTOR('',#1341,2.5E-1);
#1343=CARTESIAN_POINT('',(3.935E0,4.52E0,1.395E0));
#1344=LINE('',#1343,#1342);
#1345=DIRECTION('',(-3.481553119114E-1,-8.703882797785E-1,-3.481553119114E-1));
#1346=VECTOR('',#1345,5.744562646538E-1);
#1347=CARTESIAN_POINT('',(3.685E0,4.52E0,1.145E0));
#1348=LINE('',#1347,#1346);
#1349=DIRECTION('',(-1.E0,0.E0,0.E0));
#1350=VECTOR('',#1349,6.5E-1);
#1351=CARTESIAN_POINT('',(4.135E0,4.02E0,9.45E-1));
#1352=LINE('',#1351,#1350);
#1353=DIRECTION('',(0.E0,-1.E0,0.E0));
#1354=VECTOR('',#1353,6.25E0);
#1355=CARTESIAN_POINT('',(3.485E0,4.02E0,9.45E-1));
#1356=LINE('',#1355,#1354);
#1357=DIRECTION('',(1.E0,0.E0,0.E0));
#1358=VECTOR('',#1357,6.5E-1);
#1359=CARTESIAN_POINT('',(9.45E-1,4.02E0,1.595E0));
#1360=LINE('',#1359,#1358);
#1361=DIRECTION('',(0.E0,-1.E0,0.E0));
#1362=VECTOR('',#1361,6.25E0);
#1363=CARTESIAN_POINT('',(1.595E0,4.02E0,1.595E0));
#1364=LINE('',#1363,#1362);
#1365=DIRECTION('',(3.481553119114E-1,-8.703882797785E-1,3.481553119114E-1));
#1366=VECTOR('',#1365,5.744562646538E-1);
#1367=CARTESIAN_POINT('',(1.395E0,4.52E0,1.395E0));
#1368=LINE('',#1367,#1366);
#1369=DIRECTION('',(-3.481553119114E-1,-8.703882797785E-1,3.481553119114E-1));
#1370=VECTOR('',#1369,5.744562646538E-1);
#1371=CARTESIAN_POINT('',(1.145E0,4.52E0,1.395E0));
#1372=LINE('',#1371,#1370);
#1373=DIRECTION('',(0.E0,-1.E0,0.E0));
#1374=VECTOR('',#1373,6.5E-1);
#1375=CARTESIAN_POINT('',(9.45E-1,-4.763E0,7.275E0));
#1376=LINE('',#1375,#1374);
#1377=CARTESIAN_POINT('',(9.45E-1,-4.58E0,1.778E0));
#1378=DIRECTION('',(-1.E0,0.E0,0.E0));
#1379=DIRECTION('',(0.E0,-1.092896174863E-1,-9.940099494018E-1));
#1380=AXIS2_PLACEMENT_3D('',#1377,#1378,#1379);
#1382=DIRECTION('',(0.E0,0.E0,1.E0));
#1383=VECTOR('',#1382,5.497E0);
#1384=CARTESIAN_POINT('',(9.45E-1,-4.763E0,1.778E0));
#1385=LINE('',#1384,#1383);
#1386=DIRECTION('',(0.E0,0.E0,1.E0));
#1387=VECTOR('',#1386,6.5E-1);
#1388=CARTESIAN_POINT('',(9.45E-1,4.02E0,9.45E-1));
#1389=LINE('',#1388,#1387);
#1390=DIRECTION('',(0.E0,-1.E0,0.E0));
#1391=VECTOR('',#1390,6.25E0);
#1392=CARTESIAN_POINT('',(9.45E-1,4.02E0,1.595E0));
#1393=LINE('',#1392,#1391);
#1394=DIRECTION('',(0.E0,1.E0,0.E0));
#1395=VECTOR('',#1394,2.5E-1);
#1396=CARTESIAN_POINT('',(1.395E0,-5.213E0,7.775E0));
#1397=LINE('',#1396,#1395);
#1398=DIRECTION('',(1.E0,0.E0,0.E0));
#1399=VECTOR('',#1398,2.5E-1);
#1400=CARTESIAN_POINT('',(1.145E0,-5.213E0,7.775E0));
#1401=LINE('',#1400,#1399);
#1402=DIRECTION('',(0.E0,-1.E0,0.E0));
#1403=VECTOR('',#1402,2.5E-1);
#1404=CARTESIAN_POINT('',(1.145E0,-4.963E0,7.775E0));
#1405=LINE('',#1404,#1403);
#1406=DIRECTION('',(-1.E0,0.E0,0.E0));
#1407=VECTOR('',#1406,2.5E-1);
#1408=CARTESIAN_POINT('',(1.395E0,-4.963E0,7.775E0));
#1409=LINE('',#1408,#1407);
#1410=DIRECTION('',(0.E0,1.E0,0.E0));
#1411=VECTOR('',#1410,6.5E-1);
#1412=CARTESIAN_POINT('',(1.595E0,-5.413E0,7.275E0));
#1413=LINE('',#1412,#1411);
#1414=CARTESIAN_POINT('',(1.595E0,-4.58E0,1.778E0));
#1415=DIRECTION('',(-1.E0,0.E0,0.E0));
#1416=DIRECTION('',(0.E0,-2.400960384154E-2,-9.997117279113E-1));
#1417=AXIS2_PLACEMENT_3D('',#1414,#1415,#1416);
#1419=DIRECTION('',(0.E0,0.E0,1.E0));
#1420=VECTOR('',#1419,5.497E0);
#1421=CARTESIAN_POINT('',(1.595E0,-5.413E0,1.778E0));
#1422=LINE('',#1421,#1420);
#1423=DIRECTION('',(0.E0,0.E0,-1.E0));
#1424=VECTOR('',#1423,6.5E-1);
#1425=CARTESIAN_POINT('',(1.595E0,4.02E0,1.595E0));
#1426=LINE('',#1425,#1424);
#1427=DIRECTION('',(0.E0,-1.E0,0.E0));
#1428=VECTOR('',#1427,6.25E0);
#1429=CARTESIAN_POINT('',(1.595E0,4.02E0,9.45E-1));
#1430=LINE('',#1429,#1428);
#1431=DIRECTION('',(-1.E0,0.E0,0.E0));
#1432=VECTOR('',#1431,6.5E-1);
#1433=CARTESIAN_POINT('',(1.595E0,-4.763E0,7.275E0));
#1434=LINE('',#1433,#1432);
#1435=DIRECTION('',(-1.E0,0.E0,0.E0));
#1436=VECTOR('',#1435,6.5E-1);
#1437=CARTESIAN_POINT('',(1.595E0,-4.763E0,1.778E0));
#1438=LINE('',#1437,#1436);
#1439=DIRECTION('',(0.E0,0.E0,1.E0));
#1440=VECTOR('',#1439,5.497E0);
#1441=CARTESIAN_POINT('',(1.595E0,-4.763E0,1.778E0));
#1442=LINE('',#1441,#1440);
#1443=DIRECTION('',(-3.481553119114E-1,-3.481553119114E-1,8.703882797785E-1));
#1444=VECTOR('',#1443,5.744562646538E-1);
#1445=CARTESIAN_POINT('',(1.595E0,-4.763E0,7.275E0));
#1446=LINE('',#1445,#1444);
#1447=DIRECTION('',(-3.481553119114E-1,3.481553119114E-1,-8.703882797785E-1));
#1448=VECTOR('',#1447,5.744562646538E-1);
#1449=CARTESIAN_POINT('',(1.145E0,-4.963E0,7.775E0));
#1450=LINE('',#1449,#1448);
#1451=CARTESIAN_POINT('',(1.595E0,-4.58E0,1.778E0));
#1452=DIRECTION('',(-1.E0,0.E0,0.E0));
#1453=DIRECTION('',(0.E0,-1.092896174863E-1,-9.940099494018E-1));
#1454=AXIS2_PLACEMENT_3D('',#1451,#1452,#1453);
#1456=CARTESIAN_POINT('',(9.45E-1,-4.58E0,1.778E0));
#1457=DIRECTION('',(-1.E0,0.E0,0.E0));
#1458=DIRECTION('',(0.E0,-2.400960384154E-2,-9.997117279113E-1));
#1459=AXIS2_PLACEMENT_3D('',#1456,#1457,#1458);
#1461=DIRECTION('',(1.E0,0.E0,0.E0));
#1462=VECTOR('',#1461,6.5E-1);
#1463=CARTESIAN_POINT('',(9.45E-1,-5.413E0,7.275E0));
#1464=LINE('',#1463,#1462);
#1465=DIRECTION('',(1.E0,0.E0,0.E0));
#1466=VECTOR('',#1465,6.5E-1);
#1467=CARTESIAN_POINT('',(9.45E-1,-5.413E0,1.778E0));
#1468=LINE('',#1467,#1466);
#1469=DIRECTION('',(0.E0,0.E0,1.E0));
#1470=VECTOR('',#1469,5.497E0);
#1471=CARTESIAN_POINT('',(9.45E-1,-5.413E0,1.778E0));
#1472=LINE('',#1471,#1470);
#1473=DIRECTION('',(3.481553119114E-1,3.481553119114E-1,8.703882797785E-1));
#1474=VECTOR('',#1473,5.744562646538E-1);
#1475=CARTESIAN_POINT('',(9.45E-1,-5.413E0,7.275E0));
#1476=LINE('',#1475,#1474);
#1477=DIRECTION('',(3.481553119114E-1,-3.481553119114E-1,-8.703882797785E-1));
#1478=VECTOR('',#1477,5.744562646538E-1);
#1479=CARTESIAN_POINT('',(1.395E0,-5.213E0,7.775E0));
#1480=LINE('',#1479,#1478);
#1481=DIRECTION('',(3.481553119114E-1,-8.703882797785E-1,-3.481553119114E-1));
#1482=VECTOR('',#1481,5.744562646538E-1);
#1483=CARTESIAN_POINT('',(1.395E0,4.52E0,1.145E0));
#1484=LINE('',#1483,#1482);
#1485=DIRECTION('',(1.E0,0.E0,0.E0));
#1486=VECTOR('',#1485,2.5E-1);
#1487=CARTESIAN_POINT('',(1.145E0,4.52E0,1.395E0));
#1488=LINE('',#1487,#1486);
#1489=DIRECTION('',(0.E0,0.E0,1.E0));
#1490=VECTOR('',#1489,2.5E-1);
#1491=CARTESIAN_POINT('',(1.145E0,4.52E0,1.145E0));
#1492=LINE('',#1491,#1490);
#1493=DIRECTION('',(-1.E0,0.E0,0.E0));
#1494=VECTOR('',#1493,2.5E-1);
#1495=CARTESIAN_POINT('',(1.395E0,4.52E0,1.145E0));
#1496=LINE('',#1495,#1494);
#1497=DIRECTION('',(0.E0,0.E0,-1.E0));
#1498=VECTOR('',#1497,2.5E-1);
#1499=CARTESIAN_POINT('',(1.395E0,4.52E0,1.395E0));
#1500=LINE('',#1499,#1498);
#1501=DIRECTION('',(-3.481553119114E-1,-8.703882797785E-1,-3.481553119114E-1));
#1502=VECTOR('',#1501,5.744562646538E-1);
#1503=CARTESIAN_POINT('',(1.145E0,4.52E0,1.145E0));
#1504=LINE('',#1503,#1502);
#1505=DIRECTION('',(-1.E0,0.E0,0.E0));
#1506=VECTOR('',#1505,6.5E-1);
#1507=CARTESIAN_POINT('',(1.595E0,4.02E0,9.45E-1));
#1508=LINE('',#1507,#1506);
#1509=DIRECTION('',(0.E0,-1.E0,0.E0));
#1510=VECTOR('',#1509,6.25E0);
#1511=CARTESIAN_POINT('',(9.45E-1,4.02E0,9.45E-1));
#1512=LINE('',#1511,#1510);
#1513=DIRECTION('',(1.E0,0.E0,0.E0));
#1514=VECTOR('',#1513,6.5E-1);
#1515=CARTESIAN_POINT('',(-1.595E0,4.02E0,1.595E0));
#1516=LINE('',#1515,#1514);
#1517=DIRECTION('',(0.E0,-1.E0,0.E0));
#1518=VECTOR('',#1517,6.25E0);
#1519=CARTESIAN_POINT('',(-9.45E-1,4.02E0,1.595E0));
#1520=LINE('',#1519,#1518);
#1521=DIRECTION('',(3.481553119114E-1,-8.703882797785E-1,3.481553119114E-1));
#1522=VECTOR('',#1521,5.744562646538E-1);
#1523=CARTESIAN_POINT('',(-1.145E0,4.52E0,1.395E0));
#1524=LINE('',#1523,#1522);
#1525=DIRECTION('',(-3.481553119114E-1,-8.703882797785E-1,3.481553119114E-1));
#1526=VECTOR('',#1525,5.744562646538E-1);
#1527=CARTESIAN_POINT('',(-1.395E0,4.52E0,1.395E0));
#1528=LINE('',#1527,#1526);
#1529=DIRECTION('',(0.E0,-1.E0,0.E0));
#1530=VECTOR('',#1529,6.5E-1);
#1531=CARTESIAN_POINT('',(-1.595E0,-4.763E0,7.275E0));
#1532=LINE('',#1531,#1530);
#1533=CARTESIAN_POINT('',(-1.595E0,-4.58E0,1.778E0));
#1534=DIRECTION('',(-1.E0,0.E0,0.E0));
#1535=DIRECTION('',(0.E0,-1.092896174863E-1,-9.940099494018E-1));
#1536=AXIS2_PLACEMENT_3D('',#1533,#1534,#1535);
#1538=DIRECTION('',(0.E0,0.E0,1.E0));
#1539=VECTOR('',#1538,5.497E0);
#1540=CARTESIAN_POINT('',(-1.595E0,-4.763E0,1.778E0));
#1541=LINE('',#1540,#1539);
#1542=DIRECTION('',(0.E0,0.E0,1.E0));
#1543=VECTOR('',#1542,6.5E-1);
#1544=CARTESIAN_POINT('',(-1.595E0,4.02E0,9.45E-1));
#1545=LINE('',#1544,#1543);
#1546=DIRECTION('',(0.E0,-1.E0,0.E0));
#1547=VECTOR('',#1546,6.25E0);
#1548=CARTESIAN_POINT('',(-1.595E0,4.02E0,1.595E0));
#1549=LINE('',#1548,#1547);
#1550=DIRECTION('',(0.E0,1.E0,0.E0));
#1551=VECTOR('',#1550,2.5E-1);
#1552=CARTESIAN_POINT('',(-1.145E0,-5.213E0,7.775E0));
#1553=LINE('',#1552,#1551);
#1554=DIRECTION('',(1.E0,0.E0,0.E0));
#1555=VECTOR('',#1554,2.5E-1);
#1556=CARTESIAN_POINT('',(-1.395E0,-5.213E0,7.775E0));
#1557=LINE('',#1556,#1555);
#1558=DIRECTION('',(0.E0,-1.E0,0.E0));
#1559=VECTOR('',#1558,2.5E-1);
#1560=CARTESIAN_POINT('',(-1.395E0,-4.963E0,7.775E0));
#1561=LINE('',#1560,#1559);
#1562=DIRECTION('',(-1.E0,0.E0,0.E0));
#1563=VECTOR('',#1562,2.5E-1);
#1564=CARTESIAN_POINT('',(-1.145E0,-4.963E0,7.775E0));
#1565=LINE('',#1564,#1563);
#1566=DIRECTION('',(0.E0,1.E0,0.E0));
#1567=VECTOR('',#1566,6.5E-1);
#1568=CARTESIAN_POINT('',(-9.45E-1,-5.413E0,7.275E0));
#1569=LINE('',#1568,#1567);
#1570=CARTESIAN_POINT('',(-9.45E-1,-4.58E0,1.778E0));
#1571=DIRECTION('',(-1.E0,0.E0,0.E0));
#1572=DIRECTION('',(0.E0,-2.400960384154E-2,-9.997117279113E-1));
#1573=AXIS2_PLACEMENT_3D('',#1570,#1571,#1572);
#1575=DIRECTION('',(0.E0,0.E0,1.E0));
#1576=VECTOR('',#1575,5.497E0);
#1577=CARTESIAN_POINT('',(-9.45E-1,-5.413E0,1.778E0));
#1578=LINE('',#1577,#1576);
#1579=DIRECTION('',(0.E0,0.E0,-1.E0));
#1580=VECTOR('',#1579,6.5E-1);
#1581=CARTESIAN_POINT('',(-9.45E-1,4.02E0,1.595E0));
#1582=LINE('',#1581,#1580);
#1583=DIRECTION('',(0.E0,-1.E0,0.E0));
#1584=VECTOR('',#1583,6.25E0);
#1585=CARTESIAN_POINT('',(-9.45E-1,4.02E0,9.45E-1));
#1586=LINE('',#1585,#1584);
#1587=DIRECTION('',(-1.E0,0.E0,0.E0));
#1588=VECTOR('',#1587,6.5E-1);
#1589=CARTESIAN_POINT('',(-9.45E-1,-4.763E0,7.275E0));
#1590=LINE('',#1589,#1588);
#1591=DIRECTION('',(-1.E0,0.E0,0.E0));
#1592=VECTOR('',#1591,6.5E-1);
#1593=CARTESIAN_POINT('',(-9.45E-1,-4.763E0,1.778E0));
#1594=LINE('',#1593,#1592);
#1595=DIRECTION('',(0.E0,0.E0,1.E0));
#1596=VECTOR('',#1595,5.497E0);
#1597=CARTESIAN_POINT('',(-9.45E-1,-4.763E0,1.778E0));
#1598=LINE('',#1597,#1596);
#1599=DIRECTION('',(-3.481553119114E-1,-3.481553119114E-1,8.703882797785E-1));
#1600=VECTOR('',#1599,5.744562646538E-1);
#1601=CARTESIAN_POINT('',(-9.45E-1,-4.763E0,7.275E0));
#1602=LINE('',#1601,#1600);
#1603=DIRECTION('',(-3.481553119114E-1,3.481553119114E-1,-8.703882797785E-1));
#1604=VECTOR('',#1603,5.744562646538E-1);
#1605=CARTESIAN_POINT('',(-1.395E0,-4.963E0,7.775E0));
#1606=LINE('',#1605,#1604);
#1607=CARTESIAN_POINT('',(-9.45E-1,-4.58E0,1.778E0));
#1608=DIRECTION('',(-1.E0,0.E0,0.E0));
#1609=DIRECTION('',(0.E0,-1.092896174863E-1,-9.940099494018E-1));
#1610=AXIS2_PLACEMENT_3D('',#1607,#1608,#1609);
#1612=CARTESIAN_POINT('',(-1.595E0,-4.58E0,1.778E0));
#1613=DIRECTION('',(-1.E0,0.E0,0.E0));
#1614=DIRECTION('',(0.E0,-2.400960384154E-2,-9.997117279113E-1));
#1615=AXIS2_PLACEMENT_3D('',#1612,#1613,#1614);
#1617=DIRECTION('',(1.E0,0.E0,0.E0));
#1618=VECTOR('',#1617,6.5E-1);
#1619=CARTESIAN_POINT('',(-1.595E0,-5.413E0,7.275E0));
#1620=LINE('',#1619,#1618);
#1621=DIRECTION('',(1.E0,0.E0,0.E0));
#1622=VECTOR('',#1621,6.5E-1);
#1623=CARTESIAN_POINT('',(-1.595E0,-5.413E0,1.778E0));
#1624=LINE('',#1623,#1622);
#1625=DIRECTION('',(0.E0,0.E0,1.E0));
#1626=VECTOR('',#1625,5.497E0);
#1627=CARTESIAN_POINT('',(-1.595E0,-5.413E0,1.778E0));
#1628=LINE('',#1627,#1626);
#1629=DIRECTION('',(3.481553119114E-1,3.481553119114E-1,8.703882797785E-1));
#1630=VECTOR('',#1629,5.744562646538E-1);
#1631=CARTESIAN_POINT('',(-1.595E0,-5.413E0,7.275E0));
#1632=LINE('',#1631,#1630);
#1633=DIRECTION('',(3.481553119114E-1,-3.481553119114E-1,-8.703882797785E-1));
#1634=VECTOR('',#1633,5.744562646538E-1);
#1635=CARTESIAN_POINT('',(-1.145E0,-5.213E0,7.775E0));
#1636=LINE('',#1635,#1634);
#1637=DIRECTION('',(3.481553119114E-1,-8.703882797785E-1,-3.481553119114E-1));
#1638=VECTOR('',#1637,5.744562646538E-1);
#1639=CARTESIAN_POINT('',(-1.145E0,4.52E0,1.145E0));
#1640=LINE('',#1639,#1638);
#1641=DIRECTION('',(1.E0,0.E0,0.E0));
#1642=VECTOR('',#1641,2.5E-1);
#1643=CARTESIAN_POINT('',(-1.395E0,4.52E0,1.395E0));
#1644=LINE('',#1643,#1642);
#1645=DIRECTION('',(0.E0,0.E0,1.E0));
#1646=VECTOR('',#1645,2.5E-1);
#1647=CARTESIAN_POINT('',(-1.395E0,4.52E0,1.145E0));
#1648=LINE('',#1647,#1646);
#1649=DIRECTION('',(-1.E0,0.E0,0.E0));
#1650=VECTOR('',#1649,2.5E-1);
#1651=CARTESIAN_POINT('',(-1.145E0,4.52E0,1.145E0));
#1652=LINE('',#1651,#1650);
#1653=DIRECTION('',(0.E0,0.E0,-1.E0));
#1654=VECTOR('',#1653,2.5E-1);
#1655=CARTESIAN_POINT('',(-1.145E0,4.52E0,1.395E0));
#1656=LINE('',#1655,#1654);
#1657=DIRECTION('',(-3.481553119114E-1,-8.703882797785E-1,-3.481553119114E-1));
#1658=VECTOR('',#1657,5.744562646538E-1);
#1659=CARTESIAN_POINT('',(-1.395E0,4.52E0,1.145E0));
#1660=LINE('',#1659,#1658);
#1661=DIRECTION('',(-1.E0,0.E0,0.E0));
#1662=VECTOR('',#1661,6.5E-1);
#1663=CARTESIAN_POINT('',(-9.45E-1,4.02E0,9.45E-1));
#1664=LINE('',#1663,#1662);
#1665=DIRECTION('',(0.E0,-1.E0,0.E0));
#1666=VECTOR('',#1665,6.25E0);
#1667=CARTESIAN_POINT('',(-1.595E0,4.02E0,9.45E-1));
#1668=LINE('',#1667,#1666);
#1669=DIRECTION('',(1.E0,0.E0,0.E0));
#1670=VECTOR('',#1669,6.5E-1);
#1671=CARTESIAN_POINT('',(-4.135E0,4.02E0,1.595E0));
#1672=LINE('',#1671,#1670);
#1673=DIRECTION('',(0.E0,-1.E0,0.E0));
#1674=VECTOR('',#1673,6.25E0);
#1675=CARTESIAN_POINT('',(-3.485E0,4.02E0,1.595E0));
#1676=LINE('',#1675,#1674);
#1677=DIRECTION('',(3.481553119114E-1,-8.703882797785E-1,3.481553119114E-1));
#1678=VECTOR('',#1677,5.744562646538E-1);
#1679=CARTESIAN_POINT('',(-3.685E0,4.52E0,1.395E0));
#1680=LINE('',#1679,#1678);
#1681=DIRECTION('',(-3.481553119114E-1,-8.703882797785E-1,3.481553119114E-1));
#1682=VECTOR('',#1681,5.744562646538E-1);
#1683=CARTESIAN_POINT('',(-3.935E0,4.52E0,1.395E0));
#1684=LINE('',#1683,#1682);
#1685=DIRECTION('',(0.E0,-1.E0,0.E0));
#1686=VECTOR('',#1685,6.5E-1);
#1687=CARTESIAN_POINT('',(-4.135E0,-4.763E0,7.275E0));
#1688=LINE('',#1687,#1686);
#1689=CARTESIAN_POINT('',(-4.135E0,-4.58E0,1.778E0));
#1690=DIRECTION('',(-1.E0,0.E0,0.E0));
#1691=DIRECTION('',(0.E0,-1.092896174863E-1,-9.940099494018E-1));
#1692=AXIS2_PLACEMENT_3D('',#1689,#1690,#1691);
#1694=DIRECTION('',(0.E0,0.E0,1.E0));
#1695=VECTOR('',#1694,5.497E0);
#1696=CARTESIAN_POINT('',(-4.135E0,-4.763E0,1.778E0));
#1697=LINE('',#1696,#1695);
#1698=DIRECTION('',(0.E0,0.E0,1.E0));
#1699=VECTOR('',#1698,6.5E-1);
#1700=CARTESIAN_POINT('',(-4.135E0,4.02E0,9.45E-1));
#1701=LINE('',#1700,#1699);
#1702=DIRECTION('',(0.E0,-1.E0,0.E0));
#1703=VECTOR('',#1702,6.25E0);
#1704=CARTESIAN_POINT('',(-4.135E0,4.02E0,1.595E0));
#1705=LINE('',#1704,#1703);
#1706=DIRECTION('',(0.E0,1.E0,0.E0));
#1707=VECTOR('',#1706,2.5E-1);
#1708=CARTESIAN_POINT('',(-3.685E0,-5.213E0,7.775E0));
#1709=LINE('',#1708,#1707);
#1710=DIRECTION('',(1.E0,0.E0,0.E0));
#1711=VECTOR('',#1710,2.5E-1);
#1712=CARTESIAN_POINT('',(-3.935E0,-5.213E0,7.775E0));
#1713=LINE('',#1712,#1711);
#1714=DIRECTION('',(0.E0,-1.E0,0.E0));
#1715=VECTOR('',#1714,2.5E-1);
#1716=CARTESIAN_POINT('',(-3.935E0,-4.963E0,7.775E0));
#1717=LINE('',#1716,#1715);
#1718=DIRECTION('',(-1.E0,0.E0,0.E0));
#1719=VECTOR('',#1718,2.5E-1);
#1720=CARTESIAN_POINT('',(-3.685E0,-4.963E0,7.775E0));
#1721=LINE('',#1720,#1719);
#1722=DIRECTION('',(0.E0,1.E0,0.E0));
#1723=VECTOR('',#1722,6.5E-1);
#1724=CARTESIAN_POINT('',(-3.485E0,-5.413E0,7.275E0));
#1725=LINE('',#1724,#1723);
#1726=CARTESIAN_POINT('',(-3.485E0,-4.58E0,1.778E0));
#1727=DIRECTION('',(-1.E0,0.E0,0.E0));
#1728=DIRECTION('',(0.E0,-2.400960384154E-2,-9.997117279113E-1));
#1729=AXIS2_PLACEMENT_3D('',#1726,#1727,#1728);
#1731=DIRECTION('',(0.E0,0.E0,1.E0));
#1732=VECTOR('',#1731,5.497E0);
#1733=CARTESIAN_POINT('',(-3.485E0,-5.413E0,1.778E0));
#1734=LINE('',#1733,#1732);
#1735=DIRECTION('',(0.E0,0.E0,-1.E0));
#1736=VECTOR('',#1735,6.5E-1);
#1737=CARTESIAN_POINT('',(-3.485E0,4.02E0,1.595E0));
#1738=LINE('',#1737,#1736);
#1739=DIRECTION('',(0.E0,-1.E0,0.E0));
#1740=VECTOR('',#1739,6.25E0);
#1741=CARTESIAN_POINT('',(-3.485E0,4.02E0,9.45E-1));
#1742=LINE('',#1741,#1740);
#1743=DIRECTION('',(-1.E0,0.E0,0.E0));
#1744=VECTOR('',#1743,6.5E-1);
#1745=CARTESIAN_POINT('',(-3.485E0,-4.763E0,7.275E0));
#1746=LINE('',#1745,#1744);
#1747=DIRECTION('',(-1.E0,0.E0,0.E0));
#1748=VECTOR('',#1747,6.5E-1);
#1749=CARTESIAN_POINT('',(-3.485E0,-4.763E0,1.778E0));
#1750=LINE('',#1749,#1748);
#1751=DIRECTION('',(0.E0,0.E0,1.E0));
#1752=VECTOR('',#1751,5.497E0);
#1753=CARTESIAN_POINT('',(-3.485E0,-4.763E0,1.778E0));
#1754=LINE('',#1753,#1752);
#1755=DIRECTION('',(-3.481553119114E-1,-3.481553119114E-1,8.703882797785E-1));
#1756=VECTOR('',#1755,5.744562646538E-1);
#1757=CARTESIAN_POINT('',(-3.485E0,-4.763E0,7.275E0));
#1758=LINE('',#1757,#1756);
#1759=DIRECTION('',(-3.481553119114E-1,3.481553119114E-1,-8.703882797785E-1));
#1760=VECTOR('',#1759,5.744562646538E-1);
#1761=CARTESIAN_POINT('',(-3.935E0,-4.963E0,7.775E0));
#1762=LINE('',#1761,#1760);
#1763=CARTESIAN_POINT('',(-3.485E0,-4.58E0,1.778E0));
#1764=DIRECTION('',(-1.E0,0.E0,0.E0));
#1765=DIRECTION('',(0.E0,-1.092896174863E-1,-9.940099494018E-1));
#1766=AXIS2_PLACEMENT_3D('',#1763,#1764,#1765);
#1768=CARTESIAN_POINT('',(-4.135E0,-4.58E0,1.778E0));
#1769=DIRECTION('',(-1.E0,0.E0,0.E0));
#1770=DIRECTION('',(0.E0,-2.400960384154E-2,-9.997117279113E-1));
#1771=AXIS2_PLACEMENT_3D('',#1768,#1769,#1770);
#1773=DIRECTION('',(1.E0,0.E0,0.E0));
#1774=VECTOR('',#1773,6.5E-1);
#1775=CARTESIAN_POINT('',(-4.135E0,-5.413E0,7.275E0));
#1776=LINE('',#1775,#1774);
#1777=DIRECTION('',(1.E0,0.E0,0.E0));
#1778=VECTOR('',#1777,6.5E-1);
#1779=CARTESIAN_POINT('',(-4.135E0,-5.413E0,1.778E0));
#1780=LINE('',#1779,#1778);
#1781=DIRECTION('',(0.E0,0.E0,1.E0));
#1782=VECTOR('',#1781,5.497E0);
#1783=CARTESIAN_POINT('',(-4.135E0,-5.413E0,1.778E0));
#1784=LINE('',#1783,#1782);
#1785=DIRECTION('',(3.481553119114E-1,3.481553119114E-1,8.703882797785E-1));
#1786=VECTOR('',#1785,5.744562646538E-1);
#1787=CARTESIAN_POINT('',(-4.135E0,-5.413E0,7.275E0));
#1788=LINE('',#1787,#1786);
#1789=DIRECTION('',(3.481553119114E-1,-3.481553119114E-1,-8.703882797785E-1));
#1790=VECTOR('',#1789,5.744562646538E-1);
#1791=CARTESIAN_POINT('',(-3.685E0,-5.213E0,7.775E0));
#1792=LINE('',#1791,#1790);
#1793=DIRECTION('',(3.481553119114E-1,-8.703882797785E-1,-3.481553119114E-1));
#1794=VECTOR('',#1793,5.744562646538E-1);
#1795=CARTESIAN_POINT('',(-3.685E0,4.52E0,1.145E0));
#1796=LINE('',#1795,#1794);
#1797=DIRECTION('',(1.E0,0.E0,0.E0));
#1798=VECTOR('',#1797,2.5E-1);
#1799=CARTESIAN_POINT('',(-3.935E0,4.52E0,1.395E0));
#1800=LINE('',#1799,#1798);
#1801=DIRECTION('',(0.E0,0.E0,1.E0));
#1802=VECTOR('',#1801,2.5E-1);
#1803=CARTESIAN_POINT('',(-3.935E0,4.52E0,1.145E0));
#1804=LINE('',#1803,#1802);
#1805=DIRECTION('',(-1.E0,0.E0,0.E0));
#1806=VECTOR('',#1805,2.5E-1);
#1807=CARTESIAN_POINT('',(-3.685E0,4.52E0,1.145E0));
#1808=LINE('',#1807,#1806);
#1809=DIRECTION('',(0.E0,0.E0,-1.E0));
#1810=VECTOR('',#1809,2.5E-1);
#1811=CARTESIAN_POINT('',(-3.685E0,4.52E0,1.395E0));
#1812=LINE('',#1811,#1810);
#1813=DIRECTION('',(-3.481553119114E-1,-8.703882797785E-1,-3.481553119114E-1));
#1814=VECTOR('',#1813,5.744562646538E-1);
#1815=CARTESIAN_POINT('',(-3.935E0,4.52E0,1.145E0));
#1816=LINE('',#1815,#1814);
#1817=DIRECTION('',(-1.E0,0.E0,0.E0));
#1818=VECTOR('',#1817,6.5E-1);
#1819=CARTESIAN_POINT('',(-3.485E0,4.02E0,9.45E-1));
#1820=LINE('',#1819,#1818);
#1821=DIRECTION('',(0.E0,-1.E0,0.E0));
#1822=VECTOR('',#1821,6.25E0);
#1823=CARTESIAN_POINT('',(-4.135E0,4.02E0,9.45E-1));
#1824=LINE('',#1823,#1822);
#1825=DIRECTION('',(1.E0,0.E0,0.E0));
#1826=VECTOR('',#1825,6.5E-1);
#1827=CARTESIAN_POINT('',(-6.675E0,4.02E0,1.595E0));
#1828=LINE('',#1827,#1826);
#1829=DIRECTION('',(0.E0,-1.E0,0.E0));
#1830=VECTOR('',#1829,6.25E0);
#1831=CARTESIAN_POINT('',(-6.025E0,4.02E0,1.595E0));
#1832=LINE('',#1831,#1830);
#1833=DIRECTION('',(3.481553119114E-1,-8.703882797785E-1,3.481553119114E-1));
#1834=VECTOR('',#1833,5.744562646538E-1);
#1835=CARTESIAN_POINT('',(-6.225E0,4.52E0,1.395E0));
#1836=LINE('',#1835,#1834);
#1837=DIRECTION('',(-3.481553119114E-1,-8.703882797785E-1,3.481553119114E-1));
#1838=VECTOR('',#1837,5.744562646538E-1);
#1839=CARTESIAN_POINT('',(-6.475E0,4.52E0,1.395E0));
#1840=LINE('',#1839,#1838);
#1841=DIRECTION('',(0.E0,-1.E0,0.E0));
#1842=VECTOR('',#1841,6.5E-1);
#1843=CARTESIAN_POINT('',(-6.675E0,-4.763E0,7.275E0));
#1844=LINE('',#1843,#1842);
#1845=CARTESIAN_POINT('',(-6.675E0,-4.58E0,1.778E0));
#1846=DIRECTION('',(-1.E0,0.E0,0.E0));
#1847=DIRECTION('',(0.E0,-1.092896174863E-1,-9.940099494018E-1));
#1848=AXIS2_PLACEMENT_3D('',#1845,#1846,#1847);
#1850=DIRECTION('',(0.E0,0.E0,1.E0));
#1851=VECTOR('',#1850,5.497E0);
#1852=CARTESIAN_POINT('',(-6.675E0,-4.763E0,1.778E0));
#1853=LINE('',#1852,#1851);
#1854=DIRECTION('',(0.E0,0.E0,1.E0));
#1855=VECTOR('',#1854,6.5E-1);
#1856=CARTESIAN_POINT('',(-6.675E0,4.02E0,9.45E-1));
#1857=LINE('',#1856,#1855);
#1858=DIRECTION('',(0.E0,-1.E0,0.E0));
#1859=VECTOR('',#1858,6.25E0);
#1860=CARTESIAN_POINT('',(-6.675E0,4.02E0,1.595E0));
#1861=LINE('',#1860,#1859);
#1862=DIRECTION('',(0.E0,1.E0,0.E0));
#1863=VECTOR('',#1862,2.5E-1);
#1864=CARTESIAN_POINT('',(-6.225E0,-5.213E0,7.775E0));
#1865=LINE('',#1864,#1863);
#1866=DIRECTION('',(1.E0,0.E0,0.E0));
#1867=VECTOR('',#1866,2.5E-1);
#1868=CARTESIAN_POINT('',(-6.475E0,-5.213E0,7.775E0));
#1869=LINE('',#1868,#1867);
#1870=DIRECTION('',(0.E0,-1.E0,0.E0));
#1871=VECTOR('',#1870,2.5E-1);
#1872=CARTESIAN_POINT('',(-6.475E0,-4.963E0,7.775E0));
#1873=LINE('',#1872,#1871);
#1874=DIRECTION('',(-1.E0,0.E0,0.E0));
#1875=VECTOR('',#1874,2.5E-1);
#1876=CARTESIAN_POINT('',(-6.225E0,-4.963E0,7.775E0));
#1877=LINE('',#1876,#1875);
#1878=DIRECTION('',(0.E0,1.E0,0.E0));
#1879=VECTOR('',#1878,6.5E-1);
#1880=CARTESIAN_POINT('',(-6.025E0,-5.413E0,7.275E0));
#1881=LINE('',#1880,#1879);
#1882=CARTESIAN_POINT('',(-6.025E0,-4.58E0,1.778E0));
#1883=DIRECTION('',(-1.E0,0.E0,0.E0));
#1884=DIRECTION('',(0.E0,-2.400960384154E-2,-9.997117279113E-1));
#1885=AXIS2_PLACEMENT_3D('',#1882,#1883,#1884);
#1887=DIRECTION('',(0.E0,0.E0,1.E0));
#1888=VECTOR('',#1887,5.497E0);
#1889=CARTESIAN_POINT('',(-6.025E0,-5.413E0,1.778E0));
#1890=LINE('',#1889,#1888);
#1891=DIRECTION('',(0.E0,0.E0,-1.E0));
#1892=VECTOR('',#1891,6.5E-1);
#1893=CARTESIAN_POINT('',(-6.025E0,4.02E0,1.595E0));
#1894=LINE('',#1893,#1892);
#1895=DIRECTION('',(0.E0,-1.E0,0.E0));
#1896=VECTOR('',#1895,6.25E0);
#1897=CARTESIAN_POINT('',(-6.025E0,4.02E0,9.45E-1));
#1898=LINE('',#1897,#1896);
#1899=DIRECTION('',(-1.E0,0.E0,0.E0));
#1900=VECTOR('',#1899,6.5E-1);
#1901=CARTESIAN_POINT('',(-6.025E0,-4.763E0,7.275E0));
#1902=LINE('',#1901,#1900);
#1903=DIRECTION('',(-1.E0,0.E0,0.E0));
#1904=VECTOR('',#1903,6.5E-1);
#1905=CARTESIAN_POINT('',(-6.025E0,-4.763E0,1.778E0));
#1906=LINE('',#1905,#1904);
#1907=DIRECTION('',(0.E0,0.E0,1.E0));
#1908=VECTOR('',#1907,5.497E0);
#1909=CARTESIAN_POINT('',(-6.025E0,-4.763E0,1.778E0));
#1910=LINE('',#1909,#1908);
#1911=DIRECTION('',(-3.481553119114E-1,-3.481553119114E-1,8.703882797785E-1));
#1912=VECTOR('',#1911,5.744562646538E-1);
#1913=CARTESIAN_POINT('',(-6.025E0,-4.763E0,7.275E0));
#1914=LINE('',#1913,#1912);
#1915=DIRECTION('',(-3.481553119114E-1,3.481553119114E-1,-8.703882797785E-1));
#1916=VECTOR('',#1915,5.744562646538E-1);
#1917=CARTESIAN_POINT('',(-6.475E0,-4.963E0,7.775E0));
#1918=LINE('',#1917,#1916);
#1919=CARTESIAN_POINT('',(-6.025E0,-4.58E0,1.778E0));
#1920=DIRECTION('',(-1.E0,0.E0,0.E0));
#1921=DIRECTION('',(0.E0,-1.092896174863E-1,-9.940099494018E-1));
#1922=AXIS2_PLACEMENT_3D('',#1919,#1920,#1921);
#1924=CARTESIAN_POINT('',(-6.675E0,-4.58E0,1.778E0));
#1925=DIRECTION('',(-1.E0,0.E0,0.E0));
#1926=DIRECTION('',(0.E0,-2.400960384154E-2,-9.997117279113E-1));
#1927=AXIS2_PLACEMENT_3D('',#1924,#1925,#1926);
#1929=DIRECTION('',(1.E0,0.E0,0.E0));
#1930=VECTOR('',#1929,6.5E-1);
#1931=CARTESIAN_POINT('',(-6.675E0,-5.413E0,7.275E0));
#1932=LINE('',#1931,#1930);
#1933=DIRECTION('',(1.E0,0.E0,0.E0));
#1934=VECTOR('',#1933,6.5E-1);
#1935=CARTESIAN_POINT('',(-6.675E0,-5.413E0,1.778E0));
#1936=LINE('',#1935,#1934);
#1937=DIRECTION('',(0.E0,0.E0,1.E0));
#1938=VECTOR('',#1937,5.497E0);
#1939=CARTESIAN_POINT('',(-6.675E0,-5.413E0,1.778E0));
#1940=LINE('',#1939,#1938);
#1941=DIRECTION('',(3.481553119114E-1,3.481553119114E-1,8.703882797785E-1));
#1942=VECTOR('',#1941,5.744562646538E-1);
#1943=CARTESIAN_POINT('',(-6.675E0,-5.413E0,7.275E0));
#1944=LINE('',#1943,#1942);
#1945=DIRECTION('',(3.481553119114E-1,-3.481553119114E-1,-8.703882797785E-1));
#1946=VECTOR('',#1945,5.744562646538E-1);
#1947=CARTESIAN_POINT('',(-6.225E0,-5.213E0,7.775E0));
#1948=LINE('',#1947,#1946);
#1949=DIRECTION('',(3.481553119114E-1,-8.703882797785E-1,-3.481553119114E-1));
#1950=VECTOR('',#1949,5.744562646538E-1);
#1951=CARTESIAN_POINT('',(-6.225E0,4.52E0,1.145E0));
#1952=LINE('',#1951,#1950);
#1953=DIRECTION('',(1.E0,0.E0,0.E0));
#1954=VECTOR('',#1953,2.5E-1);
#1955=CARTESIAN_POINT('',(-6.475E0,4.52E0,1.395E0));
#1956=LINE('',#1955,#1954);
#1957=DIRECTION('',(0.E0,0.E0,1.E0));
#1958=VECTOR('',#1957,2.5E-1);
#1959=CARTESIAN_POINT('',(-6.475E0,4.52E0,1.145E0));
#1960=LINE('',#1959,#1958);
#1961=DIRECTION('',(-1.E0,0.E0,0.E0));
#1962=VECTOR('',#1961,2.5E-1);
#1963=CARTESIAN_POINT('',(-6.225E0,4.52E0,1.145E0));
#1964=LINE('',#1963,#1962);
#1965=DIRECTION('',(0.E0,0.E0,-1.E0));
#1966=VECTOR('',#1965,2.5E-1);
#1967=CARTESIAN_POINT('',(-6.225E0,4.52E0,1.395E0));
#1968=LINE('',#1967,#1966);
#1969=DIRECTION('',(-3.481553119114E-1,-8.703882797785E-1,-3.481553119114E-1));
#1970=VECTOR('',#1969,5.744562646538E-1);
#1971=CARTESIAN_POINT('',(-6.475E0,4.52E0,1.145E0));
#1972=LINE('',#1971,#1970);
#1973=DIRECTION('',(-1.E0,0.E0,0.E0));
#1974=VECTOR('',#1973,6.5E-1);
#1975=CARTESIAN_POINT('',(-6.025E0,4.02E0,9.45E-1));
#1976=LINE('',#1975,#1974);
#1977=DIRECTION('',(0.E0,-1.E0,0.E0));
#1978=VECTOR('',#1977,6.25E0);
#1979=CARTESIAN_POINT('',(-6.675E0,4.02E0,9.45E-1));
#1980=LINE('',#1979,#1978);
#1981=DIRECTION('',(0.E0,-1.E0,0.E0));
#1982=VECTOR('',#1981,2.52E0);
#1983=CARTESIAN_POINT('',(6.675E0,-4.6E0,-9.45E-1));
#1984=LINE('',#1983,#1982);
#1985=DIRECTION('',(1.E0,0.E0,0.E0));
#1986=VECTOR('',#1985,6.5E-1);
#1987=CARTESIAN_POINT('',(6.025E0,4.02E0,-9.45E-1));
#1988=LINE('',#1987,#1986);
#1989=DIRECTION('',(0.E0,-1.E0,0.E0));
#1990=VECTOR('',#1989,6.25E0);
#1991=CARTESIAN_POINT('',(6.675E0,4.02E0,-9.45E-1));
#1992=LINE('',#1991,#1990);
#1993=DIRECTION('',(0.E0,1.E0,0.E0));
#1994=VECTOR('',#1993,6.5E-1);
#1995=CARTESIAN_POINT('',(6.675E0,-7.953E0,7.275E0));
#1996=LINE('',#1995,#1994);
#1997=DIRECTION('',(0.E0,-1.E0,0.E0));
#1998=VECTOR('',#1997,2.52E0);
#1999=CARTESIAN_POINT('',(6.675E0,-4.6E0,-1.595E0));
#2000=LINE('',#1999,#1998);
#2001=CARTESIAN_POINT('',(6.675E0,-7.12E0,-7.62E-1));
#2002=DIRECTION('',(-1.E0,0.E0,0.E0));
#2003=DIRECTION('',(0.E0,0.E0,-1.E0));
#2004=AXIS2_PLACEMENT_3D('',#2001,#2002,#2003);
#2006=DIRECTION('',(0.E0,0.E0,1.E0));
#2007=VECTOR('',#2006,8.037E0);
#2008=CARTESIAN_POINT('',(6.675E0,-7.953E0,-7.62E-1));
#2009=LINE('',#2008,#2007);
#2010=DIRECTION('',(0.E0,0.E0,-1.E0));
#2011=VECTOR('',#2010,6.5E-1);
#2012=CARTESIAN_POINT('',(6.675E0,4.02E0,-9.45E-1));
#2013=LINE('',#2012,#2011);
#2014=DIRECTION('',(0.E0,-1.E0,0.E0));
#2015=VECTOR('',#2014,6.25E0);
#2016=CARTESIAN_POINT('',(6.675E0,4.02E0,-1.595E0));
#2017=LINE('',#2016,#2015);
#2018=DIRECTION('',(3.481553119114E-1,3.481553119114E-1,8.703882797785E-1));
#2019=VECTOR('',#2018,5.744562646538E-1);
#2020=CARTESIAN_POINT('',(6.025E0,-7.953E0,7.275E0));
#2021=LINE('',#2020,#2019);
#2022=DIRECTION('',(3.481553119114E-1,-3.481553119114E-1,-8.703882797785E-1));
#2023=VECTOR('',#2022,5.744562646538E-1);
#2024=CARTESIAN_POINT('',(6.475E0,-7.753E0,7.775E0));
#2025=LINE('',#2024,#2023);
#2026=DIRECTION('',(1.E0,0.E0,0.E0));
#2027=VECTOR('',#2026,6.5E-1);
#2028=CARTESIAN_POINT('',(6.025E0,-7.953E0,7.275E0));
#2029=LINE('',#2028,#2027);
#2030=DIRECTION('',(1.E0,0.E0,0.E0));
#2031=VECTOR('',#2030,6.5E-1);
#2032=CARTESIAN_POINT('',(6.025E0,-7.953E0,-7.62E-1));
#2033=LINE('',#2032,#2031);
#2034=DIRECTION('',(0.E0,0.E0,1.E0));
#2035=VECTOR('',#2034,8.037E0);
#2036=CARTESIAN_POINT('',(6.025E0,-7.953E0,-7.62E-1));
#2037=LINE('',#2036,#2035);
#2038=DIRECTION('',(1.E0,0.E0,0.E0));
#2039=VECTOR('',#2038,6.5E-1);
#2040=CARTESIAN_POINT('',(6.025E0,-7.12E0,-1.595E0));
#2041=LINE('',#2040,#2039);
#2042=CARTESIAN_POINT('',(6.025E0,-7.12E0,-7.62E-1));
#2043=DIRECTION('',(-1.E0,0.E0,0.E0));
#2044=DIRECTION('',(0.E0,0.E0,-1.E0));
#2045=AXIS2_PLACEMENT_3D('',#2042,#2043,#2044);
#2047=DIRECTION('',(0.E0,-1.E0,0.E0));
#2048=VECTOR('',#2047,2.52E0);
#2049=CARTESIAN_POINT('',(6.025E0,-4.6E0,-1.595E0));
#2050=LINE('',#2049,#2048);
#2051=DIRECTION('',(-1.E0,0.E0,0.E0));
#2052=VECTOR('',#2051,6.5E-1);
#2053=CARTESIAN_POINT('',(6.675E0,4.02E0,-1.595E0));
#2054=LINE('',#2053,#2052);
#2055=DIRECTION('',(0.E0,-1.E0,0.E0));
#2056=VECTOR('',#2055,6.25E0);
#2057=CARTESIAN_POINT('',(6.025E0,4.02E0,-1.595E0));
#2058=LINE('',#2057,#2056);
#2059=DIRECTION('',(0.E0,-1.E0,0.E0));
#2060=VECTOR('',#2059,6.5E-1);
#2061=CARTESIAN_POINT('',(6.025E0,-7.303E0,7.275E0));
#2062=LINE('',#2061,#2060);
#2063=DIRECTION('',(0.E0,-1.E0,0.E0));
#2064=VECTOR('',#2063,2.52E0);
#2065=CARTESIAN_POINT('',(6.025E0,-4.6E0,-9.45E-1));
#2066=LINE('',#2065,#2064);
#2067=CARTESIAN_POINT('',(6.025E0,-7.12E0,-7.62E-1));
#2068=DIRECTION('',(-1.E0,0.E0,0.E0));
#2069=DIRECTION('',(0.E0,0.E0,-1.E0));
#2070=AXIS2_PLACEMENT_3D('',#2067,#2068,#2069);
#2072=DIRECTION('',(0.E0,0.E0,1.E0));
#2073=VECTOR('',#2072,8.037E0);
#2074=CARTESIAN_POINT('',(6.025E0,-7.303E0,-7.62E-1));
#2075=LINE('',#2074,#2073);
#2076=DIRECTION('',(0.E0,0.E0,1.E0));
#2077=VECTOR('',#2076,6.5E-1);
#2078=CARTESIAN_POINT('',(6.025E0,4.02E0,-1.595E0));
#2079=LINE('',#2078,#2077);
#2080=DIRECTION('',(0.E0,-1.E0,0.E0));
#2081=VECTOR('',#2080,6.25E0);
#2082=CARTESIAN_POINT('',(6.025E0,4.02E0,-9.45E-1));
#2083=LINE('',#2082,#2081);
#2084=DIRECTION('',(0.E0,1.E0,0.E0));
#2085=VECTOR('',#2084,2.5E-1);
#2086=CARTESIAN_POINT('',(6.475E0,-7.753E0,7.775E0));
#2087=LINE('',#2086,#2085);
#2088=DIRECTION('',(1.E0,0.E0,0.E0));
#2089=VECTOR('',#2088,2.5E-1);
#2090=CARTESIAN_POINT('',(6.225E0,-7.753E0,7.775E0));
#2091=LINE('',#2090,#2089);
#2092=DIRECTION('',(0.E0,-1.E0,0.E0));
#2093=VECTOR('',#2092,2.5E-1);
#2094=CARTESIAN_POINT('',(6.225E0,-7.503E0,7.775E0));
#2095=LINE('',#2094,#2093);
#2096=DIRECTION('',(-1.E0,0.E0,0.E0));
#2097=VECTOR('',#2096,2.5E-1);
#2098=CARTESIAN_POINT('',(6.475E0,-7.503E0,7.775E0));
#2099=LINE('',#2098,#2097);
#2100=DIRECTION('',(-3.481553119114E-1,-3.481553119114E-1,8.703882797785E-1));
#2101=VECTOR('',#2100,5.744562646538E-1);
#2102=CARTESIAN_POINT('',(6.675E0,-7.303E0,7.275E0));
#2103=LINE('',#2102,#2101);
#2104=DIRECTION('',(-3.481553119114E-1,3.481553119114E-1,-8.703882797785E-1));
#2105=VECTOR('',#2104,5.744562646538E-1);
#2106=CARTESIAN_POINT('',(6.225E0,-7.503E0,7.775E0));
#2107=LINE('',#2106,#2105);
#2108=DIRECTION('',(-1.E0,0.E0,0.E0));
#2109=VECTOR('',#2108,6.5E-1);
#2110=CARTESIAN_POINT('',(6.675E0,-7.303E0,7.275E0));
#2111=LINE('',#2110,#2109);
#2112=DIRECTION('',(-1.E0,0.E0,0.E0));
#2113=VECTOR('',#2112,6.5E-1);
#2114=CARTESIAN_POINT('',(6.675E0,-7.303E0,-7.62E-1));
#2115=LINE('',#2114,#2113);
#2116=DIRECTION('',(0.E0,0.E0,1.E0));
#2117=VECTOR('',#2116,8.037E0);
#2118=CARTESIAN_POINT('',(6.675E0,-7.303E0,-7.62E-1));
#2119=LINE('',#2118,#2117);
#2120=DIRECTION('',(-1.E0,0.E0,0.E0));
#2121=VECTOR('',#2120,6.5E-1);
#2122=CARTESIAN_POINT('',(6.675E0,-7.12E0,-9.45E-1));
#2123=LINE('',#2122,#2121);
#2124=CARTESIAN_POINT('',(6.675E0,-7.12E0,-7.62E-1));
#2125=DIRECTION('',(-1.E0,0.E0,0.E0));
#2126=DIRECTION('',(0.E0,0.E0,-1.E0));
#2127=AXIS2_PLACEMENT_3D('',#2124,#2125,#2126);
#2129=DIRECTION('',(-3.481553119114E-1,-8.703882797785E-1,3.481553119114E-1));
#2130=VECTOR('',#2129,5.744562646538E-1);
#2131=CARTESIAN_POINT('',(6.225E0,4.52E0,-1.145E0));
#2132=LINE('',#2131,#2130);
#2133=DIRECTION('',(-3.481553119114E-1,-8.703882797785E-1,-3.481553119114E-1));
#2134=VECTOR('',#2133,5.744562646538E-1);
#2135=CARTESIAN_POINT('',(6.225E0,4.52E0,-1.395E0));
#2136=LINE('',#2135,#2134);
#2137=DIRECTION('',(1.E0,0.E0,0.E0));
#2138=VECTOR('',#2137,2.5E-1);
#2139=CARTESIAN_POINT('',(6.225E0,4.52E0,-1.145E0));
#2140=LINE('',#2139,#2138);
#2141=DIRECTION('',(0.E0,0.E0,1.E0));
#2142=VECTOR('',#2141,2.5E-1);
#2143=CARTESIAN_POINT('',(6.225E0,4.52E0,-1.395E0));
#2144=LINE('',#2143,#2142);
#2145=DIRECTION('',(-1.E0,0.E0,0.E0));
#2146=VECTOR('',#2145,2.5E-1);
#2147=CARTESIAN_POINT('',(6.475E0,4.52E0,-1.395E0));
#2148=LINE('',#2147,#2146);
#2149=DIRECTION('',(0.E0,0.E0,-1.E0));
#2150=VECTOR('',#2149,2.5E-1);
#2151=CARTESIAN_POINT('',(6.475E0,4.52E0,-1.145E0));
#2152=LINE('',#2151,#2150);
#2153=DIRECTION('',(3.481553119114E-1,-8.703882797785E-1,3.481553119114E-1));
#2154=VECTOR('',#2153,5.744562646538E-1);
#2155=CARTESIAN_POINT('',(6.475E0,4.52E0,-1.145E0));
#2156=LINE('',#2155,#2154);
#2157=DIRECTION('',(3.481553119114E-1,-8.703882797785E-1,-3.481553119114E-1));
#2158=VECTOR('',#2157,5.744562646538E-1);
#2159=CARTESIAN_POINT('',(6.475E0,4.52E0,-1.395E0));
#2160=LINE('',#2159,#2158);
#2161=DIRECTION('',(0.E0,-1.E0,0.E0));
#2162=VECTOR('',#2161,2.52E0);
#2163=CARTESIAN_POINT('',(4.135E0,-4.6E0,-9.45E-1));
#2164=LINE('',#2163,#2162);
#2165=DIRECTION('',(1.E0,0.E0,0.E0));
#2166=VECTOR('',#2165,6.5E-1);
#2167=CARTESIAN_POINT('',(3.485E0,4.02E0,-9.45E-1));
#2168=LINE('',#2167,#2166);
#2169=DIRECTION('',(0.E0,-1.E0,0.E0));
#2170=VECTOR('',#2169,6.25E0);
#2171=CARTESIAN_POINT('',(4.135E0,4.02E0,-9.45E-1));
#2172=LINE('',#2171,#2170);
#2173=DIRECTION('',(0.E0,1.E0,0.E0));
#2174=VECTOR('',#2173,6.5E-1);
#2175=CARTESIAN_POINT('',(4.135E0,-7.953E0,7.275E0));
#2176=LINE('',#2175,#2174);
#2177=DIRECTION('',(0.E0,-1.E0,0.E0));
#2178=VECTOR('',#2177,2.52E0);
#2179=CARTESIAN_POINT('',(4.135E0,-4.6E0,-1.595E0));
#2180=LINE('',#2179,#2178);
#2181=CARTESIAN_POINT('',(4.135E0,-7.12E0,-7.62E-1));
#2182=DIRECTION('',(-1.E0,0.E0,0.E0));
#2183=DIRECTION('',(0.E0,0.E0,-1.E0));
#2184=AXIS2_PLACEMENT_3D('',#2181,#2182,#2183);
#2186=DIRECTION('',(0.E0,0.E0,1.E0));
#2187=VECTOR('',#2186,8.037E0);
#2188=CARTESIAN_POINT('',(4.135E0,-7.953E0,-7.62E-1));
#2189=LINE('',#2188,#2187);
#2190=DIRECTION('',(0.E0,0.E0,-1.E0));
#2191=VECTOR('',#2190,6.5E-1);
#2192=CARTESIAN_POINT('',(4.135E0,4.02E0,-9.45E-1));
#2193=LINE('',#2192,#2191);
#2194=DIRECTION('',(0.E0,-1.E0,0.E0));
#2195=VECTOR('',#2194,6.25E0);
#2196=CARTESIAN_POINT('',(4.135E0,4.02E0,-1.595E0));
#2197=LINE('',#2196,#2195);
#2198=DIRECTION('',(3.481553119114E-1,3.481553119114E-1,8.703882797785E-1));
#2199=VECTOR('',#2198,5.744562646538E-1);
#2200=CARTESIAN_POINT('',(3.485E0,-7.953E0,7.275E0));
#2201=LINE('',#2200,#2199);
#2202=DIRECTION('',(3.481553119114E-1,-3.481553119114E-1,-8.703882797785E-1));
#2203=VECTOR('',#2202,5.744562646538E-1);
#2204=CARTESIAN_POINT('',(3.935E0,-7.753E0,7.775E0));
#2205=LINE('',#2204,#2203);
#2206=DIRECTION('',(1.E0,0.E0,0.E0));
#2207=VECTOR('',#2206,6.5E-1);
#2208=CARTESIAN_POINT('',(3.485E0,-7.953E0,7.275E0));
#2209=LINE('',#2208,#2207);
#2210=DIRECTION('',(1.E0,0.E0,0.E0));
#2211=VECTOR('',#2210,6.5E-1);
#2212=CARTESIAN_POINT('',(3.485E0,-7.953E0,-7.62E-1));
#2213=LINE('',#2212,#2211);
#2214=DIRECTION('',(0.E0,0.E0,1.E0));
#2215=VECTOR('',#2214,8.037E0);
#2216=CARTESIAN_POINT('',(3.485E0,-7.953E0,-7.62E-1));
#2217=LINE('',#2216,#2215);
#2218=DIRECTION('',(1.E0,0.E0,0.E0));
#2219=VECTOR('',#2218,6.5E-1);
#2220=CARTESIAN_POINT('',(3.485E0,-7.12E0,-1.595E0));
#2221=LINE('',#2220,#2219);
#2222=CARTESIAN_POINT('',(3.485E0,-7.12E0,-7.62E-1));
#2223=DIRECTION('',(-1.E0,0.E0,0.E0));
#2224=DIRECTION('',(0.E0,0.E0,-1.E0));
#2225=AXIS2_PLACEMENT_3D('',#2222,#2223,#2224);
#2227=DIRECTION('',(0.E0,-1.E0,0.E0));
#2228=VECTOR('',#2227,2.52E0);
#2229=CARTESIAN_POINT('',(3.485E0,-4.6E0,-1.595E0));
#2230=LINE('',#2229,#2228);
#2231=DIRECTION('',(-1.E0,0.E0,0.E0));
#2232=VECTOR('',#2231,6.5E-1);
#2233=CARTESIAN_POINT('',(4.135E0,4.02E0,-1.595E0));
#2234=LINE('',#2233,#2232);
#2235=DIRECTION('',(0.E0,-1.E0,0.E0));
#2236=VECTOR('',#2235,6.25E0);
#2237=CARTESIAN_POINT('',(3.485E0,4.02E0,-1.595E0));
#2238=LINE('',#2237,#2236);
#2239=DIRECTION('',(0.E0,-1.E0,0.E0));
#2240=VECTOR('',#2239,6.5E-1);
#2241=CARTESIAN_POINT('',(3.485E0,-7.303E0,7.275E0));
#2242=LINE('',#2241,#2240);
#2243=DIRECTION('',(0.E0,-1.E0,0.E0));
#2244=VECTOR('',#2243,2.52E0);
#2245=CARTESIAN_POINT('',(3.485E0,-4.6E0,-9.45E-1));
#2246=LINE('',#2245,#2244);
#2247=CARTESIAN_POINT('',(3.485E0,-7.12E0,-7.62E-1));
#2248=DIRECTION('',(-1.E0,0.E0,0.E0));
#2249=DIRECTION('',(0.E0,0.E0,-1.E0));
#2250=AXIS2_PLACEMENT_3D('',#2247,#2248,#2249);
#2252=DIRECTION('',(0.E0,0.E0,1.E0));
#2253=VECTOR('',#2252,8.037E0);
#2254=CARTESIAN_POINT('',(3.485E0,-7.303E0,-7.62E-1));
#2255=LINE('',#2254,#2253);
#2256=DIRECTION('',(0.E0,0.E0,1.E0));
#2257=VECTOR('',#2256,6.5E-1);
#2258=CARTESIAN_POINT('',(3.485E0,4.02E0,-1.595E0));
#2259=LINE('',#2258,#2257);
#2260=DIRECTION('',(0.E0,-1.E0,0.E0));
#2261=VECTOR('',#2260,6.25E0);
#2262=CARTESIAN_POINT('',(3.485E0,4.02E0,-9.45E-1));
#2263=LINE('',#2262,#2261);
#2264=DIRECTION('',(0.E0,1.E0,0.E0));
#2265=VECTOR('',#2264,2.5E-1);
#2266=CARTESIAN_POINT('',(3.935E0,-7.753E0,7.775E0));
#2267=LINE('',#2266,#2265);
#2268=DIRECTION('',(1.E0,0.E0,0.E0));
#2269=VECTOR('',#2268,2.5E-1);
#2270=CARTESIAN_POINT('',(3.685E0,-7.753E0,7.775E0));
#2271=LINE('',#2270,#2269);
#2272=DIRECTION('',(0.E0,-1.E0,0.E0));
#2273=VECTOR('',#2272,2.5E-1);
#2274=CARTESIAN_POINT('',(3.685E0,-7.503E0,7.775E0));
#2275=LINE('',#2274,#2273);
#2276=DIRECTION('',(-1.E0,0.E0,0.E0));
#2277=VECTOR('',#2276,2.5E-1);
#2278=CARTESIAN_POINT('',(3.935E0,-7.503E0,7.775E0));
#2279=LINE('',#2278,#2277);
#2280=DIRECTION('',(-3.481553119114E-1,-3.481553119114E-1,8.703882797785E-1));
#2281=VECTOR('',#2280,5.744562646538E-1);
#2282=CARTESIAN_POINT('',(4.135E0,-7.303E0,7.275E0));
#2283=LINE('',#2282,#2281);
#2284=DIRECTION('',(-3.481553119114E-1,3.481553119114E-1,-8.703882797785E-1));
#2285=VECTOR('',#2284,5.744562646538E-1);
#2286=CARTESIAN_POINT('',(3.685E0,-7.503E0,7.775E0));
#2287=LINE('',#2286,#2285);
#2288=DIRECTION('',(-1.E0,0.E0,0.E0));
#2289=VECTOR('',#2288,6.5E-1);
#2290=CARTESIAN_POINT('',(4.135E0,-7.303E0,7.275E0));
#2291=LINE('',#2290,#2289);
#2292=DIRECTION('',(-1.E0,0.E0,0.E0));
#2293=VECTOR('',#2292,6.5E-1);
#2294=CARTESIAN_POINT('',(4.135E0,-7.303E0,-7.62E-1));
#2295=LINE('',#2294,#2293);
#2296=DIRECTION('',(0.E0,0.E0,1.E0));
#2297=VECTOR('',#2296,8.037E0);
#2298=CARTESIAN_POINT('',(4.135E0,-7.303E0,-7.62E-1));
#2299=LINE('',#2298,#2297);
#2300=DIRECTION('',(-1.E0,0.E0,0.E0));
#2301=VECTOR('',#2300,6.5E-1);
#2302=CARTESIAN_POINT('',(4.135E0,-7.12E0,-9.45E-1));
#2303=LINE('',#2302,#2301);
#2304=CARTESIAN_POINT('',(4.135E0,-7.12E0,-7.62E-1));
#2305=DIRECTION('',(-1.E0,0.E0,0.E0));
#2306=DIRECTION('',(0.E0,0.E0,-1.E0));
#2307=AXIS2_PLACEMENT_3D('',#2304,#2305,#2306);
#2309=DIRECTION('',(-3.481553119114E-1,-8.703882797785E-1,3.481553119114E-1));
#2310=VECTOR('',#2309,5.744562646538E-1);
#2311=CARTESIAN_POINT('',(3.685E0,4.52E0,-1.145E0));
#2312=LINE('',#2311,#2310);
#2313=DIRECTION('',(-3.481553119114E-1,-8.703882797785E-1,-3.481553119114E-1));
#2314=VECTOR('',#2313,5.744562646538E-1);
#2315=CARTESIAN_POINT('',(3.685E0,4.52E0,-1.395E0));
#2316=LINE('',#2315,#2314);
#2317=DIRECTION('',(1.E0,0.E0,0.E0));
#2318=VECTOR('',#2317,2.5E-1);
#2319=CARTESIAN_POINT('',(3.685E0,4.52E0,-1.145E0));
#2320=LINE('',#2319,#2318);
#2321=DIRECTION('',(0.E0,0.E0,1.E0));
#2322=VECTOR('',#2321,2.5E-1);
#2323=CARTESIAN_POINT('',(3.685E0,4.52E0,-1.395E0));
#2324=LINE('',#2323,#2322);
#2325=DIRECTION('',(-1.E0,0.E0,0.E0));
#2326=VECTOR('',#2325,2.5E-1);
#2327=CARTESIAN_POINT('',(3.935E0,4.52E0,-1.395E0));
#2328=LINE('',#2327,#2326);
#2329=DIRECTION('',(0.E0,0.E0,-1.E0));
#2330=VECTOR('',#2329,2.5E-1);
#2331=CARTESIAN_POINT('',(3.935E0,4.52E0,-1.145E0));
#2332=LINE('',#2331,#2330);
#2333=DIRECTION('',(3.481553119114E-1,-8.703882797785E-1,3.481553119114E-1));
#2334=VECTOR('',#2333,5.744562646538E-1);
#2335=CARTESIAN_POINT('',(3.935E0,4.52E0,-1.145E0));
#2336=LINE('',#2335,#2334);
#2337=DIRECTION('',(3.481553119114E-1,-8.703882797785E-1,-3.481553119114E-1));
#2338=VECTOR('',#2337,5.744562646538E-1);
#2339=CARTESIAN_POINT('',(3.935E0,4.52E0,-1.395E0));
#2340=LINE('',#2339,#2338);
#2341=DIRECTION('',(0.E0,-1.E0,0.E0));
#2342=VECTOR('',#2341,2.52E0);
#2343=CARTESIAN_POINT('',(1.595E0,-4.6E0,-9.45E-1));
#2344=LINE('',#2343,#2342);
#2345=DIRECTION('',(1.E0,0.E0,0.E0));
#2346=VECTOR('',#2345,6.5E-1);
#2347=CARTESIAN_POINT('',(9.45E-1,4.02E0,-9.45E-1));
#2348=LINE('',#2347,#2346);
#2349=DIRECTION('',(0.E0,-1.E0,0.E0));
#2350=VECTOR('',#2349,6.25E0);
#2351=CARTESIAN_POINT('',(1.595E0,4.02E0,-9.45E-1));
#2352=LINE('',#2351,#2350);
#2353=DIRECTION('',(0.E0,1.E0,0.E0));
#2354=VECTOR('',#2353,6.5E-1);
#2355=CARTESIAN_POINT('',(1.595E0,-7.953E0,7.275E0));
#2356=LINE('',#2355,#2354);
#2357=DIRECTION('',(0.E0,-1.E0,0.E0));
#2358=VECTOR('',#2357,2.52E0);
#2359=CARTESIAN_POINT('',(1.595E0,-4.6E0,-1.595E0));
#2360=LINE('',#2359,#2358);
#2361=CARTESIAN_POINT('',(1.595E0,-7.12E0,-7.62E-1));
#2362=DIRECTION('',(-1.E0,0.E0,0.E0));
#2363=DIRECTION('',(0.E0,0.E0,-1.E0));
#2364=AXIS2_PLACEMENT_3D('',#2361,#2362,#2363);
#2366=DIRECTION('',(0.E0,0.E0,1.E0));
#2367=VECTOR('',#2366,8.037E0);
#2368=CARTESIAN_POINT('',(1.595E0,-7.953E0,-7.62E-1));
#2369=LINE('',#2368,#2367);
#2370=DIRECTION('',(0.E0,0.E0,-1.E0));
#2371=VECTOR('',#2370,6.5E-1);
#2372=CARTESIAN_POINT('',(1.595E0,4.02E0,-9.45E-1));
#2373=LINE('',#2372,#2371);
#2374=DIRECTION('',(0.E0,-1.E0,0.E0));
#2375=VECTOR('',#2374,6.25E0);
#2376=CARTESIAN_POINT('',(1.595E0,4.02E0,-1.595E0));
#2377=LINE('',#2376,#2375);
#2378=DIRECTION('',(3.481553119114E-1,3.481553119114E-1,8.703882797785E-1));
#2379=VECTOR('',#2378,5.744562646538E-1);
#2380=CARTESIAN_POINT('',(9.45E-1,-7.953E0,7.275E0));
#2381=LINE('',#2380,#2379);
#2382=DIRECTION('',(3.481553119114E-1,-3.481553119114E-1,-8.703882797785E-1));
#2383=VECTOR('',#2382,5.744562646538E-1);
#2384=CARTESIAN_POINT('',(1.395E0,-7.753E0,7.775E0));
#2385=LINE('',#2384,#2383);
#2386=DIRECTION('',(1.E0,0.E0,0.E0));
#2387=VECTOR('',#2386,6.5E-1);
#2388=CARTESIAN_POINT('',(9.45E-1,-7.953E0,7.275E0));
#2389=LINE('',#2388,#2387);
#2390=DIRECTION('',(1.E0,0.E0,0.E0));
#2391=VECTOR('',#2390,6.5E-1);
#2392=CARTESIAN_POINT('',(9.45E-1,-7.953E0,-7.62E-1));
#2393=LINE('',#2392,#2391);
#2394=DIRECTION('',(0.E0,0.E0,1.E0));
#2395=VECTOR('',#2394,8.037E0);
#2396=CARTESIAN_POINT('',(9.45E-1,-7.953E0,-7.62E-1));
#2397=LINE('',#2396,#2395);
#2398=DIRECTION('',(1.E0,0.E0,0.E0));
#2399=VECTOR('',#2398,6.5E-1);
#2400=CARTESIAN_POINT('',(9.45E-1,-7.12E0,-1.595E0));
#2401=LINE('',#2400,#2399);
#2402=CARTESIAN_POINT('',(9.45E-1,-7.12E0,-7.62E-1));
#2403=DIRECTION('',(-1.E0,0.E0,0.E0));
#2404=DIRECTION('',(0.E0,0.E0,-1.E0));
#2405=AXIS2_PLACEMENT_3D('',#2402,#2403,#2404);
#2407=DIRECTION('',(0.E0,-1.E0,0.E0));
#2408=VECTOR('',#2407,2.52E0);
#2409=CARTESIAN_POINT('',(9.45E-1,-4.6E0,-1.595E0));
#2410=LINE('',#2409,#2408);
#2411=DIRECTION('',(-1.E0,0.E0,0.E0));
#2412=VECTOR('',#2411,6.5E-1);
#2413=CARTESIAN_POINT('',(1.595E0,4.02E0,-1.595E0));
#2414=LINE('',#2413,#2412);
#2415=DIRECTION('',(0.E0,-1.E0,0.E0));
#2416=VECTOR('',#2415,6.25E0);
#2417=CARTESIAN_POINT('',(9.45E-1,4.02E0,-1.595E0));
#2418=LINE('',#2417,#2416);
#2419=DIRECTION('',(0.E0,-1.E0,0.E0));
#2420=VECTOR('',#2419,6.5E-1);
#2421=CARTESIAN_POINT('',(9.45E-1,-7.303E0,7.275E0));
#2422=LINE('',#2421,#2420);
#2423=DIRECTION('',(0.E0,-1.E0,0.E0));
#2424=VECTOR('',#2423,2.52E0);
#2425=CARTESIAN_POINT('',(9.45E-1,-4.6E0,-9.45E-1));
#2426=LINE('',#2425,#2424);
#2427=CARTESIAN_POINT('',(9.45E-1,-7.12E0,-7.62E-1));
#2428=DIRECTION('',(-1.E0,0.E0,0.E0));
#2429=DIRECTION('',(0.E0,0.E0,-1.E0));
#2430=AXIS2_PLACEMENT_3D('',#2427,#2428,#2429);
#2432=DIRECTION('',(0.E0,0.E0,1.E0));
#2433=VECTOR('',#2432,8.037E0);
#2434=CARTESIAN_POINT('',(9.45E-1,-7.303E0,-7.62E-1));
#2435=LINE('',#2434,#2433);
#2436=DIRECTION('',(0.E0,0.E0,1.E0));
#2437=VECTOR('',#2436,6.5E-1);
#2438=CARTESIAN_POINT('',(9.45E-1,4.02E0,-1.595E0));
#2439=LINE('',#2438,#2437);
#2440=DIRECTION('',(0.E0,-1.E0,0.E0));
#2441=VECTOR('',#2440,6.25E0);
#2442=CARTESIAN_POINT('',(9.45E-1,4.02E0,-9.45E-1));
#2443=LINE('',#2442,#2441);
#2444=DIRECTION('',(0.E0,1.E0,0.E0));
#2445=VECTOR('',#2444,2.5E-1);
#2446=CARTESIAN_POINT('',(1.395E0,-7.753E0,7.775E0));
#2447=LINE('',#2446,#2445);
#2448=DIRECTION('',(1.E0,0.E0,0.E0));
#2449=VECTOR('',#2448,2.5E-1);
#2450=CARTESIAN_POINT('',(1.145E0,-7.753E0,7.775E0));
#2451=LINE('',#2450,#2449);
#2452=DIRECTION('',(0.E0,-1.E0,0.E0));
#2453=VECTOR('',#2452,2.5E-1);
#2454=CARTESIAN_POINT('',(1.145E0,-7.503E0,7.775E0));
#2455=LINE('',#2454,#2453);
#2456=DIRECTION('',(-1.E0,0.E0,0.E0));
#2457=VECTOR('',#2456,2.5E-1);
#2458=CARTESIAN_POINT('',(1.395E0,-7.503E0,7.775E0));
#2459=LINE('',#2458,#2457);
#2460=DIRECTION('',(-3.481553119114E-1,-3.481553119114E-1,8.703882797785E-1));
#2461=VECTOR('',#2460,5.744562646538E-1);
#2462=CARTESIAN_POINT('',(1.595E0,-7.303E0,7.275E0));
#2463=LINE('',#2462,#2461);
#2464=DIRECTION('',(-3.481553119114E-1,3.481553119114E-1,-8.703882797785E-1));
#2465=VECTOR('',#2464,5.744562646538E-1);
#2466=CARTESIAN_POINT('',(1.145E0,-7.503E0,7.775E0));
#2467=LINE('',#2466,#2465);
#2468=DIRECTION('',(-1.E0,0.E0,0.E0));
#2469=VECTOR('',#2468,6.5E-1);
#2470=CARTESIAN_POINT('',(1.595E0,-7.303E0,7.275E0));
#2471=LINE('',#2470,#2469);
#2472=DIRECTION('',(-1.E0,0.E0,0.E0));
#2473=VECTOR('',#2472,6.5E-1);
#2474=CARTESIAN_POINT('',(1.595E0,-7.303E0,-7.62E-1));
#2475=LINE('',#2474,#2473);
#2476=DIRECTION('',(0.E0,0.E0,1.E0));
#2477=VECTOR('',#2476,8.037E0);
#2478=CARTESIAN_POINT('',(1.595E0,-7.303E0,-7.62E-1));
#2479=LINE('',#2478,#2477);
#2480=DIRECTION('',(-1.E0,0.E0,0.E0));
#2481=VECTOR('',#2480,6.5E-1);
#2482=CARTESIAN_POINT('',(1.595E0,-7.12E0,-9.45E-1));
#2483=LINE('',#2482,#2481);
#2484=CARTESIAN_POINT('',(1.595E0,-7.12E0,-7.62E-1));
#2485=DIRECTION('',(-1.E0,0.E0,0.E0));
#2486=DIRECTION('',(0.E0,0.E0,-1.E0));
#2487=AXIS2_PLACEMENT_3D('',#2484,#2485,#2486);
#2489=DIRECTION('',(-3.481553119114E-1,-8.703882797785E-1,3.481553119114E-1));
#2490=VECTOR('',#2489,5.744562646538E-1);
#2491=CARTESIAN_POINT('',(1.145E0,4.52E0,-1.145E0));
#2492=LINE('',#2491,#2490);
#2493=DIRECTION('',(-3.481553119114E-1,-8.703882797785E-1,-3.481553119114E-1));
#2494=VECTOR('',#2493,5.744562646538E-1);
#2495=CARTESIAN_POINT('',(1.145E0,4.52E0,-1.395E0));
#2496=LINE('',#2495,#2494);
#2497=DIRECTION('',(1.E0,0.E0,0.E0));
#2498=VECTOR('',#2497,2.5E-1);
#2499=CARTESIAN_POINT('',(1.145E0,4.52E0,-1.145E0));
#2500=LINE('',#2499,#2498);
#2501=DIRECTION('',(0.E0,0.E0,1.E0));
#2502=VECTOR('',#2501,2.5E-1);
#2503=CARTESIAN_POINT('',(1.145E0,4.52E0,-1.395E0));
#2504=LINE('',#2503,#2502);
#2505=DIRECTION('',(-1.E0,0.E0,0.E0));
#2506=VECTOR('',#2505,2.5E-1);
#2507=CARTESIAN_POINT('',(1.395E0,4.52E0,-1.395E0));
#2508=LINE('',#2507,#2506);
#2509=DIRECTION('',(0.E0,0.E0,-1.E0));
#2510=VECTOR('',#2509,2.5E-1);
#2511=CARTESIAN_POINT('',(1.395E0,4.52E0,-1.145E0));
#2512=LINE('',#2511,#2510);
#2513=DIRECTION('',(3.481553119114E-1,-8.703882797785E-1,3.481553119114E-1));
#2514=VECTOR('',#2513,5.744562646538E-1);
#2515=CARTESIAN_POINT('',(1.395E0,4.52E0,-1.145E0));
#2516=LINE('',#2515,#2514);
#2517=DIRECTION('',(3.481553119114E-1,-8.703882797785E-1,-3.481553119114E-1));
#2518=VECTOR('',#2517,5.744562646538E-1);
#2519=CARTESIAN_POINT('',(1.395E0,4.52E0,-1.395E0));
#2520=LINE('',#2519,#2518);
#2521=DIRECTION('',(0.E0,-1.E0,0.E0));
#2522=VECTOR('',#2521,2.52E0);
#2523=CARTESIAN_POINT('',(-9.45E-1,-4.6E0,-9.45E-1));
#2524=LINE('',#2523,#2522);
#2525=DIRECTION('',(1.E0,0.E0,0.E0));
#2526=VECTOR('',#2525,6.5E-1);
#2527=CARTESIAN_POINT('',(-1.595E0,4.02E0,-9.45E-1));
#2528=LINE('',#2527,#2526);
#2529=DIRECTION('',(0.E0,-1.E0,0.E0));
#2530=VECTOR('',#2529,6.25E0);
#2531=CARTESIAN_POINT('',(-9.45E-1,4.02E0,-9.45E-1));
#2532=LINE('',#2531,#2530);
#2533=DIRECTION('',(0.E0,1.E0,0.E0));
#2534=VECTOR('',#2533,6.5E-1);
#2535=CARTESIAN_POINT('',(-9.45E-1,-7.953E0,7.275E0));
#2536=LINE('',#2535,#2534);
#2537=DIRECTION('',(0.E0,-1.E0,0.E0));
#2538=VECTOR('',#2537,2.52E0);
#2539=CARTESIAN_POINT('',(-9.45E-1,-4.6E0,-1.595E0));
#2540=LINE('',#2539,#2538);
#2541=CARTESIAN_POINT('',(-9.45E-1,-7.12E0,-7.62E-1));
#2542=DIRECTION('',(-1.E0,0.E0,0.E0));
#2543=DIRECTION('',(0.E0,0.E0,-1.E0));
#2544=AXIS2_PLACEMENT_3D('',#2541,#2542,#2543);
#2546=DIRECTION('',(0.E0,0.E0,1.E0));
#2547=VECTOR('',#2546,8.037E0);
#2548=CARTESIAN_POINT('',(-9.45E-1,-7.953E0,-7.62E-1));
#2549=LINE('',#2548,#2547);
#2550=DIRECTION('',(0.E0,0.E0,-1.E0));
#2551=VECTOR('',#2550,6.5E-1);
#2552=CARTESIAN_POINT('',(-9.45E-1,4.02E0,-9.45E-1));
#2553=LINE('',#2552,#2551);
#2554=DIRECTION('',(0.E0,-1.E0,0.E0));
#2555=VECTOR('',#2554,6.25E0);
#2556=CARTESIAN_POINT('',(-9.45E-1,4.02E0,-1.595E0));
#2557=LINE('',#2556,#2555);
#2558=DIRECTION('',(3.481553119114E-1,3.481553119114E-1,8.703882797785E-1));
#2559=VECTOR('',#2558,5.744562646538E-1);
#2560=CARTESIAN_POINT('',(-1.595E0,-7.953E0,7.275E0));
#2561=LINE('',#2560,#2559);
#2562=DIRECTION('',(3.481553119114E-1,-3.481553119114E-1,-8.703882797785E-1));
#2563=VECTOR('',#2562,5.744562646538E-1);
#2564=CARTESIAN_POINT('',(-1.145E0,-7.753E0,7.775E0));
#2565=LINE('',#2564,#2563);
#2566=DIRECTION('',(1.E0,0.E0,0.E0));
#2567=VECTOR('',#2566,6.5E-1);
#2568=CARTESIAN_POINT('',(-1.595E0,-7.953E0,7.275E0));
#2569=LINE('',#2568,#2567);
#2570=DIRECTION('',(1.E0,0.E0,0.E0));
#2571=VECTOR('',#2570,6.5E-1);
#2572=CARTESIAN_POINT('',(-1.595E0,-7.953E0,-7.62E-1));
#2573=LINE('',#2572,#2571);
#2574=DIRECTION('',(0.E0,0.E0,1.E0));
#2575=VECTOR('',#2574,8.037E0);
#2576=CARTESIAN_POINT('',(-1.595E0,-7.953E0,-7.62E-1));
#2577=LINE('',#2576,#2575);
#2578=DIRECTION('',(1.E0,0.E0,0.E0));
#2579=VECTOR('',#2578,6.5E-1);
#2580=CARTESIAN_POINT('',(-1.595E0,-7.12E0,-1.595E0));
#2581=LINE('',#2580,#2579);
#2582=CARTESIAN_POINT('',(-1.595E0,-7.12E0,-7.62E-1));
#2583=DIRECTION('',(-1.E0,0.E0,0.E0));
#2584=DIRECTION('',(0.E0,0.E0,-1.E0));
#2585=AXIS2_PLACEMENT_3D('',#2582,#2583,#2584);
#2587=DIRECTION('',(0.E0,-1.E0,0.E0));
#2588=VECTOR('',#2587,2.52E0);
#2589=CARTESIAN_POINT('',(-1.595E0,-4.6E0,-1.595E0));
#2590=LINE('',#2589,#2588);
#2591=DIRECTION('',(-1.E0,0.E0,0.E0));
#2592=VECTOR('',#2591,6.5E-1);
#2593=CARTESIAN_POINT('',(-9.45E-1,4.02E0,-1.595E0));
#2594=LINE('',#2593,#2592);
#2595=DIRECTION('',(0.E0,-1.E0,0.E0));
#2596=VECTOR('',#2595,6.25E0);
#2597=CARTESIAN_POINT('',(-1.595E0,4.02E0,-1.595E0));
#2598=LINE('',#2597,#2596);
#2599=DIRECTION('',(0.E0,-1.E0,0.E0));
#2600=VECTOR('',#2599,6.5E-1);
#2601=CARTESIAN_POINT('',(-1.595E0,-7.303E0,7.275E0));
#2602=LINE('',#2601,#2600);
#2603=DIRECTION('',(0.E0,-1.E0,0.E0));
#2604=VECTOR('',#2603,2.52E0);
#2605=CARTESIAN_POINT('',(-1.595E0,-4.6E0,-9.45E-1));
#2606=LINE('',#2605,#2604);
#2607=CARTESIAN_POINT('',(-1.595E0,-7.12E0,-7.62E-1));
#2608=DIRECTION('',(-1.E0,0.E0,0.E0));
#2609=DIRECTION('',(0.E0,0.E0,-1.E0));
#2610=AXIS2_PLACEMENT_3D('',#2607,#2608,#2609);
#2612=DIRECTION('',(0.E0,0.E0,1.E0));
#2613=VECTOR('',#2612,8.037E0);
#2614=CARTESIAN_POINT('',(-1.595E0,-7.303E0,-7.62E-1));
#2615=LINE('',#2614,#2613);
#2616=DIRECTION('',(0.E0,0.E0,1.E0));
#2617=VECTOR('',#2616,6.5E-1);
#2618=CARTESIAN_POINT('',(-1.595E0,4.02E0,-1.595E0));
#2619=LINE('',#2618,#2617);
#2620=DIRECTION('',(0.E0,-1.E0,0.E0));
#2621=VECTOR('',#2620,6.25E0);
#2622=CARTESIAN_POINT('',(-1.595E0,4.02E0,-9.45E-1));
#2623=LINE('',#2622,#2621);
#2624=DIRECTION('',(0.E0,1.E0,0.E0));
#2625=VECTOR('',#2624,2.5E-1);
#2626=CARTESIAN_POINT('',(-1.145E0,-7.753E0,7.775E0));
#2627=LINE('',#2626,#2625);
#2628=DIRECTION('',(1.E0,0.E0,0.E0));
#2629=VECTOR('',#2628,2.5E-1);
#2630=CARTESIAN_POINT('',(-1.395E0,-7.753E0,7.775E0));
#2631=LINE('',#2630,#2629);
#2632=DIRECTION('',(0.E0,-1.E0,0.E0));
#2633=VECTOR('',#2632,2.5E-1);
#2634=CARTESIAN_POINT('',(-1.395E0,-7.503E0,7.775E0));
#2635=LINE('',#2634,#2633);
#2636=DIRECTION('',(-1.E0,0.E0,0.E0));
#2637=VECTOR('',#2636,2.5E-1);
#2638=CARTESIAN_POINT('',(-1.145E0,-7.503E0,7.775E0));
#2639=LINE('',#2638,#2637);
#2640=DIRECTION('',(-3.481553119114E-1,-3.481553119114E-1,8.703882797785E-1));
#2641=VECTOR('',#2640,5.744562646538E-1);
#2642=CARTESIAN_POINT('',(-9.45E-1,-7.303E0,7.275E0));
#2643=LINE('',#2642,#2641);
#2644=DIRECTION('',(-3.481553119114E-1,3.481553119114E-1,-8.703882797785E-1));
#2645=VECTOR('',#2644,5.744562646538E-1);
#2646=CARTESIAN_POINT('',(-1.395E0,-7.503E0,7.775E0));
#2647=LINE('',#2646,#2645);
#2648=DIRECTION('',(-1.E0,0.E0,0.E0));
#2649=VECTOR('',#2648,6.5E-1);
#2650=CARTESIAN_POINT('',(-9.45E-1,-7.303E0,7.275E0));
#2651=LINE('',#2650,#2649);
#2652=DIRECTION('',(-1.E0,0.E0,0.E0));
#2653=VECTOR('',#2652,6.5E-1);
#2654=CARTESIAN_POINT('',(-9.45E-1,-7.303E0,-7.62E-1));
#2655=LINE('',#2654,#2653);
#2656=DIRECTION('',(0.E0,0.E0,1.E0));
#2657=VECTOR('',#2656,8.037E0);
#2658=CARTESIAN_POINT('',(-9.45E-1,-7.303E0,-7.62E-1));
#2659=LINE('',#2658,#2657);
#2660=DIRECTION('',(-1.E0,0.E0,0.E0));
#2661=VECTOR('',#2660,6.5E-1);
#2662=CARTESIAN_POINT('',(-9.45E-1,-7.12E0,-9.45E-1));
#2663=LINE('',#2662,#2661);
#2664=CARTESIAN_POINT('',(-9.45E-1,-7.12E0,-7.62E-1));
#2665=DIRECTION('',(-1.E0,0.E0,0.E0));
#2666=DIRECTION('',(0.E0,0.E0,-1.E0));
#2667=AXIS2_PLACEMENT_3D('',#2664,#2665,#2666);
#2669=DIRECTION('',(-3.481553119114E-1,-8.703882797785E-1,3.481553119114E-1));
#2670=VECTOR('',#2669,5.744562646538E-1);
#2671=CARTESIAN_POINT('',(-1.395E0,4.52E0,-1.145E0));
#2672=LINE('',#2671,#2670);
#2673=DIRECTION('',(-3.481553119114E-1,-8.703882797785E-1,-3.481553119114E-1));
#2674=VECTOR('',#2673,5.744562646538E-1);
#2675=CARTESIAN_POINT('',(-1.395E0,4.52E0,-1.395E0));
#2676=LINE('',#2675,#2674);
#2677=DIRECTION('',(1.E0,0.E0,0.E0));
#2678=VECTOR('',#2677,2.5E-1);
#2679=CARTESIAN_POINT('',(-1.395E0,4.52E0,-1.145E0));
#2680=LINE('',#2679,#2678);
#2681=DIRECTION('',(0.E0,0.E0,1.E0));
#2682=VECTOR('',#2681,2.5E-1);
#2683=CARTESIAN_POINT('',(-1.395E0,4.52E0,-1.395E0));
#2684=LINE('',#2683,#2682);
#2685=DIRECTION('',(-1.E0,0.E0,0.E0));
#2686=VECTOR('',#2685,2.5E-1);
#2687=CARTESIAN_POINT('',(-1.145E0,4.52E0,-1.395E0));
#2688=LINE('',#2687,#2686);
#2689=DIRECTION('',(0.E0,0.E0,-1.E0));
#2690=VECTOR('',#2689,2.5E-1);
#2691=CARTESIAN_POINT('',(-1.145E0,4.52E0,-1.145E0));
#2692=LINE('',#2691,#2690);
#2693=DIRECTION('',(3.481553119114E-1,-8.703882797785E-1,3.481553119114E-1));
#2694=VECTOR('',#2693,5.744562646538E-1);
#2695=CARTESIAN_POINT('',(-1.145E0,4.52E0,-1.145E0));
#2696=LINE('',#2695,#2694);
#2697=DIRECTION('',(3.481553119114E-1,-8.703882797785E-1,-3.481553119114E-1));
#2698=VECTOR('',#2697,5.744562646538E-1);
#2699=CARTESIAN_POINT('',(-1.145E0,4.52E0,-1.395E0));
#2700=LINE('',#2699,#2698);
#2701=DIRECTION('',(0.E0,-1.E0,0.E0));
#2702=VECTOR('',#2701,2.52E0);
#2703=CARTESIAN_POINT('',(-3.485E0,-4.6E0,-9.45E-1));
#2704=LINE('',#2703,#2702);
#2705=DIRECTION('',(1.E0,0.E0,0.E0));
#2706=VECTOR('',#2705,6.5E-1);
#2707=CARTESIAN_POINT('',(-4.135E0,4.02E0,-9.45E-1));
#2708=LINE('',#2707,#2706);
#2709=DIRECTION('',(0.E0,-1.E0,0.E0));
#2710=VECTOR('',#2709,6.25E0);
#2711=CARTESIAN_POINT('',(-3.485E0,4.02E0,-9.45E-1));
#2712=LINE('',#2711,#2710);
#2713=DIRECTION('',(0.E0,1.E0,0.E0));
#2714=VECTOR('',#2713,6.5E-1);
#2715=CARTESIAN_POINT('',(-3.485E0,-7.953E0,7.275E0));
#2716=LINE('',#2715,#2714);
#2717=DIRECTION('',(0.E0,-1.E0,0.E0));
#2718=VECTOR('',#2717,2.52E0);
#2719=CARTESIAN_POINT('',(-3.485E0,-4.6E0,-1.595E0));
#2720=LINE('',#2719,#2718);
#2721=CARTESIAN_POINT('',(-3.485E0,-7.12E0,-7.62E-1));
#2722=DIRECTION('',(-1.E0,0.E0,0.E0));
#2723=DIRECTION('',(0.E0,0.E0,-1.E0));
#2724=AXIS2_PLACEMENT_3D('',#2721,#2722,#2723);
#2726=DIRECTION('',(0.E0,0.E0,1.E0));
#2727=VECTOR('',#2726,8.037E0);
#2728=CARTESIAN_POINT('',(-3.485E0,-7.953E0,-7.62E-1));
#2729=LINE('',#2728,#2727);
#2730=DIRECTION('',(0.E0,0.E0,-1.E0));
#2731=VECTOR('',#2730,6.5E-1);
#2732=CARTESIAN_POINT('',(-3.485E0,4.02E0,-9.45E-1));
#2733=LINE('',#2732,#2731);
#2734=DIRECTION('',(0.E0,-1.E0,0.E0));
#2735=VECTOR('',#2734,6.25E0);
#2736=CARTESIAN_POINT('',(-3.485E0,4.02E0,-1.595E0));
#2737=LINE('',#2736,#2735);
#2738=DIRECTION('',(3.481553119114E-1,3.481553119114E-1,8.703882797785E-1));
#2739=VECTOR('',#2738,5.744562646538E-1);
#2740=CARTESIAN_POINT('',(-4.135E0,-7.953E0,7.275E0));
#2741=LINE('',#2740,#2739);
#2742=DIRECTION('',(3.481553119114E-1,-3.481553119114E-1,-8.703882797785E-1));
#2743=VECTOR('',#2742,5.744562646538E-1);
#2744=CARTESIAN_POINT('',(-3.685E0,-7.753E0,7.775E0));
#2745=LINE('',#2744,#2743);
#2746=DIRECTION('',(1.E0,0.E0,0.E0));
#2747=VECTOR('',#2746,6.5E-1);
#2748=CARTESIAN_POINT('',(-4.135E0,-7.953E0,7.275E0));
#2749=LINE('',#2748,#2747);
#2750=DIRECTION('',(1.E0,0.E0,0.E0));
#2751=VECTOR('',#2750,6.5E-1);
#2752=CARTESIAN_POINT('',(-4.135E0,-7.953E0,-7.62E-1));
#2753=LINE('',#2752,#2751);
#2754=DIRECTION('',(0.E0,0.E0,1.E0));
#2755=VECTOR('',#2754,8.037E0);
#2756=CARTESIAN_POINT('',(-4.135E0,-7.953E0,-7.62E-1));
#2757=LINE('',#2756,#2755);
#2758=DIRECTION('',(1.E0,0.E0,0.E0));
#2759=VECTOR('',#2758,6.5E-1);
#2760=CARTESIAN_POINT('',(-4.135E0,-7.12E0,-1.595E0));
#2761=LINE('',#2760,#2759);
#2762=CARTESIAN_POINT('',(-4.135E0,-7.12E0,-7.62E-1));
#2763=DIRECTION('',(-1.E0,0.E0,0.E0));
#2764=DIRECTION('',(0.E0,0.E0,-1.E0));
#2765=AXIS2_PLACEMENT_3D('',#2762,#2763,#2764);
#2767=DIRECTION('',(0.E0,-1.E0,0.E0));
#2768=VECTOR('',#2767,2.52E0);
#2769=CARTESIAN_POINT('',(-4.135E0,-4.6E0,-1.595E0));
#2770=LINE('',#2769,#2768);
#2771=DIRECTION('',(-1.E0,0.E0,0.E0));
#2772=VECTOR('',#2771,6.5E-1);
#2773=CARTESIAN_POINT('',(-3.485E0,4.02E0,-1.595E0));
#2774=LINE('',#2773,#2772);
#2775=DIRECTION('',(0.E0,-1.E0,0.E0));
#2776=VECTOR('',#2775,6.25E0);
#2777=CARTESIAN_POINT('',(-4.135E0,4.02E0,-1.595E0));
#2778=LINE('',#2777,#2776);
#2779=DIRECTION('',(0.E0,-1.E0,0.E0));
#2780=VECTOR('',#2779,6.5E-1);
#2781=CARTESIAN_POINT('',(-4.135E0,-7.303E0,7.275E0));
#2782=LINE('',#2781,#2780);
#2783=DIRECTION('',(0.E0,-1.E0,0.E0));
#2784=VECTOR('',#2783,2.52E0);
#2785=CARTESIAN_POINT('',(-4.135E0,-4.6E0,-9.45E-1));
#2786=LINE('',#2785,#2784);
#2787=CARTESIAN_POINT('',(-4.135E0,-7.12E0,-7.62E-1));
#2788=DIRECTION('',(-1.E0,0.E0,0.E0));
#2789=DIRECTION('',(0.E0,0.E0,-1.E0));
#2790=AXIS2_PLACEMENT_3D('',#2787,#2788,#2789);
#2792=DIRECTION('',(0.E0,0.E0,1.E0));
#2793=VECTOR('',#2792,8.037E0);
#2794=CARTESIAN_POINT('',(-4.135E0,-7.303E0,-7.62E-1));
#2795=LINE('',#2794,#2793);
#2796=DIRECTION('',(0.E0,0.E0,1.E0));
#2797=VECTOR('',#2796,6.5E-1);
#2798=CARTESIAN_POINT('',(-4.135E0,4.02E0,-1.595E0));
#2799=LINE('',#2798,#2797);
#2800=DIRECTION('',(0.E0,-1.E0,0.E0));
#2801=VECTOR('',#2800,6.25E0);
#2802=CARTESIAN_POINT('',(-4.135E0,4.02E0,-9.45E-1));
#2803=LINE('',#2802,#2801);
#2804=DIRECTION('',(0.E0,1.E0,0.E0));
#2805=VECTOR('',#2804,2.5E-1);
#2806=CARTESIAN_POINT('',(-3.685E0,-7.753E0,7.775E0));
#2807=LINE('',#2806,#2805);
#2808=DIRECTION('',(1.E0,0.E0,0.E0));
#2809=VECTOR('',#2808,2.5E-1);
#2810=CARTESIAN_POINT('',(-3.935E0,-7.753E0,7.775E0));
#2811=LINE('',#2810,#2809);
#2812=DIRECTION('',(0.E0,-1.E0,0.E0));
#2813=VECTOR('',#2812,2.5E-1);
#2814=CARTESIAN_POINT('',(-3.935E0,-7.503E0,7.775E0));
#2815=LINE('',#2814,#2813);
#2816=DIRECTION('',(-1.E0,0.E0,0.E0));
#2817=VECTOR('',#2816,2.5E-1);
#2818=CARTESIAN_POINT('',(-3.685E0,-7.503E0,7.775E0));
#2819=LINE('',#2818,#2817);
#2820=DIRECTION('',(-3.481553119114E-1,-3.481553119114E-1,8.703882797785E-1));
#2821=VECTOR('',#2820,5.744562646538E-1);
#2822=CARTESIAN_POINT('',(-3.485E0,-7.303E0,7.275E0));
#2823=LINE('',#2822,#2821);
#2824=DIRECTION('',(-3.481553119114E-1,3.481553119114E-1,-8.703882797785E-1));
#2825=VECTOR('',#2824,5.744562646538E-1);
#2826=CARTESIAN_POINT('',(-3.935E0,-7.503E0,7.775E0));
#2827=LINE('',#2826,#2825);
#2828=DIRECTION('',(-1.E0,0.E0,0.E0));
#2829=VECTOR('',#2828,6.5E-1);
#2830=CARTESIAN_POINT('',(-3.485E0,-7.303E0,7.275E0));
#2831=LINE('',#2830,#2829);
#2832=DIRECTION('',(-1.E0,0.E0,0.E0));
#2833=VECTOR('',#2832,6.5E-1);
#2834=CARTESIAN_POINT('',(-3.485E0,-7.303E0,-7.62E-1));
#2835=LINE('',#2834,#2833);
#2836=DIRECTION('',(0.E0,0.E0,1.E0));
#2837=VECTOR('',#2836,8.037E0);
#2838=CARTESIAN_POINT('',(-3.485E0,-7.303E0,-7.62E-1));
#2839=LINE('',#2838,#2837);
#2840=DIRECTION('',(-1.E0,0.E0,0.E0));
#2841=VECTOR('',#2840,6.5E-1);
#2842=CARTESIAN_POINT('',(-3.485E0,-7.12E0,-9.45E-1));
#2843=LINE('',#2842,#2841);
#2844=CARTESIAN_POINT('',(-3.485E0,-7.12E0,-7.62E-1));
#2845=DIRECTION('',(-1.E0,0.E0,0.E0));
#2846=DIRECTION('',(0.E0,0.E0,-1.E0));
#2847=AXIS2_PLACEMENT_3D('',#2844,#2845,#2846);
#2849=DIRECTION('',(-3.481553119114E-1,-8.703882797785E-1,3.481553119114E-1));
#2850=VECTOR('',#2849,5.744562646538E-1);
#2851=CARTESIAN_POINT('',(-3.935E0,4.52E0,-1.145E0));
#2852=LINE('',#2851,#2850);
#2853=DIRECTION('',(-3.481553119114E-1,-8.703882797785E-1,-3.481553119114E-1));
#2854=VECTOR('',#2853,5.744562646538E-1);
#2855=CARTESIAN_POINT('',(-3.935E0,4.52E0,-1.395E0));
#2856=LINE('',#2855,#2854);
#2857=DIRECTION('',(1.E0,0.E0,0.E0));
#2858=VECTOR('',#2857,2.5E-1);
#2859=CARTESIAN_POINT('',(-3.935E0,4.52E0,-1.145E0));
#2860=LINE('',#2859,#2858);
#2861=DIRECTION('',(0.E0,0.E0,1.E0));
#2862=VECTOR('',#2861,2.5E-1);
#2863=CARTESIAN_POINT('',(-3.935E0,4.52E0,-1.395E0));
#2864=LINE('',#2863,#2862);
#2865=DIRECTION('',(-1.E0,0.E0,0.E0));
#2866=VECTOR('',#2865,2.5E-1);
#2867=CARTESIAN_POINT('',(-3.685E0,4.52E0,-1.395E0));
#2868=LINE('',#2867,#2866);
#2869=DIRECTION('',(0.E0,0.E0,-1.E0));
#2870=VECTOR('',#2869,2.5E-1);
#2871=CARTESIAN_POINT('',(-3.685E0,4.52E0,-1.145E0));
#2872=LINE('',#2871,#2870);
#2873=DIRECTION('',(3.481553119114E-1,-8.703882797785E-1,3.481553119114E-1));
#2874=VECTOR('',#2873,5.744562646538E-1);
#2875=CARTESIAN_POINT('',(-3.685E0,4.52E0,-1.145E0));
#2876=LINE('',#2875,#2874);
#2877=DIRECTION('',(3.481553119114E-1,-8.703882797785E-1,-3.481553119114E-1));
#2878=VECTOR('',#2877,5.744562646538E-1);
#2879=CARTESIAN_POINT('',(-3.685E0,4.52E0,-1.395E0));
#2880=LINE('',#2879,#2878);
#2881=DIRECTION('',(0.E0,-1.E0,0.E0));
#2882=VECTOR('',#2881,2.52E0);
#2883=CARTESIAN_POINT('',(-6.025E0,-4.6E0,-9.45E-1));
#2884=LINE('',#2883,#2882);
#2885=DIRECTION('',(1.E0,0.E0,0.E0));
#2886=VECTOR('',#2885,6.5E-1);
#2887=CARTESIAN_POINT('',(-6.675E0,4.02E0,-9.45E-1));
#2888=LINE('',#2887,#2886);
#2889=DIRECTION('',(0.E0,-1.E0,0.E0));
#2890=VECTOR('',#2889,6.25E0);
#2891=CARTESIAN_POINT('',(-6.025E0,4.02E0,-9.45E-1));
#2892=LINE('',#2891,#2890);
#2893=DIRECTION('',(0.E0,1.E0,0.E0));
#2894=VECTOR('',#2893,6.5E-1);
#2895=CARTESIAN_POINT('',(-6.025E0,-7.953E0,7.275E0));
#2896=LINE('',#2895,#2894);
#2897=DIRECTION('',(0.E0,-1.E0,0.E0));
#2898=VECTOR('',#2897,2.52E0);
#2899=CARTESIAN_POINT('',(-6.025E0,-4.6E0,-1.595E0));
#2900=LINE('',#2899,#2898);
#2901=CARTESIAN_POINT('',(-6.025E0,-7.12E0,-7.62E-1));
#2902=DIRECTION('',(-1.E0,0.E0,0.E0));
#2903=DIRECTION('',(0.E0,0.E0,-1.E0));
#2904=AXIS2_PLACEMENT_3D('',#2901,#2902,#2903);
#2906=DIRECTION('',(0.E0,0.E0,1.E0));
#2907=VECTOR('',#2906,8.037E0);
#2908=CARTESIAN_POINT('',(-6.025E0,-7.953E0,-7.62E-1));
#2909=LINE('',#2908,#2907);
#2910=DIRECTION('',(0.E0,0.E0,-1.E0));
#2911=VECTOR('',#2910,6.5E-1);
#2912=CARTESIAN_POINT('',(-6.025E0,4.02E0,-9.45E-1));
#2913=LINE('',#2912,#2911);
#2914=DIRECTION('',(0.E0,-1.E0,0.E0));
#2915=VECTOR('',#2914,6.25E0);
#2916=CARTESIAN_POINT('',(-6.025E0,4.02E0,-1.595E0));
#2917=LINE('',#2916,#2915);
#2918=DIRECTION('',(3.481553119114E-1,3.481553119114E-1,8.703882797785E-1));
#2919=VECTOR('',#2918,5.744562646538E-1);
#2920=CARTESIAN_POINT('',(-6.675E0,-7.953E0,7.275E0));
#2921=LINE('',#2920,#2919);
#2922=DIRECTION('',(3.481553119114E-1,-3.481553119114E-1,-8.703882797785E-1));
#2923=VECTOR('',#2922,5.744562646538E-1);
#2924=CARTESIAN_POINT('',(-6.225E0,-7.753E0,7.775E0));
#2925=LINE('',#2924,#2923);
#2926=DIRECTION('',(1.E0,0.E0,0.E0));
#2927=VECTOR('',#2926,6.5E-1);
#2928=CARTESIAN_POINT('',(-6.675E0,-7.953E0,7.275E0));
#2929=LINE('',#2928,#2927);
#2930=DIRECTION('',(1.E0,0.E0,0.E0));
#2931=VECTOR('',#2930,6.5E-1);
#2932=CARTESIAN_POINT('',(-6.675E0,-7.953E0,-7.62E-1));
#2933=LINE('',#2932,#2931);
#2934=DIRECTION('',(0.E0,0.E0,1.E0));
#2935=VECTOR('',#2934,8.037E0);
#2936=CARTESIAN_POINT('',(-6.675E0,-7.953E0,-7.62E-1));
#2937=LINE('',#2936,#2935);
#2938=DIRECTION('',(1.E0,0.E0,0.E0));
#2939=VECTOR('',#2938,6.5E-1);
#2940=CARTESIAN_POINT('',(-6.675E0,-7.12E0,-1.595E0));
#2941=LINE('',#2940,#2939);
#2942=CARTESIAN_POINT('',(-6.675E0,-7.12E0,-7.62E-1));
#2943=DIRECTION('',(-1.E0,0.E0,0.E0));
#2944=DIRECTION('',(0.E0,0.E0,-1.E0));
#2945=AXIS2_PLACEMENT_3D('',#2942,#2943,#2944);
#2947=DIRECTION('',(0.E0,-1.E0,0.E0));
#2948=VECTOR('',#2947,2.52E0);
#2949=CARTESIAN_POINT('',(-6.675E0,-4.6E0,-1.595E0));
#2950=LINE('',#2949,#2948);
#2951=DIRECTION('',(-1.E0,0.E0,0.E0));
#2952=VECTOR('',#2951,6.5E-1);
#2953=CARTESIAN_POINT('',(-6.025E0,4.02E0,-1.595E0));
#2954=LINE('',#2953,#2952);
#2955=DIRECTION('',(0.E0,-1.E0,0.E0));
#2956=VECTOR('',#2955,6.25E0);
#2957=CARTESIAN_POINT('',(-6.675E0,4.02E0,-1.595E0));
#2958=LINE('',#2957,#2956);
#2959=DIRECTION('',(0.E0,-1.E0,0.E0));
#2960=VECTOR('',#2959,6.5E-1);
#2961=CARTESIAN_POINT('',(-6.675E0,-7.303E0,7.275E0));
#2962=LINE('',#2961,#2960);
#2963=DIRECTION('',(0.E0,-1.E0,0.E0));
#2964=VECTOR('',#2963,2.52E0);
#2965=CARTESIAN_POINT('',(-6.675E0,-4.6E0,-9.45E-1));
#2966=LINE('',#2965,#2964);
#2967=CARTESIAN_POINT('',(-6.675E0,-7.12E0,-7.62E-1));
#2968=DIRECTION('',(-1.E0,0.E0,0.E0));
#2969=DIRECTION('',(0.E0,0.E0,-1.E0));
#2970=AXIS2_PLACEMENT_3D('',#2967,#2968,#2969);
#2972=DIRECTION('',(0.E0,0.E0,1.E0));
#2973=VECTOR('',#2972,8.037E0);
#2974=CARTESIAN_POINT('',(-6.675E0,-7.303E0,-7.62E-1));
#2975=LINE('',#2974,#2973);
#2976=DIRECTION('',(0.E0,0.E0,1.E0));
#2977=VECTOR('',#2976,6.5E-1);
#2978=CARTESIAN_POINT('',(-6.675E0,4.02E0,-1.595E0));
#2979=LINE('',#2978,#2977);
#2980=DIRECTION('',(0.E0,-1.E0,0.E0));
#2981=VECTOR('',#2980,6.25E0);
#2982=CARTESIAN_POINT('',(-6.675E0,4.02E0,-9.45E-1));
#2983=LINE('',#2982,#2981);
#2984=DIRECTION('',(0.E0,1.E0,0.E0));
#2985=VECTOR('',#2984,2.5E-1);
#2986=CARTESIAN_POINT('',(-6.225E0,-7.753E0,7.775E0));
#2987=LINE('',#2986,#2985);
#2988=DIRECTION('',(1.E0,0.E0,0.E0));
#2989=VECTOR('',#2988,2.5E-1);
#2990=CARTESIAN_POINT('',(-6.475E0,-7.753E0,7.775E0));
#2991=LINE('',#2990,#2989);
#2992=DIRECTION('',(0.E0,-1.E0,0.E0));
#2993=VECTOR('',#2992,2.5E-1);
#2994=CARTESIAN_POINT('',(-6.475E0,-7.503E0,7.775E0));
#2995=LINE('',#2994,#2993);
#2996=DIRECTION('',(-1.E0,0.E0,0.E0));
#2997=VECTOR('',#2996,2.5E-1);
#2998=CARTESIAN_POINT('',(-6.225E0,-7.503E0,7.775E0));
#2999=LINE('',#2998,#2997);
#3000=DIRECTION('',(-3.481553119114E-1,-3.481553119114E-1,8.703882797785E-1));
#3001=VECTOR('',#3000,5.744562646538E-1);
#3002=CARTESIAN_POINT('',(-6.025E0,-7.303E0,7.275E0));
#3003=LINE('',#3002,#3001);
#3004=DIRECTION('',(-3.481553119114E-1,3.481553119114E-1,-8.703882797785E-1));
#3005=VECTOR('',#3004,5.744562646538E-1);
#3006=CARTESIAN_POINT('',(-6.475E0,-7.503E0,7.775E0));
#3007=LINE('',#3006,#3005);
#3008=DIRECTION('',(-1.E0,0.E0,0.E0));
#3009=VECTOR('',#3008,6.5E-1);
#3010=CARTESIAN_POINT('',(-6.025E0,-7.303E0,7.275E0));
#3011=LINE('',#3010,#3009);
#3012=DIRECTION('',(-1.E0,0.E0,0.E0));
#3013=VECTOR('',#3012,6.5E-1);
#3014=CARTESIAN_POINT('',(-6.025E0,-7.303E0,-7.62E-1));
#3015=LINE('',#3014,#3013);
#3016=DIRECTION('',(0.E0,0.E0,1.E0));
#3017=VECTOR('',#3016,8.037E0);
#3018=CARTESIAN_POINT('',(-6.025E0,-7.303E0,-7.62E-1));
#3019=LINE('',#3018,#3017);
#3020=DIRECTION('',(-1.E0,0.E0,0.E0));
#3021=VECTOR('',#3020,6.5E-1);
#3022=CARTESIAN_POINT('',(-6.025E0,-7.12E0,-9.45E-1));
#3023=LINE('',#3022,#3021);
#3024=CARTESIAN_POINT('',(-6.025E0,-7.12E0,-7.62E-1));
#3025=DIRECTION('',(-1.E0,0.E0,0.E0));
#3026=DIRECTION('',(0.E0,0.E0,-1.E0));
#3027=AXIS2_PLACEMENT_3D('',#3024,#3025,#3026);
#3029=DIRECTION('',(-3.481553119114E-1,-8.703882797785E-1,3.481553119114E-1));
#3030=VECTOR('',#3029,5.744562646538E-1);
#3031=CARTESIAN_POINT('',(-6.475E0,4.52E0,-1.145E0));
#3032=LINE('',#3031,#3030);
#3033=DIRECTION('',(-3.481553119114E-1,-8.703882797785E-1,-3.481553119114E-1));
#3034=VECTOR('',#3033,5.744562646538E-1);
#3035=CARTESIAN_POINT('',(-6.475E0,4.52E0,-1.395E0));
#3036=LINE('',#3035,#3034);
#3037=DIRECTION('',(1.E0,0.E0,0.E0));
#3038=VECTOR('',#3037,2.5E-1);
#3039=CARTESIAN_POINT('',(-6.475E0,4.52E0,-1.145E0));
#3040=LINE('',#3039,#3038);
#3041=DIRECTION('',(0.E0,0.E0,1.E0));
#3042=VECTOR('',#3041,2.5E-1);
#3043=CARTESIAN_POINT('',(-6.475E0,4.52E0,-1.395E0));
#3044=LINE('',#3043,#3042);
#3045=DIRECTION('',(-1.E0,0.E0,0.E0));
#3046=VECTOR('',#3045,2.5E-1);
#3047=CARTESIAN_POINT('',(-6.225E0,4.52E0,-1.395E0));
#3048=LINE('',#3047,#3046);
#3049=DIRECTION('',(0.E0,0.E0,-1.E0));
#3050=VECTOR('',#3049,2.5E-1);
#3051=CARTESIAN_POINT('',(-6.225E0,4.52E0,-1.145E0));
#3052=LINE('',#3051,#3050);
#3053=DIRECTION('',(3.481553119114E-1,-8.703882797785E-1,3.481553119114E-1));
#3054=VECTOR('',#3053,5.744562646538E-1);
#3055=CARTESIAN_POINT('',(-6.225E0,4.52E0,-1.145E0));
#3056=LINE('',#3055,#3054);
#3057=DIRECTION('',(3.481553119114E-1,-8.703882797785E-1,-3.481553119114E-1));
#3058=VECTOR('',#3057,5.744562646538E-1);
#3059=CARTESIAN_POINT('',(-6.225E0,4.52E0,-1.395E0));
#3060=LINE('',#3059,#3058);
#3061=DIRECTION('',(2.588190451025E-1,0.E0,9.659258262891E-1));
#3062=VECTOR('',#3061,8.023390398178E-1);
#3063=CARTESIAN_POINT('',(2.825E0,2.47E0,-4.875E0));
#3064=LINE('',#3063,#3062);
#3065=CARTESIAN_POINT('',(-8.79E0,5.45E0,4.875E0));
#3066=CARTESIAN_POINT('',(-8.79E0,-5.45E0,4.875E0));
#3067=VERTEX_POINT('',#3065);
#3068=VERTEX_POINT('',#3066);
#3069=CARTESIAN_POINT('',(8.79E0,-5.45E0,4.875E0));
#3070=CARTESIAN_POINT('',(8.79E0,5.45E0,4.875E0));
#3071=VERTEX_POINT('',#3069);
#3072=VERTEX_POINT('',#3070);
#3073=CARTESIAN_POINT('',(-7.74E0,5.45E0,4.1E0));
#3074=CARTESIAN_POINT('',(-7.89E0,5.45E0,4.25E0));
#3075=VERTEX_POINT('',#3073);
#3076=VERTEX_POINT('',#3074);
#3077=CARTESIAN_POINT('',(-7.89E0,5.45E0,4.875E0));
#3078=VERTEX_POINT('',#3077);
#3079=CARTESIAN_POINT('',(7.89E0,5.45E0,4.875E0));
#3080=VERTEX_POINT('',#3079);
#3081=CARTESIAN_POINT('',(-7.89E0,-5.45E0,4.875E0));
#3082=VERTEX_POINT('',#3081);
#3083=CARTESIAN_POINT('',(7.89E0,-5.45E0,4.875E0));
#3084=VERTEX_POINT('',#3083);
#3085=CARTESIAN_POINT('',(-8.79E0,-5.45E0,-2.875E0));
#3086=CARTESIAN_POINT('',(-8.79E0,-4.6E0,-2.875E0));
#3087=VERTEX_POINT('',#3085);
#3088=VERTEX_POINT('',#3086);
#3089=CARTESIAN_POINT('',(-8.79E0,-4.6E0,2.825E0));
#3090=VERTEX_POINT('',#3089);
#3091=CARTESIAN_POINT('',(-8.79E0,-5.45E0,2.825E0));
#3092=VERTEX_POINT('',#3091);
#3093=CARTESIAN_POINT('',(-7.89E0,-5.45E0,-2.875E0));
#3094=VERTEX_POINT('',#3093);
#3095=CARTESIAN_POINT('',(7.89E0,-5.45E0,-2.875E0));
#3096=CARTESIAN_POINT('',(8.79E0,-5.45E0,-2.875E0));
#3097=VERTEX_POINT('',#3095);
#3098=VERTEX_POINT('',#3096);
#3099=CARTESIAN_POINT('',(-7.89E0,-5.45E0,2.825E0));
#3100=VERTEX_POINT('',#3099);
#3101=CARTESIAN_POINT('',(7.89E0,-5.45E0,2.825E0));
#3102=CARTESIAN_POINT('',(8.79E0,-5.45E0,2.825E0));
#3103=VERTEX_POINT('',#3101);
#3104=VERTEX_POINT('',#3102);
#3105=CARTESIAN_POINT('',(8.79E0,-4.6E0,-2.875E0));
#3106=VERTEX_POINT('',#3105);
#3107=CARTESIAN_POINT('',(8.79E0,-4.6E0,2.825E0));
#3108=VERTEX_POINT('',#3107);
#3109=CARTESIAN_POINT('',(7.89E0,-3.1E0,2.525E0));
#3110=CARTESIAN_POINT('',(-7.89E0,-3.1E0,2.525E0));
#3111=VERTEX_POINT('',#3109);
#3112=VERTEX_POINT('',#3110);
#3113=CARTESIAN_POINT('',(7.74E0,-3.1E0,4.1E0));
#3114=CARTESIAN_POINT('',(1.E0,-3.1E0,4.1E0));
#3115=VERTEX_POINT('',#3113);
#3116=VERTEX_POINT('',#3114);
#3117=CARTESIAN_POINT('',(-7.74E0,-3.1E0,4.1E0));
#3118=CARTESIAN_POINT('',(-7.89E0,-3.1E0,4.25E0));
#3119=VERTEX_POINT('',#3117);
#3120=VERTEX_POINT('',#3118);
#3121=CARTESIAN_POINT('',(-7.89E0,-4.6E0,2.825E0));
#3122=VERTEX_POINT('',#3121);
#3123=CARTESIAN_POINT('',(7.89E0,-4.6E0,2.825E0));
#3124=VERTEX_POINT('',#3123);
#3125=CARTESIAN_POINT('',(7.89E0,-3.1E0,4.25E0));
#3126=VERTEX_POINT('',#3125);
#3127=CARTESIAN_POINT('',(7.89E0,-3.1E0,-2.575E0));
#3128=CARTESIAN_POINT('',(-7.89E0,-3.1E0,-2.575E0));
#3129=VERTEX_POINT('',#3127);
#3130=VERTEX_POINT('',#3128);
#3131=CARTESIAN_POINT('',(-7.89E0,-4.6E0,-2.875E0));
#3132=VERTEX_POINT('',#3131);
#3133=CARTESIAN_POINT('',(7.89E0,-4.6E0,-2.875E0));
#3134=VERTEX_POINT('',#3133);
#3135=CARTESIAN_POINT('',(-7.89E0,-4.6E0,2.4488E0));
#3136=CARTESIAN_POINT('',(7.89E0,-4.6E0,2.4488E0));
#3137=VERTEX_POINT('',#3135);
#3138=VERTEX_POINT('',#3136);
#3139=CARTESIAN_POINT('',(-7.89E0,-4.5238E0,2.525E0));
#3140=CARTESIAN_POINT('',(7.89E0,-4.5238E0,2.525E0));
#3141=VERTEX_POINT('',#3139);
#3142=VERTEX_POINT('',#3140);
#3143=CARTESIAN_POINT('',(-7.89E0,-4.6E0,-2.4988E0));
#3144=CARTESIAN_POINT('',(7.89E0,-4.6E0,-2.4988E0));
#3145=VERTEX_POINT('',#3143);
#3146=VERTEX_POINT('',#3144);
#3147=CARTESIAN_POINT('',(-7.89E0,-4.5238E0,-2.575E0));
#3148=CARTESIAN_POINT('',(7.89E0,-4.5238E0,-2.575E0));
#3149=VERTEX_POINT('',#3147);
#3150=VERTEX_POINT('',#3148);
#3151=CARTESIAN_POINT('',(-7.87E0,-1.73E0,3.175E0));
#3152=CARTESIAN_POINT('',(7.87E0,-1.73E0,3.175E0));
#3153=VERTEX_POINT('',#3151);
#3154=VERTEX_POINT('',#3152);
#3155=CARTESIAN_POINT('',(7.87E0,-1.73E0,-3.175E0));
#3156=CARTESIAN_POINT('',(2.012488663526E0,-1.73E0,-3.175E0));
#3157=VERTEX_POINT('',#3155);
#3158=VERTEX_POINT('',#3156);
#3159=CARTESIAN_POINT('',(-2.012488663526E0,-1.73E0,-3.175E0));
#3160=CARTESIAN_POINT('',(-7.87E0,-1.73E0,-3.175E0));
#3161=VERTEX_POINT('',#3159);
#3162=VERTEX_POINT('',#3160);
#3163=CARTESIAN_POINT('',(-7.87E0,-2.23E0,-2.54E0));
#3164=CARTESIAN_POINT('',(-7.87E0,-2.23E0,2.54E0));
#3165=VERTEX_POINT('',#3163);
#3166=VERTEX_POINT('',#3164);
#3167=CARTESIAN_POINT('',(7.87E0,-2.23E0,2.54E0));
#3168=VERTEX_POINT('',#3167);
#3169=CARTESIAN_POINT('',(7.87E0,-2.23E0,-2.54E0));
#3170=VERTEX_POINT('',#3169);
#3171=CARTESIAN_POINT('',(-7.87E0,-1.73E0,2.54E0));
#3172=CARTESIAN_POINT('',(7.87E0,-1.73E0,2.54E0));
#3173=VERTEX_POINT('',#3171);
#3174=VERTEX_POINT('',#3172);
#3175=CARTESIAN_POINT('',(-7.87E0,-1.73E0,-2.54E0));
#3176=CARTESIAN_POINT('',(7.87E0,-1.73E0,-2.54E0));
#3177=VERTEX_POINT('',#3175);
#3178=VERTEX_POINT('',#3176);
#3179=CARTESIAN_POINT('',(-8.79E0,5.45E0,-4.1E0));
#3180=CARTESIAN_POINT('',(-8.79E0,-5.45E0,-4.1E0));
#3181=VERTEX_POINT('',#3179);
#3182=VERTEX_POINT('',#3180);
#3183=CARTESIAN_POINT('',(-7.89E0,-5.45E0,-4.1E0));
#3184=VERTEX_POINT('',#3183);
#3185=CARTESIAN_POINT('',(8.79E0,-5.45E0,-4.1E0));
#3186=CARTESIAN_POINT('',(7.89E0,-5.45E0,-4.1E0));
#3187=VERTEX_POINT('',#3185);
#3188=VERTEX_POINT('',#3186);
#3189=CARTESIAN_POINT('',(8.79E0,5.45E0,-4.1E0));
#3190=VERTEX_POINT('',#3189);
#3191=CARTESIAN_POINT('',(-3.032660624134E0,5.45E0,-4.1E0));
#3192=VERTEX_POINT('',#3191);
#3193=CARTESIAN_POINT('',(-2.825E0,5.45E0,-4.875E0));
#3194=VERTEX_POINT('',#3193);
#3195=CARTESIAN_POINT('',(2.825E0,5.45E0,-4.875E0));
#3196=CARTESIAN_POINT('',(3.032660624134E0,5.45E0,-4.1E0));
#3197=VERTEX_POINT('',#3195);
#3198=VERTEX_POINT('',#3196);
#3199=CARTESIAN_POINT('',(-7.89E0,-3.1E0,-4.1E0));
#3200=VERTEX_POINT('',#3199);
#3201=CARTESIAN_POINT('',(7.89E0,-3.1E0,-4.1E0));
#3202=VERTEX_POINT('',#3201);
#3203=CARTESIAN_POINT('',(-2.825E0,2.47E0,-4.875E0));
#3204=CARTESIAN_POINT('',(2.825E0,2.47E0,-4.875E0));
#3205=VERTEX_POINT('',#3203);
#3206=VERTEX_POINT('',#3204);
#3207=CARTESIAN_POINT('',(-1.931561649764E0,-1.73E0,-4.1E0));
#3208=CARTESIAN_POINT('',(1.931561649764E0,-1.73E0,-4.1E0));
#3209=VERTEX_POINT('',#3207);
#3210=VERTEX_POINT('',#3208);
#3211=CARTESIAN_POINT('',(1.925E0,2.47E0,-4.175E0));
#3212=CARTESIAN_POINT('',(1.931561649764E0,2.47E0,-4.1E0));
#3213=VERTEX_POINT('',#3211);
#3214=VERTEX_POINT('',#3212);
#3215=CARTESIAN_POINT('',(-1.925E0,2.47E0,-4.175E0));
#3216=VERTEX_POINT('',#3215);
#3217=CARTESIAN_POINT('',(-1.931561649764E0,2.47E0,-4.1E0));
#3218=VERTEX_POINT('',#3217);
#3219=CARTESIAN_POINT('',(-3.032660624134E0,2.47E0,-4.1E0));
#3220=VERTEX_POINT('',#3219);
#3221=CARTESIAN_POINT('',(3.032660624134E0,2.47E0,-4.1E0));
#3222=VERTEX_POINT('',#3221);
#3223=CARTESIAN_POINT('',(-8.17E0,5.45E0,-3.475E0));
#3224=CARTESIAN_POINT('',(-8.17E0,5.45E0,3.475E0));
#3225=VERTEX_POINT('',#3223);
#3226=VERTEX_POINT('',#3224);
#3227=CARTESIAN_POINT('',(-7.87E0,5.15E0,-3.175E0));
#3228=CARTESIAN_POINT('',(-7.87E0,5.15E0,3.175E0));
#3229=VERTEX_POINT('',#3227);
#3230=VERTEX_POINT('',#3228);
#3231=CARTESIAN_POINT('',(8.17E0,5.45E0,3.475E0));
#3232=VERTEX_POINT('',#3231);
#3233=CARTESIAN_POINT('',(7.87E0,5.15E0,3.175E0));
#3234=VERTEX_POINT('',#3233);
#3235=CARTESIAN_POINT('',(8.17E0,5.45E0,-3.475E0));
#3236=VERTEX_POINT('',#3235);
#3237=CARTESIAN_POINT('',(7.87E0,5.15E0,-3.175E0));
#3238=VERTEX_POINT('',#3237);
#3239=CARTESIAN_POINT('',(1.986242064468E0,5.45E0,-3.475E0));
#3240=VERTEX_POINT('',#3239);
#3241=CARTESIAN_POINT('',(2.012488663526E0,5.15E0,-3.175E0));
#3242=VERTEX_POINT('',#3241);
#3243=CARTESIAN_POINT('',(1.898753400942E0,5.45E0,-4.475E0));
#3244=CARTESIAN_POINT('',(-1.898753400942E0,5.45E0,-4.475E0));
#3245=VERTEX_POINT('',#3243);
#3246=VERTEX_POINT('',#3244);
#3247=CARTESIAN_POINT('',(1.925E0,5.15E0,-4.175E0));
#3248=CARTESIAN_POINT('',(-1.925E0,5.15E0,-4.175E0));
#3249=VERTEX_POINT('',#3247);
#3250=VERTEX_POINT('',#3248);
#3251=CARTESIAN_POINT('',(-1.986242064468E0,5.45E0,-3.475E0));
#3252=VERTEX_POINT('',#3251);
#3253=CARTESIAN_POINT('',(-2.012488663526E0,5.15E0,-3.175E0));
#3254=VERTEX_POINT('',#3253);
#3255=CARTESIAN_POINT('',(7.89E0,5.45E0,4.25E0));
#3256=VERTEX_POINT('',#3255);
#3257=CARTESIAN_POINT('',(7.74E0,5.45E0,4.1E0));
#3258=VERTEX_POINT('',#3257);
#3259=CARTESIAN_POINT('',(-9.E-1,5.45E0,4.2E0));
#3260=CARTESIAN_POINT('',(-9.E-1,5.45E0,4.875E0));
#3261=VERTEX_POINT('',#3259);
#3262=VERTEX_POINT('',#3260);
#3263=CARTESIAN_POINT('',(9.E-1,5.45E0,4.875E0));
#3264=VERTEX_POINT('',#3263);
#3265=CARTESIAN_POINT('',(9.E-1,5.45E0,4.2E0));
#3266=VERTEX_POINT('',#3265);
#3267=CARTESIAN_POINT('',(1.E0,5.45E0,4.1E0));
#3268=VERTEX_POINT('',#3267);
#3269=CARTESIAN_POINT('',(-1.E0,5.45E0,4.1E0));
#3270=VERTEX_POINT('',#3269);
#3271=CARTESIAN_POINT('',(-1.E0,-3.1E0,4.1E0));
#3272=VERTEX_POINT('',#3271);
#3273=CARTESIAN_POINT('',(-9.E-1,-3.1E0,4.2E0));
#3274=CARTESIAN_POINT('',(-9.E-1,-3.1E0,4.875E0));
#3275=VERTEX_POINT('',#3273);
#3276=VERTEX_POINT('',#3274);
#3277=CARTESIAN_POINT('',(9.E-1,-3.1E0,4.875E0));
#3278=VERTEX_POINT('',#3277);
#3279=CARTESIAN_POINT('',(9.E-1,-3.1E0,4.2E0));
#3280=VERTEX_POINT('',#3279);
#3281=CARTESIAN_POINT('',(6.675E0,-4.763E0,1.778E0));
#3282=CARTESIAN_POINT('',(6.025E0,-4.763E0,1.778E0));
#3283=VERTEX_POINT('',#3281);
#3284=VERTEX_POINT('',#3282);
#3285=CARTESIAN_POINT('',(6.025E0,-5.413E0,1.778E0));
#3286=CARTESIAN_POINT('',(6.675E0,-5.413E0,1.778E0));
#3287=VERTEX_POINT('',#3285);
#3288=VERTEX_POINT('',#3286);
#3289=CARTESIAN_POINT('',(6.025E0,-4.6E0,1.596096179259E0));
#3290=CARTESIAN_POINT('',(6.025E0,-4.6E0,9.452401306499E-1));
#3291=VERTEX_POINT('',#3289);
#3292=VERTEX_POINT('',#3290);
#3293=CARTESIAN_POINT('',(6.675E0,-4.6E0,1.596096179259E0));
#3294=CARTESIAN_POINT('',(6.675E0,-4.6E0,9.452401306499E-1));
#3295=VERTEX_POINT('',#3293);
#3296=VERTEX_POINT('',#3294);
#3297=CARTESIAN_POINT('',(6.675E0,-2.23E0,1.595E0));
#3298=CARTESIAN_POINT('',(6.025E0,-2.23E0,1.595E0));
#3299=VERTEX_POINT('',#3297);
#3300=VERTEX_POINT('',#3298);
#3301=CARTESIAN_POINT('',(6.025E0,-2.23E0,9.45E-1));
#3302=VERTEX_POINT('',#3301);
#3303=CARTESIAN_POINT('',(6.675E0,-2.23E0,9.45E-1));
#3304=VERTEX_POINT('',#3303);
#3305=CARTESIAN_POINT('',(6.675E0,-7.12E0,-9.45E-1));
#3306=CARTESIAN_POINT('',(6.025E0,-7.12E0,-9.45E-1));
#3307=VERTEX_POINT('',#3305);
#3308=VERTEX_POINT('',#3306);
#3309=CARTESIAN_POINT('',(6.025E0,-7.12E0,-1.595E0));
#3310=CARTESIAN_POINT('',(6.675E0,-7.12E0,-1.595E0));
#3311=VERTEX_POINT('',#3309);
#3312=VERTEX_POINT('',#3310);
#3313=CARTESIAN_POINT('',(6.675E0,-7.303E0,-7.62E-1));
#3314=CARTESIAN_POINT('',(6.025E0,-7.303E0,-7.62E-1));
#3315=VERTEX_POINT('',#3313);
#3316=VERTEX_POINT('',#3314);
#3317=CARTESIAN_POINT('',(6.025E0,-7.953E0,-7.62E-1));
#3318=CARTESIAN_POINT('',(6.675E0,-7.953E0,-7.62E-1));
#3319=VERTEX_POINT('',#3317);
#3320=VERTEX_POINT('',#3318);
#3321=CARTESIAN_POINT('',(6.675E0,-2.23E0,-9.45E-1));
#3322=CARTESIAN_POINT('',(6.025E0,-2.23E0,-9.45E-1));
#3323=VERTEX_POINT('',#3321);
#3324=VERTEX_POINT('',#3322);
#3325=CARTESIAN_POINT('',(6.025E0,-2.23E0,-1.595E0));
#3326=VERTEX_POINT('',#3325);
#3327=CARTESIAN_POINT('',(6.675E0,-2.23E0,-1.595E0));
#3328=VERTEX_POINT('',#3327);
#3329=CARTESIAN_POINT('',(6.675E0,-4.6E0,-9.45E-1));
#3330=VERTEX_POINT('',#3329);
#3331=CARTESIAN_POINT('',(6.025E0,-4.6E0,-9.45E-1));
#3332=VERTEX_POINT('',#3331);
#3333=CARTESIAN_POINT('',(6.025E0,-4.6E0,-1.595E0));
#3334=VERTEX_POINT('',#3333);
#3335=CARTESIAN_POINT('',(6.675E0,-4.6E0,-1.595E0));
#3336=VERTEX_POINT('',#3335);
#3337=CARTESIAN_POINT('',(4.135E0,-4.763E0,1.778E0));
#3338=CARTESIAN_POINT('',(3.485E0,-4.763E0,1.778E0));
#3339=VERTEX_POINT('',#3337);
#3340=VERTEX_POINT('',#3338);
#3341=CARTESIAN_POINT('',(3.485E0,-5.413E0,1.778E0));
#3342=CARTESIAN_POINT('',(4.135E0,-5.413E0,1.778E0));
#3343=VERTEX_POINT('',#3341);
#3344=VERTEX_POINT('',#3342);
#3345=CARTESIAN_POINT('',(3.485E0,-4.6E0,9.452401306499E-1));
#3346=VERTEX_POINT('',#3345);
#3347=CARTESIAN_POINT('',(1.595E0,-4.763E0,1.778E0));
#3348=CARTESIAN_POINT('',(9.45E-1,-4.763E0,1.778E0));
#3349=VERTEX_POINT('',#3347);
#3350=VERTEX_POINT('',#3348);
#3351=CARTESIAN_POINT('',(9.45E-1,-5.413E0,1.778E0));
#3352=CARTESIAN_POINT('',(1.595E0,-5.413E0,1.778E0));
#3353=VERTEX_POINT('',#3351);
#3354=VERTEX_POINT('',#3352);
#3355=CARTESIAN_POINT('',(-9.45E-1,-4.763E0,1.778E0));
#3356=CARTESIAN_POINT('',(-1.595E0,-4.763E0,1.778E0));
#3357=VERTEX_POINT('',#3355);
#3358=VERTEX_POINT('',#3356);
#3359=CARTESIAN_POINT('',(-1.595E0,-5.413E0,1.778E0));
#3360=CARTESIAN_POINT('',(-9.45E-1,-5.413E0,1.778E0));
#3361=VERTEX_POINT('',#3359);
#3362=VERTEX_POINT('',#3360);
#3363=CARTESIAN_POINT('',(-3.485E0,-4.763E0,1.778E0));
#3364=CARTESIAN_POINT('',(-4.135E0,-4.763E0,1.778E0));
#3365=VERTEX_POINT('',#3363);
#3366=VERTEX_POINT('',#3364);
#3367=CARTESIAN_POINT('',(-4.135E0,-5.413E0,1.778E0));
#3368=CARTESIAN_POINT('',(-3.485E0,-5.413E0,1.778E0));
#3369=VERTEX_POINT('',#3367);
#3370=VERTEX_POINT('',#3368);
#3371=CARTESIAN_POINT('',(4.135E0,-2.23E0,1.595E0));
#3372=CARTESIAN_POINT('',(3.485E0,-2.23E0,1.595E0));
#3373=VERTEX_POINT('',#3371);
#3374=VERTEX_POINT('',#3372);
#3375=CARTESIAN_POINT('',(3.485E0,-2.23E0,9.45E-1));
#3376=VERTEX_POINT('',#3375);
#3377=CARTESIAN_POINT('',(4.135E0,-2.23E0,9.45E-1));
#3378=VERTEX_POINT('',#3377);
#3379=CARTESIAN_POINT('',(4.135E0,-4.6E0,9.452401306499E-1));
#3380=VERTEX_POINT('',#3379);
#3381=CARTESIAN_POINT('',(1.595E0,-2.23E0,1.595E0));
#3382=CARTESIAN_POINT('',(9.45E-1,-2.23E0,1.595E0));
#3383=VERTEX_POINT('',#3381);
#3384=VERTEX_POINT('',#3382);
#3385=CARTESIAN_POINT('',(9.45E-1,-2.23E0,9.45E-1));
#3386=VERTEX_POINT('',#3385);
#3387=CARTESIAN_POINT('',(1.595E0,-2.23E0,9.45E-1));
#3388=VERTEX_POINT('',#3387);
#3389=CARTESIAN_POINT('',(9.45E-1,-4.6E0,9.452401306499E-1));
#3390=VERTEX_POINT('',#3389);
#3391=CARTESIAN_POINT('',(1.595E0,-4.6E0,9.452401306499E-1));
#3392=VERTEX_POINT('',#3391);
#3393=CARTESIAN_POINT('',(-9.45E-1,-2.23E0,1.595E0));
#3394=CARTESIAN_POINT('',(-1.595E0,-2.23E0,1.595E0));
#3395=VERTEX_POINT('',#3393);
#3396=VERTEX_POINT('',#3394);
#3397=CARTESIAN_POINT('',(-1.595E0,-2.23E0,9.45E-1));
#3398=VERTEX_POINT('',#3397);
#3399=CARTESIAN_POINT('',(-9.45E-1,-2.23E0,9.45E-1));
#3400=VERTEX_POINT('',#3399);
#3401=CARTESIAN_POINT('',(-1.595E0,-4.6E0,9.452401306499E-1));
#3402=VERTEX_POINT('',#3401);
#3403=CARTESIAN_POINT('',(-9.45E-1,-4.6E0,9.452401306499E-1));
#3404=VERTEX_POINT('',#3403);
#3405=CARTESIAN_POINT('',(-3.485E0,-2.23E0,1.595E0));
#3406=CARTESIAN_POINT('',(-4.135E0,-2.23E0,1.595E0));
#3407=VERTEX_POINT('',#3405);
#3408=VERTEX_POINT('',#3406);
#3409=CARTESIAN_POINT('',(-4.135E0,-2.23E0,9.45E-1));
#3410=VERTEX_POINT('',#3409);
#3411=CARTESIAN_POINT('',(-3.485E0,-2.23E0,9.45E-1));
#3412=VERTEX_POINT('',#3411);
#3413=CARTESIAN_POINT('',(-4.135E0,-4.6E0,9.452401306499E-1));
#3414=VERTEX_POINT('',#3413);
#3415=CARTESIAN_POINT('',(-3.485E0,-4.6E0,9.452401306499E-1));
#3416=VERTEX_POINT('',#3415);
#3417=CARTESIAN_POINT('',(3.485E0,-4.6E0,1.596096179259E0));
#3418=VERTEX_POINT('',#3417);
#3419=CARTESIAN_POINT('',(4.135E0,-4.6E0,1.596096179259E0));
#3420=VERTEX_POINT('',#3419);
#3421=CARTESIAN_POINT('',(9.45E-1,-4.6E0,1.596096179259E0));
#3422=VERTEX_POINT('',#3421);
#3423=CARTESIAN_POINT('',(1.595E0,-4.6E0,1.596096179259E0));
#3424=VERTEX_POINT('',#3423);
#3425=CARTESIAN_POINT('',(-1.595E0,-4.6E0,1.596096179259E0));
#3426=VERTEX_POINT('',#3425);
#3427=CARTESIAN_POINT('',(-9.45E-1,-4.6E0,1.596096179259E0));
#3428=VERTEX_POINT('',#3427);
#3429=CARTESIAN_POINT('',(-4.135E0,-4.6E0,1.596096179259E0));
#3430=VERTEX_POINT('',#3429);
#3431=CARTESIAN_POINT('',(-3.485E0,-4.6E0,1.596096179259E0));
#3432=VERTEX_POINT('',#3431);
#3433=CARTESIAN_POINT('',(-6.025E0,-4.763E0,1.778E0));
#3434=CARTESIAN_POINT('',(-6.675E0,-4.763E0,1.778E0));
#3435=VERTEX_POINT('',#3433);
#3436=VERTEX_POINT('',#3434);
#3437=CARTESIAN_POINT('',(-6.675E0,-5.413E0,1.778E0));
#3438=CARTESIAN_POINT('',(-6.025E0,-5.413E0,1.778E0));
#3439=VERTEX_POINT('',#3437);
#3440=VERTEX_POINT('',#3438);
#3441=CARTESIAN_POINT('',(-6.675E0,-4.6E0,1.596096179259E0));
#3442=CARTESIAN_POINT('',(-6.675E0,-4.6E0,9.452401306499E-1));
#3443=VERTEX_POINT('',#3441);
#3444=VERTEX_POINT('',#3442);
#3445=CARTESIAN_POINT('',(-6.025E0,-4.6E0,1.596096179259E0));
#3446=CARTESIAN_POINT('',(-6.025E0,-4.6E0,9.452401306499E-1));
#3447=VERTEX_POINT('',#3445);
#3448=VERTEX_POINT('',#3446);
#3449=CARTESIAN_POINT('',(-6.025E0,-2.23E0,1.595E0));
#3450=CARTESIAN_POINT('',(-6.675E0,-2.23E0,1.595E0));
#3451=VERTEX_POINT('',#3449);
#3452=VERTEX_POINT('',#3450);
#3453=CARTESIAN_POINT('',(-6.675E0,-2.23E0,9.45E-1));
#3454=VERTEX_POINT('',#3453);
#3455=CARTESIAN_POINT('',(-6.025E0,-2.23E0,9.45E-1));
#3456=VERTEX_POINT('',#3455);
#3457=CARTESIAN_POINT('',(6.675E0,-7.953E0,7.275E0));
#3458=CARTESIAN_POINT('',(6.675E0,-7.303E0,7.275E0));
#3459=VERTEX_POINT('',#3457);
#3460=VERTEX_POINT('',#3458);
#3461=CARTESIAN_POINT('',(6.475E0,-7.753E0,7.775E0));
#3462=CARTESIAN_POINT('',(6.475E0,-7.503E0,7.775E0));
#3463=VERTEX_POINT('',#3461);
#3464=VERTEX_POINT('',#3462);
#3465=CARTESIAN_POINT('',(6.025E0,-7.303E0,7.275E0));
#3466=VERTEX_POINT('',#3465);
#3467=CARTESIAN_POINT('',(6.225E0,-7.503E0,7.775E0));
#3468=VERTEX_POINT('',#3467);
#3469=CARTESIAN_POINT('',(6.225E0,-7.753E0,7.775E0));
#3470=VERTEX_POINT('',#3469);
#3471=CARTESIAN_POINT('',(6.025E0,-7.953E0,7.275E0));
#3472=VERTEX_POINT('',#3471);
#3473=CARTESIAN_POINT('',(6.025E0,4.02E0,-9.45E-1));
#3474=CARTESIAN_POINT('',(6.675E0,4.02E0,-9.45E-1));
#3475=VERTEX_POINT('',#3473);
#3476=VERTEX_POINT('',#3474);
#3477=CARTESIAN_POINT('',(6.225E0,4.52E0,-1.145E0));
#3478=CARTESIAN_POINT('',(6.475E0,4.52E0,-1.145E0));
#3479=VERTEX_POINT('',#3477);
#3480=VERTEX_POINT('',#3478);
#3481=CARTESIAN_POINT('',(6.475E0,4.52E0,-1.395E0));
#3482=VERTEX_POINT('',#3481);
#3483=CARTESIAN_POINT('',(6.675E0,4.02E0,-1.595E0));
#3484=VERTEX_POINT('',#3483);
#3485=CARTESIAN_POINT('',(6.225E0,4.52E0,-1.395E0));
#3486=VERTEX_POINT('',#3485);
#3487=CARTESIAN_POINT('',(6.025E0,4.02E0,-1.595E0));
#3488=VERTEX_POINT('',#3487);
#3489=CARTESIAN_POINT('',(6.675E0,-5.413E0,7.275E0));
#3490=CARTESIAN_POINT('',(6.675E0,-4.763E0,7.275E0));
#3491=VERTEX_POINT('',#3489);
#3492=VERTEX_POINT('',#3490);
#3493=CARTESIAN_POINT('',(6.475E0,-5.213E0,7.775E0));
#3494=CARTESIAN_POINT('',(6.475E0,-4.963E0,7.775E0));
#3495=VERTEX_POINT('',#3493);
#3496=VERTEX_POINT('',#3494);
#3497=CARTESIAN_POINT('',(6.025E0,-4.763E0,7.275E0));
#3498=VERTEX_POINT('',#3497);
#3499=CARTESIAN_POINT('',(6.225E0,-4.963E0,7.775E0));
#3500=VERTEX_POINT('',#3499);
#3501=CARTESIAN_POINT('',(6.225E0,-5.213E0,7.775E0));
#3502=VERTEX_POINT('',#3501);
#3503=CARTESIAN_POINT('',(6.025E0,-5.413E0,7.275E0));
#3504=VERTEX_POINT('',#3503);
#3505=CARTESIAN_POINT('',(6.025E0,4.02E0,1.595E0));
#3506=CARTESIAN_POINT('',(6.675E0,4.02E0,1.595E0));
#3507=VERTEX_POINT('',#3505);
#3508=VERTEX_POINT('',#3506);
#3509=CARTESIAN_POINT('',(6.225E0,4.52E0,1.395E0));
#3510=CARTESIAN_POINT('',(6.475E0,4.52E0,1.395E0));
#3511=VERTEX_POINT('',#3509);
#3512=VERTEX_POINT('',#3510);
#3513=CARTESIAN_POINT('',(6.475E0,4.52E0,1.145E0));
#3514=VERTEX_POINT('',#3513);
#3515=CARTESIAN_POINT('',(6.675E0,4.02E0,9.45E-1));
#3516=VERTEX_POINT('',#3515);
#3517=CARTESIAN_POINT('',(6.225E0,4.52E0,1.145E0));
#3518=VERTEX_POINT('',#3517);
#3519=CARTESIAN_POINT('',(6.025E0,4.02E0,9.45E-1));
#3520=VERTEX_POINT('',#3519);
#3521=CARTESIAN_POINT('',(4.135E0,-5.413E0,7.275E0));
#3522=CARTESIAN_POINT('',(4.135E0,-4.763E0,7.275E0));
#3523=VERTEX_POINT('',#3521);
#3524=VERTEX_POINT('',#3522);
#3525=CARTESIAN_POINT('',(3.935E0,-5.213E0,7.775E0));
#3526=CARTESIAN_POINT('',(3.935E0,-4.963E0,7.775E0));
#3527=VERTEX_POINT('',#3525);
#3528=VERTEX_POINT('',#3526);
#3529=CARTESIAN_POINT('',(3.485E0,-4.763E0,7.275E0));
#3530=VERTEX_POINT('',#3529);
#3531=CARTESIAN_POINT('',(3.685E0,-4.963E0,7.775E0));
#3532=VERTEX_POINT('',#3531);
#3533=CARTESIAN_POINT('',(3.685E0,-5.213E0,7.775E0));
#3534=VERTEX_POINT('',#3533);
#3535=CARTESIAN_POINT('',(3.485E0,-5.413E0,7.275E0));
#3536=VERTEX_POINT('',#3535);
#3537=CARTESIAN_POINT('',(3.485E0,4.02E0,1.595E0));
#3538=CARTESIAN_POINT('',(4.135E0,4.02E0,1.595E0));
#3539=VERTEX_POINT('',#3537);
#3540=VERTEX_POINT('',#3538);
#3541=CARTESIAN_POINT('',(3.685E0,4.52E0,1.395E0));
#3542=CARTESIAN_POINT('',(3.935E0,4.52E0,1.395E0));
#3543=VERTEX_POINT('',#3541);
#3544=VERTEX_POINT('',#3542);
#3545=CARTESIAN_POINT('',(3.935E0,4.52E0,1.145E0));
#3546=VERTEX_POINT('',#3545);
#3547=CARTESIAN_POINT('',(4.135E0,4.02E0,9.45E-1));
#3548=VERTEX_POINT('',#3547);
#3549=CARTESIAN_POINT('',(3.685E0,4.52E0,1.145E0));
#3550=VERTEX_POINT('',#3549);
#3551=CARTESIAN_POINT('',(3.485E0,4.02E0,9.45E-1));
#3552=VERTEX_POINT('',#3551);
#3553=CARTESIAN_POINT('',(1.595E0,-5.413E0,7.275E0));
#3554=CARTESIAN_POINT('',(1.595E0,-4.763E0,7.275E0));
#3555=VERTEX_POINT('',#3553);
#3556=VERTEX_POINT('',#3554);
#3557=CARTESIAN_POINT('',(1.395E0,-5.213E0,7.775E0));
#3558=CARTESIAN_POINT('',(1.395E0,-4.963E0,7.775E0));
#3559=VERTEX_POINT('',#3557);
#3560=VERTEX_POINT('',#3558);
#3561=CARTESIAN_POINT('',(9.45E-1,-4.763E0,7.275E0));
#3562=VERTEX_POINT('',#3561);
#3563=CARTESIAN_POINT('',(1.145E0,-4.963E0,7.775E0));
#3564=VERTEX_POINT('',#3563);
#3565=CARTESIAN_POINT('',(1.145E0,-5.213E0,7.775E0));
#3566=VERTEX_POINT('',#3565);
#3567=CARTESIAN_POINT('',(9.45E-1,-5.413E0,7.275E0));
#3568=VERTEX_POINT('',#3567);
#3569=CARTESIAN_POINT('',(9.45E-1,4.02E0,1.595E0));
#3570=CARTESIAN_POINT('',(1.595E0,4.02E0,1.595E0));
#3571=VERTEX_POINT('',#3569);
#3572=VERTEX_POINT('',#3570);
#3573=CARTESIAN_POINT('',(1.145E0,4.52E0,1.395E0));
#3574=CARTESIAN_POINT('',(1.395E0,4.52E0,1.395E0));
#3575=VERTEX_POINT('',#3573);
#3576=VERTEX_POINT('',#3574);
#3577=CARTESIAN_POINT('',(1.395E0,4.52E0,1.145E0));
#3578=VERTEX_POINT('',#3577);
#3579=CARTESIAN_POINT('',(1.595E0,4.02E0,9.45E-1));
#3580=VERTEX_POINT('',#3579);
#3581=CARTESIAN_POINT('',(1.145E0,4.52E0,1.145E0));
#3582=VERTEX_POINT('',#3581);
#3583=CARTESIAN_POINT('',(9.45E-1,4.02E0,9.45E-1));
#3584=VERTEX_POINT('',#3583);
#3585=CARTESIAN_POINT('',(-9.45E-1,-5.413E0,7.275E0));
#3586=CARTESIAN_POINT('',(-9.45E-1,-4.763E0,7.275E0));
#3587=VERTEX_POINT('',#3585);
#3588=VERTEX_POINT('',#3586);
#3589=CARTESIAN_POINT('',(-1.145E0,-5.213E0,7.775E0));
#3590=CARTESIAN_POINT('',(-1.145E0,-4.963E0,7.775E0));
#3591=VERTEX_POINT('',#3589);
#3592=VERTEX_POINT('',#3590);
#3593=CARTESIAN_POINT('',(-1.595E0,-4.763E0,7.275E0));
#3594=VERTEX_POINT('',#3593);
#3595=CARTESIAN_POINT('',(-1.395E0,-4.963E0,7.775E0));
#3596=VERTEX_POINT('',#3595);
#3597=CARTESIAN_POINT('',(-1.395E0,-5.213E0,7.775E0));
#3598=VERTEX_POINT('',#3597);
#3599=CARTESIAN_POINT('',(-1.595E0,-5.413E0,7.275E0));
#3600=VERTEX_POINT('',#3599);
#3601=CARTESIAN_POINT('',(-1.595E0,4.02E0,1.595E0));
#3602=CARTESIAN_POINT('',(-9.45E-1,4.02E0,1.595E0));
#3603=VERTEX_POINT('',#3601);
#3604=VERTEX_POINT('',#3602);
#3605=CARTESIAN_POINT('',(-1.395E0,4.52E0,1.395E0));
#3606=CARTESIAN_POINT('',(-1.145E0,4.52E0,1.395E0));
#3607=VERTEX_POINT('',#3605);
#3608=VERTEX_POINT('',#3606);
#3609=CARTESIAN_POINT('',(-1.145E0,4.52E0,1.145E0));
#3610=VERTEX_POINT('',#3609);
#3611=CARTESIAN_POINT('',(-9.45E-1,4.02E0,9.45E-1));
#3612=VERTEX_POINT('',#3611);
#3613=CARTESIAN_POINT('',(-1.395E0,4.52E0,1.145E0));
#3614=VERTEX_POINT('',#3613);
#3615=CARTESIAN_POINT('',(-1.595E0,4.02E0,9.45E-1));
#3616=VERTEX_POINT('',#3615);
#3617=CARTESIAN_POINT('',(-3.485E0,-5.413E0,7.275E0));
#3618=CARTESIAN_POINT('',(-3.485E0,-4.763E0,7.275E0));
#3619=VERTEX_POINT('',#3617);
#3620=VERTEX_POINT('',#3618);
#3621=CARTESIAN_POINT('',(-3.685E0,-5.213E0,7.775E0));
#3622=CARTESIAN_POINT('',(-3.685E0,-4.963E0,7.775E0));
#3623=VERTEX_POINT('',#3621);
#3624=VERTEX_POINT('',#3622);
#3625=CARTESIAN_POINT('',(-4.135E0,-4.763E0,7.275E0));
#3626=VERTEX_POINT('',#3625);
#3627=CARTESIAN_POINT('',(-3.935E0,-4.963E0,7.775E0));
#3628=VERTEX_POINT('',#3627);
#3629=CARTESIAN_POINT('',(-3.935E0,-5.213E0,7.775E0));
#3630=VERTEX_POINT('',#3629);
#3631=CARTESIAN_POINT('',(-4.135E0,-5.413E0,7.275E0));
#3632=VERTEX_POINT('',#3631);
#3633=CARTESIAN_POINT('',(-4.135E0,4.02E0,1.595E0));
#3634=CARTESIAN_POINT('',(-3.485E0,4.02E0,1.595E0));
#3635=VERTEX_POINT('',#3633);
#3636=VERTEX_POINT('',#3634);
#3637=CARTESIAN_POINT('',(-3.935E0,4.52E0,1.395E0));
#3638=CARTESIAN_POINT('',(-3.685E0,4.52E0,1.395E0));
#3639=VERTEX_POINT('',#3637);
#3640=VERTEX_POINT('',#3638);
#3641=CARTESIAN_POINT('',(-3.685E0,4.52E0,1.145E0));
#3642=VERTEX_POINT('',#3641);
#3643=CARTESIAN_POINT('',(-3.485E0,4.02E0,9.45E-1));
#3644=VERTEX_POINT('',#3643);
#3645=CARTESIAN_POINT('',(-3.935E0,4.52E0,1.145E0));
#3646=VERTEX_POINT('',#3645);
#3647=CARTESIAN_POINT('',(-4.135E0,4.02E0,9.45E-1));
#3648=VERTEX_POINT('',#3647);
#3649=CARTESIAN_POINT('',(-6.025E0,-5.413E0,7.275E0));
#3650=CARTESIAN_POINT('',(-6.025E0,-4.763E0,7.275E0));
#3651=VERTEX_POINT('',#3649);
#3652=VERTEX_POINT('',#3650);
#3653=CARTESIAN_POINT('',(-6.225E0,-5.213E0,7.775E0));
#3654=CARTESIAN_POINT('',(-6.225E0,-4.963E0,7.775E0));
#3655=VERTEX_POINT('',#3653);
#3656=VERTEX_POINT('',#3654);
#3657=CARTESIAN_POINT('',(-6.675E0,-4.763E0,7.275E0));
#3658=VERTEX_POINT('',#3657);
#3659=CARTESIAN_POINT('',(-6.475E0,-4.963E0,7.775E0));
#3660=VERTEX_POINT('',#3659);
#3661=CARTESIAN_POINT('',(-6.475E0,-5.213E0,7.775E0));
#3662=VERTEX_POINT('',#3661);
#3663=CARTESIAN_POINT('',(-6.675E0,-5.413E0,7.275E0));
#3664=VERTEX_POINT('',#3663);
#3665=CARTESIAN_POINT('',(-6.675E0,4.02E0,1.595E0));
#3666=CARTESIAN_POINT('',(-6.025E0,4.02E0,1.595E0));
#3667=VERTEX_POINT('',#3665);
#3668=VERTEX_POINT('',#3666);
#3669=CARTESIAN_POINT('',(-6.475E0,4.52E0,1.395E0));
#3670=CARTESIAN_POINT('',(-6.225E0,4.52E0,1.395E0));
#3671=VERTEX_POINT('',#3669);
#3672=VERTEX_POINT('',#3670);
#3673=CARTESIAN_POINT('',(-6.225E0,4.52E0,1.145E0));
#3674=VERTEX_POINT('',#3673);
#3675=CARTESIAN_POINT('',(-6.025E0,4.02E0,9.45E-1));
#3676=VERTEX_POINT('',#3675);
#3677=CARTESIAN_POINT('',(-6.475E0,4.52E0,1.145E0));
#3678=VERTEX_POINT('',#3677);
#3679=CARTESIAN_POINT('',(-6.675E0,4.02E0,9.45E-1));
#3680=VERTEX_POINT('',#3679);
#3681=CARTESIAN_POINT('',(4.135E0,-7.12E0,-9.45E-1));
#3682=CARTESIAN_POINT('',(3.485E0,-7.12E0,-9.45E-1));
#3683=VERTEX_POINT('',#3681);
#3684=VERTEX_POINT('',#3682);
#3685=CARTESIAN_POINT('',(3.485E0,-7.12E0,-1.595E0));
#3686=CARTESIAN_POINT('',(4.135E0,-7.12E0,-1.595E0));
#3687=VERTEX_POINT('',#3685);
#3688=VERTEX_POINT('',#3686);
#3689=CARTESIAN_POINT('',(4.135E0,-7.303E0,-7.62E-1));
#3690=CARTESIAN_POINT('',(3.485E0,-7.303E0,-7.62E-1));
#3691=VERTEX_POINT('',#3689);
#3692=VERTEX_POINT('',#3690);
#3693=CARTESIAN_POINT('',(3.485E0,-7.953E0,-7.62E-1));
#3694=CARTESIAN_POINT('',(4.135E0,-7.953E0,-7.62E-1));
#3695=VERTEX_POINT('',#3693);
#3696=VERTEX_POINT('',#3694);
#3697=CARTESIAN_POINT('',(4.135E0,-4.6E0,-9.45E-1));
#3698=CARTESIAN_POINT('',(3.485E0,-4.6E0,-9.45E-1));
#3699=VERTEX_POINT('',#3697);
#3700=VERTEX_POINT('',#3698);
#3701=CARTESIAN_POINT('',(3.485E0,-4.6E0,-1.595E0));
#3702=VERTEX_POINT('',#3701);
#3703=CARTESIAN_POINT('',(4.135E0,-4.6E0,-1.595E0));
#3704=VERTEX_POINT('',#3703);
#3705=CARTESIAN_POINT('',(4.135E0,-2.23E0,-9.45E-1));
#3706=CARTESIAN_POINT('',(3.485E0,-2.23E0,-9.45E-1));
#3707=VERTEX_POINT('',#3705);
#3708=VERTEX_POINT('',#3706);
#3709=CARTESIAN_POINT('',(3.485E0,-2.23E0,-1.595E0));
#3710=VERTEX_POINT('',#3709);
#3711=CARTESIAN_POINT('',(4.135E0,-2.23E0,-1.595E0));
#3712=VERTEX_POINT('',#3711);
#3713=CARTESIAN_POINT('',(1.595E0,-7.12E0,-9.45E-1));
#3714=CARTESIAN_POINT('',(9.45E-1,-7.12E0,-9.45E-1));
#3715=VERTEX_POINT('',#3713);
#3716=VERTEX_POINT('',#3714);
#3717=CARTESIAN_POINT('',(9.45E-1,-7.12E0,-1.595E0));
#3718=CARTESIAN_POINT('',(1.595E0,-7.12E0,-1.595E0));
#3719=VERTEX_POINT('',#3717);
#3720=VERTEX_POINT('',#3718);
#3721=CARTESIAN_POINT('',(1.595E0,-7.303E0,-7.62E-1));
#3722=CARTESIAN_POINT('',(9.45E-1,-7.303E0,-7.62E-1));
#3723=VERTEX_POINT('',#3721);
#3724=VERTEX_POINT('',#3722);
#3725=CARTESIAN_POINT('',(9.45E-1,-7.953E0,-7.62E-1));
#3726=CARTESIAN_POINT('',(1.595E0,-7.953E0,-7.62E-1));
#3727=VERTEX_POINT('',#3725);
#3728=VERTEX_POINT('',#3726);
#3729=CARTESIAN_POINT('',(1.595E0,-4.6E0,-9.45E-1));
#3730=CARTESIAN_POINT('',(9.45E-1,-4.6E0,-9.45E-1));
#3731=VERTEX_POINT('',#3729);
#3732=VERTEX_POINT('',#3730);
#3733=CARTESIAN_POINT('',(9.45E-1,-4.6E0,-1.595E0));
#3734=VERTEX_POINT('',#3733);
#3735=CARTESIAN_POINT('',(1.595E0,-4.6E0,-1.595E0));
#3736=VERTEX_POINT('',#3735);
#3737=CARTESIAN_POINT('',(1.595E0,-2.23E0,-9.45E-1));
#3738=CARTESIAN_POINT('',(9.45E-1,-2.23E0,-9.45E-1));
#3739=VERTEX_POINT('',#3737);
#3740=VERTEX_POINT('',#3738);
#3741=CARTESIAN_POINT('',(9.45E-1,-2.23E0,-1.595E0));
#3742=VERTEX_POINT('',#3741);
#3743=CARTESIAN_POINT('',(1.595E0,-2.23E0,-1.595E0));
#3744=VERTEX_POINT('',#3743);
#3745=CARTESIAN_POINT('',(-9.45E-1,-7.12E0,-9.45E-1));
#3746=CARTESIAN_POINT('',(-1.595E0,-7.12E0,-9.45E-1));
#3747=VERTEX_POINT('',#3745);
#3748=VERTEX_POINT('',#3746);
#3749=CARTESIAN_POINT('',(-1.595E0,-7.12E0,-1.595E0));
#3750=CARTESIAN_POINT('',(-9.45E-1,-7.12E0,-1.595E0));
#3751=VERTEX_POINT('',#3749);
#3752=VERTEX_POINT('',#3750);
#3753=CARTESIAN_POINT('',(-9.45E-1,-7.303E0,-7.62E-1));
#3754=CARTESIAN_POINT('',(-1.595E0,-7.303E0,-7.62E-1));
#3755=VERTEX_POINT('',#3753);
#3756=VERTEX_POINT('',#3754);
#3757=CARTESIAN_POINT('',(-1.595E0,-7.953E0,-7.62E-1));
#3758=CARTESIAN_POINT('',(-9.45E-1,-7.953E0,-7.62E-1));
#3759=VERTEX_POINT('',#3757);
#3760=VERTEX_POINT('',#3758);
#3761=CARTESIAN_POINT('',(-9.45E-1,-4.6E0,-9.45E-1));
#3762=CARTESIAN_POINT('',(-1.595E0,-4.6E0,-9.45E-1));
#3763=VERTEX_POINT('',#3761);
#3764=VERTEX_POINT('',#3762);
#3765=CARTESIAN_POINT('',(-1.595E0,-4.6E0,-1.595E0));
#3766=VERTEX_POINT('',#3765);
#3767=CARTESIAN_POINT('',(-9.45E-1,-4.6E0,-1.595E0));
#3768=VERTEX_POINT('',#3767);
#3769=CARTESIAN_POINT('',(-9.45E-1,-2.23E0,-9.45E-1));
#3770=CARTESIAN_POINT('',(-1.595E0,-2.23E0,-9.45E-1));
#3771=VERTEX_POINT('',#3769);
#3772=VERTEX_POINT('',#3770);
#3773=CARTESIAN_POINT('',(-1.595E0,-2.23E0,-1.595E0));
#3774=VERTEX_POINT('',#3773);
#3775=CARTESIAN_POINT('',(-9.45E-1,-2.23E0,-1.595E0));
#3776=VERTEX_POINT('',#3775);
#3777=CARTESIAN_POINT('',(-3.485E0,-7.12E0,-9.45E-1));
#3778=CARTESIAN_POINT('',(-4.135E0,-7.12E0,-9.45E-1));
#3779=VERTEX_POINT('',#3777);
#3780=VERTEX_POINT('',#3778);
#3781=CARTESIAN_POINT('',(-4.135E0,-7.12E0,-1.595E0));
#3782=CARTESIAN_POINT('',(-3.485E0,-7.12E0,-1.595E0));
#3783=VERTEX_POINT('',#3781);
#3784=VERTEX_POINT('',#3782);
#3785=CARTESIAN_POINT('',(-3.485E0,-7.303E0,-7.62E-1));
#3786=CARTESIAN_POINT('',(-4.135E0,-7.303E0,-7.62E-1));
#3787=VERTEX_POINT('',#3785);
#3788=VERTEX_POINT('',#3786);
#3789=CARTESIAN_POINT('',(-4.135E0,-7.953E0,-7.62E-1));
#3790=CARTESIAN_POINT('',(-3.485E0,-7.953E0,-7.62E-1));
#3791=VERTEX_POINT('',#3789);
#3792=VERTEX_POINT('',#3790);
#3793=CARTESIAN_POINT('',(-3.485E0,-4.6E0,-9.45E-1));
#3794=CARTESIAN_POINT('',(-4.135E0,-4.6E0,-9.45E-1));
#3795=VERTEX_POINT('',#3793);
#3796=VERTEX_POINT('',#3794);
#3797=CARTESIAN_POINT('',(-4.135E0,-4.6E0,-1.595E0));
#3798=VERTEX_POINT('',#3797);
#3799=CARTESIAN_POINT('',(-3.485E0,-4.6E0,-1.595E0));
#3800=VERTEX_POINT('',#3799);
#3801=CARTESIAN_POINT('',(-3.485E0,-2.23E0,-9.45E-1));
#3802=CARTESIAN_POINT('',(-4.135E0,-2.23E0,-9.45E-1));
#3803=VERTEX_POINT('',#3801);
#3804=VERTEX_POINT('',#3802);
#3805=CARTESIAN_POINT('',(-4.135E0,-2.23E0,-1.595E0));
#3806=VERTEX_POINT('',#3805);
#3807=CARTESIAN_POINT('',(-3.485E0,-2.23E0,-1.595E0));
#3808=VERTEX_POINT('',#3807);
#3809=CARTESIAN_POINT('',(-6.025E0,-7.12E0,-9.45E-1));
#3810=CARTESIAN_POINT('',(-6.675E0,-7.12E0,-9.45E-1));
#3811=VERTEX_POINT('',#3809);
#3812=VERTEX_POINT('',#3810);
#3813=CARTESIAN_POINT('',(-6.675E0,-7.12E0,-1.595E0));
#3814=CARTESIAN_POINT('',(-6.025E0,-7.12E0,-1.595E0));
#3815=VERTEX_POINT('',#3813);
#3816=VERTEX_POINT('',#3814);
#3817=CARTESIAN_POINT('',(-6.025E0,-7.303E0,-7.62E-1));
#3818=CARTESIAN_POINT('',(-6.675E0,-7.303E0,-7.62E-1));
#3819=VERTEX_POINT('',#3817);
#3820=VERTEX_POINT('',#3818);
#3821=CARTESIAN_POINT('',(-6.675E0,-7.953E0,-7.62E-1));
#3822=CARTESIAN_POINT('',(-6.025E0,-7.953E0,-7.62E-1));
#3823=VERTEX_POINT('',#3821);
#3824=VERTEX_POINT('',#3822);
#3825=CARTESIAN_POINT('',(-6.025E0,-4.6E0,-9.45E-1));
#3826=CARTESIAN_POINT('',(-6.675E0,-4.6E0,-9.45E-1));
#3827=VERTEX_POINT('',#3825);
#3828=VERTEX_POINT('',#3826);
#3829=CARTESIAN_POINT('',(-6.675E0,-4.6E0,-1.595E0));
#3830=VERTEX_POINT('',#3829);
#3831=CARTESIAN_POINT('',(-6.025E0,-4.6E0,-1.595E0));
#3832=VERTEX_POINT('',#3831);
#3833=CARTESIAN_POINT('',(-6.025E0,-2.23E0,-9.45E-1));
#3834=CARTESIAN_POINT('',(-6.675E0,-2.23E0,-9.45E-1));
#3835=VERTEX_POINT('',#3833);
#3836=VERTEX_POINT('',#3834);
#3837=CARTESIAN_POINT('',(-6.675E0,-2.23E0,-1.595E0));
#3838=VERTEX_POINT('',#3837);
#3839=CARTESIAN_POINT('',(-6.025E0,-2.23E0,-1.595E0));
#3840=VERTEX_POINT('',#3839);
#3841=CARTESIAN_POINT('',(4.135E0,-7.953E0,7.275E0));
#3842=CARTESIAN_POINT('',(4.135E0,-7.303E0,7.275E0));
#3843=VERTEX_POINT('',#3841);
#3844=VERTEX_POINT('',#3842);
#3845=CARTESIAN_POINT('',(3.935E0,-7.753E0,7.775E0));
#3846=CARTESIAN_POINT('',(3.935E0,-7.503E0,7.775E0));
#3847=VERTEX_POINT('',#3845);
#3848=VERTEX_POINT('',#3846);
#3849=CARTESIAN_POINT('',(3.485E0,-7.303E0,7.275E0));
#3850=VERTEX_POINT('',#3849);
#3851=CARTESIAN_POINT('',(3.685E0,-7.503E0,7.775E0));
#3852=VERTEX_POINT('',#3851);
#3853=CARTESIAN_POINT('',(3.685E0,-7.753E0,7.775E0));
#3854=VERTEX_POINT('',#3853);
#3855=CARTESIAN_POINT('',(3.485E0,-7.953E0,7.275E0));
#3856=VERTEX_POINT('',#3855);
#3857=CARTESIAN_POINT('',(3.485E0,4.02E0,-9.45E-1));
#3858=CARTESIAN_POINT('',(4.135E0,4.02E0,-9.45E-1));
#3859=VERTEX_POINT('',#3857);
#3860=VERTEX_POINT('',#3858);
#3861=CARTESIAN_POINT('',(3.685E0,4.52E0,-1.145E0));
#3862=CARTESIAN_POINT('',(3.935E0,4.52E0,-1.145E0));
#3863=VERTEX_POINT('',#3861);
#3864=VERTEX_POINT('',#3862);
#3865=CARTESIAN_POINT('',(3.935E0,4.52E0,-1.395E0));
#3866=VERTEX_POINT('',#3865);
#3867=CARTESIAN_POINT('',(4.135E0,4.02E0,-1.595E0));
#3868=VERTEX_POINT('',#3867);
#3869=CARTESIAN_POINT('',(3.685E0,4.52E0,-1.395E0));
#3870=VERTEX_POINT('',#3869);
#3871=CARTESIAN_POINT('',(3.485E0,4.02E0,-1.595E0));
#3872=VERTEX_POINT('',#3871);
#3873=CARTESIAN_POINT('',(1.595E0,-7.953E0,7.275E0));
#3874=CARTESIAN_POINT('',(1.595E0,-7.303E0,7.275E0));
#3875=VERTEX_POINT('',#3873);
#3876=VERTEX_POINT('',#3874);
#3877=CARTESIAN_POINT('',(1.395E0,-7.753E0,7.775E0));
#3878=CARTESIAN_POINT('',(1.395E0,-7.503E0,7.775E0));
#3879=VERTEX_POINT('',#3877);
#3880=VERTEX_POINT('',#3878);
#3881=CARTESIAN_POINT('',(9.45E-1,-7.303E0,7.275E0));
#3882=VERTEX_POINT('',#3881);
#3883=CARTESIAN_POINT('',(1.145E0,-7.503E0,7.775E0));
#3884=VERTEX_POINT('',#3883);
#3885=CARTESIAN_POINT('',(1.145E0,-7.753E0,7.775E0));
#3886=VERTEX_POINT('',#3885);
#3887=CARTESIAN_POINT('',(9.45E-1,-7.953E0,7.275E0));
#3888=VERTEX_POINT('',#3887);
#3889=CARTESIAN_POINT('',(9.45E-1,4.02E0,-9.45E-1));
#3890=CARTESIAN_POINT('',(1.595E0,4.02E0,-9.45E-1));
#3891=VERTEX_POINT('',#3889);
#3892=VERTEX_POINT('',#3890);
#3893=CARTESIAN_POINT('',(1.145E0,4.52E0,-1.145E0));
#3894=CARTESIAN_POINT('',(1.395E0,4.52E0,-1.145E0));
#3895=VERTEX_POINT('',#3893);
#3896=VERTEX_POINT('',#3894);
#3897=CARTESIAN_POINT('',(1.395E0,4.52E0,-1.395E0));
#3898=VERTEX_POINT('',#3897);
#3899=CARTESIAN_POINT('',(1.595E0,4.02E0,-1.595E0));
#3900=VERTEX_POINT('',#3899);
#3901=CARTESIAN_POINT('',(1.145E0,4.52E0,-1.395E0));
#3902=VERTEX_POINT('',#3901);
#3903=CARTESIAN_POINT('',(9.45E-1,4.02E0,-1.595E0));
#3904=VERTEX_POINT('',#3903);
#3905=CARTESIAN_POINT('',(-9.45E-1,-7.953E0,7.275E0));
#3906=CARTESIAN_POINT('',(-9.45E-1,-7.303E0,7.275E0));
#3907=VERTEX_POINT('',#3905);
#3908=VERTEX_POINT('',#3906);
#3909=CARTESIAN_POINT('',(-1.145E0,-7.753E0,7.775E0));
#3910=CARTESIAN_POINT('',(-1.145E0,-7.503E0,7.775E0));
#3911=VERTEX_POINT('',#3909);
#3912=VERTEX_POINT('',#3910);
#3913=CARTESIAN_POINT('',(-1.595E0,-7.303E0,7.275E0));
#3914=VERTEX_POINT('',#3913);
#3915=CARTESIAN_POINT('',(-1.395E0,-7.503E0,7.775E0));
#3916=VERTEX_POINT('',#3915);
#3917=CARTESIAN_POINT('',(-1.395E0,-7.753E0,7.775E0));
#3918=VERTEX_POINT('',#3917);
#3919=CARTESIAN_POINT('',(-1.595E0,-7.953E0,7.275E0));
#3920=VERTEX_POINT('',#3919);
#3921=CARTESIAN_POINT('',(-1.595E0,4.02E0,-9.45E-1));
#3922=CARTESIAN_POINT('',(-9.45E-1,4.02E0,-9.45E-1));
#3923=VERTEX_POINT('',#3921);
#3924=VERTEX_POINT('',#3922);
#3925=CARTESIAN_POINT('',(-1.395E0,4.52E0,-1.145E0));
#3926=CARTESIAN_POINT('',(-1.145E0,4.52E0,-1.145E0));
#3927=VERTEX_POINT('',#3925);
#3928=VERTEX_POINT('',#3926);
#3929=CARTESIAN_POINT('',(-1.145E0,4.52E0,-1.395E0));
#3930=VERTEX_POINT('',#3929);
#3931=CARTESIAN_POINT('',(-9.45E-1,4.02E0,-1.595E0));
#3932=VERTEX_POINT('',#3931);
#3933=CARTESIAN_POINT('',(-1.395E0,4.52E0,-1.395E0));
#3934=VERTEX_POINT('',#3933);
#3935=CARTESIAN_POINT('',(-1.595E0,4.02E0,-1.595E0));
#3936=VERTEX_POINT('',#3935);
#3937=CARTESIAN_POINT('',(-3.485E0,-7.953E0,7.275E0));
#3938=CARTESIAN_POINT('',(-3.485E0,-7.303E0,7.275E0));
#3939=VERTEX_POINT('',#3937);
#3940=VERTEX_POINT('',#3938);
#3941=CARTESIAN_POINT('',(-3.685E0,-7.753E0,7.775E0));
#3942=CARTESIAN_POINT('',(-3.685E0,-7.503E0,7.775E0));
#3943=VERTEX_POINT('',#3941);
#3944=VERTEX_POINT('',#3942);
#3945=CARTESIAN_POINT('',(-4.135E0,-7.303E0,7.275E0));
#3946=VERTEX_POINT('',#3945);
#3947=CARTESIAN_POINT('',(-3.935E0,-7.503E0,7.775E0));
#3948=VERTEX_POINT('',#3947);
#3949=CARTESIAN_POINT('',(-3.935E0,-7.753E0,7.775E0));
#3950=VERTEX_POINT('',#3949);
#3951=CARTESIAN_POINT('',(-4.135E0,-7.953E0,7.275E0));
#3952=VERTEX_POINT('',#3951);
#3953=CARTESIAN_POINT('',(-4.135E0,4.02E0,-9.45E-1));
#3954=CARTESIAN_POINT('',(-3.485E0,4.02E0,-9.45E-1));
#3955=VERTEX_POINT('',#3953);
#3956=VERTEX_POINT('',#3954);
#3957=CARTESIAN_POINT('',(-3.935E0,4.52E0,-1.145E0));
#3958=CARTESIAN_POINT('',(-3.685E0,4.52E0,-1.145E0));
#3959=VERTEX_POINT('',#3957);
#3960=VERTEX_POINT('',#3958);
#3961=CARTESIAN_POINT('',(-3.685E0,4.52E0,-1.395E0));
#3962=VERTEX_POINT('',#3961);
#3963=CARTESIAN_POINT('',(-3.485E0,4.02E0,-1.595E0));
#3964=VERTEX_POINT('',#3963);
#3965=CARTESIAN_POINT('',(-3.935E0,4.52E0,-1.395E0));
#3966=VERTEX_POINT('',#3965);
#3967=CARTESIAN_POINT('',(-4.135E0,4.02E0,-1.595E0));
#3968=VERTEX_POINT('',#3967);
#3969=CARTESIAN_POINT('',(-6.025E0,-7.953E0,7.275E0));
#3970=CARTESIAN_POINT('',(-6.025E0,-7.303E0,7.275E0));
#3971=VERTEX_POINT('',#3969);
#3972=VERTEX_POINT('',#3970);
#3973=CARTESIAN_POINT('',(-6.225E0,-7.753E0,7.775E0));
#3974=CARTESIAN_POINT('',(-6.225E0,-7.503E0,7.775E0));
#3975=VERTEX_POINT('',#3973);
#3976=VERTEX_POINT('',#3974);
#3977=CARTESIAN_POINT('',(-6.675E0,-7.303E0,7.275E0));
#3978=VERTEX_POINT('',#3977);
#3979=CARTESIAN_POINT('',(-6.475E0,-7.503E0,7.775E0));
#3980=VERTEX_POINT('',#3979);
#3981=CARTESIAN_POINT('',(-6.475E0,-7.753E0,7.775E0));
#3982=VERTEX_POINT('',#3981);
#3983=CARTESIAN_POINT('',(-6.675E0,-7.953E0,7.275E0));
#3984=VERTEX_POINT('',#3983);
#3985=CARTESIAN_POINT('',(-6.675E0,4.02E0,-9.45E-1));
#3986=CARTESIAN_POINT('',(-6.025E0,4.02E0,-9.45E-1));
#3987=VERTEX_POINT('',#3985);
#3988=VERTEX_POINT('',#3986);
#3989=CARTESIAN_POINT('',(-6.475E0,4.52E0,-1.145E0));
#3990=CARTESIAN_POINT('',(-6.225E0,4.52E0,-1.145E0));
#3991=VERTEX_POINT('',#3989);
#3992=VERTEX_POINT('',#3990);
#3993=CARTESIAN_POINT('',(-6.225E0,4.52E0,-1.395E0));
#3994=VERTEX_POINT('',#3993);
#3995=CARTESIAN_POINT('',(-6.025E0,4.02E0,-1.595E0));
#3996=VERTEX_POINT('',#3995);
#3997=CARTESIAN_POINT('',(-6.475E0,4.52E0,-1.395E0));
#3998=VERTEX_POINT('',#3997);
#3999=CARTESIAN_POINT('',(-6.675E0,4.02E0,-1.595E0));
#4000=VERTEX_POINT('',#3999);
#4001=CARTESIAN_POINT('',(0.E0,0.E0,-4.875E0));
#4002=DIRECTION('',(0.E0,0.E0,1.E0));
#4003=DIRECTION('',(1.E0,0.E0,0.E0));
#4004=AXIS2_PLACEMENT_3D('',#4001,#4002,#4003);
#4005=PLANE('',#4004);
#4007=ORIENTED_EDGE('',*,*,#4006,.T.);
#4009=ORIENTED_EDGE('',*,*,#4008,.T.);
#4011=ORIENTED_EDGE('',*,*,#4010,.T.);
#4013=ORIENTED_EDGE('',*,*,#4012,.F.);
#4014=EDGE_LOOP('',(#4007,#4009,#4011,#4013));
#4015=FACE_OUTER_BOUND('',#4014,.F.);
#4016=ADVANCED_FACE('',(#4015),#4005,.F.);
#4017=CARTESIAN_POINT('',(8.79E0,2.47E0,-4.875E0));
#4018=DIRECTION('',(0.E0,1.E0,0.E0));
#4019=DIRECTION('',(0.E0,0.E0,1.E0));
#4020=AXIS2_PLACEMENT_3D('',#4017,#4018,#4019);
#4021=PLANE('',#4020);
#4022=ORIENTED_EDGE('',*,*,#4006,.F.);
#4024=ORIENTED_EDGE('',*,*,#4023,.F.);
#4026=ORIENTED_EDGE('',*,*,#4025,.F.);
#4028=ORIENTED_EDGE('',*,*,#4027,.F.);
#4030=ORIENTED_EDGE('',*,*,#4029,.F.);
#4032=ORIENTED_EDGE('',*,*,#4031,.T.);
#4034=ORIENTED_EDGE('',*,*,#4033,.F.);
#4036=ORIENTED_EDGE('',*,*,#4035,.F.);
#4037=EDGE_LOOP('',(#4022,#4024,#4026,#4028,#4030,#4032,#4034,#4036));
#4038=FACE_OUTER_BOUND('',#4037,.F.);
#4039=ADVANCED_FACE('',(#4038),#4021,.F.);
#4040=CARTESIAN_POINT('',(-3.032660624134E0,5.45E0,-4.1E0));
#4041=DIRECTION('',(9.659258262891E-1,0.E0,2.588190451025E-1));
#4042=DIRECTION('',(2.588190451025E-1,0.E0,-9.659258262891E-1));
#4043=AXIS2_PLACEMENT_3D('',#4040,#4041,#4042);
#4044=PLANE('',#4043);
#4045=ORIENTED_EDGE('',*,*,#4023,.T.);
#4046=ORIENTED_EDGE('',*,*,#4012,.T.);
#4048=ORIENTED_EDGE('',*,*,#4047,.F.);
#4050=ORIENTED_EDGE('',*,*,#4049,.T.);
#4051=EDGE_LOOP('',(#4045,#4046,#4048,#4050));
#4052=FACE_OUTER_BOUND('',#4051,.F.);
#4053=ADVANCED_FACE('',(#4052),#4044,.F.);
#4054=CARTESIAN_POINT('',(8.79E0,5.45E0,-4.875E0));
#4055=DIRECTION('',(0.E0,1.E0,0.E0));
#4056=DIRECTION('',(-1.E0,0.E0,0.E0));
#4057=AXIS2_PLACEMENT_3D('',#4054,#4055,#4056);
#4058=PLANE('',#4057);
#4060=ORIENTED_EDGE('',*,*,#4059,.T.);
#4061=ORIENTED_EDGE('',*,*,#4047,.T.);
#4062=ORIENTED_EDGE('',*,*,#4010,.F.);
#4064=ORIENTED_EDGE('',*,*,#4063,.T.);
#4066=ORIENTED_EDGE('',*,*,#4065,.F.);
#4068=ORIENTED_EDGE('',*,*,#4067,.T.);
#4070=ORIENTED_EDGE('',*,*,#4069,.T.);
#4072=ORIENTED_EDGE('',*,*,#4071,.T.);
#4074=ORIENTED_EDGE('',*,*,#4073,.T.);
#4076=ORIENTED_EDGE('',*,*,#4075,.T.);
#4078=ORIENTED_EDGE('',*,*,#4077,.F.);
#4080=ORIENTED_EDGE('',*,*,#4079,.F.);
#4082=ORIENTED_EDGE('',*,*,#4081,.F.);
#4084=ORIENTED_EDGE('',*,*,#4083,.F.);
#4086=ORIENTED_EDGE('',*,*,#4085,.F.);
#4088=ORIENTED_EDGE('',*,*,#4087,.T.);
#4090=ORIENTED_EDGE('',*,*,#4089,.T.);
#4092=ORIENTED_EDGE('',*,*,#4091,.F.);
#4094=ORIENTED_EDGE('',*,*,#4093,.T.);
#4096=ORIENTED_EDGE('',*,*,#4095,.F.);
#4097=EDGE_LOOP('',(#4060,#4061,#4062,#4064,#4066,#4068,#4070,#4072,#4074,#4076,
#4078,#4080,#4082,#4084,#4086,#4088,#4090,#4092,#4094,#4096));
#4098=FACE_OUTER_BOUND('',#4097,.F.);
#4100=ORIENTED_EDGE('',*,*,#4099,.T.);
#4102=ORIENTED_EDGE('',*,*,#4101,.T.);
#4104=ORIENTED_EDGE('',*,*,#4103,.T.);
#4106=ORIENTED_EDGE('',*,*,#4105,.T.);
#4108=ORIENTED_EDGE('',*,*,#4107,.T.);
#4110=ORIENTED_EDGE('',*,*,#4109,.T.);
#4112=ORIENTED_EDGE('',*,*,#4111,.T.);
#4114=ORIENTED_EDGE('',*,*,#4113,.T.);
#4115=EDGE_LOOP('',(#4100,#4102,#4104,#4106,#4108,#4110,#4112,#4114));
#4116=FACE_BOUND('',#4115,.F.);
#4117=ADVANCED_FACE('',(#4098,#4116),#4058,.T.);
#4118=CARTESIAN_POINT('',(-7.87E0,5.45E0,3.475E0));
#4119=DIRECTION('',(0.E0,7.071067811865E-1,-7.071067811865E-1));
#4120=DIRECTION('',(1.E0,0.E0,0.E0));
#4121=AXIS2_PLACEMENT_3D('',#4118,#4119,#4120);
#4122=PLANE('',#4121);
#4123=ORIENTED_EDGE('',*,*,#4099,.F.);
#4125=ORIENTED_EDGE('',*,*,#4124,.T.);
#4127=ORIENTED_EDGE('',*,*,#4126,.T.);
#4129=ORIENTED_EDGE('',*,*,#4128,.F.);
#4130=EDGE_LOOP('',(#4123,#4125,#4127,#4129));
#4131=FACE_OUTER_BOUND('',#4130,.F.);
#4132=ADVANCED_FACE('',(#4131),#4122,.T.);
#4133=CARTESIAN_POINT('',(-8.17E0,5.45E0,-3.175E0));
#4134=DIRECTION('',(7.071067811865E-1,7.071067811865E-1,0.E0));
#4135=DIRECTION('',(0.E0,0.E0,1.E0));
#4136=AXIS2_PLACEMENT_3D('',#4133,#4134,#4135);
#4137=PLANE('',#4136);
#4138=ORIENTED_EDGE('',*,*,#4113,.F.);
#4140=ORIENTED_EDGE('',*,*,#4139,.T.);
#4142=ORIENTED_EDGE('',*,*,#4141,.T.);
#4143=ORIENTED_EDGE('',*,*,#4124,.F.);
#4144=EDGE_LOOP('',(#4138,#4140,#4142,#4143));
#4145=FACE_OUTER_BOUND('',#4144,.F.);
#4146=ADVANCED_FACE('',(#4145),#4137,.T.);
#4147=CARTESIAN_POINT('',(-1.986242064468E0,5.45E0,-3.475E0));
#4148=DIRECTION('',(0.E0,7.071067811865E-1,7.071067811865E-1));
#4149=DIRECTION('',(-1.E0,0.E0,0.E0));
#4150=AXIS2_PLACEMENT_3D('',#4147,#4148,#4149);
#4151=PLANE('',#4150);
#4152=ORIENTED_EDGE('',*,*,#4111,.F.);
#4154=ORIENTED_EDGE('',*,*,#4153,.T.);
#4156=ORIENTED_EDGE('',*,*,#4155,.T.);
#4157=ORIENTED_EDGE('',*,*,#4139,.F.);
#4158=EDGE_LOOP('',(#4152,#4154,#4156,#4157));
#4159=FACE_OUTER_BOUND('',#4158,.F.);
#4160=ADVANCED_FACE('',(#4159),#4151,.T.);
#4161=CARTESIAN_POINT('',(-1.925E0,5.45E0,-4.175E0));
#4162=DIRECTION('',(-9.961946980917E-1,0.E0,-8.715574274766E-2));
#4163=DIRECTION('',(-8.715574274766E-2,0.E0,9.961946980917E-1));
#4164=AXIS2_PLACEMENT_3D('',#4161,#4162,#4163);
#4165=PLANE('',#4164);
#4166=ORIENTED_EDGE('',*,*,#4027,.T.);
#4168=ORIENTED_EDGE('',*,*,#4167,.F.);
#4170=ORIENTED_EDGE('',*,*,#4169,.T.);
#4172=ORIENTED_EDGE('',*,*,#4171,.F.);
#4173=ORIENTED_EDGE('',*,*,#4153,.F.);
#4174=ORIENTED_EDGE('',*,*,#4109,.F.);
#4176=ORIENTED_EDGE('',*,*,#4175,.T.);
#4178=ORIENTED_EDGE('',*,*,#4177,.T.);
#4179=EDGE_LOOP('',(#4166,#4168,#4170,#4172,#4173,#4174,#4176,#4178));
#4180=FACE_OUTER_BOUND('',#4179,.F.);
#4181=ADVANCED_FACE('',(#4180),#4165,.F.);
#4182=CARTESIAN_POINT('',(-8.79E0,5.45E0,-4.1E0));
#4183=DIRECTION('',(0.E0,0.E0,1.E0));
#4184=DIRECTION('',(1.E0,0.E0,0.E0));
#4185=AXIS2_PLACEMENT_3D('',#4182,#4183,#4184);
#4186=PLANE('',#4185);
#4188=ORIENTED_EDGE('',*,*,#4187,.T.);
#4190=ORIENTED_EDGE('',*,*,#4189,.F.);
#4192=ORIENTED_EDGE('',*,*,#4191,.F.);
#4194=ORIENTED_EDGE('',*,*,#4193,.T.);
#4195=ORIENTED_EDGE('',*,*,#4065,.T.);
#4197=ORIENTED_EDGE('',*,*,#4196,.T.);
#4198=ORIENTED_EDGE('',*,*,#4033,.T.);
#4200=ORIENTED_EDGE('',*,*,#4199,.F.);
#4202=ORIENTED_EDGE('',*,*,#4201,.F.);
#4203=ORIENTED_EDGE('',*,*,#4167,.T.);
#4204=ORIENTED_EDGE('',*,*,#4025,.T.);
#4205=ORIENTED_EDGE('',*,*,#4049,.F.);
#4206=ORIENTED_EDGE('',*,*,#4059,.F.);
#4208=ORIENTED_EDGE('',*,*,#4207,.T.);
#4210=ORIENTED_EDGE('',*,*,#4209,.T.);
#4212=ORIENTED_EDGE('',*,*,#4211,.T.);
#4213=EDGE_LOOP('',(#4188,#4190,#4192,#4194,#4195,#4197,#4198,#4200,#4202,#4203,
#4204,#4205,#4206,#4208,#4210,#4212));
#4214=FACE_OUTER_BOUND('',#4213,.F.);
#4215=ADVANCED_FACE('',(#4214),#4186,.F.);
#4216=CARTESIAN_POINT('',(7.89E0,-3.1E0,-4.875E0));
#4217=DIRECTION('',(0.E0,1.E0,0.E0));
#4218=DIRECTION('',(0.E0,0.E0,1.E0));
#4219=AXIS2_PLACEMENT_3D('',#4216,#4217,#4218);
#4220=PLANE('',#4219);
#4221=ORIENTED_EDGE('',*,*,#4187,.F.);
#4223=ORIENTED_EDGE('',*,*,#4222,.T.);
#4225=ORIENTED_EDGE('',*,*,#4224,.F.);
#4227=ORIENTED_EDGE('',*,*,#4226,.F.);
#4228=EDGE_LOOP('',(#4221,#4223,#4225,#4227));
#4229=FACE_OUTER_BOUND('',#4228,.F.);
#4230=ADVANCED_FACE('',(#4229),#4220,.F.);
#4231=CARTESIAN_POINT('',(-7.89E0,5.45E0,4.25E0));
#4232=DIRECTION('',(-1.E0,0.E0,0.E0));
#4233=DIRECTION('',(0.E0,0.E0,1.E0));
#4234=AXIS2_PLACEMENT_3D('',#4231,#4232,#4233);
#4235=PLANE('',#4234);
#4237=ORIENTED_EDGE('',*,*,#4236,.T.);
#4239=ORIENTED_EDGE('',*,*,#4238,.F.);
#4241=ORIENTED_EDGE('',*,*,#4240,.F.);
#4243=ORIENTED_EDGE('',*,*,#4242,.F.);
#4245=ORIENTED_EDGE('',*,*,#4244,.F.);
#4247=ORIENTED_EDGE('',*,*,#4246,.F.);
#4249=ORIENTED_EDGE('',*,*,#4248,.T.);
#4251=ORIENTED_EDGE('',*,*,#4250,.T.);
#4252=ORIENTED_EDGE('',*,*,#4091,.T.);
#4253=EDGE_LOOP('',(#4237,#4239,#4241,#4243,#4245,#4247,#4249,#4251,#4252));
#4254=FACE_OUTER_BOUND('',#4253,.F.);
#4255=ADVANCED_FACE('',(#4254),#4235,.F.);
#4256=CARTESIAN_POINT('',(-7.89E0,5.45E0,4.25E0));
#4257=DIRECTION('',(-1.E0,0.E0,0.E0));
#4258=DIRECTION('',(0.E0,0.E0,1.E0));
#4259=AXIS2_PLACEMENT_3D('',#4256,#4257,#4258);
#4260=PLANE('',#4259);
#4261=ORIENTED_EDGE('',*,*,#4211,.F.);
#4263=ORIENTED_EDGE('',*,*,#4262,.T.);
#4265=ORIENTED_EDGE('',*,*,#4264,.T.);
#4267=ORIENTED_EDGE('',*,*,#4266,.T.);
#4269=ORIENTED_EDGE('',*,*,#4268,.T.);
#4271=ORIENTED_EDGE('',*,*,#4270,.F.);
#4272=ORIENTED_EDGE('',*,*,#4222,.F.);
#4273=EDGE_LOOP('',(#4261,#4263,#4265,#4267,#4269,#4271,#4272));
#4274=FACE_OUTER_BOUND('',#4273,.F.);
#4275=ADVANCED_FACE('',(#4274),#4260,.F.);
#4276=CARTESIAN_POINT('',(-7.74E0,5.45E0,4.25E0));
#4277=DIRECTION('',(0.E0,1.E0,0.E0));
#4278=DIRECTION('',(1.E0,0.E0,0.E0));
#4279=AXIS2_PLACEMENT_3D('',#4276,#4277,#4278);
#4280=CYLINDRICAL_SURFACE('',#4279,1.5E-1);
#4282=ORIENTED_EDGE('',*,*,#4281,.T.);
#4283=ORIENTED_EDGE('',*,*,#4236,.F.);
#4284=ORIENTED_EDGE('',*,*,#4089,.F.);
#4286=ORIENTED_EDGE('',*,*,#4285,.T.);
#4287=EDGE_LOOP('',(#4282,#4283,#4284,#4286));
#4288=FACE_OUTER_BOUND('',#4287,.F.);
#4289=ADVANCED_FACE('',(#4288),#4280,.F.);
#4290=CARTESIAN_POINT('',(7.89E0,-3.1E0,2.525E0));
#4291=DIRECTION('',(0.E0,1.E0,0.E0));
#4292=DIRECTION('',(0.E0,0.E0,1.E0));
#4293=AXIS2_PLACEMENT_3D('',#4290,#4291,#4292);
#4294=PLANE('',#4293);
#4296=ORIENTED_EDGE('',*,*,#4295,.F.);
#4298=ORIENTED_EDGE('',*,*,#4297,.F.);
#4300=ORIENTED_EDGE('',*,*,#4299,.F.);
#4302=ORIENTED_EDGE('',*,*,#4301,.T.);
#4303=ORIENTED_EDGE('',*,*,#4238,.T.);
#4304=ORIENTED_EDGE('',*,*,#4281,.F.);
#4306=ORIENTED_EDGE('',*,*,#4305,.F.);
#4308=ORIENTED_EDGE('',*,*,#4307,.F.);
#4310=ORIENTED_EDGE('',*,*,#4309,.T.);
#4312=ORIENTED_EDGE('',*,*,#4311,.T.);
#4314=ORIENTED_EDGE('',*,*,#4313,.T.);
#4316=ORIENTED_EDGE('',*,*,#4315,.F.);
#4317=EDGE_LOOP('',(#4296,#4298,#4300,#4302,#4303,#4304,#4306,#4308,#4310,#4312,
#4314,#4316));
#4318=FACE_OUTER_BOUND('',#4317,.F.);
#4319=ADVANCED_FACE('',(#4318),#4294,.F.);
#4320=CARTESIAN_POINT('',(7.74E0,5.45E0,4.1E0));
#4321=DIRECTION('',(0.E0,0.E0,-1.E0));
#4322=DIRECTION('',(-1.E0,0.E0,0.E0));
#4323=AXIS2_PLACEMENT_3D('',#4320,#4321,#4322);
#4324=PLANE('',#4323);
#4325=ORIENTED_EDGE('',*,*,#4295,.T.);
#4327=ORIENTED_EDGE('',*,*,#4326,.T.);
#4328=ORIENTED_EDGE('',*,*,#4075,.F.);
#4330=ORIENTED_EDGE('',*,*,#4329,.T.);
#4331=EDGE_LOOP('',(#4325,#4327,#4328,#4330));
#4332=FACE_OUTER_BOUND('',#4331,.F.);
#4333=ADVANCED_FACE('',(#4332),#4324,.F.);
#4334=CARTESIAN_POINT('',(7.74E0,5.45E0,4.1E0));
#4335=DIRECTION('',(0.E0,0.E0,-1.E0));
#4336=DIRECTION('',(-1.E0,0.E0,0.E0));
#4337=AXIS2_PLACEMENT_3D('',#4334,#4335,#4336);
#4338=PLANE('',#4337);
#4339=ORIENTED_EDGE('',*,*,#4285,.F.);
#4340=ORIENTED_EDGE('',*,*,#4087,.F.);
#4342=ORIENTED_EDGE('',*,*,#4341,.F.);
#4343=ORIENTED_EDGE('',*,*,#4305,.T.);
#4344=EDGE_LOOP('',(#4339,#4340,#4342,#4343));
#4345=FACE_OUTER_BOUND('',#4344,.F.);
#4346=ADVANCED_FACE('',(#4345),#4338,.F.);
#4347=CARTESIAN_POINT('',(1.E0,5.45E0,4.2E0));
#4348=DIRECTION('',(0.E0,1.E0,0.E0));
#4349=DIRECTION('',(1.E0,0.E0,0.E0));
#4350=AXIS2_PLACEMENT_3D('',#4347,#4348,#4349);
#4351=CYLINDRICAL_SURFACE('',#4350,1.E-1);
#4352=ORIENTED_EDGE('',*,*,#4315,.T.);
#4354=ORIENTED_EDGE('',*,*,#4353,.F.);
#4355=ORIENTED_EDGE('',*,*,#4077,.T.);
#4356=ORIENTED_EDGE('',*,*,#4326,.F.);
#4357=EDGE_LOOP('',(#4352,#4354,#4355,#4356));
#4358=FACE_OUTER_BOUND('',#4357,.F.);
#4359=ADVANCED_FACE('',(#4358),#4351,.F.);
#4360=CARTESIAN_POINT('',(9.E-1,5.45E0,4.875E0));
#4361=DIRECTION('',(1.E0,0.E0,0.E0));
#4362=DIRECTION('',(0.E0,0.E0,-1.E0));
#4363=AXIS2_PLACEMENT_3D('',#4360,#4361,#4362);
#4364=PLANE('',#4363);
#4365=ORIENTED_EDGE('',*,*,#4313,.F.);
#4367=ORIENTED_EDGE('',*,*,#4366,.F.);
#4368=ORIENTED_EDGE('',*,*,#4079,.T.);
#4369=ORIENTED_EDGE('',*,*,#4353,.T.);
#4370=EDGE_LOOP('',(#4365,#4367,#4368,#4369));
#4371=FACE_OUTER_BOUND('',#4370,.F.);
#4372=ADVANCED_FACE('',(#4371),#4364,.T.);
#4373=CARTESIAN_POINT('',(-9.E-1,5.45E0,4.875E0));
#4374=DIRECTION('',(0.E0,0.E0,1.E0));
#4375=DIRECTION('',(1.E0,0.E0,0.E0));
#4376=AXIS2_PLACEMENT_3D('',#4373,#4374,#4375);
#4377=PLANE('',#4376);
#4378=ORIENTED_EDGE('',*,*,#4311,.F.);
#4380=ORIENTED_EDGE('',*,*,#4379,.F.);
#4381=ORIENTED_EDGE('',*,*,#4081,.T.);
#4382=ORIENTED_EDGE('',*,*,#4366,.T.);
#4383=EDGE_LOOP('',(#4378,#4380,#4381,#4382));
#4384=FACE_OUTER_BOUND('',#4383,.F.);
#4385=ADVANCED_FACE('',(#4384),#4377,.T.);
#4386=CARTESIAN_POINT('',(-9.E-1,5.45E0,4.2E0));
#4387=DIRECTION('',(-1.E0,0.E0,0.E0));
#4388=DIRECTION('',(0.E0,0.E0,1.E0));
#4389=AXIS2_PLACEMENT_3D('',#4386,#4387,#4388);
#4390=PLANE('',#4389);
#4391=ORIENTED_EDGE('',*,*,#4309,.F.);
#4393=ORIENTED_EDGE('',*,*,#4392,.F.);
#4394=ORIENTED_EDGE('',*,*,#4083,.T.);
#4395=ORIENTED_EDGE('',*,*,#4379,.T.);
#4396=EDGE_LOOP('',(#4391,#4393,#4394,#4395));
#4397=FACE_OUTER_BOUND('',#4396,.F.);
#4398=ADVANCED_FACE('',(#4397),#4390,.T.);
#4399=CARTESIAN_POINT('',(-1.E0,5.45E0,4.2E0));
#4400=DIRECTION('',(0.E0,1.E0,0.E0));
#4401=DIRECTION('',(1.E0,0.E0,0.E0));
#4402=AXIS2_PLACEMENT_3D('',#4399,#4400,#4401);
#4403=CYLINDRICAL_SURFACE('',#4402,1.E-1);
#4404=ORIENTED_EDGE('',*,*,#4307,.T.);
#4405=ORIENTED_EDGE('',*,*,#4341,.T.);
#4406=ORIENTED_EDGE('',*,*,#4085,.T.);
#4407=ORIENTED_EDGE('',*,*,#4392,.T.);
#4408=EDGE_LOOP('',(#4404,#4405,#4406,#4407));
#4409=FACE_OUTER_BOUND('',#4408,.F.);
#4410=ADVANCED_FACE('',(#4409),#4403,.F.);
#4411=CARTESIAN_POINT('',(7.74E0,5.45E0,4.25E0));
#4412=DIRECTION('',(0.E0,1.E0,0.E0));
#4413=DIRECTION('',(1.E0,0.E0,0.E0));
#4414=AXIS2_PLACEMENT_3D('',#4411,#4412,#4413);
#4415=CYLINDRICAL_SURFACE('',#4414,1.5E-1);
#4416=ORIENTED_EDGE('',*,*,#4297,.T.);
#4417=ORIENTED_EDGE('',*,*,#4329,.F.);
#4418=ORIENTED_EDGE('',*,*,#4073,.F.);
#4420=ORIENTED_EDGE('',*,*,#4419,.T.);
#4421=EDGE_LOOP('',(#4416,#4417,#4418,#4420));
#4422=FACE_OUTER_BOUND('',#4421,.F.);
#4423=ADVANCED_FACE('',(#4422),#4415,.F.);
#4424=CARTESIAN_POINT('',(7.89E0,5.45E0,4.875E0));
#4425=DIRECTION('',(1.E0,0.E0,0.E0));
#4426=DIRECTION('',(0.E0,0.E0,-1.E0));
#4427=AXIS2_PLACEMENT_3D('',#4424,#4425,#4426);
#4428=PLANE('',#4427);
#4430=ORIENTED_EDGE('',*,*,#4429,.T.);
#4432=ORIENTED_EDGE('',*,*,#4431,.F.);
#4434=ORIENTED_EDGE('',*,*,#4433,.T.);
#4436=ORIENTED_EDGE('',*,*,#4435,.T.);
#4437=ORIENTED_EDGE('',*,*,#4299,.T.);
#4438=ORIENTED_EDGE('',*,*,#4419,.F.);
#4439=ORIENTED_EDGE('',*,*,#4071,.F.);
#4441=ORIENTED_EDGE('',*,*,#4440,.T.);
#4443=ORIENTED_EDGE('',*,*,#4442,.F.);
#4444=EDGE_LOOP('',(#4430,#4432,#4434,#4436,#4437,#4438,#4439,#4441,#4443));
#4445=FACE_OUTER_BOUND('',#4444,.F.);
#4446=ADVANCED_FACE('',(#4445),#4428,.F.);
#4447=CARTESIAN_POINT('',(7.89E0,5.45E0,4.875E0));
#4448=DIRECTION('',(1.E0,0.E0,0.E0));
#4449=DIRECTION('',(0.E0,0.E0,-1.E0));
#4450=AXIS2_PLACEMENT_3D('',#4447,#4448,#4449);
#4451=PLANE('',#4450);
#4453=ORIENTED_EDGE('',*,*,#4452,.F.);
#4454=ORIENTED_EDGE('',*,*,#4189,.T.);
#4455=ORIENTED_EDGE('',*,*,#4226,.T.);
#4457=ORIENTED_EDGE('',*,*,#4456,.T.);
#4459=ORIENTED_EDGE('',*,*,#4458,.F.);
#4461=ORIENTED_EDGE('',*,*,#4460,.F.);
#4463=ORIENTED_EDGE('',*,*,#4462,.F.);
#4464=EDGE_LOOP('',(#4453,#4454,#4455,#4457,#4459,#4461,#4463));
#4465=FACE_OUTER_BOUND('',#4464,.F.);
#4466=ADVANCED_FACE('',(#4465),#4451,.F.);
#4467=CARTESIAN_POINT('',(8.79E0,-4.6E0,2.825E0));
#4468=DIRECTION('',(0.E0,0.E0,1.E0));
#4469=DIRECTION('',(0.E0,-1.E0,0.E0));
#4470=AXIS2_PLACEMENT_3D('',#4467,#4468,#4469);
#4471=PLANE('',#4470);
#4472=ORIENTED_EDGE('',*,*,#4246,.T.);
#4474=ORIENTED_EDGE('',*,*,#4473,.T.);
#4476=ORIENTED_EDGE('',*,*,#4475,.F.);
#4478=ORIENTED_EDGE('',*,*,#4477,.T.);
#4479=EDGE_LOOP('',(#4472,#4474,#4476,#4478));
#4480=FACE_OUTER_BOUND('',#4479,.F.);
#4481=ADVANCED_FACE('',(#4480),#4471,.F.);
#4482=CARTESIAN_POINT('',(8.79E0,-4.6E0,2.825E0));
#4483=DIRECTION('',(0.E0,0.E0,1.E0));
#4484=DIRECTION('',(0.E0,-1.E0,0.E0));
#4485=AXIS2_PLACEMENT_3D('',#4482,#4483,#4484);
#4486=PLANE('',#4485);
#4488=ORIENTED_EDGE('',*,*,#4487,.T.);
#4489=ORIENTED_EDGE('',*,*,#4429,.F.);
#4491=ORIENTED_EDGE('',*,*,#4490,.T.);
#4493=ORIENTED_EDGE('',*,*,#4492,.T.);
#4494=EDGE_LOOP('',(#4488,#4489,#4491,#4493));
#4495=FACE_OUTER_BOUND('',#4494,.F.);
#4496=ADVANCED_FACE('',(#4495),#4486,.F.);
#4497=CARTESIAN_POINT('',(7.89E0,-4.6E0,4.875E0));
#4498=DIRECTION('',(0.E0,1.E0,0.E0));
#4499=DIRECTION('',(-1.E0,0.E0,0.E0));
#4500=AXIS2_PLACEMENT_3D('',#4497,#4498,#4499);
#4501=PLANE('',#4500);
#4503=ORIENTED_EDGE('',*,*,#4502,.T.);
#4504=ORIENTED_EDGE('',*,*,#4431,.T.);
#4505=ORIENTED_EDGE('',*,*,#4487,.F.);
#4507=ORIENTED_EDGE('',*,*,#4506,.F.);
#4509=ORIENTED_EDGE('',*,*,#4508,.T.);
#4510=ORIENTED_EDGE('',*,*,#4460,.T.);
#4512=ORIENTED_EDGE('',*,*,#4511,.F.);
#4513=ORIENTED_EDGE('',*,*,#4266,.F.);
#4515=ORIENTED_EDGE('',*,*,#4514,.T.);
#4517=ORIENTED_EDGE('',*,*,#4516,.T.);
#4518=ORIENTED_EDGE('',*,*,#4473,.F.);
#4519=ORIENTED_EDGE('',*,*,#4244,.T.);
#4520=EDGE_LOOP('',(#4503,#4504,#4505,#4507,#4509,#4510,#4512,#4513,#4515,#4517,
#4518,#4519));
#4521=FACE_OUTER_BOUND('',#4520,.F.);
#4523=ORIENTED_EDGE('',*,*,#4522,.T.);
#4525=ORIENTED_EDGE('',*,*,#4524,.F.);
#4527=ORIENTED_EDGE('',*,*,#4526,.F.);
#4529=ORIENTED_EDGE('',*,*,#4528,.T.);
#4530=EDGE_LOOP('',(#4523,#4525,#4527,#4529));
#4531=FACE_BOUND('',#4530,.F.);
#4533=ORIENTED_EDGE('',*,*,#4532,.T.);
#4535=ORIENTED_EDGE('',*,*,#4534,.F.);
#4537=ORIENTED_EDGE('',*,*,#4536,.F.);
#4539=ORIENTED_EDGE('',*,*,#4538,.T.);
#4540=EDGE_LOOP('',(#4533,#4535,#4537,#4539));
#4541=FACE_BOUND('',#4540,.F.);
#4543=ORIENTED_EDGE('',*,*,#4542,.T.);
#4545=ORIENTED_EDGE('',*,*,#4544,.F.);
#4547=ORIENTED_EDGE('',*,*,#4546,.F.);
#4549=ORIENTED_EDGE('',*,*,#4548,.T.);
#4550=EDGE_LOOP('',(#4543,#4545,#4547,#4549));
#4551=FACE_BOUND('',#4550,.F.);
#4553=ORIENTED_EDGE('',*,*,#4552,.T.);
#4555=ORIENTED_EDGE('',*,*,#4554,.F.);
#4557=ORIENTED_EDGE('',*,*,#4556,.F.);
#4559=ORIENTED_EDGE('',*,*,#4558,.T.);
#4560=EDGE_LOOP('',(#4553,#4555,#4557,#4559));
#4561=FACE_BOUND('',#4560,.F.);
#4563=ORIENTED_EDGE('',*,*,#4562,.T.);
#4565=ORIENTED_EDGE('',*,*,#4564,.F.);
#4567=ORIENTED_EDGE('',*,*,#4566,.F.);
#4569=ORIENTED_EDGE('',*,*,#4568,.T.);
#4570=EDGE_LOOP('',(#4563,#4565,#4567,#4569));
#4571=FACE_BOUND('',#4570,.F.);
#4573=ORIENTED_EDGE('',*,*,#4572,.T.);
#4575=ORIENTED_EDGE('',*,*,#4574,.F.);
#4577=ORIENTED_EDGE('',*,*,#4576,.F.);
#4579=ORIENTED_EDGE('',*,*,#4578,.T.);
#4580=EDGE_LOOP('',(#4573,#4575,#4577,#4579));
#4581=FACE_BOUND('',#4580,.F.);
#4583=ORIENTED_EDGE('',*,*,#4582,.T.);
#4585=ORIENTED_EDGE('',*,*,#4584,.T.);
#4587=ORIENTED_EDGE('',*,*,#4586,.T.);
#4589=ORIENTED_EDGE('',*,*,#4588,.F.);
#4590=EDGE_LOOP('',(#4583,#4585,#4587,#4589));
#4591=FACE_BOUND('',#4590,.F.);
#4593=ORIENTED_EDGE('',*,*,#4592,.T.);
#4595=ORIENTED_EDGE('',*,*,#4594,.T.);
#4597=ORIENTED_EDGE('',*,*,#4596,.T.);
#4599=ORIENTED_EDGE('',*,*,#4598,.F.);
#4600=EDGE_LOOP('',(#4593,#4595,#4597,#4599));
#4601=FACE_BOUND('',#4600,.F.);
#4603=ORIENTED_EDGE('',*,*,#4602,.T.);
#4605=ORIENTED_EDGE('',*,*,#4604,.T.);
#4607=ORIENTED_EDGE('',*,*,#4606,.T.);
#4609=ORIENTED_EDGE('',*,*,#4608,.F.);
#4610=EDGE_LOOP('',(#4603,#4605,#4607,#4609));
#4611=FACE_BOUND('',#4610,.F.);
#4613=ORIENTED_EDGE('',*,*,#4612,.T.);
#4615=ORIENTED_EDGE('',*,*,#4614,.T.);
#4617=ORIENTED_EDGE('',*,*,#4616,.T.);
#4619=ORIENTED_EDGE('',*,*,#4618,.F.);
#4620=EDGE_LOOP('',(#4613,#4615,#4617,#4619));
#4621=FACE_BOUND('',#4620,.F.);
#4623=ORIENTED_EDGE('',*,*,#4622,.T.);
#4625=ORIENTED_EDGE('',*,*,#4624,.T.);
#4627=ORIENTED_EDGE('',*,*,#4626,.T.);
#4629=ORIENTED_EDGE('',*,*,#4628,.F.);
#4630=EDGE_LOOP('',(#4623,#4625,#4627,#4629));
#4631=FACE_BOUND('',#4630,.F.);
#4633=ORIENTED_EDGE('',*,*,#4632,.T.);
#4635=ORIENTED_EDGE('',*,*,#4634,.T.);
#4637=ORIENTED_EDGE('',*,*,#4636,.T.);
#4639=ORIENTED_EDGE('',*,*,#4638,.F.);
#4640=EDGE_LOOP('',(#4633,#4635,#4637,#4639));
#4641=FACE_BOUND('',#4640,.F.);
#4642=ADVANCED_FACE('',(#4521,#4531,#4541,#4551,#4561,#4571,#4581,#4591,#4601,
#4611,#4621,#4631,#4641),#4501,.F.);
#4643=CARTESIAN_POINT('',(-7.89E0,-4.6E0,2.4488E0));
#4644=DIRECTION('',(0.E0,-7.071067811865E-1,7.071067811865E-1));
#4645=DIRECTION('',(1.E0,0.E0,0.E0));
#4646=AXIS2_PLACEMENT_3D('',#4643,#4644,#4645);
#4647=PLANE('',#4646);
#4648=ORIENTED_EDGE('',*,*,#4502,.F.);
#4649=ORIENTED_EDGE('',*,*,#4242,.T.);
#4651=ORIENTED_EDGE('',*,*,#4650,.T.);
#4652=ORIENTED_EDGE('',*,*,#4433,.F.);
#4653=EDGE_LOOP('',(#4648,#4649,#4651,#4652));
#4654=FACE_OUTER_BOUND('',#4653,.F.);
#4655=ADVANCED_FACE('',(#4654),#4647,.T.);
#4656=CARTESIAN_POINT('',(7.89E0,-4.6E0,2.525E0));
#4657=DIRECTION('',(0.E0,0.E0,-1.E0));
#4658=DIRECTION('',(0.E0,1.E0,0.E0));
#4659=AXIS2_PLACEMENT_3D('',#4656,#4657,#4658);
#4660=PLANE('',#4659);
#4661=ORIENTED_EDGE('',*,*,#4650,.F.);
#4662=ORIENTED_EDGE('',*,*,#4240,.T.);
#4663=ORIENTED_EDGE('',*,*,#4301,.F.);
#4664=ORIENTED_EDGE('',*,*,#4435,.F.);
#4665=EDGE_LOOP('',(#4661,#4662,#4663,#4664));
#4666=FACE_OUTER_BOUND('',#4665,.F.);
#4667=ADVANCED_FACE('',(#4666),#4660,.F.);
#4668=CARTESIAN_POINT('',(8.79E0,-5.45E0,-4.875E0));
#4669=DIRECTION('',(1.E0,0.E0,0.E0));
#4670=DIRECTION('',(0.E0,1.E0,0.E0));
#4671=AXIS2_PLACEMENT_3D('',#4668,#4669,#4670);
#4672=PLANE('',#4671);
#4673=ORIENTED_EDGE('',*,*,#4193,.F.);
#4675=ORIENTED_EDGE('',*,*,#4674,.T.);
#4677=ORIENTED_EDGE('',*,*,#4676,.T.);
#4678=ORIENTED_EDGE('',*,*,#4506,.T.);
#4679=ORIENTED_EDGE('',*,*,#4492,.F.);
#4681=ORIENTED_EDGE('',*,*,#4680,.T.);
#4683=ORIENTED_EDGE('',*,*,#4682,.T.);
#4684=ORIENTED_EDGE('',*,*,#4067,.F.);
#4685=EDGE_LOOP('',(#4673,#4675,#4677,#4678,#4679,#4681,#4683,#4684));
#4686=FACE_OUTER_BOUND('',#4685,.F.);
#4687=ADVANCED_FACE('',(#4686),#4672,.T.);
#4688=CARTESIAN_POINT('',(-8.79E0,-5.45E0,-4.875E0));
#4689=DIRECTION('',(0.E0,-1.E0,0.E0));
#4690=DIRECTION('',(1.E0,0.E0,0.E0));
#4691=AXIS2_PLACEMENT_3D('',#4688,#4689,#4690);
#4692=PLANE('',#4691);
#4693=ORIENTED_EDGE('',*,*,#4477,.F.);
#4695=ORIENTED_EDGE('',*,*,#4694,.T.);
#4697=ORIENTED_EDGE('',*,*,#4696,.T.);
#4698=ORIENTED_EDGE('',*,*,#4248,.F.);
#4699=EDGE_LOOP('',(#4693,#4695,#4697,#4698));
#4700=FACE_OUTER_BOUND('',#4699,.F.);
#4701=ADVANCED_FACE('',(#4700),#4692,.T.);
#4702=CARTESIAN_POINT('',(-8.79E0,-5.45E0,-4.875E0));
#4703=DIRECTION('',(0.E0,-1.E0,0.E0));
#4704=DIRECTION('',(1.E0,0.E0,0.E0));
#4705=AXIS2_PLACEMENT_3D('',#4702,#4703,#4704);
#4706=PLANE('',#4705);
#4707=ORIENTED_EDGE('',*,*,#4490,.F.);
#4708=ORIENTED_EDGE('',*,*,#4442,.T.);
#4710=ORIENTED_EDGE('',*,*,#4709,.T.);
#4711=ORIENTED_EDGE('',*,*,#4680,.F.);
#4712=EDGE_LOOP('',(#4707,#4708,#4710,#4711));
#4713=FACE_OUTER_BOUND('',#4712,.F.);
#4714=ADVANCED_FACE('',(#4713),#4706,.T.);
#4715=CARTESIAN_POINT('',(-8.79E0,-5.45E0,-4.875E0));
#4716=DIRECTION('',(0.E0,-1.E0,0.E0));
#4717=DIRECTION('',(1.E0,0.E0,0.E0));
#4718=AXIS2_PLACEMENT_3D('',#4715,#4716,#4717);
#4719=PLANE('',#4718);
#4720=ORIENTED_EDGE('',*,*,#4209,.F.);
#4722=ORIENTED_EDGE('',*,*,#4721,.T.);
#4724=ORIENTED_EDGE('',*,*,#4723,.T.);
#4725=ORIENTED_EDGE('',*,*,#4262,.F.);
#4726=EDGE_LOOP('',(#4720,#4722,#4724,#4725));
#4727=FACE_OUTER_BOUND('',#4726,.F.);
#4728=ADVANCED_FACE('',(#4727),#4719,.T.);
#4729=CARTESIAN_POINT('',(-8.79E0,-5.45E0,-4.875E0));
#4730=DIRECTION('',(0.E0,-1.E0,0.E0));
#4731=DIRECTION('',(1.E0,0.E0,0.E0));
#4732=AXIS2_PLACEMENT_3D('',#4729,#4730,#4731);
#4733=PLANE('',#4732);
#4734=ORIENTED_EDGE('',*,*,#4191,.T.);
#4735=ORIENTED_EDGE('',*,*,#4452,.T.);
#4737=ORIENTED_EDGE('',*,*,#4736,.T.);
#4738=ORIENTED_EDGE('',*,*,#4674,.F.);
#4739=EDGE_LOOP('',(#4734,#4735,#4737,#4738));
#4740=FACE_OUTER_BOUND('',#4739,.F.);
#4741=ADVANCED_FACE('',(#4740),#4733,.T.);
#4742=CARTESIAN_POINT('',(-8.79E0,5.45E0,-4.875E0));
#4743=DIRECTION('',(-1.E0,0.E0,0.E0));
#4744=DIRECTION('',(0.E0,-1.E0,0.E0));
#4745=AXIS2_PLACEMENT_3D('',#4742,#4743,#4744);
#4746=PLANE('',#4745);
#4747=ORIENTED_EDGE('',*,*,#4207,.F.);
#4748=ORIENTED_EDGE('',*,*,#4095,.T.);
#4750=ORIENTED_EDGE('',*,*,#4749,.T.);
#4751=ORIENTED_EDGE('',*,*,#4694,.F.);
#4752=ORIENTED_EDGE('',*,*,#4475,.T.);
#4753=ORIENTED_EDGE('',*,*,#4516,.F.);
#4755=ORIENTED_EDGE('',*,*,#4754,.F.);
#4756=ORIENTED_EDGE('',*,*,#4721,.F.);
#4757=EDGE_LOOP('',(#4747,#4748,#4750,#4751,#4752,#4753,#4755,#4756));
#4758=FACE_OUTER_BOUND('',#4757,.F.);
#4759=ADVANCED_FACE('',(#4758),#4746,.T.);
#4760=CARTESIAN_POINT('',(0.E0,0.E0,4.875E0));
#4761=DIRECTION('',(0.E0,0.E0,1.E0));
#4762=DIRECTION('',(1.E0,0.E0,0.E0));
#4763=AXIS2_PLACEMENT_3D('',#4760,#4761,#4762);
#4764=PLANE('',#4763);
#4765=ORIENTED_EDGE('',*,*,#4250,.F.);
#4766=ORIENTED_EDGE('',*,*,#4696,.F.);
#4767=ORIENTED_EDGE('',*,*,#4749,.F.);
#4768=ORIENTED_EDGE('',*,*,#4093,.F.);
#4769=EDGE_LOOP('',(#4765,#4766,#4767,#4768));
#4770=FACE_OUTER_BOUND('',#4769,.F.);
#4771=ADVANCED_FACE('',(#4770),#4764,.T.);
#4772=CARTESIAN_POINT('',(0.E0,0.E0,4.875E0));
#4773=DIRECTION('',(0.E0,0.E0,1.E0));
#4774=DIRECTION('',(1.E0,0.E0,0.E0));
#4775=AXIS2_PLACEMENT_3D('',#4772,#4773,#4774);
#4776=PLANE('',#4775);
#4777=ORIENTED_EDGE('',*,*,#4069,.F.);
#4778=ORIENTED_EDGE('',*,*,#4682,.F.);
#4779=ORIENTED_EDGE('',*,*,#4709,.F.);
#4780=ORIENTED_EDGE('',*,*,#4440,.F.);
#4781=EDGE_LOOP('',(#4777,#4778,#4779,#4780));
#4782=FACE_OUTER_BOUND('',#4781,.F.);
#4783=ADVANCED_FACE('',(#4782),#4776,.T.);
#4784=CARTESIAN_POINT('',(8.79E0,-5.45E0,-2.875E0));
#4785=DIRECTION('',(0.E0,0.E0,-1.E0));
#4786=DIRECTION('',(0.E0,1.E0,0.E0));
#4787=AXIS2_PLACEMENT_3D('',#4784,#4785,#4786);
#4788=PLANE('',#4787);
#4789=ORIENTED_EDGE('',*,*,#4264,.F.);
#4790=ORIENTED_EDGE('',*,*,#4723,.F.);
#4791=ORIENTED_EDGE('',*,*,#4754,.T.);
#4792=ORIENTED_EDGE('',*,*,#4514,.F.);
#4793=EDGE_LOOP('',(#4789,#4790,#4791,#4792));
#4794=FACE_OUTER_BOUND('',#4793,.F.);
#4795=ADVANCED_FACE('',(#4794),#4788,.F.);
#4796=CARTESIAN_POINT('',(8.79E0,-5.45E0,-2.875E0));
#4797=DIRECTION('',(0.E0,0.E0,-1.E0));
#4798=DIRECTION('',(0.E0,1.E0,0.E0));
#4799=AXIS2_PLACEMENT_3D('',#4796,#4797,#4798);
#4800=PLANE('',#4799);
#4801=ORIENTED_EDGE('',*,*,#4508,.F.);
#4802=ORIENTED_EDGE('',*,*,#4676,.F.);
#4803=ORIENTED_EDGE('',*,*,#4736,.F.);
#4804=ORIENTED_EDGE('',*,*,#4462,.T.);
#4805=EDGE_LOOP('',(#4801,#4802,#4803,#4804));
#4806=FACE_OUTER_BOUND('',#4805,.F.);
#4807=ADVANCED_FACE('',(#4806),#4800,.F.);
#4808=CARTESIAN_POINT('',(-7.89E0,-4.6E0,-2.4988E0));
#4809=DIRECTION('',(0.E0,7.071067811865E-1,7.071067811865E-1));
#4810=DIRECTION('',(1.E0,0.E0,0.E0));
#4811=AXIS2_PLACEMENT_3D('',#4808,#4809,#4810);
#4812=PLANE('',#4811);
#4813=ORIENTED_EDGE('',*,*,#4511,.T.);
#4814=ORIENTED_EDGE('',*,*,#4458,.T.);
#4816=ORIENTED_EDGE('',*,*,#4815,.F.);
#4817=ORIENTED_EDGE('',*,*,#4268,.F.);
#4818=EDGE_LOOP('',(#4813,#4814,#4816,#4817));
#4819=FACE_OUTER_BOUND('',#4818,.F.);
#4820=ADVANCED_FACE('',(#4819),#4812,.F.);
#4821=CARTESIAN_POINT('',(7.89E0,-3.1E0,-2.575E0));
#4822=DIRECTION('',(0.E0,0.E0,1.E0));
#4823=DIRECTION('',(0.E0,-1.E0,0.E0));
#4824=AXIS2_PLACEMENT_3D('',#4821,#4822,#4823);
#4825=PLANE('',#4824);
#4826=ORIENTED_EDGE('',*,*,#4815,.T.);
#4827=ORIENTED_EDGE('',*,*,#4456,.F.);
#4828=ORIENTED_EDGE('',*,*,#4224,.T.);
#4829=ORIENTED_EDGE('',*,*,#4270,.T.);
#4830=EDGE_LOOP('',(#4826,#4827,#4828,#4829));
#4831=FACE_OUTER_BOUND('',#4830,.F.);
#4832=ADVANCED_FACE('',(#4831),#4825,.F.);
#4833=CARTESIAN_POINT('',(6.025E0,4.52E0,1.595E0));
#4834=DIRECTION('',(-1.E0,0.E0,0.E0));
#4835=DIRECTION('',(0.E0,0.E0,-1.E0));
#4836=AXIS2_PLACEMENT_3D('',#4833,#4834,#4835);
#4837=PLANE('',#4836);
#4839=ORIENTED_EDGE('',*,*,#4838,.T.);
#4841=ORIENTED_EDGE('',*,*,#4840,.F.);
#4843=ORIENTED_EDGE('',*,*,#4842,.F.);
#4844=ORIENTED_EDGE('',*,*,#4522,.F.);
#4846=ORIENTED_EDGE('',*,*,#4845,.T.);
#4848=ORIENTED_EDGE('',*,*,#4847,.T.);
#4849=EDGE_LOOP('',(#4839,#4841,#4843,#4844,#4846,#4848));
#4850=FACE_OUTER_BOUND('',#4849,.F.);
#4851=ADVANCED_FACE('',(#4850),#4837,.T.);
#4852=CARTESIAN_POINT('',(6.025E0,4.52E0,1.595E0));
#4853=DIRECTION('',(-1.E0,0.E0,0.E0));
#4854=DIRECTION('',(0.E0,0.E0,-1.E0));
#4855=AXIS2_PLACEMENT_3D('',#4852,#4853,#4854);
#4856=PLANE('',#4855);
#4858=ORIENTED_EDGE('',*,*,#4857,.T.);
#4860=ORIENTED_EDGE('',*,*,#4859,.T.);
#4862=ORIENTED_EDGE('',*,*,#4861,.T.);
#4864=ORIENTED_EDGE('',*,*,#4863,.F.);
#4865=EDGE_LOOP('',(#4858,#4860,#4862,#4864));
#4866=FACE_OUTER_BOUND('',#4865,.F.);
#4867=ADVANCED_FACE('',(#4866),#4856,.T.);
#4868=CARTESIAN_POINT('',(6.125E0,-5.088E0,7.525E0));
#4869=DIRECTION('',(-9.284766908853E-1,0.E0,3.713906763541E-1));
#4870=DIRECTION('',(0.E0,-1.E0,0.E0));
#4871=AXIS2_PLACEMENT_3D('',#4868,#4869,#4870);
#4872=PLANE('',#4871);
#4874=ORIENTED_EDGE('',*,*,#4873,.T.);
#4876=ORIENTED_EDGE('',*,*,#4875,.F.);
#4877=ORIENTED_EDGE('',*,*,#4838,.F.);
#4879=ORIENTED_EDGE('',*,*,#4878,.F.);
#4880=EDGE_LOOP('',(#4874,#4876,#4877,#4879));
#4881=FACE_OUTER_BOUND('',#4880,.F.);
#4882=ADVANCED_FACE('',(#4881),#4872,.T.);
#4883=CARTESIAN_POINT('',(6.35E0,-5.088E0,7.775E0));
#4884=DIRECTION('',(0.E0,0.E0,1.E0));
#4885=DIRECTION('',(0.E0,-1.E0,0.E0));
#4886=AXIS2_PLACEMENT_3D('',#4883,#4884,#4885);
#4887=PLANE('',#4886);
#4889=ORIENTED_EDGE('',*,*,#4888,.F.);
#4891=ORIENTED_EDGE('',*,*,#4890,.F.);
#4892=ORIENTED_EDGE('',*,*,#4873,.F.);
#4894=ORIENTED_EDGE('',*,*,#4893,.F.);
#4895=EDGE_LOOP('',(#4889,#4891,#4892,#4894));
#4896=FACE_OUTER_BOUND('',#4895,.F.);
#4897=ADVANCED_FACE('',(#4896),#4887,.T.);
#4898=CARTESIAN_POINT('',(6.575E0,-5.088E0,7.525E0));
#4899=DIRECTION('',(9.284766908853E-1,0.E0,3.713906763541E-1));
#4900=DIRECTION('',(0.E0,-1.E0,0.E0));
#4901=AXIS2_PLACEMENT_3D('',#4898,#4899,#4900);
#4902=PLANE('',#4901);
#4904=ORIENTED_EDGE('',*,*,#4903,.F.);
#4906=ORIENTED_EDGE('',*,*,#4905,.F.);
#4907=ORIENTED_EDGE('',*,*,#4888,.T.);
#4909=ORIENTED_EDGE('',*,*,#4908,.F.);
#4910=EDGE_LOOP('',(#4904,#4906,#4907,#4909));
#4911=FACE_OUTER_BOUND('',#4910,.F.);
#4912=ADVANCED_FACE('',(#4911),#4902,.T.);
#4913=CARTESIAN_POINT('',(6.675E0,4.52E0,9.45E-1));
#4914=DIRECTION('',(1.E0,0.E0,0.E0));
#4915=DIRECTION('',(0.E0,0.E0,1.E0));
#4916=AXIS2_PLACEMENT_3D('',#4913,#4914,#4915);
#4917=PLANE('',#4916);
#4918=ORIENTED_EDGE('',*,*,#4903,.T.);
#4920=ORIENTED_EDGE('',*,*,#4919,.F.);
#4922=ORIENTED_EDGE('',*,*,#4921,.F.);
#4923=ORIENTED_EDGE('',*,*,#4526,.T.);
#4925=ORIENTED_EDGE('',*,*,#4924,.T.);
#4927=ORIENTED_EDGE('',*,*,#4926,.T.);
#4928=EDGE_LOOP('',(#4918,#4920,#4922,#4923,#4925,#4927));
#4929=FACE_OUTER_BOUND('',#4928,.F.);
#4930=ADVANCED_FACE('',(#4929),#4917,.T.);
#4931=CARTESIAN_POINT('',(6.675E0,4.52E0,9.45E-1));
#4932=DIRECTION('',(1.E0,0.E0,0.E0));
#4933=DIRECTION('',(0.E0,0.E0,1.E0));
#4934=AXIS2_PLACEMENT_3D('',#4931,#4932,#4933);
#4935=PLANE('',#4934);
#4937=ORIENTED_EDGE('',*,*,#4936,.T.);
#4939=ORIENTED_EDGE('',*,*,#4938,.T.);
#4941=ORIENTED_EDGE('',*,*,#4940,.F.);
#4943=ORIENTED_EDGE('',*,*,#4942,.F.);
#4944=EDGE_LOOP('',(#4937,#4939,#4941,#4943));
#4945=FACE_OUTER_BOUND('',#4944,.F.);
#4946=ADVANCED_FACE('',(#4945),#4935,.T.);
#4947=CARTESIAN_POINT('',(6.675E0,-4.763E0,1.778E0));
#4948=DIRECTION('',(0.E0,1.E0,0.E0));
#4949=DIRECTION('',(-1.E0,0.E0,0.E0));
#4950=AXIS2_PLACEMENT_3D('',#4947,#4948,#4949);
#4951=PLANE('',#4950);
#4953=ORIENTED_EDGE('',*,*,#4952,.T.);
#4954=ORIENTED_EDGE('',*,*,#4847,.F.);
#4956=ORIENTED_EDGE('',*,*,#4955,.F.);
#4957=ORIENTED_EDGE('',*,*,#4919,.T.);
#4958=EDGE_LOOP('',(#4953,#4954,#4956,#4957));
#4959=FACE_OUTER_BOUND('',#4958,.F.);
#4960=ADVANCED_FACE('',(#4959),#4951,.T.);
#4961=CARTESIAN_POINT('',(6.35E0,-4.863E0,7.525E0));
#4962=DIRECTION('',(0.E0,9.284766908853E-1,3.713906763541E-1));
#4963=DIRECTION('',(-1.E0,0.E0,0.E0));
#4964=AXIS2_PLACEMENT_3D('',#4961,#4962,#4963);
#4965=PLANE('',#4964);
#4966=ORIENTED_EDGE('',*,*,#4952,.F.);
#4967=ORIENTED_EDGE('',*,*,#4908,.T.);
#4968=ORIENTED_EDGE('',*,*,#4893,.T.);
#4969=ORIENTED_EDGE('',*,*,#4878,.T.);
#4970=EDGE_LOOP('',(#4966,#4967,#4968,#4969));
#4971=FACE_OUTER_BOUND('',#4970,.F.);
#4972=ADVANCED_FACE('',(#4971),#4965,.T.);
#4973=CARTESIAN_POINT('',(7.35E0,-4.58E0,1.778E0));
#4974=DIRECTION('',(-1.E0,0.E0,0.E0));
#4975=DIRECTION('',(0.E0,0.E0,1.E0));
#4976=AXIS2_PLACEMENT_3D('',#4973,#4974,#4975);
#4977=CYLINDRICAL_SURFACE('',#4976,1.83E-1);
#4978=ORIENTED_EDGE('',*,*,#4528,.F.);
#4979=ORIENTED_EDGE('',*,*,#4921,.T.);
#4980=ORIENTED_EDGE('',*,*,#4955,.T.);
#4981=ORIENTED_EDGE('',*,*,#4845,.F.);
#4982=EDGE_LOOP('',(#4978,#4979,#4980,#4981));
#4983=FACE_OUTER_BOUND('',#4982,.F.);
#4984=ADVANCED_FACE('',(#4983),#4977,.F.);
#4985=CARTESIAN_POINT('',(7.35E0,-4.58E0,1.778E0));
#4986=DIRECTION('',(-1.E0,0.E0,0.E0));
#4987=DIRECTION('',(0.E0,0.E0,1.E0));
#4988=AXIS2_PLACEMENT_3D('',#4985,#4986,#4987);
#4989=CYLINDRICAL_SURFACE('',#4988,8.33E-1);
#4990=ORIENTED_EDGE('',*,*,#4524,.T.);
#4991=ORIENTED_EDGE('',*,*,#4842,.T.);
#4993=ORIENTED_EDGE('',*,*,#4992,.T.);
#4994=ORIENTED_EDGE('',*,*,#4924,.F.);
#4995=EDGE_LOOP('',(#4990,#4991,#4993,#4994));
#4996=FACE_OUTER_BOUND('',#4995,.F.);
#4997=ADVANCED_FACE('',(#4996),#4989,.T.);
#4998=CARTESIAN_POINT('',(6.025E0,-5.413E0,1.778E0));
#4999=DIRECTION('',(0.E0,-1.E0,0.E0));
#5000=DIRECTION('',(1.E0,0.E0,0.E0));
#5001=AXIS2_PLACEMENT_3D('',#4998,#4999,#5000);
#5002=PLANE('',#5001);
#5004=ORIENTED_EDGE('',*,*,#5003,.T.);
#5005=ORIENTED_EDGE('',*,*,#4926,.F.);
#5006=ORIENTED_EDGE('',*,*,#4992,.F.);
#5007=ORIENTED_EDGE('',*,*,#4840,.T.);
#5008=EDGE_LOOP('',(#5004,#5005,#5006,#5007));
#5009=FACE_OUTER_BOUND('',#5008,.F.);
#5010=ADVANCED_FACE('',(#5009),#5002,.T.);
#5011=CARTESIAN_POINT('',(6.35E0,-5.313E0,7.525E0));
#5012=DIRECTION('',(0.E0,-9.284766908853E-1,3.713906763541E-1));
#5013=DIRECTION('',(-1.E0,0.E0,0.E0));
#5014=AXIS2_PLACEMENT_3D('',#5011,#5012,#5013);
#5015=PLANE('',#5014);
#5016=ORIENTED_EDGE('',*,*,#5003,.F.);
#5017=ORIENTED_EDGE('',*,*,#4875,.T.);
#5018=ORIENTED_EDGE('',*,*,#4890,.T.);
#5019=ORIENTED_EDGE('',*,*,#4905,.T.);
#5020=EDGE_LOOP('',(#5016,#5017,#5018,#5019));
#5021=FACE_OUTER_BOUND('',#5020,.F.);
#5022=ADVANCED_FACE('',(#5021),#5015,.T.);
#5023=CARTESIAN_POINT('',(6.575E0,4.27E0,1.27E0));
#5024=DIRECTION('',(9.284766908853E-1,3.713906763541E-1,0.E0));
#5025=DIRECTION('',(0.E0,0.E0,-1.E0));
#5026=AXIS2_PLACEMENT_3D('',#5023,#5024,#5025);
#5027=PLANE('',#5026);
#5029=ORIENTED_EDGE('',*,*,#5028,.T.);
#5031=ORIENTED_EDGE('',*,*,#5030,.T.);
#5032=ORIENTED_EDGE('',*,*,#4936,.F.);
#5034=ORIENTED_EDGE('',*,*,#5033,.F.);
#5035=EDGE_LOOP('',(#5029,#5031,#5032,#5034));
#5036=FACE_OUTER_BOUND('',#5035,.F.);
#5037=ADVANCED_FACE('',(#5036),#5027,.T.);
#5038=CARTESIAN_POINT('',(6.35E0,4.52E0,1.27E0));
#5039=DIRECTION('',(0.E0,-1.E0,0.E0));
#5040=DIRECTION('',(0.E0,0.E0,-1.E0));
#5041=AXIS2_PLACEMENT_3D('',#5038,#5039,#5040);
#5042=PLANE('',#5041);
#5044=ORIENTED_EDGE('',*,*,#5043,.F.);
#5046=ORIENTED_EDGE('',*,*,#5045,.F.);
#5048=ORIENTED_EDGE('',*,*,#5047,.F.);
#5049=ORIENTED_EDGE('',*,*,#5028,.F.);
#5050=EDGE_LOOP('',(#5044,#5046,#5048,#5049));
#5051=FACE_OUTER_BOUND('',#5050,.F.);
#5052=ADVANCED_FACE('',(#5051),#5042,.F.);
#5053=CARTESIAN_POINT('',(6.35E0,4.27E0,1.495E0));
#5054=DIRECTION('',(0.E0,3.713906763541E-1,9.284766908853E-1));
#5055=DIRECTION('',(-1.E0,0.E0,0.E0));
#5056=AXIS2_PLACEMENT_3D('',#5053,#5054,#5055);
#5057=PLANE('',#5056);
#5059=ORIENTED_EDGE('',*,*,#5058,.F.);
#5061=ORIENTED_EDGE('',*,*,#5060,.F.);
#5062=ORIENTED_EDGE('',*,*,#5043,.T.);
#5063=ORIENTED_EDGE('',*,*,#5033,.T.);
#5064=EDGE_LOOP('',(#5059,#5061,#5062,#5063));
#5065=FACE_OUTER_BOUND('',#5064,.F.);
#5066=ADVANCED_FACE('',(#5065),#5057,.T.);
#5067=CARTESIAN_POINT('',(6.675E0,4.52E0,1.595E0));
#5068=DIRECTION('',(0.E0,0.E0,1.E0));
#5069=DIRECTION('',(-1.E0,0.E0,0.E0));
#5070=AXIS2_PLACEMENT_3D('',#5067,#5068,#5069);
#5071=PLANE('',#5070);
#5072=ORIENTED_EDGE('',*,*,#5058,.T.);
#5073=ORIENTED_EDGE('',*,*,#4942,.T.);
#5075=ORIENTED_EDGE('',*,*,#5074,.T.);
#5076=ORIENTED_EDGE('',*,*,#4859,.F.);
#5077=EDGE_LOOP('',(#5072,#5073,#5075,#5076));
#5078=FACE_OUTER_BOUND('',#5077,.F.);
#5079=ADVANCED_FACE('',(#5078),#5071,.T.);
#5080=CARTESIAN_POINT('',(8.79E0,-2.23E0,-4.875E0));
#5081=DIRECTION('',(0.E0,1.E0,0.E0));
#5082=DIRECTION('',(1.E0,0.E0,0.E0));
#5083=AXIS2_PLACEMENT_3D('',#5080,#5081,#5082);
#5084=PLANE('',#5083);
#5086=ORIENTED_EDGE('',*,*,#5085,.F.);
#5088=ORIENTED_EDGE('',*,*,#5087,.F.);
#5090=ORIENTED_EDGE('',*,*,#5089,.F.);
#5092=ORIENTED_EDGE('',*,*,#5091,.F.);
#5093=EDGE_LOOP('',(#5086,#5088,#5090,#5092));
#5094=FACE_OUTER_BOUND('',#5093,.F.);
#5095=ORIENTED_EDGE('',*,*,#5074,.F.);
#5096=ORIENTED_EDGE('',*,*,#4940,.T.);
#5098=ORIENTED_EDGE('',*,*,#5097,.F.);
#5099=ORIENTED_EDGE('',*,*,#4861,.F.);
#5100=EDGE_LOOP('',(#5095,#5096,#5098,#5099));
#5101=FACE_BOUND('',#5100,.F.);
#5103=ORIENTED_EDGE('',*,*,#5102,.F.);
#5105=ORIENTED_EDGE('',*,*,#5104,.T.);
#5107=ORIENTED_EDGE('',*,*,#5106,.F.);
#5109=ORIENTED_EDGE('',*,*,#5108,.F.);
#5110=EDGE_LOOP('',(#5103,#5105,#5107,#5109));
#5111=FACE_BOUND('',#5110,.F.);
#5113=ORIENTED_EDGE('',*,*,#5112,.F.);
#5115=ORIENTED_EDGE('',*,*,#5114,.T.);
#5117=ORIENTED_EDGE('',*,*,#5116,.F.);
#5119=ORIENTED_EDGE('',*,*,#5118,.F.);
#5120=EDGE_LOOP('',(#5113,#5115,#5117,#5119));
#5121=FACE_BOUND('',#5120,.F.);
#5123=ORIENTED_EDGE('',*,*,#5122,.F.);
#5125=ORIENTED_EDGE('',*,*,#5124,.T.);
#5127=ORIENTED_EDGE('',*,*,#5126,.F.);
#5129=ORIENTED_EDGE('',*,*,#5128,.F.);
#5130=EDGE_LOOP('',(#5123,#5125,#5127,#5129));
#5131=FACE_BOUND('',#5130,.F.);
#5133=ORIENTED_EDGE('',*,*,#5132,.F.);
#5135=ORIENTED_EDGE('',*,*,#5134,.T.);
#5137=ORIENTED_EDGE('',*,*,#5136,.F.);
#5139=ORIENTED_EDGE('',*,*,#5138,.F.);
#5140=EDGE_LOOP('',(#5133,#5135,#5137,#5139));
#5141=FACE_BOUND('',#5140,.F.);
#5143=ORIENTED_EDGE('',*,*,#5142,.F.);
#5145=ORIENTED_EDGE('',*,*,#5144,.T.);
#5147=ORIENTED_EDGE('',*,*,#5146,.F.);
#5149=ORIENTED_EDGE('',*,*,#5148,.F.);
#5150=EDGE_LOOP('',(#5143,#5145,#5147,#5149));
#5151=FACE_BOUND('',#5150,.F.);
#5153=ORIENTED_EDGE('',*,*,#5152,.F.);
#5155=ORIENTED_EDGE('',*,*,#5154,.T.);
#5157=ORIENTED_EDGE('',*,*,#5156,.F.);
#5159=ORIENTED_EDGE('',*,*,#5158,.F.);
#5160=EDGE_LOOP('',(#5153,#5155,#5157,#5159));
#5161=FACE_BOUND('',#5160,.F.);
#5163=ORIENTED_EDGE('',*,*,#5162,.F.);
#5165=ORIENTED_EDGE('',*,*,#5164,.T.);
#5167=ORIENTED_EDGE('',*,*,#5166,.F.);
#5169=ORIENTED_EDGE('',*,*,#5168,.F.);
#5170=EDGE_LOOP('',(#5163,#5165,#5167,#5169));
#5171=FACE_BOUND('',#5170,.F.);
#5173=ORIENTED_EDGE('',*,*,#5172,.F.);
#5175=ORIENTED_EDGE('',*,*,#5174,.T.);
#5177=ORIENTED_EDGE('',*,*,#5176,.F.);
#5179=ORIENTED_EDGE('',*,*,#5178,.F.);
#5180=EDGE_LOOP('',(#5173,#5175,#5177,#5179));
#5181=FACE_BOUND('',#5180,.F.);
#5183=ORIENTED_EDGE('',*,*,#5182,.F.);
#5185=ORIENTED_EDGE('',*,*,#5184,.T.);
#5187=ORIENTED_EDGE('',*,*,#5186,.F.);
#5189=ORIENTED_EDGE('',*,*,#5188,.F.);
#5190=EDGE_LOOP('',(#5183,#5185,#5187,#5189));
#5191=FACE_BOUND('',#5190,.F.);
#5193=ORIENTED_EDGE('',*,*,#5192,.F.);
#5195=ORIENTED_EDGE('',*,*,#5194,.T.);
#5197=ORIENTED_EDGE('',*,*,#5196,.F.);
#5199=ORIENTED_EDGE('',*,*,#5198,.F.);
#5200=EDGE_LOOP('',(#5193,#5195,#5197,#5199));
#5201=FACE_BOUND('',#5200,.F.);
#5203=ORIENTED_EDGE('',*,*,#5202,.F.);
#5205=ORIENTED_EDGE('',*,*,#5204,.T.);
#5207=ORIENTED_EDGE('',*,*,#5206,.F.);
#5209=ORIENTED_EDGE('',*,*,#5208,.F.);
#5210=EDGE_LOOP('',(#5203,#5205,#5207,#5209));
#5211=FACE_BOUND('',#5210,.F.);
#5212=ADVANCED_FACE('',(#5094,#5101,#5111,#5121,#5131,#5141,#5151,#5161,#5171,
#5181,#5191,#5201,#5211),#5084,.T.);
#5213=CARTESIAN_POINT('',(-7.87E0,5.45E0,-3.175E0));
#5214=DIRECTION('',(-1.E0,0.E0,0.E0));
#5215=DIRECTION('',(0.E0,0.E0,1.E0));
#5216=AXIS2_PLACEMENT_3D('',#5213,#5214,#5215);
#5217=PLANE('',#5216);
#5219=ORIENTED_EDGE('',*,*,#5218,.T.);
#5221=ORIENTED_EDGE('',*,*,#5220,.T.);
#5222=ORIENTED_EDGE('',*,*,#5085,.T.);
#5224=ORIENTED_EDGE('',*,*,#5223,.F.);
#5226=ORIENTED_EDGE('',*,*,#5225,.T.);
#5228=ORIENTED_EDGE('',*,*,#5227,.F.);
#5229=ORIENTED_EDGE('',*,*,#4141,.F.);
#5231=ORIENTED_EDGE('',*,*,#5230,.T.);
#5232=EDGE_LOOP('',(#5219,#5221,#5222,#5224,#5226,#5228,#5229,#5231));
#5233=FACE_OUTER_BOUND('',#5232,.F.);
#5234=ADVANCED_FACE('',(#5233),#5217,.F.);
#5235=CARTESIAN_POINT('',(8.79E0,-1.73E0,-4.875E0));
#5236=DIRECTION('',(0.E0,1.E0,0.E0));
#5237=DIRECTION('',(1.E0,0.E0,0.E0));
#5238=AXIS2_PLACEMENT_3D('',#5235,#5236,#5237);
#5239=PLANE('',#5238);
#5241=ORIENTED_EDGE('',*,*,#5240,.T.);
#5243=ORIENTED_EDGE('',*,*,#5242,.F.);
#5245=ORIENTED_EDGE('',*,*,#5244,.F.);
#5246=ORIENTED_EDGE('',*,*,#5225,.F.);
#5247=EDGE_LOOP('',(#5241,#5243,#5245,#5246));
#5248=FACE_OUTER_BOUND('',#5247,.F.);
#5249=ADVANCED_FACE('',(#5248),#5239,.T.);
#5250=CARTESIAN_POINT('',(8.79E0,-1.73E0,-4.875E0));
#5251=DIRECTION('',(0.E0,1.E0,0.E0));
#5252=DIRECTION('',(1.E0,0.E0,0.E0));
#5253=AXIS2_PLACEMENT_3D('',#5250,#5251,#5252);
#5254=PLANE('',#5253);
#5255=ORIENTED_EDGE('',*,*,#4201,.T.);
#5257=ORIENTED_EDGE('',*,*,#5256,.F.);
#5259=ORIENTED_EDGE('',*,*,#5258,.F.);
#5261=ORIENTED_EDGE('',*,*,#5260,.F.);
#5263=ORIENTED_EDGE('',*,*,#5262,.F.);
#5264=ORIENTED_EDGE('',*,*,#5218,.F.);
#5266=ORIENTED_EDGE('',*,*,#5265,.F.);
#5267=ORIENTED_EDGE('',*,*,#4169,.F.);
#5268=EDGE_LOOP('',(#5255,#5257,#5259,#5261,#5263,#5264,#5266,#5267));
#5269=FACE_OUTER_BOUND('',#5268,.F.);
#5270=ADVANCED_FACE('',(#5269),#5254,.T.);
#5271=CARTESIAN_POINT('',(-7.87E0,-1.73E0,2.54E0));
#5272=DIRECTION('',(0.E0,0.E0,1.E0));
#5273=DIRECTION('',(1.E0,0.E0,0.E0));
#5274=AXIS2_PLACEMENT_3D('',#5271,#5272,#5273);
#5275=PLANE('',#5274);
#5276=ORIENTED_EDGE('',*,*,#5240,.F.);
#5277=ORIENTED_EDGE('',*,*,#5223,.T.);
#5278=ORIENTED_EDGE('',*,*,#5091,.T.);
#5280=ORIENTED_EDGE('',*,*,#5279,.F.);
#5281=EDGE_LOOP('',(#5276,#5277,#5278,#5280));
#5282=FACE_OUTER_BOUND('',#5281,.F.);
#5283=ADVANCED_FACE('',(#5282),#5275,.F.);
#5284=CARTESIAN_POINT('',(7.87E0,5.45E0,3.175E0));
#5285=DIRECTION('',(1.E0,0.E0,0.E0));
#5286=DIRECTION('',(0.E0,0.E0,-1.E0));
#5287=AXIS2_PLACEMENT_3D('',#5284,#5285,#5286);
#5288=PLANE('',#5287);
#5289=ORIENTED_EDGE('',*,*,#5242,.T.);
#5290=ORIENTED_EDGE('',*,*,#5279,.T.);
#5291=ORIENTED_EDGE('',*,*,#5089,.T.);
#5293=ORIENTED_EDGE('',*,*,#5292,.F.);
#5294=ORIENTED_EDGE('',*,*,#5260,.T.);
#5296=ORIENTED_EDGE('',*,*,#5295,.F.);
#5298=ORIENTED_EDGE('',*,*,#5297,.F.);
#5300=ORIENTED_EDGE('',*,*,#5299,.T.);
#5301=EDGE_LOOP('',(#5289,#5290,#5291,#5293,#5294,#5296,#5298,#5300));
#5302=FACE_OUTER_BOUND('',#5301,.F.);
#5303=ADVANCED_FACE('',(#5302),#5288,.F.);
#5304=CARTESIAN_POINT('',(7.87E0,-1.73E0,-2.54E0));
#5305=DIRECTION('',(0.E0,0.E0,-1.E0));
#5306=DIRECTION('',(-1.E0,0.E0,0.E0));
#5307=AXIS2_PLACEMENT_3D('',#5304,#5305,#5306);
#5308=PLANE('',#5307);
#5309=ORIENTED_EDGE('',*,*,#5262,.T.);
#5310=ORIENTED_EDGE('',*,*,#5292,.T.);
#5311=ORIENTED_EDGE('',*,*,#5087,.T.);
#5312=ORIENTED_EDGE('',*,*,#5220,.F.);
#5313=EDGE_LOOP('',(#5309,#5310,#5311,#5312));
#5314=FACE_OUTER_BOUND('',#5313,.F.);
#5315=ADVANCED_FACE('',(#5314),#5308,.F.);
#5316=CARTESIAN_POINT('',(7.87E0,5.45E0,-3.175E0));
#5317=DIRECTION('',(0.E0,0.E0,-1.E0));
#5318=DIRECTION('',(-1.E0,0.E0,0.E0));
#5319=AXIS2_PLACEMENT_3D('',#5316,#5317,#5318);
#5320=PLANE('',#5319);
#5322=ORIENTED_EDGE('',*,*,#5321,.F.);
#5323=ORIENTED_EDGE('',*,*,#5295,.T.);
#5324=ORIENTED_EDGE('',*,*,#5258,.T.);
#5326=ORIENTED_EDGE('',*,*,#5325,.F.);
#5327=EDGE_LOOP('',(#5322,#5323,#5324,#5326));
#5328=FACE_OUTER_BOUND('',#5327,.F.);
#5329=ADVANCED_FACE('',(#5328),#5320,.F.);
#5330=CARTESIAN_POINT('',(7.87E0,5.45E0,-3.475E0));
#5331=DIRECTION('',(0.E0,7.071067811865E-1,7.071067811865E-1));
#5332=DIRECTION('',(-1.E0,0.E0,0.E0));
#5333=AXIS2_PLACEMENT_3D('',#5330,#5331,#5332);
#5334=PLANE('',#5333);
#5335=ORIENTED_EDGE('',*,*,#4103,.F.);
#5337=ORIENTED_EDGE('',*,*,#5336,.T.);
#5338=ORIENTED_EDGE('',*,*,#5321,.T.);
#5340=ORIENTED_EDGE('',*,*,#5339,.F.);
#5341=EDGE_LOOP('',(#5335,#5337,#5338,#5340));
#5342=FACE_OUTER_BOUND('',#5341,.F.);
#5343=ADVANCED_FACE('',(#5342),#5334,.T.);
#5344=CARTESIAN_POINT('',(8.17E0,5.45E0,3.175E0));
#5345=DIRECTION('',(-7.071067811865E-1,7.071067811865E-1,0.E0));
#5346=DIRECTION('',(0.E0,0.E0,-1.E0));
#5347=AXIS2_PLACEMENT_3D('',#5344,#5345,#5346);
#5348=PLANE('',#5347);
#5349=ORIENTED_EDGE('',*,*,#4101,.F.);
#5350=ORIENTED_EDGE('',*,*,#4128,.T.);
#5351=ORIENTED_EDGE('',*,*,#5297,.T.);
#5352=ORIENTED_EDGE('',*,*,#5336,.F.);
#5353=EDGE_LOOP('',(#5349,#5350,#5351,#5352));
#5354=FACE_OUTER_BOUND('',#5353,.F.);
#5355=ADVANCED_FACE('',(#5354),#5348,.T.);
#5356=CARTESIAN_POINT('',(2.012488663526E0,5.45E0,-3.175E0));
#5357=DIRECTION('',(9.961946980917E-1,0.E0,-8.715574274766E-2));
#5358=DIRECTION('',(-8.715574274766E-2,0.E0,-9.961946980917E-1));
#5359=AXIS2_PLACEMENT_3D('',#5356,#5357,#5358);
#5360=PLANE('',#5359);
#5361=ORIENTED_EDGE('',*,*,#4031,.F.);
#5363=ORIENTED_EDGE('',*,*,#5362,.F.);
#5365=ORIENTED_EDGE('',*,*,#5364,.F.);
#5366=ORIENTED_EDGE('',*,*,#4105,.F.);
#5367=ORIENTED_EDGE('',*,*,#5339,.T.);
#5368=ORIENTED_EDGE('',*,*,#5325,.T.);
#5369=ORIENTED_EDGE('',*,*,#5256,.T.);
#5370=ORIENTED_EDGE('',*,*,#4199,.T.);
#5371=EDGE_LOOP('',(#5361,#5363,#5365,#5366,#5367,#5368,#5369,#5370));
#5372=FACE_OUTER_BOUND('',#5371,.F.);
#5373=ADVANCED_FACE('',(#5372),#5360,.F.);
#5374=CARTESIAN_POINT('',(1.925E0,5.45E0,-4.175E0));
#5375=DIRECTION('',(0.E0,0.E0,-1.E0));
#5376=DIRECTION('',(-1.E0,0.E0,0.E0));
#5377=AXIS2_PLACEMENT_3D('',#5374,#5375,#5376);
#5378=PLANE('',#5377);
#5379=ORIENTED_EDGE('',*,*,#4029,.T.);
#5380=ORIENTED_EDGE('',*,*,#4177,.F.);
#5382=ORIENTED_EDGE('',*,*,#5381,.F.);
#5383=ORIENTED_EDGE('',*,*,#5362,.T.);
#5384=EDGE_LOOP('',(#5379,#5380,#5382,#5383));
#5385=FACE_OUTER_BOUND('',#5384,.F.);
#5386=ADVANCED_FACE('',(#5385),#5378,.F.);
#5387=CARTESIAN_POINT('',(1.898753400942E0,5.45E0,-4.475E0));
#5388=DIRECTION('',(0.E0,7.071067811865E-1,7.071067811865E-1));
#5389=DIRECTION('',(-1.E0,0.E0,0.E0));
#5390=AXIS2_PLACEMENT_3D('',#5387,#5388,#5389);
#5391=PLANE('',#5390);
#5392=ORIENTED_EDGE('',*,*,#4107,.F.);
#5393=ORIENTED_EDGE('',*,*,#5364,.T.);
#5394=ORIENTED_EDGE('',*,*,#5381,.T.);
#5395=ORIENTED_EDGE('',*,*,#4175,.F.);
#5396=EDGE_LOOP('',(#5392,#5393,#5394,#5395));
#5397=FACE_OUTER_BOUND('',#5396,.F.);
#5398=ADVANCED_FACE('',(#5397),#5391,.T.);
#5399=CARTESIAN_POINT('',(-7.87E0,5.45E0,3.175E0));
#5400=DIRECTION('',(0.E0,0.E0,1.E0));
#5401=DIRECTION('',(1.E0,0.E0,0.E0));
#5402=AXIS2_PLACEMENT_3D('',#5399,#5400,#5401);
#5403=PLANE('',#5402);
#5404=ORIENTED_EDGE('',*,*,#4126,.F.);
#5405=ORIENTED_EDGE('',*,*,#5227,.T.);
#5406=ORIENTED_EDGE('',*,*,#5244,.T.);
#5407=ORIENTED_EDGE('',*,*,#5299,.F.);
#5408=EDGE_LOOP('',(#5404,#5405,#5406,#5407));
#5409=FACE_OUTER_BOUND('',#5408,.F.);
#5410=ADVANCED_FACE('',(#5409),#5403,.F.);
#5411=CARTESIAN_POINT('',(-2.012488663526E0,5.45E0,-3.175E0));
#5412=DIRECTION('',(0.E0,0.E0,-1.E0));
#5413=DIRECTION('',(-1.E0,0.E0,0.E0));
#5414=AXIS2_PLACEMENT_3D('',#5411,#5412,#5413);
#5415=PLANE('',#5414);
#5416=ORIENTED_EDGE('',*,*,#4155,.F.);
#5417=ORIENTED_EDGE('',*,*,#4171,.T.);
#5418=ORIENTED_EDGE('',*,*,#5265,.T.);
#5419=ORIENTED_EDGE('',*,*,#5230,.F.);
#5420=EDGE_LOOP('',(#5416,#5417,#5418,#5419));
#5421=FACE_OUTER_BOUND('',#5420,.F.);
#5422=ADVANCED_FACE('',(#5421),#5415,.F.);
#5423=CARTESIAN_POINT('',(6.025E0,4.52E0,9.45E-1));
#5424=DIRECTION('',(0.E0,0.E0,-1.E0));
#5425=DIRECTION('',(1.E0,0.E0,0.E0));
#5426=AXIS2_PLACEMENT_3D('',#5423,#5424,#5425);
#5427=PLANE('',#5426);
#5429=ORIENTED_EDGE('',*,*,#5428,.T.);
#5430=ORIENTED_EDGE('',*,*,#4863,.T.);
#5431=ORIENTED_EDGE('',*,*,#5097,.T.);
#5432=ORIENTED_EDGE('',*,*,#4938,.F.);
#5433=EDGE_LOOP('',(#5429,#5430,#5431,#5432));
#5434=FACE_OUTER_BOUND('',#5433,.F.);
#5435=ADVANCED_FACE('',(#5434),#5427,.T.);
#5436=CARTESIAN_POINT('',(6.35E0,4.27E0,1.045E0));
#5437=DIRECTION('',(0.E0,3.713906763541E-1,-9.284766908853E-1));
#5438=DIRECTION('',(-1.E0,0.E0,0.E0));
#5439=AXIS2_PLACEMENT_3D('',#5436,#5437,#5438);
#5440=PLANE('',#5439);
#5441=ORIENTED_EDGE('',*,*,#5047,.T.);
#5443=ORIENTED_EDGE('',*,*,#5442,.T.);
#5444=ORIENTED_EDGE('',*,*,#5428,.F.);
#5445=ORIENTED_EDGE('',*,*,#5030,.F.);
#5446=EDGE_LOOP('',(#5441,#5443,#5444,#5445));
#5447=FACE_OUTER_BOUND('',#5446,.F.);
#5448=ADVANCED_FACE('',(#5447),#5440,.T.);
#5449=CARTESIAN_POINT('',(6.125E0,4.27E0,1.27E0));
#5450=DIRECTION('',(-9.284766908853E-1,3.713906763541E-1,0.E0));
#5451=DIRECTION('',(0.E0,0.E0,-1.E0));
#5452=AXIS2_PLACEMENT_3D('',#5449,#5450,#5451);
#5453=PLANE('',#5452);
#5454=ORIENTED_EDGE('',*,*,#4857,.F.);
#5455=ORIENTED_EDGE('',*,*,#5442,.F.);
#5456=ORIENTED_EDGE('',*,*,#5045,.T.);
#5457=ORIENTED_EDGE('',*,*,#5060,.T.);
#5458=EDGE_LOOP('',(#5454,#5455,#5456,#5457));
#5459=FACE_OUTER_BOUND('',#5458,.F.);
#5460=ADVANCED_FACE('',(#5459),#5453,.T.);
#5461=CARTESIAN_POINT('',(4.135E0,4.52E0,1.595E0));
#5462=DIRECTION('',(0.E0,0.E0,1.E0));
#5463=DIRECTION('',(-1.E0,0.E0,0.E0));
#5464=AXIS2_PLACEMENT_3D('',#5461,#5462,#5463);
#5465=PLANE('',#5464);
#5467=ORIENTED_EDGE('',*,*,#5466,.T.);
#5469=ORIENTED_EDGE('',*,*,#5468,.T.);
#5470=ORIENTED_EDGE('',*,*,#5102,.T.);
#5472=ORIENTED_EDGE('',*,*,#5471,.F.);
#5473=EDGE_LOOP('',(#5467,#5469,#5470,#5472));
#5474=FACE_OUTER_BOUND('',#5473,.F.);
#5475=ADVANCED_FACE('',(#5474),#5465,.T.);
#5476=CARTESIAN_POINT('',(3.81E0,4.27E0,1.495E0));
#5477=DIRECTION('',(0.E0,3.713906763541E-1,9.284766908853E-1));
#5478=DIRECTION('',(-1.E0,0.E0,0.E0));
#5479=AXIS2_PLACEMENT_3D('',#5476,#5477,#5478);
#5480=PLANE('',#5479);
#5481=ORIENTED_EDGE('',*,*,#5466,.F.);
#5483=ORIENTED_EDGE('',*,*,#5482,.F.);
#5485=ORIENTED_EDGE('',*,*,#5484,.T.);
#5487=ORIENTED_EDGE('',*,*,#5486,.T.);
#5488=EDGE_LOOP('',(#5481,#5483,#5485,#5487));
#5489=FACE_OUTER_BOUND('',#5488,.F.);
#5490=ADVANCED_FACE('',(#5489),#5480,.T.);
#5491=CARTESIAN_POINT('',(3.585E0,4.27E0,1.27E0));
#5492=DIRECTION('',(-9.284766908853E-1,3.713906763541E-1,0.E0));
#5493=DIRECTION('',(0.E0,0.E0,-1.E0));
#5494=AXIS2_PLACEMENT_3D('',#5491,#5492,#5493);
#5495=PLANE('',#5494);
#5497=ORIENTED_EDGE('',*,*,#5496,.F.);
#5499=ORIENTED_EDGE('',*,*,#5498,.F.);
#5501=ORIENTED_EDGE('',*,*,#5500,.T.);
#5502=ORIENTED_EDGE('',*,*,#5482,.T.);
#5503=EDGE_LOOP('',(#5497,#5499,#5501,#5502));
#5504=FACE_OUTER_BOUND('',#5503,.F.);
#5505=ADVANCED_FACE('',(#5504),#5495,.T.);
#5506=CARTESIAN_POINT('',(3.485E0,4.52E0,1.595E0));
#5507=DIRECTION('',(-1.E0,0.E0,0.E0));
#5508=DIRECTION('',(0.E0,0.E0,-1.E0));
#5509=AXIS2_PLACEMENT_3D('',#5506,#5507,#5508);
#5510=PLANE('',#5509);
#5512=ORIENTED_EDGE('',*,*,#5511,.T.);
#5514=ORIENTED_EDGE('',*,*,#5513,.F.);
#5516=ORIENTED_EDGE('',*,*,#5515,.F.);
#5517=ORIENTED_EDGE('',*,*,#4532,.F.);
#5519=ORIENTED_EDGE('',*,*,#5518,.T.);
#5521=ORIENTED_EDGE('',*,*,#5520,.T.);
#5522=EDGE_LOOP('',(#5512,#5514,#5516,#5517,#5519,#5521));
#5523=FACE_OUTER_BOUND('',#5522,.F.);
#5524=ADVANCED_FACE('',(#5523),#5510,.T.);
#5525=CARTESIAN_POINT('',(3.485E0,4.52E0,1.595E0));
#5526=DIRECTION('',(-1.E0,0.E0,0.E0));
#5527=DIRECTION('',(0.E0,0.E0,-1.E0));
#5528=AXIS2_PLACEMENT_3D('',#5525,#5526,#5527);
#5529=PLANE('',#5528);
#5530=ORIENTED_EDGE('',*,*,#5496,.T.);
#5531=ORIENTED_EDGE('',*,*,#5471,.T.);
#5532=ORIENTED_EDGE('',*,*,#5108,.T.);
#5534=ORIENTED_EDGE('',*,*,#5533,.F.);
#5535=EDGE_LOOP('',(#5530,#5531,#5532,#5534));
#5536=FACE_OUTER_BOUND('',#5535,.F.);
#5537=ADVANCED_FACE('',(#5536),#5529,.T.);
#5538=CARTESIAN_POINT('',(3.585E0,-5.088E0,7.525E0));
#5539=DIRECTION('',(-9.284766908853E-1,0.E0,3.713906763541E-1));
#5540=DIRECTION('',(0.E0,-1.E0,0.E0));
#5541=AXIS2_PLACEMENT_3D('',#5538,#5539,#5540);
#5542=PLANE('',#5541);
#5544=ORIENTED_EDGE('',*,*,#5543,.T.);
#5546=ORIENTED_EDGE('',*,*,#5545,.F.);
#5547=ORIENTED_EDGE('',*,*,#5511,.F.);
#5549=ORIENTED_EDGE('',*,*,#5548,.F.);
#5550=EDGE_LOOP('',(#5544,#5546,#5547,#5549));
#5551=FACE_OUTER_BOUND('',#5550,.F.);
#5552=ADVANCED_FACE('',(#5551),#5542,.T.);
#5553=CARTESIAN_POINT('',(3.81E0,-5.088E0,7.775E0));
#5554=DIRECTION('',(0.E0,0.E0,1.E0));
#5555=DIRECTION('',(0.E0,-1.E0,0.E0));
#5556=AXIS2_PLACEMENT_3D('',#5553,#5554,#5555);
#5557=PLANE('',#5556);
#5559=ORIENTED_EDGE('',*,*,#5558,.F.);
#5561=ORIENTED_EDGE('',*,*,#5560,.F.);
#5562=ORIENTED_EDGE('',*,*,#5543,.F.);
#5564=ORIENTED_EDGE('',*,*,#5563,.F.);
#5565=EDGE_LOOP('',(#5559,#5561,#5562,#5564));
#5566=FACE_OUTER_BOUND('',#5565,.F.);
#5567=ADVANCED_FACE('',(#5566),#5557,.T.);
#5568=CARTESIAN_POINT('',(4.035E0,-5.088E0,7.525E0));
#5569=DIRECTION('',(9.284766908853E-1,0.E0,3.713906763541E-1));
#5570=DIRECTION('',(0.E0,-1.E0,0.E0));
#5571=AXIS2_PLACEMENT_3D('',#5568,#5569,#5570);
#5572=PLANE('',#5571);
#5574=ORIENTED_EDGE('',*,*,#5573,.F.);
#5576=ORIENTED_EDGE('',*,*,#5575,.F.);
#5577=ORIENTED_EDGE('',*,*,#5558,.T.);
#5579=ORIENTED_EDGE('',*,*,#5578,.F.);
#5580=EDGE_LOOP('',(#5574,#5576,#5577,#5579));
#5581=FACE_OUTER_BOUND('',#5580,.F.);
#5582=ADVANCED_FACE('',(#5581),#5572,.T.);
#5583=CARTESIAN_POINT('',(4.135E0,4.52E0,9.45E-1));
#5584=DIRECTION('',(1.E0,0.E0,0.E0));
#5585=DIRECTION('',(0.E0,0.E0,1.E0));
#5586=AXIS2_PLACEMENT_3D('',#5583,#5584,#5585);
#5587=PLANE('',#5586);
#5588=ORIENTED_EDGE('',*,*,#5573,.T.);
#5590=ORIENTED_EDGE('',*,*,#5589,.F.);
#5592=ORIENTED_EDGE('',*,*,#5591,.F.);
#5593=ORIENTED_EDGE('',*,*,#4536,.T.);
#5595=ORIENTED_EDGE('',*,*,#5594,.T.);
#5597=ORIENTED_EDGE('',*,*,#5596,.T.);
#5598=EDGE_LOOP('',(#5588,#5590,#5592,#5593,#5595,#5597));
#5599=FACE_OUTER_BOUND('',#5598,.F.);
#5600=ADVANCED_FACE('',(#5599),#5587,.T.);
#5601=CARTESIAN_POINT('',(4.135E0,4.52E0,9.45E-1));
#5602=DIRECTION('',(1.E0,0.E0,0.E0));
#5603=DIRECTION('',(0.E0,0.E0,1.E0));
#5604=AXIS2_PLACEMENT_3D('',#5601,#5602,#5603);
#5605=PLANE('',#5604);
#5607=ORIENTED_EDGE('',*,*,#5606,.T.);
#5609=ORIENTED_EDGE('',*,*,#5608,.T.);
#5610=ORIENTED_EDGE('',*,*,#5104,.F.);
#5611=ORIENTED_EDGE('',*,*,#5468,.F.);
#5612=EDGE_LOOP('',(#5607,#5609,#5610,#5611));
#5613=FACE_OUTER_BOUND('',#5612,.F.);
#5614=ADVANCED_FACE('',(#5613),#5605,.T.);
#5615=CARTESIAN_POINT('',(4.135E0,-4.763E0,1.778E0));
#5616=DIRECTION('',(0.E0,1.E0,0.E0));
#5617=DIRECTION('',(-1.E0,0.E0,0.E0));
#5618=AXIS2_PLACEMENT_3D('',#5615,#5616,#5617);
#5619=PLANE('',#5618);
#5621=ORIENTED_EDGE('',*,*,#5620,.T.);
#5622=ORIENTED_EDGE('',*,*,#5520,.F.);
#5624=ORIENTED_EDGE('',*,*,#5623,.F.);
#5625=ORIENTED_EDGE('',*,*,#5589,.T.);
#5626=EDGE_LOOP('',(#5621,#5622,#5624,#5625));
#5627=FACE_OUTER_BOUND('',#5626,.F.);
#5628=ADVANCED_FACE('',(#5627),#5619,.T.);
#5629=CARTESIAN_POINT('',(3.81E0,-4.863E0,7.525E0));
#5630=DIRECTION('',(0.E0,9.284766908853E-1,3.713906763541E-1));
#5631=DIRECTION('',(-1.E0,0.E0,0.E0));
#5632=AXIS2_PLACEMENT_3D('',#5629,#5630,#5631);
#5633=PLANE('',#5632);
#5634=ORIENTED_EDGE('',*,*,#5620,.F.);
#5635=ORIENTED_EDGE('',*,*,#5578,.T.);
#5636=ORIENTED_EDGE('',*,*,#5563,.T.);
#5637=ORIENTED_EDGE('',*,*,#5548,.T.);
#5638=EDGE_LOOP('',(#5634,#5635,#5636,#5637));
#5639=FACE_OUTER_BOUND('',#5638,.F.);
#5640=ADVANCED_FACE('',(#5639),#5633,.T.);
#5641=CARTESIAN_POINT('',(4.81E0,-4.58E0,1.778E0));
#5642=DIRECTION('',(-1.E0,0.E0,0.E0));
#5643=DIRECTION('',(0.E0,0.E0,1.E0));
#5644=AXIS2_PLACEMENT_3D('',#5641,#5642,#5643);
#5645=CYLINDRICAL_SURFACE('',#5644,1.83E-1);
#5646=ORIENTED_EDGE('',*,*,#4538,.F.);
#5647=ORIENTED_EDGE('',*,*,#5591,.T.);
#5648=ORIENTED_EDGE('',*,*,#5623,.T.);
#5649=ORIENTED_EDGE('',*,*,#5518,.F.);
#5650=EDGE_LOOP('',(#5646,#5647,#5648,#5649));
#5651=FACE_OUTER_BOUND('',#5650,.F.);
#5652=ADVANCED_FACE('',(#5651),#5645,.F.);
#5653=CARTESIAN_POINT('',(4.81E0,-4.58E0,1.778E0));
#5654=DIRECTION('',(-1.E0,0.E0,0.E0));
#5655=DIRECTION('',(0.E0,0.E0,1.E0));
#5656=AXIS2_PLACEMENT_3D('',#5653,#5654,#5655);
#5657=CYLINDRICAL_SURFACE('',#5656,8.33E-1);
#5658=ORIENTED_EDGE('',*,*,#5515,.T.);
#5660=ORIENTED_EDGE('',*,*,#5659,.T.);
#5661=ORIENTED_EDGE('',*,*,#5594,.F.);
#5662=ORIENTED_EDGE('',*,*,#4534,.T.);
#5663=EDGE_LOOP('',(#5658,#5660,#5661,#5662));
#5664=FACE_OUTER_BOUND('',#5663,.F.);
#5665=ADVANCED_FACE('',(#5664),#5657,.T.);
#5666=CARTESIAN_POINT('',(3.485E0,-5.413E0,1.778E0));
#5667=DIRECTION('',(0.E0,-1.E0,0.E0));
#5668=DIRECTION('',(1.E0,0.E0,0.E0));
#5669=AXIS2_PLACEMENT_3D('',#5666,#5667,#5668);
#5670=PLANE('',#5669);
#5672=ORIENTED_EDGE('',*,*,#5671,.T.);
#5673=ORIENTED_EDGE('',*,*,#5596,.F.);
#5674=ORIENTED_EDGE('',*,*,#5659,.F.);
#5675=ORIENTED_EDGE('',*,*,#5513,.T.);
#5676=EDGE_LOOP('',(#5672,#5673,#5674,#5675));
#5677=FACE_OUTER_BOUND('',#5676,.F.);
#5678=ADVANCED_FACE('',(#5677),#5670,.T.);
#5679=CARTESIAN_POINT('',(3.81E0,-5.313E0,7.525E0));
#5680=DIRECTION('',(0.E0,-9.284766908853E-1,3.713906763541E-1));
#5681=DIRECTION('',(-1.E0,0.E0,0.E0));
#5682=AXIS2_PLACEMENT_3D('',#5679,#5680,#5681);
#5683=PLANE('',#5682);
#5684=ORIENTED_EDGE('',*,*,#5671,.F.);
#5685=ORIENTED_EDGE('',*,*,#5545,.T.);
#5686=ORIENTED_EDGE('',*,*,#5560,.T.);
#5687=ORIENTED_EDGE('',*,*,#5575,.T.);
#5688=EDGE_LOOP('',(#5684,#5685,#5686,#5687));
#5689=FACE_OUTER_BOUND('',#5688,.F.);
#5690=ADVANCED_FACE('',(#5689),#5683,.T.);
#5691=CARTESIAN_POINT('',(4.035E0,4.27E0,1.27E0));
#5692=DIRECTION('',(9.284766908853E-1,3.713906763541E-1,0.E0));
#5693=DIRECTION('',(0.E0,0.E0,-1.E0));
#5694=AXIS2_PLACEMENT_3D('',#5691,#5692,#5693);
#5695=PLANE('',#5694);
#5697=ORIENTED_EDGE('',*,*,#5696,.T.);
#5699=ORIENTED_EDGE('',*,*,#5698,.T.);
#5700=ORIENTED_EDGE('',*,*,#5606,.F.);
#5701=ORIENTED_EDGE('',*,*,#5486,.F.);
#5702=EDGE_LOOP('',(#5697,#5699,#5700,#5701));
#5703=FACE_OUTER_BOUND('',#5702,.F.);
#5704=ADVANCED_FACE('',(#5703),#5695,.T.);
#5705=CARTESIAN_POINT('',(3.81E0,4.52E0,1.27E0));
#5706=DIRECTION('',(0.E0,-1.E0,0.E0));
#5707=DIRECTION('',(0.E0,0.E0,-1.E0));
#5708=AXIS2_PLACEMENT_3D('',#5705,#5706,#5707);
#5709=PLANE('',#5708);
#5710=ORIENTED_EDGE('',*,*,#5484,.F.);
#5711=ORIENTED_EDGE('',*,*,#5500,.F.);
#5713=ORIENTED_EDGE('',*,*,#5712,.F.);
#5714=ORIENTED_EDGE('',*,*,#5696,.F.);
#5715=EDGE_LOOP('',(#5710,#5711,#5713,#5714));
#5716=FACE_OUTER_BOUND('',#5715,.F.);
#5717=ADVANCED_FACE('',(#5716),#5709,.F.);
#5718=CARTESIAN_POINT('',(3.81E0,4.27E0,1.045E0));
#5719=DIRECTION('',(0.E0,3.713906763541E-1,-9.284766908853E-1));
#5720=DIRECTION('',(-1.E0,0.E0,0.E0));
#5721=AXIS2_PLACEMENT_3D('',#5718,#5719,#5720);
#5722=PLANE('',#5721);
#5723=ORIENTED_EDGE('',*,*,#5712,.T.);
#5724=ORIENTED_EDGE('',*,*,#5498,.T.);
#5726=ORIENTED_EDGE('',*,*,#5725,.F.);
#5727=ORIENTED_EDGE('',*,*,#5698,.F.);
#5728=EDGE_LOOP('',(#5723,#5724,#5726,#5727));
#5729=FACE_OUTER_BOUND('',#5728,.F.);
#5730=ADVANCED_FACE('',(#5729),#5722,.T.);
#5731=CARTESIAN_POINT('',(3.485E0,4.52E0,9.45E-1));
#5732=DIRECTION('',(0.E0,0.E0,-1.E0));
#5733=DIRECTION('',(1.E0,0.E0,0.E0));
#5734=AXIS2_PLACEMENT_3D('',#5731,#5732,#5733);
#5735=PLANE('',#5734);
#5736=ORIENTED_EDGE('',*,*,#5725,.T.);
#5737=ORIENTED_EDGE('',*,*,#5533,.T.);
#5738=ORIENTED_EDGE('',*,*,#5106,.T.);
#5739=ORIENTED_EDGE('',*,*,#5608,.F.);
#5740=EDGE_LOOP('',(#5736,#5737,#5738,#5739));
#5741=FACE_OUTER_BOUND('',#5740,.F.);
#5742=ADVANCED_FACE('',(#5741),#5735,.T.);
#5743=CARTESIAN_POINT('',(1.595E0,4.52E0,1.595E0));
#5744=DIRECTION('',(0.E0,0.E0,1.E0));
#5745=DIRECTION('',(-1.E0,0.E0,0.E0));
#5746=AXIS2_PLACEMENT_3D('',#5743,#5744,#5745);
#5747=PLANE('',#5746);
#5749=ORIENTED_EDGE('',*,*,#5748,.T.);
#5751=ORIENTED_EDGE('',*,*,#5750,.T.);
#5752=ORIENTED_EDGE('',*,*,#5112,.T.);
#5754=ORIENTED_EDGE('',*,*,#5753,.F.);
#5755=EDGE_LOOP('',(#5749,#5751,#5752,#5754));
#5756=FACE_OUTER_BOUND('',#5755,.F.);
#5757=ADVANCED_FACE('',(#5756),#5747,.T.);
#5758=CARTESIAN_POINT('',(1.27E0,4.27E0,1.495E0));
#5759=DIRECTION('',(0.E0,3.713906763541E-1,9.284766908853E-1));
#5760=DIRECTION('',(-1.E0,0.E0,0.E0));
#5761=AXIS2_PLACEMENT_3D('',#5758,#5759,#5760);
#5762=PLANE('',#5761);
#5763=ORIENTED_EDGE('',*,*,#5748,.F.);
#5765=ORIENTED_EDGE('',*,*,#5764,.F.);
#5767=ORIENTED_EDGE('',*,*,#5766,.T.);
#5769=ORIENTED_EDGE('',*,*,#5768,.T.);
#5770=EDGE_LOOP('',(#5763,#5765,#5767,#5769));
#5771=FACE_OUTER_BOUND('',#5770,.F.);
#5772=ADVANCED_FACE('',(#5771),#5762,.T.);
#5773=CARTESIAN_POINT('',(1.045E0,4.27E0,1.27E0));
#5774=DIRECTION('',(-9.284766908853E-1,3.713906763541E-1,0.E0));
#5775=DIRECTION('',(0.E0,0.E0,-1.E0));
#5776=AXIS2_PLACEMENT_3D('',#5773,#5774,#5775);
#5777=PLANE('',#5776);
#5779=ORIENTED_EDGE('',*,*,#5778,.F.);
#5781=ORIENTED_EDGE('',*,*,#5780,.F.);
#5783=ORIENTED_EDGE('',*,*,#5782,.T.);
#5784=ORIENTED_EDGE('',*,*,#5764,.T.);
#5785=EDGE_LOOP('',(#5779,#5781,#5783,#5784));
#5786=FACE_OUTER_BOUND('',#5785,.F.);
#5787=ADVANCED_FACE('',(#5786),#5777,.T.);
#5788=CARTESIAN_POINT('',(9.45E-1,4.52E0,1.595E0));
#5789=DIRECTION('',(-1.E0,0.E0,0.E0));
#5790=DIRECTION('',(0.E0,0.E0,-1.E0));
#5791=AXIS2_PLACEMENT_3D('',#5788,#5789,#5790);
#5792=PLANE('',#5791);
#5794=ORIENTED_EDGE('',*,*,#5793,.T.);
#5796=ORIENTED_EDGE('',*,*,#5795,.F.);
#5798=ORIENTED_EDGE('',*,*,#5797,.F.);
#5799=ORIENTED_EDGE('',*,*,#4542,.F.);
#5801=ORIENTED_EDGE('',*,*,#5800,.T.);
#5803=ORIENTED_EDGE('',*,*,#5802,.T.);
#5804=EDGE_LOOP('',(#5794,#5796,#5798,#5799,#5801,#5803));
#5805=FACE_OUTER_BOUND('',#5804,.F.);
#5806=ADVANCED_FACE('',(#5805),#5792,.T.);
#5807=CARTESIAN_POINT('',(9.45E-1,4.52E0,1.595E0));
#5808=DIRECTION('',(-1.E0,0.E0,0.E0));
#5809=DIRECTION('',(0.E0,0.E0,-1.E0));
#5810=AXIS2_PLACEMENT_3D('',#5807,#5808,#5809);
#5811=PLANE('',#5810);
#5812=ORIENTED_EDGE('',*,*,#5778,.T.);
#5813=ORIENTED_EDGE('',*,*,#5753,.T.);
#5814=ORIENTED_EDGE('',*,*,#5118,.T.);
#5816=ORIENTED_EDGE('',*,*,#5815,.F.);
#5817=EDGE_LOOP('',(#5812,#5813,#5814,#5816));
#5818=FACE_OUTER_BOUND('',#5817,.F.);
#5819=ADVANCED_FACE('',(#5818),#5811,.T.);
#5820=CARTESIAN_POINT('',(1.045E0,-5.088E0,7.525E0));
#5821=DIRECTION('',(-9.284766908853E-1,0.E0,3.713906763541E-1));
#5822=DIRECTION('',(0.E0,-1.E0,0.E0));
#5823=AXIS2_PLACEMENT_3D('',#5820,#5821,#5822);
#5824=PLANE('',#5823);
#5826=ORIENTED_EDGE('',*,*,#5825,.T.);
#5828=ORIENTED_EDGE('',*,*,#5827,.F.);
#5829=ORIENTED_EDGE('',*,*,#5793,.F.);
#5831=ORIENTED_EDGE('',*,*,#5830,.F.);
#5832=EDGE_LOOP('',(#5826,#5828,#5829,#5831));
#5833=FACE_OUTER_BOUND('',#5832,.F.);
#5834=ADVANCED_FACE('',(#5833),#5824,.T.);
#5835=CARTESIAN_POINT('',(1.27E0,-5.088E0,7.775E0));
#5836=DIRECTION('',(0.E0,0.E0,1.E0));
#5837=DIRECTION('',(0.E0,-1.E0,0.E0));
#5838=AXIS2_PLACEMENT_3D('',#5835,#5836,#5837);
#5839=PLANE('',#5838);
#5841=ORIENTED_EDGE('',*,*,#5840,.F.);
#5843=ORIENTED_EDGE('',*,*,#5842,.F.);
#5844=ORIENTED_EDGE('',*,*,#5825,.F.);
#5846=ORIENTED_EDGE('',*,*,#5845,.F.);
#5847=EDGE_LOOP('',(#5841,#5843,#5844,#5846));
#5848=FACE_OUTER_BOUND('',#5847,.F.);
#5849=ADVANCED_FACE('',(#5848),#5839,.T.);
#5850=CARTESIAN_POINT('',(1.495E0,-5.088E0,7.525E0));
#5851=DIRECTION('',(9.284766908853E-1,0.E0,3.713906763541E-1));
#5852=DIRECTION('',(0.E0,-1.E0,0.E0));
#5853=AXIS2_PLACEMENT_3D('',#5850,#5851,#5852);
#5854=PLANE('',#5853);
#5856=ORIENTED_EDGE('',*,*,#5855,.F.);
#5858=ORIENTED_EDGE('',*,*,#5857,.F.);
#5859=ORIENTED_EDGE('',*,*,#5840,.T.);
#5861=ORIENTED_EDGE('',*,*,#5860,.F.);
#5862=EDGE_LOOP('',(#5856,#5858,#5859,#5861));
#5863=FACE_OUTER_BOUND('',#5862,.F.);
#5864=ADVANCED_FACE('',(#5863),#5854,.T.);
#5865=CARTESIAN_POINT('',(1.595E0,4.52E0,9.45E-1));
#5866=DIRECTION('',(1.E0,0.E0,0.E0));
#5867=DIRECTION('',(0.E0,0.E0,1.E0));
#5868=AXIS2_PLACEMENT_3D('',#5865,#5866,#5867);
#5869=PLANE('',#5868);
#5870=ORIENTED_EDGE('',*,*,#5855,.T.);
#5872=ORIENTED_EDGE('',*,*,#5871,.F.);
#5874=ORIENTED_EDGE('',*,*,#5873,.F.);
#5875=ORIENTED_EDGE('',*,*,#4546,.T.);
#5877=ORIENTED_EDGE('',*,*,#5876,.T.);
#5879=ORIENTED_EDGE('',*,*,#5878,.T.);
#5880=EDGE_LOOP('',(#5870,#5872,#5874,#5875,#5877,#5879));
#5881=FACE_OUTER_BOUND('',#5880,.F.);
#5882=ADVANCED_FACE('',(#5881),#5869,.T.);
#5883=CARTESIAN_POINT('',(1.595E0,4.52E0,9.45E-1));
#5884=DIRECTION('',(1.E0,0.E0,0.E0));
#5885=DIRECTION('',(0.E0,0.E0,1.E0));
#5886=AXIS2_PLACEMENT_3D('',#5883,#5884,#5885);
#5887=PLANE('',#5886);
#5889=ORIENTED_EDGE('',*,*,#5888,.T.);
#5891=ORIENTED_EDGE('',*,*,#5890,.T.);
#5892=ORIENTED_EDGE('',*,*,#5114,.F.);
#5893=ORIENTED_EDGE('',*,*,#5750,.F.);
#5894=EDGE_LOOP('',(#5889,#5891,#5892,#5893));
#5895=FACE_OUTER_BOUND('',#5894,.F.);
#5896=ADVANCED_FACE('',(#5895),#5887,.T.);
#5897=CARTESIAN_POINT('',(1.595E0,-4.763E0,1.778E0));
#5898=DIRECTION('',(0.E0,1.E0,0.E0));
#5899=DIRECTION('',(-1.E0,0.E0,0.E0));
#5900=AXIS2_PLACEMENT_3D('',#5897,#5898,#5899);
#5901=PLANE('',#5900);
#5903=ORIENTED_EDGE('',*,*,#5902,.T.);
#5904=ORIENTED_EDGE('',*,*,#5802,.F.);
#5906=ORIENTED_EDGE('',*,*,#5905,.F.);
#5907=ORIENTED_EDGE('',*,*,#5871,.T.);
#5908=EDGE_LOOP('',(#5903,#5904,#5906,#5907));
#5909=FACE_OUTER_BOUND('',#5908,.F.);
#5910=ADVANCED_FACE('',(#5909),#5901,.T.);
#5911=CARTESIAN_POINT('',(1.27E0,-4.863E0,7.525E0));
#5912=DIRECTION('',(0.E0,9.284766908853E-1,3.713906763541E-1));
#5913=DIRECTION('',(-1.E0,0.E0,0.E0));
#5914=AXIS2_PLACEMENT_3D('',#5911,#5912,#5913);
#5915=PLANE('',#5914);
#5916=ORIENTED_EDGE('',*,*,#5902,.F.);
#5917=ORIENTED_EDGE('',*,*,#5860,.T.);
#5918=ORIENTED_EDGE('',*,*,#5845,.T.);
#5919=ORIENTED_EDGE('',*,*,#5830,.T.);
#5920=EDGE_LOOP('',(#5916,#5917,#5918,#5919));
#5921=FACE_OUTER_BOUND('',#5920,.F.);
#5922=ADVANCED_FACE('',(#5921),#5915,.T.);
#5923=CARTESIAN_POINT('',(2.27E0,-4.58E0,1.778E0));
#5924=DIRECTION('',(-1.E0,0.E0,0.E0));
#5925=DIRECTION('',(0.E0,0.E0,1.E0));
#5926=AXIS2_PLACEMENT_3D('',#5923,#5924,#5925);
#5927=CYLINDRICAL_SURFACE('',#5926,1.83E-1);
#5928=ORIENTED_EDGE('',*,*,#4548,.F.);
#5929=ORIENTED_EDGE('',*,*,#5873,.T.);
#5930=ORIENTED_EDGE('',*,*,#5905,.T.);
#5931=ORIENTED_EDGE('',*,*,#5800,.F.);
#5932=EDGE_LOOP('',(#5928,#5929,#5930,#5931));
#5933=FACE_OUTER_BOUND('',#5932,.F.);
#5934=ADVANCED_FACE('',(#5933),#5927,.F.);
#5935=CARTESIAN_POINT('',(2.27E0,-4.58E0,1.778E0));
#5936=DIRECTION('',(-1.E0,0.E0,0.E0));
#5937=DIRECTION('',(0.E0,0.E0,1.E0));
#5938=AXIS2_PLACEMENT_3D('',#5935,#5936,#5937);
#5939=CYLINDRICAL_SURFACE('',#5938,8.33E-1);
#5940=ORIENTED_EDGE('',*,*,#5797,.T.);
#5942=ORIENTED_EDGE('',*,*,#5941,.T.);
#5943=ORIENTED_EDGE('',*,*,#5876,.F.);
#5944=ORIENTED_EDGE('',*,*,#4544,.T.);
#5945=EDGE_LOOP('',(#5940,#5942,#5943,#5944));
#5946=FACE_OUTER_BOUND('',#5945,.F.);
#5947=ADVANCED_FACE('',(#5946),#5939,.T.);
#5948=CARTESIAN_POINT('',(9.45E-1,-5.413E0,1.778E0));
#5949=DIRECTION('',(0.E0,-1.E0,0.E0));
#5950=DIRECTION('',(1.E0,0.E0,0.E0));
#5951=AXIS2_PLACEMENT_3D('',#5948,#5949,#5950);
#5952=PLANE('',#5951);
#5954=ORIENTED_EDGE('',*,*,#5953,.T.);
#5955=ORIENTED_EDGE('',*,*,#5878,.F.);
#5956=ORIENTED_EDGE('',*,*,#5941,.F.);
#5957=ORIENTED_EDGE('',*,*,#5795,.T.);
#5958=EDGE_LOOP('',(#5954,#5955,#5956,#5957));
#5959=FACE_OUTER_BOUND('',#5958,.F.);
#5960=ADVANCED_FACE('',(#5959),#5952,.T.);
#5961=CARTESIAN_POINT('',(1.27E0,-5.313E0,7.525E0));
#5962=DIRECTION('',(0.E0,-9.284766908853E-1,3.713906763541E-1));
#5963=DIRECTION('',(-1.E0,0.E0,0.E0));
#5964=AXIS2_PLACEMENT_3D('',#5961,#5962,#5963);
#5965=PLANE('',#5964);
#5966=ORIENTED_EDGE('',*,*,#5953,.F.);
#5967=ORIENTED_EDGE('',*,*,#5827,.T.);
#5968=ORIENTED_EDGE('',*,*,#5842,.T.);
#5969=ORIENTED_EDGE('',*,*,#5857,.T.);
#5970=EDGE_LOOP('',(#5966,#5967,#5968,#5969));
#5971=FACE_OUTER_BOUND('',#5970,.F.);
#5972=ADVANCED_FACE('',(#5971),#5965,.T.);
#5973=CARTESIAN_POINT('',(1.495E0,4.27E0,1.27E0));
#5974=DIRECTION('',(9.284766908853E-1,3.713906763541E-1,0.E0));
#5975=DIRECTION('',(0.E0,0.E0,-1.E0));
#5976=AXIS2_PLACEMENT_3D('',#5973,#5974,#5975);
#5977=PLANE('',#5976);
#5979=ORIENTED_EDGE('',*,*,#5978,.T.);
#5981=ORIENTED_EDGE('',*,*,#5980,.T.);
#5982=ORIENTED_EDGE('',*,*,#5888,.F.);
#5983=ORIENTED_EDGE('',*,*,#5768,.F.);
#5984=EDGE_LOOP('',(#5979,#5981,#5982,#5983));
#5985=FACE_OUTER_BOUND('',#5984,.F.);
#5986=ADVANCED_FACE('',(#5985),#5977,.T.);
#5987=CARTESIAN_POINT('',(1.27E0,4.52E0,1.27E0));
#5988=DIRECTION('',(0.E0,-1.E0,0.E0));
#5989=DIRECTION('',(0.E0,0.E0,-1.E0));
#5990=AXIS2_PLACEMENT_3D('',#5987,#5988,#5989);
#5991=PLANE('',#5990);
#5992=ORIENTED_EDGE('',*,*,#5766,.F.);
#5993=ORIENTED_EDGE('',*,*,#5782,.F.);
#5995=ORIENTED_EDGE('',*,*,#5994,.F.);
#5996=ORIENTED_EDGE('',*,*,#5978,.F.);
#5997=EDGE_LOOP('',(#5992,#5993,#5995,#5996));
#5998=FACE_OUTER_BOUND('',#5997,.F.);
#5999=ADVANCED_FACE('',(#5998),#5991,.F.);
#6000=CARTESIAN_POINT('',(1.27E0,4.27E0,1.045E0));
#6001=DIRECTION('',(0.E0,3.713906763541E-1,-9.284766908853E-1));
#6002=DIRECTION('',(-1.E0,0.E0,0.E0));
#6003=AXIS2_PLACEMENT_3D('',#6000,#6001,#6002);
#6004=PLANE('',#6003);
#6005=ORIENTED_EDGE('',*,*,#5994,.T.);
#6006=ORIENTED_EDGE('',*,*,#5780,.T.);
#6008=ORIENTED_EDGE('',*,*,#6007,.F.);
#6009=ORIENTED_EDGE('',*,*,#5980,.F.);
#6010=EDGE_LOOP('',(#6005,#6006,#6008,#6009));
#6011=FACE_OUTER_BOUND('',#6010,.F.);
#6012=ADVANCED_FACE('',(#6011),#6004,.T.);
#6013=CARTESIAN_POINT('',(9.45E-1,4.52E0,9.45E-1));
#6014=DIRECTION('',(0.E0,0.E0,-1.E0));
#6015=DIRECTION('',(1.E0,0.E0,0.E0));
#6016=AXIS2_PLACEMENT_3D('',#6013,#6014,#6015);
#6017=PLANE('',#6016);
#6018=ORIENTED_EDGE('',*,*,#6007,.T.);
#6019=ORIENTED_EDGE('',*,*,#5815,.T.);
#6020=ORIENTED_EDGE('',*,*,#5116,.T.);
#6021=ORIENTED_EDGE('',*,*,#5890,.F.);
#6022=EDGE_LOOP('',(#6018,#6019,#6020,#6021));
#6023=FACE_OUTER_BOUND('',#6022,.F.);
#6024=ADVANCED_FACE('',(#6023),#6017,.T.);
#6025=CARTESIAN_POINT('',(-9.45E-1,4.52E0,1.595E0));
#6026=DIRECTION('',(0.E0,0.E0,1.E0));
#6027=DIRECTION('',(-1.E0,0.E0,0.E0));
#6028=AXIS2_PLACEMENT_3D('',#6025,#6026,#6027);
#6029=PLANE('',#6028);
#6031=ORIENTED_EDGE('',*,*,#6030,.T.);
#6033=ORIENTED_EDGE('',*,*,#6032,.T.);
#6034=ORIENTED_EDGE('',*,*,#5122,.T.);
#6036=ORIENTED_EDGE('',*,*,#6035,.F.);
#6037=EDGE_LOOP('',(#6031,#6033,#6034,#6036));
#6038=FACE_OUTER_BOUND('',#6037,.F.);
#6039=ADVANCED_FACE('',(#6038),#6029,.T.);
#6040=CARTESIAN_POINT('',(-1.27E0,4.27E0,1.495E0));
#6041=DIRECTION('',(0.E0,3.713906763541E-1,9.284766908853E-1));
#6042=DIRECTION('',(-1.E0,0.E0,0.E0));
#6043=AXIS2_PLACEMENT_3D('',#6040,#6041,#6042);
#6044=PLANE('',#6043);
#6045=ORIENTED_EDGE('',*,*,#6030,.F.);
#6047=ORIENTED_EDGE('',*,*,#6046,.F.);
#6049=ORIENTED_EDGE('',*,*,#6048,.T.);
#6051=ORIENTED_EDGE('',*,*,#6050,.T.);
#6052=EDGE_LOOP('',(#6045,#6047,#6049,#6051));
#6053=FACE_OUTER_BOUND('',#6052,.F.);
#6054=ADVANCED_FACE('',(#6053),#6044,.T.);
#6055=CARTESIAN_POINT('',(-1.495E0,4.27E0,1.27E0));
#6056=DIRECTION('',(-9.284766908853E-1,3.713906763541E-1,0.E0));
#6057=DIRECTION('',(0.E0,0.E0,-1.E0));
#6058=AXIS2_PLACEMENT_3D('',#6055,#6056,#6057);
#6059=PLANE('',#6058);
#6061=ORIENTED_EDGE('',*,*,#6060,.F.);
#6063=ORIENTED_EDGE('',*,*,#6062,.F.);
#6065=ORIENTED_EDGE('',*,*,#6064,.T.);
#6066=ORIENTED_EDGE('',*,*,#6046,.T.);
#6067=EDGE_LOOP('',(#6061,#6063,#6065,#6066));
#6068=FACE_OUTER_BOUND('',#6067,.F.);
#6069=ADVANCED_FACE('',(#6068),#6059,.T.);
#6070=CARTESIAN_POINT('',(-1.595E0,4.52E0,1.595E0));
#6071=DIRECTION('',(-1.E0,0.E0,0.E0));
#6072=DIRECTION('',(0.E0,0.E0,-1.E0));
#6073=AXIS2_PLACEMENT_3D('',#6070,#6071,#6072);
#6074=PLANE('',#6073);
#6076=ORIENTED_EDGE('',*,*,#6075,.T.);
#6078=ORIENTED_EDGE('',*,*,#6077,.F.);
#6080=ORIENTED_EDGE('',*,*,#6079,.F.);
#6081=ORIENTED_EDGE('',*,*,#4552,.F.);
#6083=ORIENTED_EDGE('',*,*,#6082,.T.);
#6085=ORIENTED_EDGE('',*,*,#6084,.T.);
#6086=EDGE_LOOP('',(#6076,#6078,#6080,#6081,#6083,#6085));
#6087=FACE_OUTER_BOUND('',#6086,.F.);
#6088=ADVANCED_FACE('',(#6087),#6074,.T.);
#6089=CARTESIAN_POINT('',(-1.595E0,4.52E0,1.595E0));
#6090=DIRECTION('',(-1.E0,0.E0,0.E0));
#6091=DIRECTION('',(0.E0,0.E0,-1.E0));
#6092=AXIS2_PLACEMENT_3D('',#6089,#6090,#6091);
#6093=PLANE('',#6092);
#6094=ORIENTED_EDGE('',*,*,#6060,.T.);
#6095=ORIENTED_EDGE('',*,*,#6035,.T.);
#6096=ORIENTED_EDGE('',*,*,#5128,.T.);
#6098=ORIENTED_EDGE('',*,*,#6097,.F.);
#6099=EDGE_LOOP('',(#6094,#6095,#6096,#6098));
#6100=FACE_OUTER_BOUND('',#6099,.F.);
#6101=ADVANCED_FACE('',(#6100),#6093,.T.);
#6102=CARTESIAN_POINT('',(-1.495E0,-5.088E0,7.525E0));
#6103=DIRECTION('',(-9.284766908853E-1,0.E0,3.713906763541E-1));
#6104=DIRECTION('',(0.E0,-1.E0,0.E0));
#6105=AXIS2_PLACEMENT_3D('',#6102,#6103,#6104);
#6106=PLANE('',#6105);
#6108=ORIENTED_EDGE('',*,*,#6107,.T.);
#6110=ORIENTED_EDGE('',*,*,#6109,.F.);
#6111=ORIENTED_EDGE('',*,*,#6075,.F.);
#6113=ORIENTED_EDGE('',*,*,#6112,.F.);
#6114=EDGE_LOOP('',(#6108,#6110,#6111,#6113));
#6115=FACE_OUTER_BOUND('',#6114,.F.);
#6116=ADVANCED_FACE('',(#6115),#6106,.T.);
#6117=CARTESIAN_POINT('',(-1.27E0,-5.088E0,7.775E0));
#6118=DIRECTION('',(0.E0,0.E0,1.E0));
#6119=DIRECTION('',(0.E0,-1.E0,0.E0));
#6120=AXIS2_PLACEMENT_3D('',#6117,#6118,#6119);
#6121=PLANE('',#6120);
#6123=ORIENTED_EDGE('',*,*,#6122,.F.);
#6125=ORIENTED_EDGE('',*,*,#6124,.F.);
#6126=ORIENTED_EDGE('',*,*,#6107,.F.);
#6128=ORIENTED_EDGE('',*,*,#6127,.F.);
#6129=EDGE_LOOP('',(#6123,#6125,#6126,#6128));
#6130=FACE_OUTER_BOUND('',#6129,.F.);
#6131=ADVANCED_FACE('',(#6130),#6121,.T.);
#6132=CARTESIAN_POINT('',(-1.045E0,-5.088E0,7.525E0));
#6133=DIRECTION('',(9.284766908853E-1,0.E0,3.713906763541E-1));
#6134=DIRECTION('',(0.E0,-1.E0,0.E0));
#6135=AXIS2_PLACEMENT_3D('',#6132,#6133,#6134);
#6136=PLANE('',#6135);
#6138=ORIENTED_EDGE('',*,*,#6137,.F.);
#6140=ORIENTED_EDGE('',*,*,#6139,.F.);
#6141=ORIENTED_EDGE('',*,*,#6122,.T.);
#6143=ORIENTED_EDGE('',*,*,#6142,.F.);
#6144=EDGE_LOOP('',(#6138,#6140,#6141,#6143));
#6145=FACE_OUTER_BOUND('',#6144,.F.);
#6146=ADVANCED_FACE('',(#6145),#6136,.T.);
#6147=CARTESIAN_POINT('',(-9.45E-1,4.52E0,9.45E-1));
#6148=DIRECTION('',(1.E0,0.E0,0.E0));
#6149=DIRECTION('',(0.E0,0.E0,1.E0));
#6150=AXIS2_PLACEMENT_3D('',#6147,#6148,#6149);
#6151=PLANE('',#6150);
#6152=ORIENTED_EDGE('',*,*,#6137,.T.);
#6154=ORIENTED_EDGE('',*,*,#6153,.F.);
#6156=ORIENTED_EDGE('',*,*,#6155,.F.);
#6157=ORIENTED_EDGE('',*,*,#4556,.T.);
#6159=ORIENTED_EDGE('',*,*,#6158,.T.);
#6161=ORIENTED_EDGE('',*,*,#6160,.T.);
#6162=EDGE_LOOP('',(#6152,#6154,#6156,#6157,#6159,#6161));
#6163=FACE_OUTER_BOUND('',#6162,.F.);
#6164=ADVANCED_FACE('',(#6163),#6151,.T.);
#6165=CARTESIAN_POINT('',(-9.45E-1,4.52E0,9.45E-1));
#6166=DIRECTION('',(1.E0,0.E0,0.E0));
#6167=DIRECTION('',(0.E0,0.E0,1.E0));
#6168=AXIS2_PLACEMENT_3D('',#6165,#6166,#6167);
#6169=PLANE('',#6168);
#6171=ORIENTED_EDGE('',*,*,#6170,.T.);
#6173=ORIENTED_EDGE('',*,*,#6172,.T.);
#6174=ORIENTED_EDGE('',*,*,#5124,.F.);
#6175=ORIENTED_EDGE('',*,*,#6032,.F.);
#6176=EDGE_LOOP('',(#6171,#6173,#6174,#6175));
#6177=FACE_OUTER_BOUND('',#6176,.F.);
#6178=ADVANCED_FACE('',(#6177),#6169,.T.);
#6179=CARTESIAN_POINT('',(-9.45E-1,-4.763E0,1.778E0));
#6180=DIRECTION('',(0.E0,1.E0,0.E0));
#6181=DIRECTION('',(-1.E0,0.E0,0.E0));
#6182=AXIS2_PLACEMENT_3D('',#6179,#6180,#6181);
#6183=PLANE('',#6182);
#6185=ORIENTED_EDGE('',*,*,#6184,.T.);
#6186=ORIENTED_EDGE('',*,*,#6084,.F.);
#6188=ORIENTED_EDGE('',*,*,#6187,.F.);
#6189=ORIENTED_EDGE('',*,*,#6153,.T.);
#6190=EDGE_LOOP('',(#6185,#6186,#6188,#6189));
#6191=FACE_OUTER_BOUND('',#6190,.F.);
#6192=ADVANCED_FACE('',(#6191),#6183,.T.);
#6193=CARTESIAN_POINT('',(-1.27E0,-4.863E0,7.525E0));
#6194=DIRECTION('',(0.E0,9.284766908853E-1,3.713906763541E-1));
#6195=DIRECTION('',(-1.E0,0.E0,0.E0));
#6196=AXIS2_PLACEMENT_3D('',#6193,#6194,#6195);
#6197=PLANE('',#6196);
#6198=ORIENTED_EDGE('',*,*,#6184,.F.);
#6199=ORIENTED_EDGE('',*,*,#6142,.T.);
#6200=ORIENTED_EDGE('',*,*,#6127,.T.);
#6201=ORIENTED_EDGE('',*,*,#6112,.T.);
#6202=EDGE_LOOP('',(#6198,#6199,#6200,#6201));
#6203=FACE_OUTER_BOUND('',#6202,.F.);
#6204=ADVANCED_FACE('',(#6203),#6197,.T.);
#6205=CARTESIAN_POINT('',(-2.7E-1,-4.58E0,1.778E0));
#6206=DIRECTION('',(-1.E0,0.E0,0.E0));
#6207=DIRECTION('',(0.E0,0.E0,1.E0));
#6208=AXIS2_PLACEMENT_3D('',#6205,#6206,#6207);
#6209=CYLINDRICAL_SURFACE('',#6208,1.83E-1);
#6210=ORIENTED_EDGE('',*,*,#4558,.F.);
#6211=ORIENTED_EDGE('',*,*,#6155,.T.);
#6212=ORIENTED_EDGE('',*,*,#6187,.T.);
#6213=ORIENTED_EDGE('',*,*,#6082,.F.);
#6214=EDGE_LOOP('',(#6210,#6211,#6212,#6213));
#6215=FACE_OUTER_BOUND('',#6214,.F.);
#6216=ADVANCED_FACE('',(#6215),#6209,.F.);
#6217=CARTESIAN_POINT('',(-2.7E-1,-4.58E0,1.778E0));
#6218=DIRECTION('',(-1.E0,0.E0,0.E0));
#6219=DIRECTION('',(0.E0,0.E0,1.E0));
#6220=AXIS2_PLACEMENT_3D('',#6217,#6218,#6219);
#6221=CYLINDRICAL_SURFACE('',#6220,8.33E-1);
#6222=ORIENTED_EDGE('',*,*,#6079,.T.);
#6224=ORIENTED_EDGE('',*,*,#6223,.T.);
#6225=ORIENTED_EDGE('',*,*,#6158,.F.);
#6226=ORIENTED_EDGE('',*,*,#4554,.T.);
#6227=EDGE_LOOP('',(#6222,#6224,#6225,#6226));
#6228=FACE_OUTER_BOUND('',#6227,.F.);
#6229=ADVANCED_FACE('',(#6228),#6221,.T.);
#6230=CARTESIAN_POINT('',(-1.595E0,-5.413E0,1.778E0));
#6231=DIRECTION('',(0.E0,-1.E0,0.E0));
#6232=DIRECTION('',(1.E0,0.E0,0.E0));
#6233=AXIS2_PLACEMENT_3D('',#6230,#6231,#6232);
#6234=PLANE('',#6233);
#6236=ORIENTED_EDGE('',*,*,#6235,.T.);
#6237=ORIENTED_EDGE('',*,*,#6160,.F.);
#6238=ORIENTED_EDGE('',*,*,#6223,.F.);
#6239=ORIENTED_EDGE('',*,*,#6077,.T.);
#6240=EDGE_LOOP('',(#6236,#6237,#6238,#6239));
#6241=FACE_OUTER_BOUND('',#6240,.F.);
#6242=ADVANCED_FACE('',(#6241),#6234,.T.);
#6243=CARTESIAN_POINT('',(-1.27E0,-5.313E0,7.525E0));
#6244=DIRECTION('',(0.E0,-9.284766908853E-1,3.713906763541E-1));
#6245=DIRECTION('',(-1.E0,0.E0,0.E0));
#6246=AXIS2_PLACEMENT_3D('',#6243,#6244,#6245);
#6247=PLANE('',#6246);
#6248=ORIENTED_EDGE('',*,*,#6235,.F.);
#6249=ORIENTED_EDGE('',*,*,#6109,.T.);
#6250=ORIENTED_EDGE('',*,*,#6124,.T.);
#6251=ORIENTED_EDGE('',*,*,#6139,.T.);
#6252=EDGE_LOOP('',(#6248,#6249,#6250,#6251));
#6253=FACE_OUTER_BOUND('',#6252,.F.);
#6254=ADVANCED_FACE('',(#6253),#6247,.T.);
#6255=CARTESIAN_POINT('',(-1.045E0,4.27E0,1.27E0));
#6256=DIRECTION('',(9.284766908853E-1,3.713906763541E-1,0.E0));
#6257=DIRECTION('',(0.E0,0.E0,-1.E0));
#6258=AXIS2_PLACEMENT_3D('',#6255,#6256,#6257);
#6259=PLANE('',#6258);
#6261=ORIENTED_EDGE('',*,*,#6260,.T.);
#6263=ORIENTED_EDGE('',*,*,#6262,.T.);
#6264=ORIENTED_EDGE('',*,*,#6170,.F.);
#6265=ORIENTED_EDGE('',*,*,#6050,.F.);
#6266=EDGE_LOOP('',(#6261,#6263,#6264,#6265));
#6267=FACE_OUTER_BOUND('',#6266,.F.);
#6268=ADVANCED_FACE('',(#6267),#6259,.T.);
#6269=CARTESIAN_POINT('',(-1.27E0,4.52E0,1.27E0));
#6270=DIRECTION('',(0.E0,-1.E0,0.E0));
#6271=DIRECTION('',(0.E0,0.E0,-1.E0));
#6272=AXIS2_PLACEMENT_3D('',#6269,#6270,#6271);
#6273=PLANE('',#6272);
#6274=ORIENTED_EDGE('',*,*,#6048,.F.);
#6275=ORIENTED_EDGE('',*,*,#6064,.F.);
#6277=ORIENTED_EDGE('',*,*,#6276,.F.);
#6278=ORIENTED_EDGE('',*,*,#6260,.F.);
#6279=EDGE_LOOP('',(#6274,#6275,#6277,#6278));
#6280=FACE_OUTER_BOUND('',#6279,.F.);
#6281=ADVANCED_FACE('',(#6280),#6273,.F.);
#6282=CARTESIAN_POINT('',(-1.27E0,4.27E0,1.045E0));
#6283=DIRECTION('',(0.E0,3.713906763541E-1,-9.284766908853E-1));
#6284=DIRECTION('',(-1.E0,0.E0,0.E0));
#6285=AXIS2_PLACEMENT_3D('',#6282,#6283,#6284);
#6286=PLANE('',#6285);
#6287=ORIENTED_EDGE('',*,*,#6276,.T.);
#6288=ORIENTED_EDGE('',*,*,#6062,.T.);
#6290=ORIENTED_EDGE('',*,*,#6289,.F.);
#6291=ORIENTED_EDGE('',*,*,#6262,.F.);
#6292=EDGE_LOOP('',(#6287,#6288,#6290,#6291));
#6293=FACE_OUTER_BOUND('',#6292,.F.);
#6294=ADVANCED_FACE('',(#6293),#6286,.T.);
#6295=CARTESIAN_POINT('',(-1.595E0,4.52E0,9.45E-1));
#6296=DIRECTION('',(0.E0,0.E0,-1.E0));
#6297=DIRECTION('',(1.E0,0.E0,0.E0));
#6298=AXIS2_PLACEMENT_3D('',#6295,#6296,#6297);
#6299=PLANE('',#6298);
#6300=ORIENTED_EDGE('',*,*,#6289,.T.);
#6301=ORIENTED_EDGE('',*,*,#6097,.T.);
#6302=ORIENTED_EDGE('',*,*,#5126,.T.);
#6303=ORIENTED_EDGE('',*,*,#6172,.F.);
#6304=EDGE_LOOP('',(#6300,#6301,#6302,#6303));
#6305=FACE_OUTER_BOUND('',#6304,.F.);
#6306=ADVANCED_FACE('',(#6305),#6299,.T.);
#6307=CARTESIAN_POINT('',(-3.485E0,4.52E0,1.595E0));
#6308=DIRECTION('',(0.E0,0.E0,1.E0));
#6309=DIRECTION('',(-1.E0,0.E0,0.E0));
#6310=AXIS2_PLACEMENT_3D('',#6307,#6308,#6309);
#6311=PLANE('',#6310);
#6313=ORIENTED_EDGE('',*,*,#6312,.T.);
#6315=ORIENTED_EDGE('',*,*,#6314,.T.);
#6316=ORIENTED_EDGE('',*,*,#5132,.T.);
#6318=ORIENTED_EDGE('',*,*,#6317,.F.);
#6319=EDGE_LOOP('',(#6313,#6315,#6316,#6318));
#6320=FACE_OUTER_BOUND('',#6319,.F.);
#6321=ADVANCED_FACE('',(#6320),#6311,.T.);
#6322=CARTESIAN_POINT('',(-3.81E0,4.27E0,1.495E0));
#6323=DIRECTION('',(0.E0,3.713906763541E-1,9.284766908853E-1));
#6324=DIRECTION('',(-1.E0,0.E0,0.E0));
#6325=AXIS2_PLACEMENT_3D('',#6322,#6323,#6324);
#6326=PLANE('',#6325);
#6327=ORIENTED_EDGE('',*,*,#6312,.F.);
#6329=ORIENTED_EDGE('',*,*,#6328,.F.);
#6331=ORIENTED_EDGE('',*,*,#6330,.T.);
#6333=ORIENTED_EDGE('',*,*,#6332,.T.);
#6334=EDGE_LOOP('',(#6327,#6329,#6331,#6333));
#6335=FACE_OUTER_BOUND('',#6334,.F.);
#6336=ADVANCED_FACE('',(#6335),#6326,.T.);
#6337=CARTESIAN_POINT('',(-4.035E0,4.27E0,1.27E0));
#6338=DIRECTION('',(-9.284766908853E-1,3.713906763541E-1,0.E0));
#6339=DIRECTION('',(0.E0,0.E0,-1.E0));
#6340=AXIS2_PLACEMENT_3D('',#6337,#6338,#6339);
#6341=PLANE('',#6340);
#6343=ORIENTED_EDGE('',*,*,#6342,.F.);
#6345=ORIENTED_EDGE('',*,*,#6344,.F.);
#6347=ORIENTED_EDGE('',*,*,#6346,.T.);
#6348=ORIENTED_EDGE('',*,*,#6328,.T.);
#6349=EDGE_LOOP('',(#6343,#6345,#6347,#6348));
#6350=FACE_OUTER_BOUND('',#6349,.F.);
#6351=ADVANCED_FACE('',(#6350),#6341,.T.);
#6352=CARTESIAN_POINT('',(-4.135E0,4.52E0,1.595E0));
#6353=DIRECTION('',(-1.E0,0.E0,0.E0));
#6354=DIRECTION('',(0.E0,0.E0,-1.E0));
#6355=AXIS2_PLACEMENT_3D('',#6352,#6353,#6354);
#6356=PLANE('',#6355);
#6358=ORIENTED_EDGE('',*,*,#6357,.T.);
#6360=ORIENTED_EDGE('',*,*,#6359,.F.);
#6362=ORIENTED_EDGE('',*,*,#6361,.F.);
#6363=ORIENTED_EDGE('',*,*,#4562,.F.);
#6365=ORIENTED_EDGE('',*,*,#6364,.T.);
#6367=ORIENTED_EDGE('',*,*,#6366,.T.);
#6368=EDGE_LOOP('',(#6358,#6360,#6362,#6363,#6365,#6367));
#6369=FACE_OUTER_BOUND('',#6368,.F.);
#6370=ADVANCED_FACE('',(#6369),#6356,.T.);
#6371=CARTESIAN_POINT('',(-4.135E0,4.52E0,1.595E0));
#6372=DIRECTION('',(-1.E0,0.E0,0.E0));
#6373=DIRECTION('',(0.E0,0.E0,-1.E0));
#6374=AXIS2_PLACEMENT_3D('',#6371,#6372,#6373);
#6375=PLANE('',#6374);
#6376=ORIENTED_EDGE('',*,*,#6342,.T.);
#6377=ORIENTED_EDGE('',*,*,#6317,.T.);
#6378=ORIENTED_EDGE('',*,*,#5138,.T.);
#6380=ORIENTED_EDGE('',*,*,#6379,.F.);
#6381=EDGE_LOOP('',(#6376,#6377,#6378,#6380));
#6382=FACE_OUTER_BOUND('',#6381,.F.);
#6383=ADVANCED_FACE('',(#6382),#6375,.T.);
#6384=CARTESIAN_POINT('',(-4.035E0,-5.088E0,7.525E0));
#6385=DIRECTION('',(-9.284766908853E-1,0.E0,3.713906763541E-1));
#6386=DIRECTION('',(0.E0,-1.E0,0.E0));
#6387=AXIS2_PLACEMENT_3D('',#6384,#6385,#6386);
#6388=PLANE('',#6387);
#6390=ORIENTED_EDGE('',*,*,#6389,.T.);
#6392=ORIENTED_EDGE('',*,*,#6391,.F.);
#6393=ORIENTED_EDGE('',*,*,#6357,.F.);
#6395=ORIENTED_EDGE('',*,*,#6394,.F.);
#6396=EDGE_LOOP('',(#6390,#6392,#6393,#6395));
#6397=FACE_OUTER_BOUND('',#6396,.F.);
#6398=ADVANCED_FACE('',(#6397),#6388,.T.);
#6399=CARTESIAN_POINT('',(-3.81E0,-5.088E0,7.775E0));
#6400=DIRECTION('',(0.E0,0.E0,1.E0));
#6401=DIRECTION('',(0.E0,-1.E0,0.E0));
#6402=AXIS2_PLACEMENT_3D('',#6399,#6400,#6401);
#6403=PLANE('',#6402);
#6405=ORIENTED_EDGE('',*,*,#6404,.F.);
#6407=ORIENTED_EDGE('',*,*,#6406,.F.);
#6408=ORIENTED_EDGE('',*,*,#6389,.F.);
#6410=ORIENTED_EDGE('',*,*,#6409,.F.);
#6411=EDGE_LOOP('',(#6405,#6407,#6408,#6410));
#6412=FACE_OUTER_BOUND('',#6411,.F.);
#6413=ADVANCED_FACE('',(#6412),#6403,.T.);
#6414=CARTESIAN_POINT('',(-3.585E0,-5.088E0,7.525E0));
#6415=DIRECTION('',(9.284766908853E-1,0.E0,3.713906763541E-1));
#6416=DIRECTION('',(0.E0,-1.E0,0.E0));
#6417=AXIS2_PLACEMENT_3D('',#6414,#6415,#6416);
#6418=PLANE('',#6417);
#6420=ORIENTED_EDGE('',*,*,#6419,.F.);
#6422=ORIENTED_EDGE('',*,*,#6421,.F.);
#6423=ORIENTED_EDGE('',*,*,#6404,.T.);
#6425=ORIENTED_EDGE('',*,*,#6424,.F.);
#6426=EDGE_LOOP('',(#6420,#6422,#6423,#6425));
#6427=FACE_OUTER_BOUND('',#6426,.F.);
#6428=ADVANCED_FACE('',(#6427),#6418,.T.);
#6429=CARTESIAN_POINT('',(-3.485E0,4.52E0,9.45E-1));
#6430=DIRECTION('',(1.E0,0.E0,0.E0));
#6431=DIRECTION('',(0.E0,0.E0,1.E0));
#6432=AXIS2_PLACEMENT_3D('',#6429,#6430,#6431);
#6433=PLANE('',#6432);
#6434=ORIENTED_EDGE('',*,*,#6419,.T.);
#6436=ORIENTED_EDGE('',*,*,#6435,.F.);
#6438=ORIENTED_EDGE('',*,*,#6437,.F.);
#6439=ORIENTED_EDGE('',*,*,#4566,.T.);
#6441=ORIENTED_EDGE('',*,*,#6440,.T.);
#6443=ORIENTED_EDGE('',*,*,#6442,.T.);
#6444=EDGE_LOOP('',(#6434,#6436,#6438,#6439,#6441,#6443));
#6445=FACE_OUTER_BOUND('',#6444,.F.);
#6446=ADVANCED_FACE('',(#6445),#6433,.T.);
#6447=CARTESIAN_POINT('',(-3.485E0,4.52E0,9.45E-1));
#6448=DIRECTION('',(1.E0,0.E0,0.E0));
#6449=DIRECTION('',(0.E0,0.E0,1.E0));
#6450=AXIS2_PLACEMENT_3D('',#6447,#6448,#6449);
#6451=PLANE('',#6450);
#6453=ORIENTED_EDGE('',*,*,#6452,.T.);
#6455=ORIENTED_EDGE('',*,*,#6454,.T.);
#6456=ORIENTED_EDGE('',*,*,#5134,.F.);
#6457=ORIENTED_EDGE('',*,*,#6314,.F.);
#6458=EDGE_LOOP('',(#6453,#6455,#6456,#6457));
#6459=FACE_OUTER_BOUND('',#6458,.F.);
#6460=ADVANCED_FACE('',(#6459),#6451,.T.);
#6461=CARTESIAN_POINT('',(-3.485E0,-4.763E0,1.778E0));
#6462=DIRECTION('',(0.E0,1.E0,0.E0));
#6463=DIRECTION('',(-1.E0,0.E0,0.E0));
#6464=AXIS2_PLACEMENT_3D('',#6461,#6462,#6463);
#6465=PLANE('',#6464);
#6467=ORIENTED_EDGE('',*,*,#6466,.T.);
#6468=ORIENTED_EDGE('',*,*,#6366,.F.);
#6470=ORIENTED_EDGE('',*,*,#6469,.F.);
#6471=ORIENTED_EDGE('',*,*,#6435,.T.);
#6472=EDGE_LOOP('',(#6467,#6468,#6470,#6471));
#6473=FACE_OUTER_BOUND('',#6472,.F.);
#6474=ADVANCED_FACE('',(#6473),#6465,.T.);
#6475=CARTESIAN_POINT('',(-3.81E0,-4.863E0,7.525E0));
#6476=DIRECTION('',(0.E0,9.284766908853E-1,3.713906763541E-1));
#6477=DIRECTION('',(-1.E0,0.E0,0.E0));
#6478=AXIS2_PLACEMENT_3D('',#6475,#6476,#6477);
#6479=PLANE('',#6478);
#6480=ORIENTED_EDGE('',*,*,#6466,.F.);
#6481=ORIENTED_EDGE('',*,*,#6424,.T.);
#6482=ORIENTED_EDGE('',*,*,#6409,.T.);
#6483=ORIENTED_EDGE('',*,*,#6394,.T.);
#6484=EDGE_LOOP('',(#6480,#6481,#6482,#6483));
#6485=FACE_OUTER_BOUND('',#6484,.F.);
#6486=ADVANCED_FACE('',(#6485),#6479,.T.);
#6487=CARTESIAN_POINT('',(-2.81E0,-4.58E0,1.778E0));
#6488=DIRECTION('',(-1.E0,0.E0,0.E0));
#6489=DIRECTION('',(0.E0,0.E0,1.E0));
#6490=AXIS2_PLACEMENT_3D('',#6487,#6488,#6489);
#6491=CYLINDRICAL_SURFACE('',#6490,1.83E-1);
#6492=ORIENTED_EDGE('',*,*,#4568,.F.);
#6493=ORIENTED_EDGE('',*,*,#6437,.T.);
#6494=ORIENTED_EDGE('',*,*,#6469,.T.);
#6495=ORIENTED_EDGE('',*,*,#6364,.F.);
#6496=EDGE_LOOP('',(#6492,#6493,#6494,#6495));
#6497=FACE_OUTER_BOUND('',#6496,.F.);
#6498=ADVANCED_FACE('',(#6497),#6491,.F.);
#6499=CARTESIAN_POINT('',(-2.81E0,-4.58E0,1.778E0));
#6500=DIRECTION('',(-1.E0,0.E0,0.E0));
#6501=DIRECTION('',(0.E0,0.E0,1.E0));
#6502=AXIS2_PLACEMENT_3D('',#6499,#6500,#6501);
#6503=CYLINDRICAL_SURFACE('',#6502,8.33E-1);
#6504=ORIENTED_EDGE('',*,*,#6361,.T.);
#6506=ORIENTED_EDGE('',*,*,#6505,.T.);
#6507=ORIENTED_EDGE('',*,*,#6440,.F.);
#6508=ORIENTED_EDGE('',*,*,#4564,.T.);
#6509=EDGE_LOOP('',(#6504,#6506,#6507,#6508));
#6510=FACE_OUTER_BOUND('',#6509,.F.);
#6511=ADVANCED_FACE('',(#6510),#6503,.T.);
#6512=CARTESIAN_POINT('',(-4.135E0,-5.413E0,1.778E0));
#6513=DIRECTION('',(0.E0,-1.E0,0.E0));
#6514=DIRECTION('',(1.E0,0.E0,0.E0));
#6515=AXIS2_PLACEMENT_3D('',#6512,#6513,#6514);
#6516=PLANE('',#6515);
#6518=ORIENTED_EDGE('',*,*,#6517,.T.);
#6519=ORIENTED_EDGE('',*,*,#6442,.F.);
#6520=ORIENTED_EDGE('',*,*,#6505,.F.);
#6521=ORIENTED_EDGE('',*,*,#6359,.T.);
#6522=EDGE_LOOP('',(#6518,#6519,#6520,#6521));
#6523=FACE_OUTER_BOUND('',#6522,.F.);
#6524=ADVANCED_FACE('',(#6523),#6516,.T.);
#6525=CARTESIAN_POINT('',(-3.81E0,-5.313E0,7.525E0));
#6526=DIRECTION('',(0.E0,-9.284766908853E-1,3.713906763541E-1));
#6527=DIRECTION('',(-1.E0,0.E0,0.E0));
#6528=AXIS2_PLACEMENT_3D('',#6525,#6526,#6527);
#6529=PLANE('',#6528);
#6530=ORIENTED_EDGE('',*,*,#6517,.F.);
#6531=ORIENTED_EDGE('',*,*,#6391,.T.);
#6532=ORIENTED_EDGE('',*,*,#6406,.T.);
#6533=ORIENTED_EDGE('',*,*,#6421,.T.);
#6534=EDGE_LOOP('',(#6530,#6531,#6532,#6533));
#6535=FACE_OUTER_BOUND('',#6534,.F.);
#6536=ADVANCED_FACE('',(#6535),#6529,.T.);
#6537=CARTESIAN_POINT('',(-3.585E0,4.27E0,1.27E0));
#6538=DIRECTION('',(9.284766908853E-1,3.713906763541E-1,0.E0));
#6539=DIRECTION('',(0.E0,0.E0,-1.E0));
#6540=AXIS2_PLACEMENT_3D('',#6537,#6538,#6539);
#6541=PLANE('',#6540);
#6543=ORIENTED_EDGE('',*,*,#6542,.T.);
#6545=ORIENTED_EDGE('',*,*,#6544,.T.);
#6546=ORIENTED_EDGE('',*,*,#6452,.F.);
#6547=ORIENTED_EDGE('',*,*,#6332,.F.);
#6548=EDGE_LOOP('',(#6543,#6545,#6546,#6547));
#6549=FACE_OUTER_BOUND('',#6548,.F.);
#6550=ADVANCED_FACE('',(#6549),#6541,.T.);
#6551=CARTESIAN_POINT('',(-3.81E0,4.52E0,1.27E0));
#6552=DIRECTION('',(0.E0,-1.E0,0.E0));
#6553=DIRECTION('',(0.E0,0.E0,-1.E0));
#6554=AXIS2_PLACEMENT_3D('',#6551,#6552,#6553);
#6555=PLANE('',#6554);
#6556=ORIENTED_EDGE('',*,*,#6330,.F.);
#6557=ORIENTED_EDGE('',*,*,#6346,.F.);
#6559=ORIENTED_EDGE('',*,*,#6558,.F.);
#6560=ORIENTED_EDGE('',*,*,#6542,.F.);
#6561=EDGE_LOOP('',(#6556,#6557,#6559,#6560));
#6562=FACE_OUTER_BOUND('',#6561,.F.);
#6563=ADVANCED_FACE('',(#6562),#6555,.F.);
#6564=CARTESIAN_POINT('',(-3.81E0,4.27E0,1.045E0));
#6565=DIRECTION('',(0.E0,3.713906763541E-1,-9.284766908853E-1));
#6566=DIRECTION('',(-1.E0,0.E0,0.E0));
#6567=AXIS2_PLACEMENT_3D('',#6564,#6565,#6566);
#6568=PLANE('',#6567);
#6569=ORIENTED_EDGE('',*,*,#6558,.T.);
#6570=ORIENTED_EDGE('',*,*,#6344,.T.);
#6572=ORIENTED_EDGE('',*,*,#6571,.F.);
#6573=ORIENTED_EDGE('',*,*,#6544,.F.);
#6574=EDGE_LOOP('',(#6569,#6570,#6572,#6573));
#6575=FACE_OUTER_BOUND('',#6574,.F.);
#6576=ADVANCED_FACE('',(#6575),#6568,.T.);
#6577=CARTESIAN_POINT('',(-4.135E0,4.52E0,9.45E-1));
#6578=DIRECTION('',(0.E0,0.E0,-1.E0));
#6579=DIRECTION('',(1.E0,0.E0,0.E0));
#6580=AXIS2_PLACEMENT_3D('',#6577,#6578,#6579);
#6581=PLANE('',#6580);
#6582=ORIENTED_EDGE('',*,*,#6571,.T.);
#6583=ORIENTED_EDGE('',*,*,#6379,.T.);
#6584=ORIENTED_EDGE('',*,*,#5136,.T.);
#6585=ORIENTED_EDGE('',*,*,#6454,.F.);
#6586=EDGE_LOOP('',(#6582,#6583,#6584,#6585));
#6587=FACE_OUTER_BOUND('',#6586,.F.);
#6588=ADVANCED_FACE('',(#6587),#6581,.T.);
#6589=CARTESIAN_POINT('',(-6.025E0,4.52E0,1.595E0));
#6590=DIRECTION('',(0.E0,0.E0,1.E0));
#6591=DIRECTION('',(-1.E0,0.E0,0.E0));
#6592=AXIS2_PLACEMENT_3D('',#6589,#6590,#6591);
#6593=PLANE('',#6592);
#6595=ORIENTED_EDGE('',*,*,#6594,.T.);
#6597=ORIENTED_EDGE('',*,*,#6596,.T.);
#6598=ORIENTED_EDGE('',*,*,#5142,.T.);
#6600=ORIENTED_EDGE('',*,*,#6599,.F.);
#6601=EDGE_LOOP('',(#6595,#6597,#6598,#6600));
#6602=FACE_OUTER_BOUND('',#6601,.F.);
#6603=ADVANCED_FACE('',(#6602),#6593,.T.);
#6604=CARTESIAN_POINT('',(-6.35E0,4.27E0,1.495E0));
#6605=DIRECTION('',(0.E0,3.713906763541E-1,9.284766908853E-1));
#6606=DIRECTION('',(-1.E0,0.E0,0.E0));
#6607=AXIS2_PLACEMENT_3D('',#6604,#6605,#6606);
#6608=PLANE('',#6607);
#6609=ORIENTED_EDGE('',*,*,#6594,.F.);
#6611=ORIENTED_EDGE('',*,*,#6610,.F.);
#6613=ORIENTED_EDGE('',*,*,#6612,.T.);
#6615=ORIENTED_EDGE('',*,*,#6614,.T.);
#6616=EDGE_LOOP('',(#6609,#6611,#6613,#6615));
#6617=FACE_OUTER_BOUND('',#6616,.F.);
#6618=ADVANCED_FACE('',(#6617),#6608,.T.);
#6619=CARTESIAN_POINT('',(-6.575E0,4.27E0,1.27E0));
#6620=DIRECTION('',(-9.284766908853E-1,3.713906763541E-1,0.E0));
#6621=DIRECTION('',(0.E0,0.E0,-1.E0));
#6622=AXIS2_PLACEMENT_3D('',#6619,#6620,#6621);
#6623=PLANE('',#6622);
#6625=ORIENTED_EDGE('',*,*,#6624,.F.);
#6627=ORIENTED_EDGE('',*,*,#6626,.F.);
#6629=ORIENTED_EDGE('',*,*,#6628,.T.);
#6630=ORIENTED_EDGE('',*,*,#6610,.T.);
#6631=EDGE_LOOP('',(#6625,#6627,#6629,#6630));
#6632=FACE_OUTER_BOUND('',#6631,.F.);
#6633=ADVANCED_FACE('',(#6632),#6623,.T.);
#6634=CARTESIAN_POINT('',(-6.675E0,4.52E0,1.595E0));
#6635=DIRECTION('',(-1.E0,0.E0,0.E0));
#6636=DIRECTION('',(0.E0,0.E0,-1.E0));
#6637=AXIS2_PLACEMENT_3D('',#6634,#6635,#6636);
#6638=PLANE('',#6637);
#6640=ORIENTED_EDGE('',*,*,#6639,.T.);
#6642=ORIENTED_EDGE('',*,*,#6641,.F.);
#6644=ORIENTED_EDGE('',*,*,#6643,.F.);
#6645=ORIENTED_EDGE('',*,*,#4572,.F.);
#6647=ORIENTED_EDGE('',*,*,#6646,.T.);
#6649=ORIENTED_EDGE('',*,*,#6648,.T.);
#6650=EDGE_LOOP('',(#6640,#6642,#6644,#6645,#6647,#6649));
#6651=FACE_OUTER_BOUND('',#6650,.F.);
#6652=ADVANCED_FACE('',(#6651),#6638,.T.);
#6653=CARTESIAN_POINT('',(-6.675E0,4.52E0,1.595E0));
#6654=DIRECTION('',(-1.E0,0.E0,0.E0));
#6655=DIRECTION('',(0.E0,0.E0,-1.E0));
#6656=AXIS2_PLACEMENT_3D('',#6653,#6654,#6655);
#6657=PLANE('',#6656);
#6658=ORIENTED_EDGE('',*,*,#6624,.T.);
#6659=ORIENTED_EDGE('',*,*,#6599,.T.);
#6660=ORIENTED_EDGE('',*,*,#5148,.T.);
#6662=ORIENTED_EDGE('',*,*,#6661,.F.);
#6663=EDGE_LOOP('',(#6658,#6659,#6660,#6662));
#6664=FACE_OUTER_BOUND('',#6663,.F.);
#6665=ADVANCED_FACE('',(#6664),#6657,.T.);
#6666=CARTESIAN_POINT('',(-6.575E0,-5.088E0,7.525E0));
#6667=DIRECTION('',(-9.284766908853E-1,0.E0,3.713906763541E-1));
#6668=DIRECTION('',(0.E0,-1.E0,0.E0));
#6669=AXIS2_PLACEMENT_3D('',#6666,#6667,#6668);
#6670=PLANE('',#6669);
#6672=ORIENTED_EDGE('',*,*,#6671,.T.);
#6674=ORIENTED_EDGE('',*,*,#6673,.F.);
#6675=ORIENTED_EDGE('',*,*,#6639,.F.);
#6677=ORIENTED_EDGE('',*,*,#6676,.F.);
#6678=EDGE_LOOP('',(#6672,#6674,#6675,#6677));
#6679=FACE_OUTER_BOUND('',#6678,.F.);
#6680=ADVANCED_FACE('',(#6679),#6670,.T.);
#6681=CARTESIAN_POINT('',(-6.35E0,-5.088E0,7.775E0));
#6682=DIRECTION('',(0.E0,0.E0,1.E0));
#6683=DIRECTION('',(0.E0,-1.E0,0.E0));
#6684=AXIS2_PLACEMENT_3D('',#6681,#6682,#6683);
#6685=PLANE('',#6684);
#6687=ORIENTED_EDGE('',*,*,#6686,.F.);
#6689=ORIENTED_EDGE('',*,*,#6688,.F.);
#6690=ORIENTED_EDGE('',*,*,#6671,.F.);
#6692=ORIENTED_EDGE('',*,*,#6691,.F.);
#6693=EDGE_LOOP('',(#6687,#6689,#6690,#6692));
#6694=FACE_OUTER_BOUND('',#6693,.F.);
#6695=ADVANCED_FACE('',(#6694),#6685,.T.);
#6696=CARTESIAN_POINT('',(-6.125E0,-5.088E0,7.525E0));
#6697=DIRECTION('',(9.284766908853E-1,0.E0,3.713906763541E-1));
#6698=DIRECTION('',(0.E0,-1.E0,0.E0));
#6699=AXIS2_PLACEMENT_3D('',#6696,#6697,#6698);
#6700=PLANE('',#6699);
#6702=ORIENTED_EDGE('',*,*,#6701,.F.);
#6704=ORIENTED_EDGE('',*,*,#6703,.F.);
#6705=ORIENTED_EDGE('',*,*,#6686,.T.);
#6707=ORIENTED_EDGE('',*,*,#6706,.F.);
#6708=EDGE_LOOP('',(#6702,#6704,#6705,#6707));
#6709=FACE_OUTER_BOUND('',#6708,.F.);
#6710=ADVANCED_FACE('',(#6709),#6700,.T.);
#6711=CARTESIAN_POINT('',(-6.025E0,4.52E0,9.45E-1));
#6712=DIRECTION('',(1.E0,0.E0,0.E0));
#6713=DIRECTION('',(0.E0,0.E0,1.E0));
#6714=AXIS2_PLACEMENT_3D('',#6711,#6712,#6713);
#6715=PLANE('',#6714);
#6716=ORIENTED_EDGE('',*,*,#6701,.T.);
#6718=ORIENTED_EDGE('',*,*,#6717,.F.);
#6720=ORIENTED_EDGE('',*,*,#6719,.F.);
#6721=ORIENTED_EDGE('',*,*,#4576,.T.);
#6723=ORIENTED_EDGE('',*,*,#6722,.T.);
#6725=ORIENTED_EDGE('',*,*,#6724,.T.);
#6726=EDGE_LOOP('',(#6716,#6718,#6720,#6721,#6723,#6725));
#6727=FACE_OUTER_BOUND('',#6726,.F.);
#6728=ADVANCED_FACE('',(#6727),#6715,.T.);
#6729=CARTESIAN_POINT('',(-6.025E0,4.52E0,9.45E-1));
#6730=DIRECTION('',(1.E0,0.E0,0.E0));
#6731=DIRECTION('',(0.E0,0.E0,1.E0));
#6732=AXIS2_PLACEMENT_3D('',#6729,#6730,#6731);
#6733=PLANE('',#6732);
#6735=ORIENTED_EDGE('',*,*,#6734,.T.);
#6737=ORIENTED_EDGE('',*,*,#6736,.T.);
#6738=ORIENTED_EDGE('',*,*,#5144,.F.);
#6739=ORIENTED_EDGE('',*,*,#6596,.F.);
#6740=EDGE_LOOP('',(#6735,#6737,#6738,#6739));
#6741=FACE_OUTER_BOUND('',#6740,.F.);
#6742=ADVANCED_FACE('',(#6741),#6733,.T.);
#6743=CARTESIAN_POINT('',(-6.025E0,-4.763E0,1.778E0));
#6744=DIRECTION('',(0.E0,1.E0,0.E0));
#6745=DIRECTION('',(-1.E0,0.E0,0.E0));
#6746=AXIS2_PLACEMENT_3D('',#6743,#6744,#6745);
#6747=PLANE('',#6746);
#6749=ORIENTED_EDGE('',*,*,#6748,.T.);
#6750=ORIENTED_EDGE('',*,*,#6648,.F.);
#6752=ORIENTED_EDGE('',*,*,#6751,.F.);
#6753=ORIENTED_EDGE('',*,*,#6717,.T.);
#6754=EDGE_LOOP('',(#6749,#6750,#6752,#6753));
#6755=FACE_OUTER_BOUND('',#6754,.F.);
#6756=ADVANCED_FACE('',(#6755),#6747,.T.);
#6757=CARTESIAN_POINT('',(-6.35E0,-4.863E0,7.525E0));
#6758=DIRECTION('',(0.E0,9.284766908853E-1,3.713906763541E-1));
#6759=DIRECTION('',(-1.E0,0.E0,0.E0));
#6760=AXIS2_PLACEMENT_3D('',#6757,#6758,#6759);
#6761=PLANE('',#6760);
#6762=ORIENTED_EDGE('',*,*,#6748,.F.);
#6763=ORIENTED_EDGE('',*,*,#6706,.T.);
#6764=ORIENTED_EDGE('',*,*,#6691,.T.);
#6765=ORIENTED_EDGE('',*,*,#6676,.T.);
#6766=EDGE_LOOP('',(#6762,#6763,#6764,#6765));
#6767=FACE_OUTER_BOUND('',#6766,.F.);
#6768=ADVANCED_FACE('',(#6767),#6761,.T.);
#6769=CARTESIAN_POINT('',(-5.35E0,-4.58E0,1.778E0));
#6770=DIRECTION('',(-1.E0,0.E0,0.E0));
#6771=DIRECTION('',(0.E0,0.E0,1.E0));
#6772=AXIS2_PLACEMENT_3D('',#6769,#6770,#6771);
#6773=CYLINDRICAL_SURFACE('',#6772,1.83E-1);
#6774=ORIENTED_EDGE('',*,*,#4578,.F.);
#6775=ORIENTED_EDGE('',*,*,#6719,.T.);
#6776=ORIENTED_EDGE('',*,*,#6751,.T.);
#6777=ORIENTED_EDGE('',*,*,#6646,.F.);
#6778=EDGE_LOOP('',(#6774,#6775,#6776,#6777));
#6779=FACE_OUTER_BOUND('',#6778,.F.);
#6780=ADVANCED_FACE('',(#6779),#6773,.F.);
#6781=CARTESIAN_POINT('',(-5.35E0,-4.58E0,1.778E0));
#6782=DIRECTION('',(-1.E0,0.E0,0.E0));
#6783=DIRECTION('',(0.E0,0.E0,1.E0));
#6784=AXIS2_PLACEMENT_3D('',#6781,#6782,#6783);
#6785=CYLINDRICAL_SURFACE('',#6784,8.33E-1);
#6786=ORIENTED_EDGE('',*,*,#4574,.T.);
#6787=ORIENTED_EDGE('',*,*,#6643,.T.);
#6789=ORIENTED_EDGE('',*,*,#6788,.T.);
#6790=ORIENTED_EDGE('',*,*,#6722,.F.);
#6791=EDGE_LOOP('',(#6786,#6787,#6789,#6790));
#6792=FACE_OUTER_BOUND('',#6791,.F.);
#6793=ADVANCED_FACE('',(#6792),#6785,.T.);
#6794=CARTESIAN_POINT('',(-6.675E0,-5.413E0,1.778E0));
#6795=DIRECTION('',(0.E0,-1.E0,0.E0));
#6796=DIRECTION('',(1.E0,0.E0,0.E0));
#6797=AXIS2_PLACEMENT_3D('',#6794,#6795,#6796);
#6798=PLANE('',#6797);
#6800=ORIENTED_EDGE('',*,*,#6799,.T.);
#6801=ORIENTED_EDGE('',*,*,#6724,.F.);
#6802=ORIENTED_EDGE('',*,*,#6788,.F.);
#6803=ORIENTED_EDGE('',*,*,#6641,.T.);
#6804=EDGE_LOOP('',(#6800,#6801,#6802,#6803));
#6805=FACE_OUTER_BOUND('',#6804,.F.);
#6806=ADVANCED_FACE('',(#6805),#6798,.T.);
#6807=CARTESIAN_POINT('',(-6.35E0,-5.313E0,7.525E0));
#6808=DIRECTION('',(0.E0,-9.284766908853E-1,3.713906763541E-1));
#6809=DIRECTION('',(-1.E0,0.E0,0.E0));
#6810=AXIS2_PLACEMENT_3D('',#6807,#6808,#6809);
#6811=PLANE('',#6810);
#6812=ORIENTED_EDGE('',*,*,#6799,.F.);
#6813=ORIENTED_EDGE('',*,*,#6673,.T.);
#6814=ORIENTED_EDGE('',*,*,#6688,.T.);
#6815=ORIENTED_EDGE('',*,*,#6703,.T.);
#6816=EDGE_LOOP('',(#6812,#6813,#6814,#6815));
#6817=FACE_OUTER_BOUND('',#6816,.F.);
#6818=ADVANCED_FACE('',(#6817),#6811,.T.);
#6819=CARTESIAN_POINT('',(-6.125E0,4.27E0,1.27E0));
#6820=DIRECTION('',(9.284766908853E-1,3.713906763541E-1,0.E0));
#6821=DIRECTION('',(0.E0,0.E0,-1.E0));
#6822=AXIS2_PLACEMENT_3D('',#6819,#6820,#6821);
#6823=PLANE('',#6822);
#6825=ORIENTED_EDGE('',*,*,#6824,.T.);
#6827=ORIENTED_EDGE('',*,*,#6826,.T.);
#6828=ORIENTED_EDGE('',*,*,#6734,.F.);
#6829=ORIENTED_EDGE('',*,*,#6614,.F.);
#6830=EDGE_LOOP('',(#6825,#6827,#6828,#6829));
#6831=FACE_OUTER_BOUND('',#6830,.F.);
#6832=ADVANCED_FACE('',(#6831),#6823,.T.);
#6833=CARTESIAN_POINT('',(-6.35E0,4.52E0,1.27E0));
#6834=DIRECTION('',(0.E0,-1.E0,0.E0));
#6835=DIRECTION('',(0.E0,0.E0,-1.E0));
#6836=AXIS2_PLACEMENT_3D('',#6833,#6834,#6835);
#6837=PLANE('',#6836);
#6838=ORIENTED_EDGE('',*,*,#6612,.F.);
#6839=ORIENTED_EDGE('',*,*,#6628,.F.);
#6841=ORIENTED_EDGE('',*,*,#6840,.F.);
#6842=ORIENTED_EDGE('',*,*,#6824,.F.);
#6843=EDGE_LOOP('',(#6838,#6839,#6841,#6842));
#6844=FACE_OUTER_BOUND('',#6843,.F.);
#6845=ADVANCED_FACE('',(#6844),#6837,.F.);
#6846=CARTESIAN_POINT('',(-6.35E0,4.27E0,1.045E0));
#6847=DIRECTION('',(0.E0,3.713906763541E-1,-9.284766908853E-1));
#6848=DIRECTION('',(-1.E0,0.E0,0.E0));
#6849=AXIS2_PLACEMENT_3D('',#6846,#6847,#6848);
#6850=PLANE('',#6849);
#6851=ORIENTED_EDGE('',*,*,#6840,.T.);
#6852=ORIENTED_EDGE('',*,*,#6626,.T.);
#6854=ORIENTED_EDGE('',*,*,#6853,.F.);
#6855=ORIENTED_EDGE('',*,*,#6826,.F.);
#6856=EDGE_LOOP('',(#6851,#6852,#6854,#6855));
#6857=FACE_OUTER_BOUND('',#6856,.F.);
#6858=ADVANCED_FACE('',(#6857),#6850,.T.);
#6859=CARTESIAN_POINT('',(-6.675E0,4.52E0,9.45E-1));
#6860=DIRECTION('',(0.E0,0.E0,-1.E0));
#6861=DIRECTION('',(1.E0,0.E0,0.E0));
#6862=AXIS2_PLACEMENT_3D('',#6859,#6860,#6861);
#6863=PLANE('',#6862);
#6864=ORIENTED_EDGE('',*,*,#6853,.T.);
#6865=ORIENTED_EDGE('',*,*,#6661,.T.);
#6866=ORIENTED_EDGE('',*,*,#5146,.T.);
#6867=ORIENTED_EDGE('',*,*,#6736,.F.);
#6868=EDGE_LOOP('',(#6864,#6865,#6866,#6867));
#6869=FACE_OUTER_BOUND('',#6868,.F.);
#6870=ADVANCED_FACE('',(#6869),#6863,.T.);
#6871=CARTESIAN_POINT('',(6.675E0,4.52E0,-9.45E-1));
#6872=DIRECTION('',(0.E0,0.E0,1.E0));
#6873=DIRECTION('',(-1.E0,0.E0,0.E0));
#6874=AXIS2_PLACEMENT_3D('',#6871,#6872,#6873);
#6875=PLANE('',#6874);
#6877=ORIENTED_EDGE('',*,*,#6876,.T.);
#6879=ORIENTED_EDGE('',*,*,#6878,.T.);
#6881=ORIENTED_EDGE('',*,*,#6880,.F.);
#6882=ORIENTED_EDGE('',*,*,#4582,.F.);
#6883=EDGE_LOOP('',(#6877,#6879,#6881,#6882));
#6884=FACE_OUTER_BOUND('',#6883,.F.);
#6885=ADVANCED_FACE('',(#6884),#6875,.T.);
#6886=CARTESIAN_POINT('',(6.675E0,4.52E0,-9.45E-1));
#6887=DIRECTION('',(0.E0,0.E0,1.E0));
#6888=DIRECTION('',(-1.E0,0.E0,0.E0));
#6889=AXIS2_PLACEMENT_3D('',#6886,#6887,#6888);
#6890=PLANE('',#6889);
#6892=ORIENTED_EDGE('',*,*,#6891,.T.);
#6894=ORIENTED_EDGE('',*,*,#6893,.T.);
#6895=ORIENTED_EDGE('',*,*,#5152,.T.);
#6897=ORIENTED_EDGE('',*,*,#6896,.F.);
#6898=EDGE_LOOP('',(#6892,#6894,#6895,#6897));
#6899=FACE_OUTER_BOUND('',#6898,.F.);
#6900=ADVANCED_FACE('',(#6899),#6890,.T.);
#6901=CARTESIAN_POINT('',(6.675E0,4.52E0,-1.595E0));
#6902=DIRECTION('',(1.E0,0.E0,0.E0));
#6903=DIRECTION('',(0.E0,0.E0,1.E0));
#6904=AXIS2_PLACEMENT_3D('',#6901,#6902,#6903);
#6905=PLANE('',#6904);
#6907=ORIENTED_EDGE('',*,*,#6906,.T.);
#6909=ORIENTED_EDGE('',*,*,#6908,.F.);
#6911=ORIENTED_EDGE('',*,*,#6910,.F.);
#6912=ORIENTED_EDGE('',*,*,#6876,.F.);
#6913=ORIENTED_EDGE('',*,*,#4588,.T.);
#6915=ORIENTED_EDGE('',*,*,#6914,.T.);
#6917=ORIENTED_EDGE('',*,*,#6916,.T.);
#6919=ORIENTED_EDGE('',*,*,#6918,.T.);
#6920=EDGE_LOOP('',(#6907,#6909,#6911,#6912,#6913,#6915,#6917,#6919));
#6921=FACE_OUTER_BOUND('',#6920,.F.);
#6922=ADVANCED_FACE('',(#6921),#6905,.T.);
#6923=CARTESIAN_POINT('',(6.675E0,4.52E0,-1.595E0));
#6924=DIRECTION('',(1.E0,0.E0,0.E0));
#6925=DIRECTION('',(0.E0,0.E0,1.E0));
#6926=AXIS2_PLACEMENT_3D('',#6923,#6924,#6925);
#6927=PLANE('',#6926);
#6929=ORIENTED_EDGE('',*,*,#6928,.T.);
#6931=ORIENTED_EDGE('',*,*,#6930,.T.);
#6932=ORIENTED_EDGE('',*,*,#5154,.F.);
#6933=ORIENTED_EDGE('',*,*,#6893,.F.);
#6934=EDGE_LOOP('',(#6929,#6931,#6932,#6933));
#6935=FACE_OUTER_BOUND('',#6934,.F.);
#6936=ADVANCED_FACE('',(#6935),#6927,.T.);
#6937=CARTESIAN_POINT('',(6.575E0,-7.628E0,7.525E0));
#6938=DIRECTION('',(9.284766908853E-1,0.E0,3.713906763541E-1));
#6939=DIRECTION('',(0.E0,-1.E0,0.E0));
#6940=AXIS2_PLACEMENT_3D('',#6937,#6938,#6939);
#6941=PLANE('',#6940);
#6942=ORIENTED_EDGE('',*,*,#6906,.F.);
#6944=ORIENTED_EDGE('',*,*,#6943,.F.);
#6946=ORIENTED_EDGE('',*,*,#6945,.T.);
#6948=ORIENTED_EDGE('',*,*,#6947,.F.);
#6949=EDGE_LOOP('',(#6942,#6944,#6946,#6948));
#6950=FACE_OUTER_BOUND('',#6949,.F.);
#6951=ADVANCED_FACE('',(#6950),#6941,.T.);
#6952=CARTESIAN_POINT('',(6.35E0,-7.853E0,7.525E0));
#6953=DIRECTION('',(0.E0,-9.284766908853E-1,3.713906763541E-1));
#6954=DIRECTION('',(-1.E0,0.E0,0.E0));
#6955=AXIS2_PLACEMENT_3D('',#6952,#6953,#6954);
#6956=PLANE('',#6955);
#6958=ORIENTED_EDGE('',*,*,#6957,.F.);
#6960=ORIENTED_EDGE('',*,*,#6959,.T.);
#6962=ORIENTED_EDGE('',*,*,#6961,.T.);
#6963=ORIENTED_EDGE('',*,*,#6943,.T.);
#6964=EDGE_LOOP('',(#6958,#6960,#6962,#6963));
#6965=FACE_OUTER_BOUND('',#6964,.F.);
#6966=ADVANCED_FACE('',(#6965),#6956,.T.);
#6967=CARTESIAN_POINT('',(6.025E0,-7.953E0,-7.62E-1));
#6968=DIRECTION('',(0.E0,-1.E0,0.E0));
#6969=DIRECTION('',(1.E0,0.E0,0.E0));
#6970=AXIS2_PLACEMENT_3D('',#6967,#6968,#6969);
#6971=PLANE('',#6970);
#6972=ORIENTED_EDGE('',*,*,#6957,.T.);
#6973=ORIENTED_EDGE('',*,*,#6918,.F.);
#6975=ORIENTED_EDGE('',*,*,#6974,.F.);
#6977=ORIENTED_EDGE('',*,*,#6976,.T.);
#6978=EDGE_LOOP('',(#6972,#6973,#6975,#6977));
#6979=FACE_OUTER_BOUND('',#6978,.F.);
#6980=ADVANCED_FACE('',(#6979),#6971,.T.);
#6981=CARTESIAN_POINT('',(7.35E0,-7.12E0,-7.62E-1));
#6982=DIRECTION('',(-1.E0,0.E0,0.E0));
#6983=DIRECTION('',(0.E0,0.E0,1.E0));
#6984=AXIS2_PLACEMENT_3D('',#6981,#6982,#6983);
#6985=CYLINDRICAL_SURFACE('',#6984,8.33E-1);
#6987=ORIENTED_EDGE('',*,*,#6986,.F.);
#6989=ORIENTED_EDGE('',*,*,#6988,.T.);
#6990=ORIENTED_EDGE('',*,*,#6974,.T.);
#6991=ORIENTED_EDGE('',*,*,#6916,.F.);
#6992=EDGE_LOOP('',(#6987,#6989,#6990,#6991));
#6993=FACE_OUTER_BOUND('',#6992,.F.);
#6994=ADVANCED_FACE('',(#6993),#6985,.T.);
#6995=CARTESIAN_POINT('',(6.025E0,4.52E0,-1.595E0));
#6996=DIRECTION('',(0.E0,0.E0,-1.E0));
#6997=DIRECTION('',(1.E0,0.E0,0.E0));
#6998=AXIS2_PLACEMENT_3D('',#6995,#6996,#6997);
#6999=PLANE('',#6998);
#7001=ORIENTED_EDGE('',*,*,#7000,.T.);
#7002=ORIENTED_EDGE('',*,*,#6986,.T.);
#7003=ORIENTED_EDGE('',*,*,#6914,.F.);
#7004=ORIENTED_EDGE('',*,*,#4586,.F.);
#7005=EDGE_LOOP('',(#7001,#7002,#7003,#7004));
#7006=FACE_OUTER_BOUND('',#7005,.F.);
#7007=ADVANCED_FACE('',(#7006),#6999,.T.);
#7008=CARTESIAN_POINT('',(6.025E0,4.52E0,-1.595E0));
#7009=DIRECTION('',(0.E0,0.E0,-1.E0));
#7010=DIRECTION('',(1.E0,0.E0,0.E0));
#7011=AXIS2_PLACEMENT_3D('',#7008,#7009,#7010);
#7012=PLANE('',#7011);
#7014=ORIENTED_EDGE('',*,*,#7013,.T.);
#7016=ORIENTED_EDGE('',*,*,#7015,.T.);
#7017=ORIENTED_EDGE('',*,*,#5156,.T.);
#7018=ORIENTED_EDGE('',*,*,#6930,.F.);
#7019=EDGE_LOOP('',(#7014,#7016,#7017,#7018));
#7020=FACE_OUTER_BOUND('',#7019,.F.);
#7021=ADVANCED_FACE('',(#7020),#7012,.T.);
#7022=CARTESIAN_POINT('',(6.025E0,4.52E0,-9.45E-1));
#7023=DIRECTION('',(-1.E0,0.E0,0.E0));
#7024=DIRECTION('',(0.E0,0.E0,-1.E0));
#7025=AXIS2_PLACEMENT_3D('',#7022,#7023,#7024);
#7026=PLANE('',#7025);
#7028=ORIENTED_EDGE('',*,*,#7027,.T.);
#7029=ORIENTED_EDGE('',*,*,#6976,.F.);
#7030=ORIENTED_EDGE('',*,*,#6988,.F.);
#7031=ORIENTED_EDGE('',*,*,#7000,.F.);
#7032=ORIENTED_EDGE('',*,*,#4584,.F.);
#7033=ORIENTED_EDGE('',*,*,#6880,.T.);
#7035=ORIENTED_EDGE('',*,*,#7034,.T.);
#7037=ORIENTED_EDGE('',*,*,#7036,.T.);
#7038=EDGE_LOOP('',(#7028,#7029,#7030,#7031,#7032,#7033,#7035,#7037));
#7039=FACE_OUTER_BOUND('',#7038,.F.);
#7040=ADVANCED_FACE('',(#7039),#7026,.T.);
#7041=CARTESIAN_POINT('',(6.025E0,4.52E0,-9.45E-1));
#7042=DIRECTION('',(-1.E0,0.E0,0.E0));
#7043=DIRECTION('',(0.E0,0.E0,-1.E0));
#7044=AXIS2_PLACEMENT_3D('',#7041,#7042,#7043);
#7045=PLANE('',#7044);
#7047=ORIENTED_EDGE('',*,*,#7046,.T.);
#7048=ORIENTED_EDGE('',*,*,#6896,.T.);
#7049=ORIENTED_EDGE('',*,*,#5158,.T.);
#7050=ORIENTED_EDGE('',*,*,#7015,.F.);
#7051=EDGE_LOOP('',(#7047,#7048,#7049,#7050));
#7052=FACE_OUTER_BOUND('',#7051,.F.);
#7053=ADVANCED_FACE('',(#7052),#7045,.T.);
#7054=CARTESIAN_POINT('',(6.125E0,-7.628E0,7.525E0));
#7055=DIRECTION('',(-9.284766908853E-1,0.E0,3.713906763541E-1));
#7056=DIRECTION('',(0.E0,-1.E0,0.E0));
#7057=AXIS2_PLACEMENT_3D('',#7054,#7055,#7056);
#7058=PLANE('',#7057);
#7060=ORIENTED_EDGE('',*,*,#7059,.T.);
#7061=ORIENTED_EDGE('',*,*,#6959,.F.);
#7062=ORIENTED_EDGE('',*,*,#7027,.F.);
#7064=ORIENTED_EDGE('',*,*,#7063,.F.);
#7065=EDGE_LOOP('',(#7060,#7061,#7062,#7064));
#7066=FACE_OUTER_BOUND('',#7065,.F.);
#7067=ADVANCED_FACE('',(#7066),#7058,.T.);
#7068=CARTESIAN_POINT('',(6.35E0,-7.628E0,7.775E0));
#7069=DIRECTION('',(0.E0,0.E0,1.E0));
#7070=DIRECTION('',(0.E0,-1.E0,0.E0));
#7071=AXIS2_PLACEMENT_3D('',#7068,#7069,#7070);
#7072=PLANE('',#7071);
#7073=ORIENTED_EDGE('',*,*,#6945,.F.);
#7074=ORIENTED_EDGE('',*,*,#6961,.F.);
#7075=ORIENTED_EDGE('',*,*,#7059,.F.);
#7077=ORIENTED_EDGE('',*,*,#7076,.F.);
#7078=EDGE_LOOP('',(#7073,#7074,#7075,#7077));
#7079=FACE_OUTER_BOUND('',#7078,.F.);
#7080=ADVANCED_FACE('',(#7079),#7072,.T.);
#7081=CARTESIAN_POINT('',(6.35E0,-7.403E0,7.525E0));
#7082=DIRECTION('',(0.E0,9.284766908853E-1,3.713906763541E-1));
#7083=DIRECTION('',(-1.E0,0.E0,0.E0));
#7084=AXIS2_PLACEMENT_3D('',#7081,#7082,#7083);
#7085=PLANE('',#7084);
#7087=ORIENTED_EDGE('',*,*,#7086,.F.);
#7088=ORIENTED_EDGE('',*,*,#6947,.T.);
#7089=ORIENTED_EDGE('',*,*,#7076,.T.);
#7090=ORIENTED_EDGE('',*,*,#7063,.T.);
#7091=EDGE_LOOP('',(#7087,#7088,#7089,#7090));
#7092=FACE_OUTER_BOUND('',#7091,.F.);
#7093=ADVANCED_FACE('',(#7092),#7085,.T.);
#7094=CARTESIAN_POINT('',(6.675E0,-7.303E0,-7.62E-1));
#7095=DIRECTION('',(0.E0,1.E0,0.E0));
#7096=DIRECTION('',(-1.E0,0.E0,0.E0));
#7097=AXIS2_PLACEMENT_3D('',#7094,#7095,#7096);
#7098=PLANE('',#7097);
#7099=ORIENTED_EDGE('',*,*,#7086,.T.);
#7100=ORIENTED_EDGE('',*,*,#7036,.F.);
#7102=ORIENTED_EDGE('',*,*,#7101,.F.);
#7103=ORIENTED_EDGE('',*,*,#6908,.T.);
#7104=EDGE_LOOP('',(#7099,#7100,#7102,#7103));
#7105=FACE_OUTER_BOUND('',#7104,.F.);
#7106=ADVANCED_FACE('',(#7105),#7098,.T.);
#7107=CARTESIAN_POINT('',(7.35E0,-7.12E0,-7.62E-1));
#7108=DIRECTION('',(-1.E0,0.E0,0.E0));
#7109=DIRECTION('',(0.E0,0.E0,1.E0));
#7110=AXIS2_PLACEMENT_3D('',#7107,#7108,#7109);
#7111=CYLINDRICAL_SURFACE('',#7110,1.83E-1);
#7112=ORIENTED_EDGE('',*,*,#6878,.F.);
#7113=ORIENTED_EDGE('',*,*,#6910,.T.);
#7114=ORIENTED_EDGE('',*,*,#7101,.T.);
#7115=ORIENTED_EDGE('',*,*,#7034,.F.);
#7116=EDGE_LOOP('',(#7112,#7113,#7114,#7115));
#7117=FACE_OUTER_BOUND('',#7116,.F.);
#7118=ADVANCED_FACE('',(#7117),#7111,.F.);
#7119=CARTESIAN_POINT('',(6.125E0,4.27E0,-1.27E0));
#7120=DIRECTION('',(-9.284766908853E-1,3.713906763541E-1,0.E0));
#7121=DIRECTION('',(0.E0,0.E0,-1.E0));
#7122=AXIS2_PLACEMENT_3D('',#7119,#7120,#7121);
#7123=PLANE('',#7122);
#7124=ORIENTED_EDGE('',*,*,#7046,.F.);
#7126=ORIENTED_EDGE('',*,*,#7125,.F.);
#7128=ORIENTED_EDGE('',*,*,#7127,.T.);
#7130=ORIENTED_EDGE('',*,*,#7129,.T.);
#7131=EDGE_LOOP('',(#7124,#7126,#7128,#7130));
#7132=FACE_OUTER_BOUND('',#7131,.F.);
#7133=ADVANCED_FACE('',(#7132),#7123,.T.);
#7134=CARTESIAN_POINT('',(6.35E0,4.27E0,-1.495E0));
#7135=DIRECTION('',(0.E0,3.713906763541E-1,-9.284766908853E-1));
#7136=DIRECTION('',(-1.E0,0.E0,0.E0));
#7137=AXIS2_PLACEMENT_3D('',#7134,#7135,#7136);
#7138=PLANE('',#7137);
#7140=ORIENTED_EDGE('',*,*,#7139,.T.);
#7141=ORIENTED_EDGE('',*,*,#7125,.T.);
#7142=ORIENTED_EDGE('',*,*,#7013,.F.);
#7144=ORIENTED_EDGE('',*,*,#7143,.F.);
#7145=EDGE_LOOP('',(#7140,#7141,#7142,#7144));
#7146=FACE_OUTER_BOUND('',#7145,.F.);
#7147=ADVANCED_FACE('',(#7146),#7138,.T.);
#7148=CARTESIAN_POINT('',(6.35E0,4.52E0,-1.27E0));
#7149=DIRECTION('',(0.E0,-1.E0,0.E0));
#7150=DIRECTION('',(0.E0,0.E0,-1.E0));
#7151=AXIS2_PLACEMENT_3D('',#7148,#7149,#7150);
#7152=PLANE('',#7151);
#7154=ORIENTED_EDGE('',*,*,#7153,.F.);
#7155=ORIENTED_EDGE('',*,*,#7127,.F.);
#7156=ORIENTED_EDGE('',*,*,#7139,.F.);
#7158=ORIENTED_EDGE('',*,*,#7157,.F.);
#7159=EDGE_LOOP('',(#7154,#7155,#7156,#7158));
#7160=FACE_OUTER_BOUND('',#7159,.F.);
#7161=ADVANCED_FACE('',(#7160),#7152,.F.);
#7162=CARTESIAN_POINT('',(6.35E0,4.27E0,-1.045E0));
#7163=DIRECTION('',(0.E0,3.713906763541E-1,9.284766908853E-1));
#7164=DIRECTION('',(-1.E0,0.E0,0.E0));
#7165=AXIS2_PLACEMENT_3D('',#7162,#7163,#7164);
#7166=PLANE('',#7165);
#7167=ORIENTED_EDGE('',*,*,#6891,.F.);
#7168=ORIENTED_EDGE('',*,*,#7129,.F.);
#7169=ORIENTED_EDGE('',*,*,#7153,.T.);
#7171=ORIENTED_EDGE('',*,*,#7170,.T.);
#7172=EDGE_LOOP('',(#7167,#7168,#7169,#7171));
#7173=FACE_OUTER_BOUND('',#7172,.F.);
#7174=ADVANCED_FACE('',(#7173),#7166,.T.);
#7175=CARTESIAN_POINT('',(6.575E0,4.27E0,-1.27E0));
#7176=DIRECTION('',(9.284766908853E-1,3.713906763541E-1,0.E0));
#7177=DIRECTION('',(0.E0,0.E0,-1.E0));
#7178=AXIS2_PLACEMENT_3D('',#7175,#7176,#7177);
#7179=PLANE('',#7178);
#7180=ORIENTED_EDGE('',*,*,#7157,.T.);
#7181=ORIENTED_EDGE('',*,*,#7143,.T.);
#7182=ORIENTED_EDGE('',*,*,#6928,.F.);
#7183=ORIENTED_EDGE('',*,*,#7170,.F.);
#7184=EDGE_LOOP('',(#7180,#7181,#7182,#7183));
#7185=FACE_OUTER_BOUND('',#7184,.F.);
#7186=ADVANCED_FACE('',(#7185),#7179,.T.);
#7187=CARTESIAN_POINT('',(4.135E0,4.52E0,-9.45E-1));
#7188=DIRECTION('',(0.E0,0.E0,1.E0));
#7189=DIRECTION('',(-1.E0,0.E0,0.E0));
#7190=AXIS2_PLACEMENT_3D('',#7187,#7188,#7189);
#7191=PLANE('',#7190);
#7192=ORIENTED_EDGE('',*,*,#4592,.F.);
#7194=ORIENTED_EDGE('',*,*,#7193,.T.);
#7196=ORIENTED_EDGE('',*,*,#7195,.T.);
#7198=ORIENTED_EDGE('',*,*,#7197,.F.);
#7199=EDGE_LOOP('',(#7192,#7194,#7196,#7198));
#7200=FACE_OUTER_BOUND('',#7199,.F.);
#7201=ADVANCED_FACE('',(#7200),#7191,.T.);
#7202=CARTESIAN_POINT('',(4.135E0,4.52E0,-9.45E-1));
#7203=DIRECTION('',(0.E0,0.E0,1.E0));
#7204=DIRECTION('',(-1.E0,0.E0,0.E0));
#7205=AXIS2_PLACEMENT_3D('',#7202,#7203,#7204);
#7206=PLANE('',#7205);
#7208=ORIENTED_EDGE('',*,*,#7207,.T.);
#7210=ORIENTED_EDGE('',*,*,#7209,.T.);
#7211=ORIENTED_EDGE('',*,*,#5162,.T.);
#7213=ORIENTED_EDGE('',*,*,#7212,.F.);
#7214=EDGE_LOOP('',(#7208,#7210,#7211,#7213));
#7215=FACE_OUTER_BOUND('',#7214,.F.);
#7216=ADVANCED_FACE('',(#7215),#7206,.T.);
#7217=CARTESIAN_POINT('',(4.135E0,4.52E0,-1.595E0));
#7218=DIRECTION('',(1.E0,0.E0,0.E0));
#7219=DIRECTION('',(0.E0,0.E0,1.E0));
#7220=AXIS2_PLACEMENT_3D('',#7217,#7218,#7219);
#7221=PLANE('',#7220);
#7223=ORIENTED_EDGE('',*,*,#7222,.T.);
#7225=ORIENTED_EDGE('',*,*,#7224,.F.);
#7227=ORIENTED_EDGE('',*,*,#7226,.F.);
#7228=ORIENTED_EDGE('',*,*,#7193,.F.);
#7229=ORIENTED_EDGE('',*,*,#4598,.T.);
#7231=ORIENTED_EDGE('',*,*,#7230,.T.);
#7233=ORIENTED_EDGE('',*,*,#7232,.T.);
#7235=ORIENTED_EDGE('',*,*,#7234,.T.);
#7236=EDGE_LOOP('',(#7223,#7225,#7227,#7228,#7229,#7231,#7233,#7235));
#7237=FACE_OUTER_BOUND('',#7236,.F.);
#7238=ADVANCED_FACE('',(#7237),#7221,.T.);
#7239=CARTESIAN_POINT('',(4.135E0,4.52E0,-1.595E0));
#7240=DIRECTION('',(1.E0,0.E0,0.E0));
#7241=DIRECTION('',(0.E0,0.E0,1.E0));
#7242=AXIS2_PLACEMENT_3D('',#7239,#7240,#7241);
#7243=PLANE('',#7242);
#7245=ORIENTED_EDGE('',*,*,#7244,.T.);
#7247=ORIENTED_EDGE('',*,*,#7246,.T.);
#7248=ORIENTED_EDGE('',*,*,#5164,.F.);
#7249=ORIENTED_EDGE('',*,*,#7209,.F.);
#7250=EDGE_LOOP('',(#7245,#7247,#7248,#7249));
#7251=FACE_OUTER_BOUND('',#7250,.F.);
#7252=ADVANCED_FACE('',(#7251),#7243,.T.);
#7253=CARTESIAN_POINT('',(4.035E0,-7.628E0,7.525E0));
#7254=DIRECTION('',(9.284766908853E-1,0.E0,3.713906763541E-1));
#7255=DIRECTION('',(0.E0,-1.E0,0.E0));
#7256=AXIS2_PLACEMENT_3D('',#7253,#7254,#7255);
#7257=PLANE('',#7256);
#7258=ORIENTED_EDGE('',*,*,#7222,.F.);
#7260=ORIENTED_EDGE('',*,*,#7259,.F.);
#7262=ORIENTED_EDGE('',*,*,#7261,.T.);
#7264=ORIENTED_EDGE('',*,*,#7263,.F.);
#7265=EDGE_LOOP('',(#7258,#7260,#7262,#7264));
#7266=FACE_OUTER_BOUND('',#7265,.F.);
#7267=ADVANCED_FACE('',(#7266),#7257,.T.);
#7268=CARTESIAN_POINT('',(3.81E0,-7.853E0,7.525E0));
#7269=DIRECTION('',(0.E0,-9.284766908853E-1,3.713906763541E-1));
#7270=DIRECTION('',(-1.E0,0.E0,0.E0));
#7271=AXIS2_PLACEMENT_3D('',#7268,#7269,#7270);
#7272=PLANE('',#7271);
#7274=ORIENTED_EDGE('',*,*,#7273,.F.);
#7276=ORIENTED_EDGE('',*,*,#7275,.T.);
#7278=ORIENTED_EDGE('',*,*,#7277,.T.);
#7279=ORIENTED_EDGE('',*,*,#7259,.T.);
#7280=EDGE_LOOP('',(#7274,#7276,#7278,#7279));
#7281=FACE_OUTER_BOUND('',#7280,.F.);
#7282=ADVANCED_FACE('',(#7281),#7272,.T.);
#7283=CARTESIAN_POINT('',(3.485E0,-7.953E0,-7.62E-1));
#7284=DIRECTION('',(0.E0,-1.E0,0.E0));
#7285=DIRECTION('',(1.E0,0.E0,0.E0));
#7286=AXIS2_PLACEMENT_3D('',#7283,#7284,#7285);
#7287=PLANE('',#7286);
#7288=ORIENTED_EDGE('',*,*,#7273,.T.);
#7289=ORIENTED_EDGE('',*,*,#7234,.F.);
#7291=ORIENTED_EDGE('',*,*,#7290,.F.);
#7293=ORIENTED_EDGE('',*,*,#7292,.T.);
#7294=EDGE_LOOP('',(#7288,#7289,#7291,#7293));
#7295=FACE_OUTER_BOUND('',#7294,.F.);
#7296=ADVANCED_FACE('',(#7295),#7287,.T.);
#7297=CARTESIAN_POINT('',(4.81E0,-7.12E0,-7.62E-1));
#7298=DIRECTION('',(-1.E0,0.E0,0.E0));
#7299=DIRECTION('',(0.E0,0.E0,1.E0));
#7300=AXIS2_PLACEMENT_3D('',#7297,#7298,#7299);
#7301=CYLINDRICAL_SURFACE('',#7300,8.33E-1);
#7303=ORIENTED_EDGE('',*,*,#7302,.F.);
#7305=ORIENTED_EDGE('',*,*,#7304,.T.);
#7306=ORIENTED_EDGE('',*,*,#7290,.T.);
#7307=ORIENTED_EDGE('',*,*,#7232,.F.);
#7308=EDGE_LOOP('',(#7303,#7305,#7306,#7307));
#7309=FACE_OUTER_BOUND('',#7308,.F.);
#7310=ADVANCED_FACE('',(#7309),#7301,.T.);
#7311=CARTESIAN_POINT('',(3.485E0,4.52E0,-1.595E0));
#7312=DIRECTION('',(0.E0,0.E0,-1.E0));
#7313=DIRECTION('',(1.E0,0.E0,0.E0));
#7314=AXIS2_PLACEMENT_3D('',#7311,#7312,#7313);
#7315=PLANE('',#7314);
#7316=ORIENTED_EDGE('',*,*,#4596,.F.);
#7318=ORIENTED_EDGE('',*,*,#7317,.T.);
#7319=ORIENTED_EDGE('',*,*,#7302,.T.);
#7320=ORIENTED_EDGE('',*,*,#7230,.F.);
#7321=EDGE_LOOP('',(#7316,#7318,#7319,#7320));
#7322=FACE_OUTER_BOUND('',#7321,.F.);
#7323=ADVANCED_FACE('',(#7322),#7315,.T.);
#7324=CARTESIAN_POINT('',(3.485E0,4.52E0,-1.595E0));
#7325=DIRECTION('',(0.E0,0.E0,-1.E0));
#7326=DIRECTION('',(1.E0,0.E0,0.E0));
#7327=AXIS2_PLACEMENT_3D('',#7324,#7325,#7326);
#7328=PLANE('',#7327);
#7330=ORIENTED_EDGE('',*,*,#7329,.T.);
#7332=ORIENTED_EDGE('',*,*,#7331,.T.);
#7333=ORIENTED_EDGE('',*,*,#5166,.T.);
#7334=ORIENTED_EDGE('',*,*,#7246,.F.);
#7335=EDGE_LOOP('',(#7330,#7332,#7333,#7334));
#7336=FACE_OUTER_BOUND('',#7335,.F.);
#7337=ADVANCED_FACE('',(#7336),#7328,.T.);
#7338=CARTESIAN_POINT('',(3.485E0,4.52E0,-9.45E-1));
#7339=DIRECTION('',(-1.E0,0.E0,0.E0));
#7340=DIRECTION('',(0.E0,0.E0,-1.E0));
#7341=AXIS2_PLACEMENT_3D('',#7338,#7339,#7340);
#7342=PLANE('',#7341);
#7344=ORIENTED_EDGE('',*,*,#7343,.T.);
#7345=ORIENTED_EDGE('',*,*,#7292,.F.);
#7346=ORIENTED_EDGE('',*,*,#7304,.F.);
#7347=ORIENTED_EDGE('',*,*,#7317,.F.);
#7348=ORIENTED_EDGE('',*,*,#4594,.F.);
#7349=ORIENTED_EDGE('',*,*,#7197,.T.);
#7351=ORIENTED_EDGE('',*,*,#7350,.T.);
#7353=ORIENTED_EDGE('',*,*,#7352,.T.);
#7354=EDGE_LOOP('',(#7344,#7345,#7346,#7347,#7348,#7349,#7351,#7353));
#7355=FACE_OUTER_BOUND('',#7354,.F.);
#7356=ADVANCED_FACE('',(#7355),#7342,.T.);
#7357=CARTESIAN_POINT('',(3.485E0,4.52E0,-9.45E-1));
#7358=DIRECTION('',(-1.E0,0.E0,0.E0));
#7359=DIRECTION('',(0.E0,0.E0,-1.E0));
#7360=AXIS2_PLACEMENT_3D('',#7357,#7358,#7359);
#7361=PLANE('',#7360);
#7363=ORIENTED_EDGE('',*,*,#7362,.T.);
#7364=ORIENTED_EDGE('',*,*,#7212,.T.);
#7365=ORIENTED_EDGE('',*,*,#5168,.T.);
#7366=ORIENTED_EDGE('',*,*,#7331,.F.);
#7367=EDGE_LOOP('',(#7363,#7364,#7365,#7366));
#7368=FACE_OUTER_BOUND('',#7367,.F.);
#7369=ADVANCED_FACE('',(#7368),#7361,.T.);
#7370=CARTESIAN_POINT('',(3.585E0,-7.628E0,7.525E0));
#7371=DIRECTION('',(-9.284766908853E-1,0.E0,3.713906763541E-1));
#7372=DIRECTION('',(0.E0,-1.E0,0.E0));
#7373=AXIS2_PLACEMENT_3D('',#7370,#7371,#7372);
#7374=PLANE('',#7373);
#7376=ORIENTED_EDGE('',*,*,#7375,.T.);
#7377=ORIENTED_EDGE('',*,*,#7275,.F.);
#7378=ORIENTED_EDGE('',*,*,#7343,.F.);
#7380=ORIENTED_EDGE('',*,*,#7379,.F.);
#7381=EDGE_LOOP('',(#7376,#7377,#7378,#7380));
#7382=FACE_OUTER_BOUND('',#7381,.F.);
#7383=ADVANCED_FACE('',(#7382),#7374,.T.);
#7384=CARTESIAN_POINT('',(3.81E0,-7.628E0,7.775E0));
#7385=DIRECTION('',(0.E0,0.E0,1.E0));
#7386=DIRECTION('',(0.E0,-1.E0,0.E0));
#7387=AXIS2_PLACEMENT_3D('',#7384,#7385,#7386);
#7388=PLANE('',#7387);
#7389=ORIENTED_EDGE('',*,*,#7261,.F.);
#7390=ORIENTED_EDGE('',*,*,#7277,.F.);
#7391=ORIENTED_EDGE('',*,*,#7375,.F.);
#7393=ORIENTED_EDGE('',*,*,#7392,.F.);
#7394=EDGE_LOOP('',(#7389,#7390,#7391,#7393));
#7395=FACE_OUTER_BOUND('',#7394,.F.);
#7396=ADVANCED_FACE('',(#7395),#7388,.T.);
#7397=CARTESIAN_POINT('',(3.81E0,-7.403E0,7.525E0));
#7398=DIRECTION('',(0.E0,9.284766908853E-1,3.713906763541E-1));
#7399=DIRECTION('',(-1.E0,0.E0,0.E0));
#7400=AXIS2_PLACEMENT_3D('',#7397,#7398,#7399);
#7401=PLANE('',#7400);
#7403=ORIENTED_EDGE('',*,*,#7402,.F.);
#7404=ORIENTED_EDGE('',*,*,#7263,.T.);
#7405=ORIENTED_EDGE('',*,*,#7392,.T.);
#7406=ORIENTED_EDGE('',*,*,#7379,.T.);
#7407=EDGE_LOOP('',(#7403,#7404,#7405,#7406));
#7408=FACE_OUTER_BOUND('',#7407,.F.);
#7409=ADVANCED_FACE('',(#7408),#7401,.T.);
#7410=CARTESIAN_POINT('',(4.135E0,-7.303E0,-7.62E-1));
#7411=DIRECTION('',(0.E0,1.E0,0.E0));
#7412=DIRECTION('',(-1.E0,0.E0,0.E0));
#7413=AXIS2_PLACEMENT_3D('',#7410,#7411,#7412);
#7414=PLANE('',#7413);
#7415=ORIENTED_EDGE('',*,*,#7402,.T.);
#7416=ORIENTED_EDGE('',*,*,#7352,.F.);
#7418=ORIENTED_EDGE('',*,*,#7417,.F.);
#7419=ORIENTED_EDGE('',*,*,#7224,.T.);
#7420=EDGE_LOOP('',(#7415,#7416,#7418,#7419));
#7421=FACE_OUTER_BOUND('',#7420,.F.);
#7422=ADVANCED_FACE('',(#7421),#7414,.T.);
#7423=CARTESIAN_POINT('',(4.81E0,-7.12E0,-7.62E-1));
#7424=DIRECTION('',(-1.E0,0.E0,0.E0));
#7425=DIRECTION('',(0.E0,0.E0,1.E0));
#7426=AXIS2_PLACEMENT_3D('',#7423,#7424,#7425);
#7427=CYLINDRICAL_SURFACE('',#7426,1.83E-1);
#7428=ORIENTED_EDGE('',*,*,#7195,.F.);
#7429=ORIENTED_EDGE('',*,*,#7226,.T.);
#7430=ORIENTED_EDGE('',*,*,#7417,.T.);
#7431=ORIENTED_EDGE('',*,*,#7350,.F.);
#7432=EDGE_LOOP('',(#7428,#7429,#7430,#7431));
#7433=FACE_OUTER_BOUND('',#7432,.F.);
#7434=ADVANCED_FACE('',(#7433),#7427,.F.);
#7435=CARTESIAN_POINT('',(3.585E0,4.27E0,-1.27E0));
#7436=DIRECTION('',(-9.284766908853E-1,3.713906763541E-1,0.E0));
#7437=DIRECTION('',(0.E0,0.E0,-1.E0));
#7438=AXIS2_PLACEMENT_3D('',#7435,#7436,#7437);
#7439=PLANE('',#7438);
#7440=ORIENTED_EDGE('',*,*,#7362,.F.);
#7442=ORIENTED_EDGE('',*,*,#7441,.F.);
#7444=ORIENTED_EDGE('',*,*,#7443,.T.);
#7446=ORIENTED_EDGE('',*,*,#7445,.T.);
#7447=EDGE_LOOP('',(#7440,#7442,#7444,#7446));
#7448=FACE_OUTER_BOUND('',#7447,.F.);
#7449=ADVANCED_FACE('',(#7448),#7439,.T.);
#7450=CARTESIAN_POINT('',(3.81E0,4.27E0,-1.495E0));
#7451=DIRECTION('',(0.E0,3.713906763541E-1,-9.284766908853E-1));
#7452=DIRECTION('',(-1.E0,0.E0,0.E0));
#7453=AXIS2_PLACEMENT_3D('',#7450,#7451,#7452);
#7454=PLANE('',#7453);
#7456=ORIENTED_EDGE('',*,*,#7455,.T.);
#7457=ORIENTED_EDGE('',*,*,#7441,.T.);
#7458=ORIENTED_EDGE('',*,*,#7329,.F.);
#7460=ORIENTED_EDGE('',*,*,#7459,.F.);
#7461=EDGE_LOOP('',(#7456,#7457,#7458,#7460));
#7462=FACE_OUTER_BOUND('',#7461,.F.);
#7463=ADVANCED_FACE('',(#7462),#7454,.T.);
#7464=CARTESIAN_POINT('',(3.81E0,4.52E0,-1.27E0));
#7465=DIRECTION('',(0.E0,-1.E0,0.E0));
#7466=DIRECTION('',(0.E0,0.E0,-1.E0));
#7467=AXIS2_PLACEMENT_3D('',#7464,#7465,#7466);
#7468=PLANE('',#7467);
#7470=ORIENTED_EDGE('',*,*,#7469,.F.);
#7471=ORIENTED_EDGE('',*,*,#7443,.F.);
#7472=ORIENTED_EDGE('',*,*,#7455,.F.);
#7474=ORIENTED_EDGE('',*,*,#7473,.F.);
#7475=EDGE_LOOP('',(#7470,#7471,#7472,#7474));
#7476=FACE_OUTER_BOUND('',#7475,.F.);
#7477=ADVANCED_FACE('',(#7476),#7468,.F.);
#7478=CARTESIAN_POINT('',(3.81E0,4.27E0,-1.045E0));
#7479=DIRECTION('',(0.E0,3.713906763541E-1,9.284766908853E-1));
#7480=DIRECTION('',(-1.E0,0.E0,0.E0));
#7481=AXIS2_PLACEMENT_3D('',#7478,#7479,#7480);
#7482=PLANE('',#7481);
#7483=ORIENTED_EDGE('',*,*,#7207,.F.);
#7484=ORIENTED_EDGE('',*,*,#7445,.F.);
#7485=ORIENTED_EDGE('',*,*,#7469,.T.);
#7487=ORIENTED_EDGE('',*,*,#7486,.T.);
#7488=EDGE_LOOP('',(#7483,#7484,#7485,#7487));
#7489=FACE_OUTER_BOUND('',#7488,.F.);
#7490=ADVANCED_FACE('',(#7489),#7482,.T.);
#7491=CARTESIAN_POINT('',(4.035E0,4.27E0,-1.27E0));
#7492=DIRECTION('',(9.284766908853E-1,3.713906763541E-1,0.E0));
#7493=DIRECTION('',(0.E0,0.E0,-1.E0));
#7494=AXIS2_PLACEMENT_3D('',#7491,#7492,#7493);
#7495=PLANE('',#7494);
#7496=ORIENTED_EDGE('',*,*,#7473,.T.);
#7497=ORIENTED_EDGE('',*,*,#7459,.T.);
#7498=ORIENTED_EDGE('',*,*,#7244,.F.);
#7499=ORIENTED_EDGE('',*,*,#7486,.F.);
#7500=EDGE_LOOP('',(#7496,#7497,#7498,#7499));
#7501=FACE_OUTER_BOUND('',#7500,.F.);
#7502=ADVANCED_FACE('',(#7501),#7495,.T.);
#7503=CARTESIAN_POINT('',(1.595E0,4.52E0,-9.45E-1));
#7504=DIRECTION('',(0.E0,0.E0,1.E0));
#7505=DIRECTION('',(-1.E0,0.E0,0.E0));
#7506=AXIS2_PLACEMENT_3D('',#7503,#7504,#7505);
#7507=PLANE('',#7506);
#7508=ORIENTED_EDGE('',*,*,#4602,.F.);
#7510=ORIENTED_EDGE('',*,*,#7509,.T.);
#7512=ORIENTED_EDGE('',*,*,#7511,.T.);
#7514=ORIENTED_EDGE('',*,*,#7513,.F.);
#7515=EDGE_LOOP('',(#7508,#7510,#7512,#7514));
#7516=FACE_OUTER_BOUND('',#7515,.F.);
#7517=ADVANCED_FACE('',(#7516),#7507,.T.);
#7518=CARTESIAN_POINT('',(1.595E0,4.52E0,-9.45E-1));
#7519=DIRECTION('',(0.E0,0.E0,1.E0));
#7520=DIRECTION('',(-1.E0,0.E0,0.E0));
#7521=AXIS2_PLACEMENT_3D('',#7518,#7519,#7520);
#7522=PLANE('',#7521);
#7524=ORIENTED_EDGE('',*,*,#7523,.T.);
#7526=ORIENTED_EDGE('',*,*,#7525,.T.);
#7527=ORIENTED_EDGE('',*,*,#5172,.T.);
#7529=ORIENTED_EDGE('',*,*,#7528,.F.);
#7530=EDGE_LOOP('',(#7524,#7526,#7527,#7529));
#7531=FACE_OUTER_BOUND('',#7530,.F.);
#7532=ADVANCED_FACE('',(#7531),#7522,.T.);
#7533=CARTESIAN_POINT('',(1.595E0,4.52E0,-1.595E0));
#7534=DIRECTION('',(1.E0,0.E0,0.E0));
#7535=DIRECTION('',(0.E0,0.E0,1.E0));
#7536=AXIS2_PLACEMENT_3D('',#7533,#7534,#7535);
#7537=PLANE('',#7536);
#7539=ORIENTED_EDGE('',*,*,#7538,.T.);
#7541=ORIENTED_EDGE('',*,*,#7540,.F.);
#7543=ORIENTED_EDGE('',*,*,#7542,.F.);
#7544=ORIENTED_EDGE('',*,*,#7509,.F.);
#7545=ORIENTED_EDGE('',*,*,#4608,.T.);
#7547=ORIENTED_EDGE('',*,*,#7546,.T.);
#7549=ORIENTED_EDGE('',*,*,#7548,.T.);
#7551=ORIENTED_EDGE('',*,*,#7550,.T.);
#7552=EDGE_LOOP('',(#7539,#7541,#7543,#7544,#7545,#7547,#7549,#7551));
#7553=FACE_OUTER_BOUND('',#7552,.F.);
#7554=ADVANCED_FACE('',(#7553),#7537,.T.);
#7555=CARTESIAN_POINT('',(1.595E0,4.52E0,-1.595E0));
#7556=DIRECTION('',(1.E0,0.E0,0.E0));
#7557=DIRECTION('',(0.E0,0.E0,1.E0));
#7558=AXIS2_PLACEMENT_3D('',#7555,#7556,#7557);
#7559=PLANE('',#7558);
#7561=ORIENTED_EDGE('',*,*,#7560,.T.);
#7563=ORIENTED_EDGE('',*,*,#7562,.T.);
#7564=ORIENTED_EDGE('',*,*,#5174,.F.);
#7565=ORIENTED_EDGE('',*,*,#7525,.F.);
#7566=EDGE_LOOP('',(#7561,#7563,#7564,#7565));
#7567=FACE_OUTER_BOUND('',#7566,.F.);
#7568=ADVANCED_FACE('',(#7567),#7559,.T.);
#7569=CARTESIAN_POINT('',(1.495E0,-7.628E0,7.525E0));
#7570=DIRECTION('',(9.284766908853E-1,0.E0,3.713906763541E-1));
#7571=DIRECTION('',(0.E0,-1.E0,0.E0));
#7572=AXIS2_PLACEMENT_3D('',#7569,#7570,#7571);
#7573=PLANE('',#7572);
#7574=ORIENTED_EDGE('',*,*,#7538,.F.);
#7576=ORIENTED_EDGE('',*,*,#7575,.F.);
#7578=ORIENTED_EDGE('',*,*,#7577,.T.);
#7580=ORIENTED_EDGE('',*,*,#7579,.F.);
#7581=EDGE_LOOP('',(#7574,#7576,#7578,#7580));
#7582=FACE_OUTER_BOUND('',#7581,.F.);
#7583=ADVANCED_FACE('',(#7582),#7573,.T.);
#7584=CARTESIAN_POINT('',(1.27E0,-7.853E0,7.525E0));
#7585=DIRECTION('',(0.E0,-9.284766908853E-1,3.713906763541E-1));
#7586=DIRECTION('',(-1.E0,0.E0,0.E0));
#7587=AXIS2_PLACEMENT_3D('',#7584,#7585,#7586);
#7588=PLANE('',#7587);
#7590=ORIENTED_EDGE('',*,*,#7589,.F.);
#7592=ORIENTED_EDGE('',*,*,#7591,.T.);
#7594=ORIENTED_EDGE('',*,*,#7593,.T.);
#7595=ORIENTED_EDGE('',*,*,#7575,.T.);
#7596=EDGE_LOOP('',(#7590,#7592,#7594,#7595));
#7597=FACE_OUTER_BOUND('',#7596,.F.);
#7598=ADVANCED_FACE('',(#7597),#7588,.T.);
#7599=CARTESIAN_POINT('',(9.45E-1,-7.953E0,-7.62E-1));
#7600=DIRECTION('',(0.E0,-1.E0,0.E0));
#7601=DIRECTION('',(1.E0,0.E0,0.E0));
#7602=AXIS2_PLACEMENT_3D('',#7599,#7600,#7601);
#7603=PLANE('',#7602);
#7604=ORIENTED_EDGE('',*,*,#7589,.T.);
#7605=ORIENTED_EDGE('',*,*,#7550,.F.);
#7607=ORIENTED_EDGE('',*,*,#7606,.F.);
#7609=ORIENTED_EDGE('',*,*,#7608,.T.);
#7610=EDGE_LOOP('',(#7604,#7605,#7607,#7609));
#7611=FACE_OUTER_BOUND('',#7610,.F.);
#7612=ADVANCED_FACE('',(#7611),#7603,.T.);
#7613=CARTESIAN_POINT('',(2.27E0,-7.12E0,-7.62E-1));
#7614=DIRECTION('',(-1.E0,0.E0,0.E0));
#7615=DIRECTION('',(0.E0,0.E0,1.E0));
#7616=AXIS2_PLACEMENT_3D('',#7613,#7614,#7615);
#7617=CYLINDRICAL_SURFACE('',#7616,8.33E-1);
#7619=ORIENTED_EDGE('',*,*,#7618,.F.);
#7621=ORIENTED_EDGE('',*,*,#7620,.T.);
#7622=ORIENTED_EDGE('',*,*,#7606,.T.);
#7623=ORIENTED_EDGE('',*,*,#7548,.F.);
#7624=EDGE_LOOP('',(#7619,#7621,#7622,#7623));
#7625=FACE_OUTER_BOUND('',#7624,.F.);
#7626=ADVANCED_FACE('',(#7625),#7617,.T.);
#7627=CARTESIAN_POINT('',(9.45E-1,4.52E0,-1.595E0));
#7628=DIRECTION('',(0.E0,0.E0,-1.E0));
#7629=DIRECTION('',(1.E0,0.E0,0.E0));
#7630=AXIS2_PLACEMENT_3D('',#7627,#7628,#7629);
#7631=PLANE('',#7630);
#7632=ORIENTED_EDGE('',*,*,#4606,.F.);
#7634=ORIENTED_EDGE('',*,*,#7633,.T.);
#7635=ORIENTED_EDGE('',*,*,#7618,.T.);
#7636=ORIENTED_EDGE('',*,*,#7546,.F.);
#7637=EDGE_LOOP('',(#7632,#7634,#7635,#7636));
#7638=FACE_OUTER_BOUND('',#7637,.F.);
#7639=ADVANCED_FACE('',(#7638),#7631,.T.);
#7640=CARTESIAN_POINT('',(9.45E-1,4.52E0,-1.595E0));
#7641=DIRECTION('',(0.E0,0.E0,-1.E0));
#7642=DIRECTION('',(1.E0,0.E0,0.E0));
#7643=AXIS2_PLACEMENT_3D('',#7640,#7641,#7642);
#7644=PLANE('',#7643);
#7646=ORIENTED_EDGE('',*,*,#7645,.T.);
#7648=ORIENTED_EDGE('',*,*,#7647,.T.);
#7649=ORIENTED_EDGE('',*,*,#5176,.T.);
#7650=ORIENTED_EDGE('',*,*,#7562,.F.);
#7651=EDGE_LOOP('',(#7646,#7648,#7649,#7650));
#7652=FACE_OUTER_BOUND('',#7651,.F.);
#7653=ADVANCED_FACE('',(#7652),#7644,.T.);
#7654=CARTESIAN_POINT('',(9.45E-1,4.52E0,-9.45E-1));
#7655=DIRECTION('',(-1.E0,0.E0,0.E0));
#7656=DIRECTION('',(0.E0,0.E0,-1.E0));
#7657=AXIS2_PLACEMENT_3D('',#7654,#7655,#7656);
#7658=PLANE('',#7657);
#7660=ORIENTED_EDGE('',*,*,#7659,.T.);
#7661=ORIENTED_EDGE('',*,*,#7608,.F.);
#7662=ORIENTED_EDGE('',*,*,#7620,.F.);
#7663=ORIENTED_EDGE('',*,*,#7633,.F.);
#7664=ORIENTED_EDGE('',*,*,#4604,.F.);
#7665=ORIENTED_EDGE('',*,*,#7513,.T.);
#7667=ORIENTED_EDGE('',*,*,#7666,.T.);
#7669=ORIENTED_EDGE('',*,*,#7668,.T.);
#7670=EDGE_LOOP('',(#7660,#7661,#7662,#7663,#7664,#7665,#7667,#7669));
#7671=FACE_OUTER_BOUND('',#7670,.F.);
#7672=ADVANCED_FACE('',(#7671),#7658,.T.);
#7673=CARTESIAN_POINT('',(9.45E-1,4.52E0,-9.45E-1));
#7674=DIRECTION('',(-1.E0,0.E0,0.E0));
#7675=DIRECTION('',(0.E0,0.E0,-1.E0));
#7676=AXIS2_PLACEMENT_3D('',#7673,#7674,#7675);
#7677=PLANE('',#7676);
#7679=ORIENTED_EDGE('',*,*,#7678,.T.);
#7680=ORIENTED_EDGE('',*,*,#7528,.T.);
#7681=ORIENTED_EDGE('',*,*,#5178,.T.);
#7682=ORIENTED_EDGE('',*,*,#7647,.F.);
#7683=EDGE_LOOP('',(#7679,#7680,#7681,#7682));
#7684=FACE_OUTER_BOUND('',#7683,.F.);
#7685=ADVANCED_FACE('',(#7684),#7677,.T.);
#7686=CARTESIAN_POINT('',(1.045E0,-7.628E0,7.525E0));
#7687=DIRECTION('',(-9.284766908853E-1,0.E0,3.713906763541E-1));
#7688=DIRECTION('',(0.E0,-1.E0,0.E0));
#7689=AXIS2_PLACEMENT_3D('',#7686,#7687,#7688);
#7690=PLANE('',#7689);
#7692=ORIENTED_EDGE('',*,*,#7691,.T.);
#7693=ORIENTED_EDGE('',*,*,#7591,.F.);
#7694=ORIENTED_EDGE('',*,*,#7659,.F.);
#7696=ORIENTED_EDGE('',*,*,#7695,.F.);
#7697=EDGE_LOOP('',(#7692,#7693,#7694,#7696));
#7698=FACE_OUTER_BOUND('',#7697,.F.);
#7699=ADVANCED_FACE('',(#7698),#7690,.T.);
#7700=CARTESIAN_POINT('',(1.27E0,-7.628E0,7.775E0));
#7701=DIRECTION('',(0.E0,0.E0,1.E0));
#7702=DIRECTION('',(0.E0,-1.E0,0.E0));
#7703=AXIS2_PLACEMENT_3D('',#7700,#7701,#7702);
#7704=PLANE('',#7703);
#7705=ORIENTED_EDGE('',*,*,#7577,.F.);
#7706=ORIENTED_EDGE('',*,*,#7593,.F.);
#7707=ORIENTED_EDGE('',*,*,#7691,.F.);
#7709=ORIENTED_EDGE('',*,*,#7708,.F.);
#7710=EDGE_LOOP('',(#7705,#7706,#7707,#7709));
#7711=FACE_OUTER_BOUND('',#7710,.F.);
#7712=ADVANCED_FACE('',(#7711),#7704,.T.);
#7713=CARTESIAN_POINT('',(1.27E0,-7.403E0,7.525E0));
#7714=DIRECTION('',(0.E0,9.284766908853E-1,3.713906763541E-1));
#7715=DIRECTION('',(-1.E0,0.E0,0.E0));
#7716=AXIS2_PLACEMENT_3D('',#7713,#7714,#7715);
#7717=PLANE('',#7716);
#7719=ORIENTED_EDGE('',*,*,#7718,.F.);
#7720=ORIENTED_EDGE('',*,*,#7579,.T.);
#7721=ORIENTED_EDGE('',*,*,#7708,.T.);
#7722=ORIENTED_EDGE('',*,*,#7695,.T.);
#7723=EDGE_LOOP('',(#7719,#7720,#7721,#7722));
#7724=FACE_OUTER_BOUND('',#7723,.F.);
#7725=ADVANCED_FACE('',(#7724),#7717,.T.);
#7726=CARTESIAN_POINT('',(1.595E0,-7.303E0,-7.62E-1));
#7727=DIRECTION('',(0.E0,1.E0,0.E0));
#7728=DIRECTION('',(-1.E0,0.E0,0.E0));
#7729=AXIS2_PLACEMENT_3D('',#7726,#7727,#7728);
#7730=PLANE('',#7729);
#7731=ORIENTED_EDGE('',*,*,#7718,.T.);
#7732=ORIENTED_EDGE('',*,*,#7668,.F.);
#7734=ORIENTED_EDGE('',*,*,#7733,.F.);
#7735=ORIENTED_EDGE('',*,*,#7540,.T.);
#7736=EDGE_LOOP('',(#7731,#7732,#7734,#7735));
#7737=FACE_OUTER_BOUND('',#7736,.F.);
#7738=ADVANCED_FACE('',(#7737),#7730,.T.);
#7739=CARTESIAN_POINT('',(2.27E0,-7.12E0,-7.62E-1));
#7740=DIRECTION('',(-1.E0,0.E0,0.E0));
#7741=DIRECTION('',(0.E0,0.E0,1.E0));
#7742=AXIS2_PLACEMENT_3D('',#7739,#7740,#7741);
#7743=CYLINDRICAL_SURFACE('',#7742,1.83E-1);
#7744=ORIENTED_EDGE('',*,*,#7511,.F.);
#7745=ORIENTED_EDGE('',*,*,#7542,.T.);
#7746=ORIENTED_EDGE('',*,*,#7733,.T.);
#7747=ORIENTED_EDGE('',*,*,#7666,.F.);
#7748=EDGE_LOOP('',(#7744,#7745,#7746,#7747));
#7749=FACE_OUTER_BOUND('',#7748,.F.);
#7750=ADVANCED_FACE('',(#7749),#7743,.F.);
#7751=CARTESIAN_POINT('',(1.045E0,4.27E0,-1.27E0));
#7752=DIRECTION('',(-9.284766908853E-1,3.713906763541E-1,0.E0));
#7753=DIRECTION('',(0.E0,0.E0,-1.E0));
#7754=AXIS2_PLACEMENT_3D('',#7751,#7752,#7753);
#7755=PLANE('',#7754);
#7756=ORIENTED_EDGE('',*,*,#7678,.F.);
#7758=ORIENTED_EDGE('',*,*,#7757,.F.);
#7760=ORIENTED_EDGE('',*,*,#7759,.T.);
#7762=ORIENTED_EDGE('',*,*,#7761,.T.);
#7763=EDGE_LOOP('',(#7756,#7758,#7760,#7762));
#7764=FACE_OUTER_BOUND('',#7763,.F.);
#7765=ADVANCED_FACE('',(#7764),#7755,.T.);
#7766=CARTESIAN_POINT('',(1.27E0,4.27E0,-1.495E0));
#7767=DIRECTION('',(0.E0,3.713906763541E-1,-9.284766908853E-1));
#7768=DIRECTION('',(-1.E0,0.E0,0.E0));
#7769=AXIS2_PLACEMENT_3D('',#7766,#7767,#7768);
#7770=PLANE('',#7769);
#7772=ORIENTED_EDGE('',*,*,#7771,.T.);
#7773=ORIENTED_EDGE('',*,*,#7757,.T.);
#7774=ORIENTED_EDGE('',*,*,#7645,.F.);
#7776=ORIENTED_EDGE('',*,*,#7775,.F.);
#7777=EDGE_LOOP('',(#7772,#7773,#7774,#7776));
#7778=FACE_OUTER_BOUND('',#7777,.F.);
#7779=ADVANCED_FACE('',(#7778),#7770,.T.);
#7780=CARTESIAN_POINT('',(1.27E0,4.52E0,-1.27E0));
#7781=DIRECTION('',(0.E0,-1.E0,0.E0));
#7782=DIRECTION('',(0.E0,0.E0,-1.E0));
#7783=AXIS2_PLACEMENT_3D('',#7780,#7781,#7782);
#7784=PLANE('',#7783);
#7786=ORIENTED_EDGE('',*,*,#7785,.F.);
#7787=ORIENTED_EDGE('',*,*,#7759,.F.);
#7788=ORIENTED_EDGE('',*,*,#7771,.F.);
#7790=ORIENTED_EDGE('',*,*,#7789,.F.);
#7791=EDGE_LOOP('',(#7786,#7787,#7788,#7790));
#7792=FACE_OUTER_BOUND('',#7791,.F.);
#7793=ADVANCED_FACE('',(#7792),#7784,.F.);
#7794=CARTESIAN_POINT('',(1.27E0,4.27E0,-1.045E0));
#7795=DIRECTION('',(0.E0,3.713906763541E-1,9.284766908853E-1));
#7796=DIRECTION('',(-1.E0,0.E0,0.E0));
#7797=AXIS2_PLACEMENT_3D('',#7794,#7795,#7796);
#7798=PLANE('',#7797);
#7799=ORIENTED_EDGE('',*,*,#7523,.F.);
#7800=ORIENTED_EDGE('',*,*,#7761,.F.);
#7801=ORIENTED_EDGE('',*,*,#7785,.T.);
#7803=ORIENTED_EDGE('',*,*,#7802,.T.);
#7804=EDGE_LOOP('',(#7799,#7800,#7801,#7803));
#7805=FACE_OUTER_BOUND('',#7804,.F.);
#7806=ADVANCED_FACE('',(#7805),#7798,.T.);
#7807=CARTESIAN_POINT('',(1.495E0,4.27E0,-1.27E0));
#7808=DIRECTION('',(9.284766908853E-1,3.713906763541E-1,0.E0));
#7809=DIRECTION('',(0.E0,0.E0,-1.E0));
#7810=AXIS2_PLACEMENT_3D('',#7807,#7808,#7809);
#7811=PLANE('',#7810);
#7812=ORIENTED_EDGE('',*,*,#7789,.T.);
#7813=ORIENTED_EDGE('',*,*,#7775,.T.);
#7814=ORIENTED_EDGE('',*,*,#7560,.F.);
#7815=ORIENTED_EDGE('',*,*,#7802,.F.);
#7816=EDGE_LOOP('',(#7812,#7813,#7814,#7815));
#7817=FACE_OUTER_BOUND('',#7816,.F.);
#7818=ADVANCED_FACE('',(#7817),#7811,.T.);
#7819=CARTESIAN_POINT('',(-9.45E-1,4.52E0,-9.45E-1));
#7820=DIRECTION('',(0.E0,0.E0,1.E0));
#7821=DIRECTION('',(-1.E0,0.E0,0.E0));
#7822=AXIS2_PLACEMENT_3D('',#7819,#7820,#7821);
#7823=PLANE('',#7822);
#7824=ORIENTED_EDGE('',*,*,#4612,.F.);
#7826=ORIENTED_EDGE('',*,*,#7825,.T.);
#7828=ORIENTED_EDGE('',*,*,#7827,.T.);
#7830=ORIENTED_EDGE('',*,*,#7829,.F.);
#7831=EDGE_LOOP('',(#7824,#7826,#7828,#7830));
#7832=FACE_OUTER_BOUND('',#7831,.F.);
#7833=ADVANCED_FACE('',(#7832),#7823,.T.);
#7834=CARTESIAN_POINT('',(-9.45E-1,4.52E0,-9.45E-1));
#7835=DIRECTION('',(0.E0,0.E0,1.E0));
#7836=DIRECTION('',(-1.E0,0.E0,0.E0));
#7837=AXIS2_PLACEMENT_3D('',#7834,#7835,#7836);
#7838=PLANE('',#7837);
#7840=ORIENTED_EDGE('',*,*,#7839,.T.);
#7842=ORIENTED_EDGE('',*,*,#7841,.T.);
#7843=ORIENTED_EDGE('',*,*,#5182,.T.);
#7845=ORIENTED_EDGE('',*,*,#7844,.F.);
#7846=EDGE_LOOP('',(#7840,#7842,#7843,#7845));
#7847=FACE_OUTER_BOUND('',#7846,.F.);
#7848=ADVANCED_FACE('',(#7847),#7838,.T.);
#7849=CARTESIAN_POINT('',(-9.45E-1,4.52E0,-1.595E0));
#7850=DIRECTION('',(1.E0,0.E0,0.E0));
#7851=DIRECTION('',(0.E0,0.E0,1.E0));
#7852=AXIS2_PLACEMENT_3D('',#7849,#7850,#7851);
#7853=PLANE('',#7852);
#7855=ORIENTED_EDGE('',*,*,#7854,.T.);
#7857=ORIENTED_EDGE('',*,*,#7856,.F.);
#7859=ORIENTED_EDGE('',*,*,#7858,.F.);
#7860=ORIENTED_EDGE('',*,*,#7825,.F.);
#7861=ORIENTED_EDGE('',*,*,#4618,.T.);
#7863=ORIENTED_EDGE('',*,*,#7862,.T.);
#7865=ORIENTED_EDGE('',*,*,#7864,.T.);
#7867=ORIENTED_EDGE('',*,*,#7866,.T.);
#7868=EDGE_LOOP('',(#7855,#7857,#7859,#7860,#7861,#7863,#7865,#7867));
#7869=FACE_OUTER_BOUND('',#7868,.F.);
#7870=ADVANCED_FACE('',(#7869),#7853,.T.);
#7871=CARTESIAN_POINT('',(-9.45E-1,4.52E0,-1.595E0));
#7872=DIRECTION('',(1.E0,0.E0,0.E0));
#7873=DIRECTION('',(0.E0,0.E0,1.E0));
#7874=AXIS2_PLACEMENT_3D('',#7871,#7872,#7873);
#7875=PLANE('',#7874);
#7877=ORIENTED_EDGE('',*,*,#7876,.T.);
#7879=ORIENTED_EDGE('',*,*,#7878,.T.);
#7880=ORIENTED_EDGE('',*,*,#5184,.F.);
#7881=ORIENTED_EDGE('',*,*,#7841,.F.);
#7882=EDGE_LOOP('',(#7877,#7879,#7880,#7881));
#7883=FACE_OUTER_BOUND('',#7882,.F.);
#7884=ADVANCED_FACE('',(#7883),#7875,.T.);
#7885=CARTESIAN_POINT('',(-1.045E0,-7.628E0,7.525E0));
#7886=DIRECTION('',(9.284766908853E-1,0.E0,3.713906763541E-1));
#7887=DIRECTION('',(0.E0,-1.E0,0.E0));
#7888=AXIS2_PLACEMENT_3D('',#7885,#7886,#7887);
#7889=PLANE('',#7888);
#7890=ORIENTED_EDGE('',*,*,#7854,.F.);
#7892=ORIENTED_EDGE('',*,*,#7891,.F.);
#7894=ORIENTED_EDGE('',*,*,#7893,.T.);
#7896=ORIENTED_EDGE('',*,*,#7895,.F.);
#7897=EDGE_LOOP('',(#7890,#7892,#7894,#7896));
#7898=FACE_OUTER_BOUND('',#7897,.F.);
#7899=ADVANCED_FACE('',(#7898),#7889,.T.);
#7900=CARTESIAN_POINT('',(-1.27E0,-7.853E0,7.525E0));
#7901=DIRECTION('',(0.E0,-9.284766908853E-1,3.713906763541E-1));
#7902=DIRECTION('',(-1.E0,0.E0,0.E0));
#7903=AXIS2_PLACEMENT_3D('',#7900,#7901,#7902);
#7904=PLANE('',#7903);
#7906=ORIENTED_EDGE('',*,*,#7905,.F.);
#7908=ORIENTED_EDGE('',*,*,#7907,.T.);
#7910=ORIENTED_EDGE('',*,*,#7909,.T.);
#7911=ORIENTED_EDGE('',*,*,#7891,.T.);
#7912=EDGE_LOOP('',(#7906,#7908,#7910,#7911));
#7913=FACE_OUTER_BOUND('',#7912,.F.);
#7914=ADVANCED_FACE('',(#7913),#7904,.T.);
#7915=CARTESIAN_POINT('',(-1.595E0,-7.953E0,-7.62E-1));
#7916=DIRECTION('',(0.E0,-1.E0,0.E0));
#7917=DIRECTION('',(1.E0,0.E0,0.E0));
#7918=AXIS2_PLACEMENT_3D('',#7915,#7916,#7917);
#7919=PLANE('',#7918);
#7920=ORIENTED_EDGE('',*,*,#7905,.T.);
#7921=ORIENTED_EDGE('',*,*,#7866,.F.);
#7923=ORIENTED_EDGE('',*,*,#7922,.F.);
#7925=ORIENTED_EDGE('',*,*,#7924,.T.);
#7926=EDGE_LOOP('',(#7920,#7921,#7923,#7925));
#7927=FACE_OUTER_BOUND('',#7926,.F.);
#7928=ADVANCED_FACE('',(#7927),#7919,.T.);
#7929=CARTESIAN_POINT('',(-2.7E-1,-7.12E0,-7.62E-1));
#7930=DIRECTION('',(-1.E0,0.E0,0.E0));
#7931=DIRECTION('',(0.E0,0.E0,1.E0));
#7932=AXIS2_PLACEMENT_3D('',#7929,#7930,#7931);
#7933=CYLINDRICAL_SURFACE('',#7932,8.33E-1);
#7935=ORIENTED_EDGE('',*,*,#7934,.F.);
#7937=ORIENTED_EDGE('',*,*,#7936,.T.);
#7938=ORIENTED_EDGE('',*,*,#7922,.T.);
#7939=ORIENTED_EDGE('',*,*,#7864,.F.);
#7940=EDGE_LOOP('',(#7935,#7937,#7938,#7939));
#7941=FACE_OUTER_BOUND('',#7940,.F.);
#7942=ADVANCED_FACE('',(#7941),#7933,.T.);
#7943=CARTESIAN_POINT('',(-1.595E0,4.52E0,-1.595E0));
#7944=DIRECTION('',(0.E0,0.E0,-1.E0));
#7945=DIRECTION('',(1.E0,0.E0,0.E0));
#7946=AXIS2_PLACEMENT_3D('',#7943,#7944,#7945);
#7947=PLANE('',#7946);
#7948=ORIENTED_EDGE('',*,*,#4616,.F.);
#7950=ORIENTED_EDGE('',*,*,#7949,.T.);
#7951=ORIENTED_EDGE('',*,*,#7934,.T.);
#7952=ORIENTED_EDGE('',*,*,#7862,.F.);
#7953=EDGE_LOOP('',(#7948,#7950,#7951,#7952));
#7954=FACE_OUTER_BOUND('',#7953,.F.);
#7955=ADVANCED_FACE('',(#7954),#7947,.T.);
#7956=CARTESIAN_POINT('',(-1.595E0,4.52E0,-1.595E0));
#7957=DIRECTION('',(0.E0,0.E0,-1.E0));
#7958=DIRECTION('',(1.E0,0.E0,0.E0));
#7959=AXIS2_PLACEMENT_3D('',#7956,#7957,#7958);
#7960=PLANE('',#7959);
#7962=ORIENTED_EDGE('',*,*,#7961,.T.);
#7964=ORIENTED_EDGE('',*,*,#7963,.T.);
#7965=ORIENTED_EDGE('',*,*,#5186,.T.);
#7966=ORIENTED_EDGE('',*,*,#7878,.F.);
#7967=EDGE_LOOP('',(#7962,#7964,#7965,#7966));
#7968=FACE_OUTER_BOUND('',#7967,.F.);
#7969=ADVANCED_FACE('',(#7968),#7960,.T.);
#7970=CARTESIAN_POINT('',(-1.595E0,4.52E0,-9.45E-1));
#7971=DIRECTION('',(-1.E0,0.E0,0.E0));
#7972=DIRECTION('',(0.E0,0.E0,-1.E0));
#7973=AXIS2_PLACEMENT_3D('',#7970,#7971,#7972);
#7974=PLANE('',#7973);
#7976=ORIENTED_EDGE('',*,*,#7975,.T.);
#7977=ORIENTED_EDGE('',*,*,#7924,.F.);
#7978=ORIENTED_EDGE('',*,*,#7936,.F.);
#7979=ORIENTED_EDGE('',*,*,#7949,.F.);
#7980=ORIENTED_EDGE('',*,*,#4614,.F.);
#7981=ORIENTED_EDGE('',*,*,#7829,.T.);
#7983=ORIENTED_EDGE('',*,*,#7982,.T.);
#7985=ORIENTED_EDGE('',*,*,#7984,.T.);
#7986=EDGE_LOOP('',(#7976,#7977,#7978,#7979,#7980,#7981,#7983,#7985));
#7987=FACE_OUTER_BOUND('',#7986,.F.);
#7988=ADVANCED_FACE('',(#7987),#7974,.T.);
#7989=CARTESIAN_POINT('',(-1.595E0,4.52E0,-9.45E-1));
#7990=DIRECTION('',(-1.E0,0.E0,0.E0));
#7991=DIRECTION('',(0.E0,0.E0,-1.E0));
#7992=AXIS2_PLACEMENT_3D('',#7989,#7990,#7991);
#7993=PLANE('',#7992);
#7995=ORIENTED_EDGE('',*,*,#7994,.T.);
#7996=ORIENTED_EDGE('',*,*,#7844,.T.);
#7997=ORIENTED_EDGE('',*,*,#5188,.T.);
#7998=ORIENTED_EDGE('',*,*,#7963,.F.);
#7999=EDGE_LOOP('',(#7995,#7996,#7997,#7998));
#8000=FACE_OUTER_BOUND('',#7999,.F.);
#8001=ADVANCED_FACE('',(#8000),#7993,.T.);
#8002=CARTESIAN_POINT('',(-1.495E0,-7.628E0,7.525E0));
#8003=DIRECTION('',(-9.284766908853E-1,0.E0,3.713906763541E-1));
#8004=DIRECTION('',(0.E0,-1.E0,0.E0));
#8005=AXIS2_PLACEMENT_3D('',#8002,#8003,#8004);
#8006=PLANE('',#8005);
#8008=ORIENTED_EDGE('',*,*,#8007,.T.);
#8009=ORIENTED_EDGE('',*,*,#7907,.F.);
#8010=ORIENTED_EDGE('',*,*,#7975,.F.);
#8012=ORIENTED_EDGE('',*,*,#8011,.F.);
#8013=EDGE_LOOP('',(#8008,#8009,#8010,#8012));
#8014=FACE_OUTER_BOUND('',#8013,.F.);
#8015=ADVANCED_FACE('',(#8014),#8006,.T.);
#8016=CARTESIAN_POINT('',(-1.27E0,-7.628E0,7.775E0));
#8017=DIRECTION('',(0.E0,0.E0,1.E0));
#8018=DIRECTION('',(0.E0,-1.E0,0.E0));
#8019=AXIS2_PLACEMENT_3D('',#8016,#8017,#8018);
#8020=PLANE('',#8019);
#8021=ORIENTED_EDGE('',*,*,#7893,.F.);
#8022=ORIENTED_EDGE('',*,*,#7909,.F.);
#8023=ORIENTED_EDGE('',*,*,#8007,.F.);
#8025=ORIENTED_EDGE('',*,*,#8024,.F.);
#8026=EDGE_LOOP('',(#8021,#8022,#8023,#8025));
#8027=FACE_OUTER_BOUND('',#8026,.F.);
#8028=ADVANCED_FACE('',(#8027),#8020,.T.);
#8029=CARTESIAN_POINT('',(-1.27E0,-7.403E0,7.525E0));
#8030=DIRECTION('',(0.E0,9.284766908853E-1,3.713906763541E-1));
#8031=DIRECTION('',(-1.E0,0.E0,0.E0));
#8032=AXIS2_PLACEMENT_3D('',#8029,#8030,#8031);
#8033=PLANE('',#8032);
#8035=ORIENTED_EDGE('',*,*,#8034,.F.);
#8036=ORIENTED_EDGE('',*,*,#7895,.T.);
#8037=ORIENTED_EDGE('',*,*,#8024,.T.);
#8038=ORIENTED_EDGE('',*,*,#8011,.T.);
#8039=EDGE_LOOP('',(#8035,#8036,#8037,#8038));
#8040=FACE_OUTER_BOUND('',#8039,.F.);
#8041=ADVANCED_FACE('',(#8040),#8033,.T.);
#8042=CARTESIAN_POINT('',(-9.45E-1,-7.303E0,-7.62E-1));
#8043=DIRECTION('',(0.E0,1.E0,0.E0));
#8044=DIRECTION('',(-1.E0,0.E0,0.E0));
#8045=AXIS2_PLACEMENT_3D('',#8042,#8043,#8044);
#8046=PLANE('',#8045);
#8047=ORIENTED_EDGE('',*,*,#8034,.T.);
#8048=ORIENTED_EDGE('',*,*,#7984,.F.);
#8050=ORIENTED_EDGE('',*,*,#8049,.F.);
#8051=ORIENTED_EDGE('',*,*,#7856,.T.);
#8052=EDGE_LOOP('',(#8047,#8048,#8050,#8051));
#8053=FACE_OUTER_BOUND('',#8052,.F.);
#8054=ADVANCED_FACE('',(#8053),#8046,.T.);
#8055=CARTESIAN_POINT('',(-2.7E-1,-7.12E0,-7.62E-1));
#8056=DIRECTION('',(-1.E0,0.E0,0.E0));
#8057=DIRECTION('',(0.E0,0.E0,1.E0));
#8058=AXIS2_PLACEMENT_3D('',#8055,#8056,#8057);
#8059=CYLINDRICAL_SURFACE('',#8058,1.83E-1);
#8060=ORIENTED_EDGE('',*,*,#7827,.F.);
#8061=ORIENTED_EDGE('',*,*,#7858,.T.);
#8062=ORIENTED_EDGE('',*,*,#8049,.T.);
#8063=ORIENTED_EDGE('',*,*,#7982,.F.);
#8064=EDGE_LOOP('',(#8060,#8061,#8062,#8063));
#8065=FACE_OUTER_BOUND('',#8064,.F.);
#8066=ADVANCED_FACE('',(#8065),#8059,.F.);
#8067=CARTESIAN_POINT('',(-1.495E0,4.27E0,-1.27E0));
#8068=DIRECTION('',(-9.284766908853E-1,3.713906763541E-1,0.E0));
#8069=DIRECTION('',(0.E0,0.E0,-1.E0));
#8070=AXIS2_PLACEMENT_3D('',#8067,#8068,#8069);
#8071=PLANE('',#8070);
#8072=ORIENTED_EDGE('',*,*,#7994,.F.);
#8074=ORIENTED_EDGE('',*,*,#8073,.F.);
#8076=ORIENTED_EDGE('',*,*,#8075,.T.);
#8078=ORIENTED_EDGE('',*,*,#8077,.T.);
#8079=EDGE_LOOP('',(#8072,#8074,#8076,#8078));
#8080=FACE_OUTER_BOUND('',#8079,.F.);
#8081=ADVANCED_FACE('',(#8080),#8071,.T.);
#8082=CARTESIAN_POINT('',(-1.27E0,4.27E0,-1.495E0));
#8083=DIRECTION('',(0.E0,3.713906763541E-1,-9.284766908853E-1));
#8084=DIRECTION('',(-1.E0,0.E0,0.E0));
#8085=AXIS2_PLACEMENT_3D('',#8082,#8083,#8084);
#8086=PLANE('',#8085);
#8088=ORIENTED_EDGE('',*,*,#8087,.T.);
#8089=ORIENTED_EDGE('',*,*,#8073,.T.);
#8090=ORIENTED_EDGE('',*,*,#7961,.F.);
#8092=ORIENTED_EDGE('',*,*,#8091,.F.);
#8093=EDGE_LOOP('',(#8088,#8089,#8090,#8092));
#8094=FACE_OUTER_BOUND('',#8093,.F.);
#8095=ADVANCED_FACE('',(#8094),#8086,.T.);
#8096=CARTESIAN_POINT('',(-1.27E0,4.52E0,-1.27E0));
#8097=DIRECTION('',(0.E0,-1.E0,0.E0));
#8098=DIRECTION('',(0.E0,0.E0,-1.E0));
#8099=AXIS2_PLACEMENT_3D('',#8096,#8097,#8098);
#8100=PLANE('',#8099);
#8102=ORIENTED_EDGE('',*,*,#8101,.F.);
#8103=ORIENTED_EDGE('',*,*,#8075,.F.);
#8104=ORIENTED_EDGE('',*,*,#8087,.F.);
#8106=ORIENTED_EDGE('',*,*,#8105,.F.);
#8107=EDGE_LOOP('',(#8102,#8103,#8104,#8106));
#8108=FACE_OUTER_BOUND('',#8107,.F.);
#8109=ADVANCED_FACE('',(#8108),#8100,.F.);
#8110=CARTESIAN_POINT('',(-1.27E0,4.27E0,-1.045E0));
#8111=DIRECTION('',(0.E0,3.713906763541E-1,9.284766908853E-1));
#8112=DIRECTION('',(-1.E0,0.E0,0.E0));
#8113=AXIS2_PLACEMENT_3D('',#8110,#8111,#8112);
#8114=PLANE('',#8113);
#8115=ORIENTED_EDGE('',*,*,#7839,.F.);
#8116=ORIENTED_EDGE('',*,*,#8077,.F.);
#8117=ORIENTED_EDGE('',*,*,#8101,.T.);
#8119=ORIENTED_EDGE('',*,*,#8118,.T.);
#8120=EDGE_LOOP('',(#8115,#8116,#8117,#8119));
#8121=FACE_OUTER_BOUND('',#8120,.F.);
#8122=ADVANCED_FACE('',(#8121),#8114,.T.);
#8123=CARTESIAN_POINT('',(-1.045E0,4.27E0,-1.27E0));
#8124=DIRECTION('',(9.284766908853E-1,3.713906763541E-1,0.E0));
#8125=DIRECTION('',(0.E0,0.E0,-1.E0));
#8126=AXIS2_PLACEMENT_3D('',#8123,#8124,#8125);
#8127=PLANE('',#8126);
#8128=ORIENTED_EDGE('',*,*,#8105,.T.);
#8129=ORIENTED_EDGE('',*,*,#8091,.T.);
#8130=ORIENTED_EDGE('',*,*,#7876,.F.);
#8131=ORIENTED_EDGE('',*,*,#8118,.F.);
#8132=EDGE_LOOP('',(#8128,#8129,#8130,#8131));
#8133=FACE_OUTER_BOUND('',#8132,.F.);
#8134=ADVANCED_FACE('',(#8133),#8127,.T.);
#8135=CARTESIAN_POINT('',(-3.485E0,4.52E0,-9.45E-1));
#8136=DIRECTION('',(0.E0,0.E0,1.E0));
#8137=DIRECTION('',(-1.E0,0.E0,0.E0));
#8138=AXIS2_PLACEMENT_3D('',#8135,#8136,#8137);
#8139=PLANE('',#8138);
#8140=ORIENTED_EDGE('',*,*,#4622,.F.);
#8142=ORIENTED_EDGE('',*,*,#8141,.T.);
#8144=ORIENTED_EDGE('',*,*,#8143,.T.);
#8146=ORIENTED_EDGE('',*,*,#8145,.F.);
#8147=EDGE_LOOP('',(#8140,#8142,#8144,#8146));
#8148=FACE_OUTER_BOUND('',#8147,.F.);
#8149=ADVANCED_FACE('',(#8148),#8139,.T.);
#8150=CARTESIAN_POINT('',(-3.485E0,4.52E0,-9.45E-1));
#8151=DIRECTION('',(0.E0,0.E0,1.E0));
#8152=DIRECTION('',(-1.E0,0.E0,0.E0));
#8153=AXIS2_PLACEMENT_3D('',#8150,#8151,#8152);
#8154=PLANE('',#8153);
#8156=ORIENTED_EDGE('',*,*,#8155,.T.);
#8158=ORIENTED_EDGE('',*,*,#8157,.T.);
#8159=ORIENTED_EDGE('',*,*,#5192,.T.);
#8161=ORIENTED_EDGE('',*,*,#8160,.F.);
#8162=EDGE_LOOP('',(#8156,#8158,#8159,#8161));
#8163=FACE_OUTER_BOUND('',#8162,.F.);
#8164=ADVANCED_FACE('',(#8163),#8154,.T.);
#8165=CARTESIAN_POINT('',(-3.485E0,4.52E0,-1.595E0));
#8166=DIRECTION('',(1.E0,0.E0,0.E0));
#8167=DIRECTION('',(0.E0,0.E0,1.E0));
#8168=AXIS2_PLACEMENT_3D('',#8165,#8166,#8167);
#8169=PLANE('',#8168);
#8171=ORIENTED_EDGE('',*,*,#8170,.T.);
#8173=ORIENTED_EDGE('',*,*,#8172,.F.);
#8175=ORIENTED_EDGE('',*,*,#8174,.F.);
#8176=ORIENTED_EDGE('',*,*,#8141,.F.);
#8177=ORIENTED_EDGE('',*,*,#4628,.T.);
#8179=ORIENTED_EDGE('',*,*,#8178,.T.);
#8181=ORIENTED_EDGE('',*,*,#8180,.T.);
#8183=ORIENTED_EDGE('',*,*,#8182,.T.);
#8184=EDGE_LOOP('',(#8171,#8173,#8175,#8176,#8177,#8179,#8181,#8183));
#8185=FACE_OUTER_BOUND('',#8184,.F.);
#8186=ADVANCED_FACE('',(#8185),#8169,.T.);
#8187=CARTESIAN_POINT('',(-3.485E0,4.52E0,-1.595E0));
#8188=DIRECTION('',(1.E0,0.E0,0.E0));
#8189=DIRECTION('',(0.E0,0.E0,1.E0));
#8190=AXIS2_PLACEMENT_3D('',#8187,#8188,#8189);
#8191=PLANE('',#8190);
#8193=ORIENTED_EDGE('',*,*,#8192,.T.);
#8195=ORIENTED_EDGE('',*,*,#8194,.T.);
#8196=ORIENTED_EDGE('',*,*,#5194,.F.);
#8197=ORIENTED_EDGE('',*,*,#8157,.F.);
#8198=EDGE_LOOP('',(#8193,#8195,#8196,#8197));
#8199=FACE_OUTER_BOUND('',#8198,.F.);
#8200=ADVANCED_FACE('',(#8199),#8191,.T.);
#8201=CARTESIAN_POINT('',(-3.585E0,-7.628E0,7.525E0));
#8202=DIRECTION('',(9.284766908853E-1,0.E0,3.713906763541E-1));
#8203=DIRECTION('',(0.E0,-1.E0,0.E0));
#8204=AXIS2_PLACEMENT_3D('',#8201,#8202,#8203);
#8205=PLANE('',#8204);
#8206=ORIENTED_EDGE('',*,*,#8170,.F.);
#8208=ORIENTED_EDGE('',*,*,#8207,.F.);
#8210=ORIENTED_EDGE('',*,*,#8209,.T.);
#8212=ORIENTED_EDGE('',*,*,#8211,.F.);
#8213=EDGE_LOOP('',(#8206,#8208,#8210,#8212));
#8214=FACE_OUTER_BOUND('',#8213,.F.);
#8215=ADVANCED_FACE('',(#8214),#8205,.T.);
#8216=CARTESIAN_POINT('',(-3.81E0,-7.853E0,7.525E0));
#8217=DIRECTION('',(0.E0,-9.284766908853E-1,3.713906763541E-1));
#8218=DIRECTION('',(-1.E0,0.E0,0.E0));
#8219=AXIS2_PLACEMENT_3D('',#8216,#8217,#8218);
#8220=PLANE('',#8219);
#8222=ORIENTED_EDGE('',*,*,#8221,.F.);
#8224=ORIENTED_EDGE('',*,*,#8223,.T.);
#8226=ORIENTED_EDGE('',*,*,#8225,.T.);
#8227=ORIENTED_EDGE('',*,*,#8207,.T.);
#8228=EDGE_LOOP('',(#8222,#8224,#8226,#8227));
#8229=FACE_OUTER_BOUND('',#8228,.F.);
#8230=ADVANCED_FACE('',(#8229),#8220,.T.);
#8231=CARTESIAN_POINT('',(-4.135E0,-7.953E0,-7.62E-1));
#8232=DIRECTION('',(0.E0,-1.E0,0.E0));
#8233=DIRECTION('',(1.E0,0.E0,0.E0));
#8234=AXIS2_PLACEMENT_3D('',#8231,#8232,#8233);
#8235=PLANE('',#8234);
#8236=ORIENTED_EDGE('',*,*,#8221,.T.);
#8237=ORIENTED_EDGE('',*,*,#8182,.F.);
#8239=ORIENTED_EDGE('',*,*,#8238,.F.);
#8241=ORIENTED_EDGE('',*,*,#8240,.T.);
#8242=EDGE_LOOP('',(#8236,#8237,#8239,#8241));
#8243=FACE_OUTER_BOUND('',#8242,.F.);
#8244=ADVANCED_FACE('',(#8243),#8235,.T.);
#8245=CARTESIAN_POINT('',(-2.81E0,-7.12E0,-7.62E-1));
#8246=DIRECTION('',(-1.E0,0.E0,0.E0));
#8247=DIRECTION('',(0.E0,0.E0,1.E0));
#8248=AXIS2_PLACEMENT_3D('',#8245,#8246,#8247);
#8249=CYLINDRICAL_SURFACE('',#8248,8.33E-1);
#8251=ORIENTED_EDGE('',*,*,#8250,.F.);
#8253=ORIENTED_EDGE('',*,*,#8252,.T.);
#8254=ORIENTED_EDGE('',*,*,#8238,.T.);
#8255=ORIENTED_EDGE('',*,*,#8180,.F.);
#8256=EDGE_LOOP('',(#8251,#8253,#8254,#8255));
#8257=FACE_OUTER_BOUND('',#8256,.F.);
#8258=ADVANCED_FACE('',(#8257),#8249,.T.);
#8259=CARTESIAN_POINT('',(-4.135E0,4.52E0,-1.595E0));
#8260=DIRECTION('',(0.E0,0.E0,-1.E0));
#8261=DIRECTION('',(1.E0,0.E0,0.E0));
#8262=AXIS2_PLACEMENT_3D('',#8259,#8260,#8261);
#8263=PLANE('',#8262);
#8264=ORIENTED_EDGE('',*,*,#4626,.F.);
#8266=ORIENTED_EDGE('',*,*,#8265,.T.);
#8267=ORIENTED_EDGE('',*,*,#8250,.T.);
#8268=ORIENTED_EDGE('',*,*,#8178,.F.);
#8269=EDGE_LOOP('',(#8264,#8266,#8267,#8268));
#8270=FACE_OUTER_BOUND('',#8269,.F.);
#8271=ADVANCED_FACE('',(#8270),#8263,.T.);
#8272=CARTESIAN_POINT('',(-4.135E0,4.52E0,-1.595E0));
#8273=DIRECTION('',(0.E0,0.E0,-1.E0));
#8274=DIRECTION('',(1.E0,0.E0,0.E0));
#8275=AXIS2_PLACEMENT_3D('',#8272,#8273,#8274);
#8276=PLANE('',#8275);
#8278=ORIENTED_EDGE('',*,*,#8277,.T.);
#8280=ORIENTED_EDGE('',*,*,#8279,.T.);
#8281=ORIENTED_EDGE('',*,*,#5196,.T.);
#8282=ORIENTED_EDGE('',*,*,#8194,.F.);
#8283=EDGE_LOOP('',(#8278,#8280,#8281,#8282));
#8284=FACE_OUTER_BOUND('',#8283,.F.);
#8285=ADVANCED_FACE('',(#8284),#8276,.T.);
#8286=CARTESIAN_POINT('',(-4.135E0,4.52E0,-9.45E-1));
#8287=DIRECTION('',(-1.E0,0.E0,0.E0));
#8288=DIRECTION('',(0.E0,0.E0,-1.E0));
#8289=AXIS2_PLACEMENT_3D('',#8286,#8287,#8288);
#8290=PLANE('',#8289);
#8292=ORIENTED_EDGE('',*,*,#8291,.T.);
#8293=ORIENTED_EDGE('',*,*,#8240,.F.);
#8294=ORIENTED_EDGE('',*,*,#8252,.F.);
#8295=ORIENTED_EDGE('',*,*,#8265,.F.);
#8296=ORIENTED_EDGE('',*,*,#4624,.F.);
#8297=ORIENTED_EDGE('',*,*,#8145,.T.);
#8299=ORIENTED_EDGE('',*,*,#8298,.T.);
#8301=ORIENTED_EDGE('',*,*,#8300,.T.);
#8302=EDGE_LOOP('',(#8292,#8293,#8294,#8295,#8296,#8297,#8299,#8301));
#8303=FACE_OUTER_BOUND('',#8302,.F.);
#8304=ADVANCED_FACE('',(#8303),#8290,.T.);
#8305=CARTESIAN_POINT('',(-4.135E0,4.52E0,-9.45E-1));
#8306=DIRECTION('',(-1.E0,0.E0,0.E0));
#8307=DIRECTION('',(0.E0,0.E0,-1.E0));
#8308=AXIS2_PLACEMENT_3D('',#8305,#8306,#8307);
#8309=PLANE('',#8308);
#8311=ORIENTED_EDGE('',*,*,#8310,.T.);
#8312=ORIENTED_EDGE('',*,*,#8160,.T.);
#8313=ORIENTED_EDGE('',*,*,#5198,.T.);
#8314=ORIENTED_EDGE('',*,*,#8279,.F.);
#8315=EDGE_LOOP('',(#8311,#8312,#8313,#8314));
#8316=FACE_OUTER_BOUND('',#8315,.F.);
#8317=ADVANCED_FACE('',(#8316),#8309,.T.);
#8318=CARTESIAN_POINT('',(-4.035E0,-7.628E0,7.525E0));
#8319=DIRECTION('',(-9.284766908853E-1,0.E0,3.713906763541E-1));
#8320=DIRECTION('',(0.E0,-1.E0,0.E0));
#8321=AXIS2_PLACEMENT_3D('',#8318,#8319,#8320);
#8322=PLANE('',#8321);
#8324=ORIENTED_EDGE('',*,*,#8323,.T.);
#8325=ORIENTED_EDGE('',*,*,#8223,.F.);
#8326=ORIENTED_EDGE('',*,*,#8291,.F.);
#8328=ORIENTED_EDGE('',*,*,#8327,.F.);
#8329=EDGE_LOOP('',(#8324,#8325,#8326,#8328));
#8330=FACE_OUTER_BOUND('',#8329,.F.);
#8331=ADVANCED_FACE('',(#8330),#8322,.T.);
#8332=CARTESIAN_POINT('',(-3.81E0,-7.628E0,7.775E0));
#8333=DIRECTION('',(0.E0,0.E0,1.E0));
#8334=DIRECTION('',(0.E0,-1.E0,0.E0));
#8335=AXIS2_PLACEMENT_3D('',#8332,#8333,#8334);
#8336=PLANE('',#8335);
#8337=ORIENTED_EDGE('',*,*,#8209,.F.);
#8338=ORIENTED_EDGE('',*,*,#8225,.F.);
#8339=ORIENTED_EDGE('',*,*,#8323,.F.);
#8341=ORIENTED_EDGE('',*,*,#8340,.F.);
#8342=EDGE_LOOP('',(#8337,#8338,#8339,#8341));
#8343=FACE_OUTER_BOUND('',#8342,.F.);
#8344=ADVANCED_FACE('',(#8343),#8336,.T.);
#8345=CARTESIAN_POINT('',(-3.81E0,-7.403E0,7.525E0));
#8346=DIRECTION('',(0.E0,9.284766908853E-1,3.713906763541E-1));
#8347=DIRECTION('',(-1.E0,0.E0,0.E0));
#8348=AXIS2_PLACEMENT_3D('',#8345,#8346,#8347);
#8349=PLANE('',#8348);
#8351=ORIENTED_EDGE('',*,*,#8350,.F.);
#8352=ORIENTED_EDGE('',*,*,#8211,.T.);
#8353=ORIENTED_EDGE('',*,*,#8340,.T.);
#8354=ORIENTED_EDGE('',*,*,#8327,.T.);
#8355=EDGE_LOOP('',(#8351,#8352,#8353,#8354));
#8356=FACE_OUTER_BOUND('',#8355,.F.);
#8357=ADVANCED_FACE('',(#8356),#8349,.T.);
#8358=CARTESIAN_POINT('',(-3.485E0,-7.303E0,-7.62E-1));
#8359=DIRECTION('',(0.E0,1.E0,0.E0));
#8360=DIRECTION('',(-1.E0,0.E0,0.E0));
#8361=AXIS2_PLACEMENT_3D('',#8358,#8359,#8360);
#8362=PLANE('',#8361);
#8363=ORIENTED_EDGE('',*,*,#8350,.T.);
#8364=ORIENTED_EDGE('',*,*,#8300,.F.);
#8366=ORIENTED_EDGE('',*,*,#8365,.F.);
#8367=ORIENTED_EDGE('',*,*,#8172,.T.);
#8368=EDGE_LOOP('',(#8363,#8364,#8366,#8367));
#8369=FACE_OUTER_BOUND('',#8368,.F.);
#8370=ADVANCED_FACE('',(#8369),#8362,.T.);
#8371=CARTESIAN_POINT('',(-2.81E0,-7.12E0,-7.62E-1));
#8372=DIRECTION('',(-1.E0,0.E0,0.E0));
#8373=DIRECTION('',(0.E0,0.E0,1.E0));
#8374=AXIS2_PLACEMENT_3D('',#8371,#8372,#8373);
#8375=CYLINDRICAL_SURFACE('',#8374,1.83E-1);
#8376=ORIENTED_EDGE('',*,*,#8143,.F.);
#8377=ORIENTED_EDGE('',*,*,#8174,.T.);
#8378=ORIENTED_EDGE('',*,*,#8365,.T.);
#8379=ORIENTED_EDGE('',*,*,#8298,.F.);
#8380=EDGE_LOOP('',(#8376,#8377,#8378,#8379));
#8381=FACE_OUTER_BOUND('',#8380,.F.);
#8382=ADVANCED_FACE('',(#8381),#8375,.F.);
#8383=CARTESIAN_POINT('',(-4.035E0,4.27E0,-1.27E0));
#8384=DIRECTION('',(-9.284766908853E-1,3.713906763541E-1,0.E0));
#8385=DIRECTION('',(0.E0,0.E0,-1.E0));
#8386=AXIS2_PLACEMENT_3D('',#8383,#8384,#8385);
#8387=PLANE('',#8386);
#8388=ORIENTED_EDGE('',*,*,#8310,.F.);
#8390=ORIENTED_EDGE('',*,*,#8389,.F.);
#8392=ORIENTED_EDGE('',*,*,#8391,.T.);
#8394=ORIENTED_EDGE('',*,*,#8393,.T.);
#8395=EDGE_LOOP('',(#8388,#8390,#8392,#8394));
#8396=FACE_OUTER_BOUND('',#8395,.F.);
#8397=ADVANCED_FACE('',(#8396),#8387,.T.);
#8398=CARTESIAN_POINT('',(-3.81E0,4.27E0,-1.495E0));
#8399=DIRECTION('',(0.E0,3.713906763541E-1,-9.284766908853E-1));
#8400=DIRECTION('',(-1.E0,0.E0,0.E0));
#8401=AXIS2_PLACEMENT_3D('',#8398,#8399,#8400);
#8402=PLANE('',#8401);
#8404=ORIENTED_EDGE('',*,*,#8403,.T.);
#8405=ORIENTED_EDGE('',*,*,#8389,.T.);
#8406=ORIENTED_EDGE('',*,*,#8277,.F.);
#8408=ORIENTED_EDGE('',*,*,#8407,.F.);
#8409=EDGE_LOOP('',(#8404,#8405,#8406,#8408));
#8410=FACE_OUTER_BOUND('',#8409,.F.);
#8411=ADVANCED_FACE('',(#8410),#8402,.T.);
#8412=CARTESIAN_POINT('',(-3.81E0,4.52E0,-1.27E0));
#8413=DIRECTION('',(0.E0,-1.E0,0.E0));
#8414=DIRECTION('',(0.E0,0.E0,-1.E0));
#8415=AXIS2_PLACEMENT_3D('',#8412,#8413,#8414);
#8416=PLANE('',#8415);
#8418=ORIENTED_EDGE('',*,*,#8417,.F.);
#8419=ORIENTED_EDGE('',*,*,#8391,.F.);
#8420=ORIENTED_EDGE('',*,*,#8403,.F.);
#8422=ORIENTED_EDGE('',*,*,#8421,.F.);
#8423=EDGE_LOOP('',(#8418,#8419,#8420,#8422));
#8424=FACE_OUTER_BOUND('',#8423,.F.);
#8425=ADVANCED_FACE('',(#8424),#8416,.F.);
#8426=CARTESIAN_POINT('',(-3.81E0,4.27E0,-1.045E0));
#8427=DIRECTION('',(0.E0,3.713906763541E-1,9.284766908853E-1));
#8428=DIRECTION('',(-1.E0,0.E0,0.E0));
#8429=AXIS2_PLACEMENT_3D('',#8426,#8427,#8428);
#8430=PLANE('',#8429);
#8431=ORIENTED_EDGE('',*,*,#8155,.F.);
#8432=ORIENTED_EDGE('',*,*,#8393,.F.);
#8433=ORIENTED_EDGE('',*,*,#8417,.T.);
#8435=ORIENTED_EDGE('',*,*,#8434,.T.);
#8436=EDGE_LOOP('',(#8431,#8432,#8433,#8435));
#8437=FACE_OUTER_BOUND('',#8436,.F.);
#8438=ADVANCED_FACE('',(#8437),#8430,.T.);
#8439=CARTESIAN_POINT('',(-3.585E0,4.27E0,-1.27E0));
#8440=DIRECTION('',(9.284766908853E-1,3.713906763541E-1,0.E0));
#8441=DIRECTION('',(0.E0,0.E0,-1.E0));
#8442=AXIS2_PLACEMENT_3D('',#8439,#8440,#8441);
#8443=PLANE('',#8442);
#8444=ORIENTED_EDGE('',*,*,#8421,.T.);
#8445=ORIENTED_EDGE('',*,*,#8407,.T.);
#8446=ORIENTED_EDGE('',*,*,#8192,.F.);
#8447=ORIENTED_EDGE('',*,*,#8434,.F.);
#8448=EDGE_LOOP('',(#8444,#8445,#8446,#8447));
#8449=FACE_OUTER_BOUND('',#8448,.F.);
#8450=ADVANCED_FACE('',(#8449),#8443,.T.);
#8451=CARTESIAN_POINT('',(-6.025E0,4.52E0,-9.45E-1));
#8452=DIRECTION('',(0.E0,0.E0,1.E0));
#8453=DIRECTION('',(-1.E0,0.E0,0.E0));
#8454=AXIS2_PLACEMENT_3D('',#8451,#8452,#8453);
#8455=PLANE('',#8454);
#8456=ORIENTED_EDGE('',*,*,#4632,.F.);
#8458=ORIENTED_EDGE('',*,*,#8457,.T.);
#8460=ORIENTED_EDGE('',*,*,#8459,.T.);
#8462=ORIENTED_EDGE('',*,*,#8461,.F.);
#8463=EDGE_LOOP('',(#8456,#8458,#8460,#8462));
#8464=FACE_OUTER_BOUND('',#8463,.F.);
#8465=ADVANCED_FACE('',(#8464),#8455,.T.);
#8466=CARTESIAN_POINT('',(-6.025E0,4.52E0,-9.45E-1));
#8467=DIRECTION('',(0.E0,0.E0,1.E0));
#8468=DIRECTION('',(-1.E0,0.E0,0.E0));
#8469=AXIS2_PLACEMENT_3D('',#8466,#8467,#8468);
#8470=PLANE('',#8469);
#8472=ORIENTED_EDGE('',*,*,#8471,.T.);
#8474=ORIENTED_EDGE('',*,*,#8473,.T.);
#8475=ORIENTED_EDGE('',*,*,#5202,.T.);
#8477=ORIENTED_EDGE('',*,*,#8476,.F.);
#8478=EDGE_LOOP('',(#8472,#8474,#8475,#8477));
#8479=FACE_OUTER_BOUND('',#8478,.F.);
#8480=ADVANCED_FACE('',(#8479),#8470,.T.);
#8481=CARTESIAN_POINT('',(-6.025E0,4.52E0,-1.595E0));
#8482=DIRECTION('',(1.E0,0.E0,0.E0));
#8483=DIRECTION('',(0.E0,0.E0,1.E0));
#8484=AXIS2_PLACEMENT_3D('',#8481,#8482,#8483);
#8485=PLANE('',#8484);
#8487=ORIENTED_EDGE('',*,*,#8486,.T.);
#8489=ORIENTED_EDGE('',*,*,#8488,.F.);
#8491=ORIENTED_EDGE('',*,*,#8490,.F.);
#8492=ORIENTED_EDGE('',*,*,#8457,.F.);
#8493=ORIENTED_EDGE('',*,*,#4638,.T.);
#8495=ORIENTED_EDGE('',*,*,#8494,.T.);
#8497=ORIENTED_EDGE('',*,*,#8496,.T.);
#8499=ORIENTED_EDGE('',*,*,#8498,.T.);
#8500=EDGE_LOOP('',(#8487,#8489,#8491,#8492,#8493,#8495,#8497,#8499));
#8501=FACE_OUTER_BOUND('',#8500,.F.);
#8502=ADVANCED_FACE('',(#8501),#8485,.T.);
#8503=CARTESIAN_POINT('',(-6.025E0,4.52E0,-1.595E0));
#8504=DIRECTION('',(1.E0,0.E0,0.E0));
#8505=DIRECTION('',(0.E0,0.E0,1.E0));
#8506=AXIS2_PLACEMENT_3D('',#8503,#8504,#8505);
#8507=PLANE('',#8506);
#8509=ORIENTED_EDGE('',*,*,#8508,.T.);
#8511=ORIENTED_EDGE('',*,*,#8510,.T.);
#8512=ORIENTED_EDGE('',*,*,#5204,.F.);
#8513=ORIENTED_EDGE('',*,*,#8473,.F.);
#8514=EDGE_LOOP('',(#8509,#8511,#8512,#8513));
#8515=FACE_OUTER_BOUND('',#8514,.F.);
#8516=ADVANCED_FACE('',(#8515),#8507,.T.);
#8517=CARTESIAN_POINT('',(-6.125E0,-7.628E0,7.525E0));
#8518=DIRECTION('',(9.284766908853E-1,0.E0,3.713906763541E-1));
#8519=DIRECTION('',(0.E0,-1.E0,0.E0));
#8520=AXIS2_PLACEMENT_3D('',#8517,#8518,#8519);
#8521=PLANE('',#8520);
#8522=ORIENTED_EDGE('',*,*,#8486,.F.);
#8524=ORIENTED_EDGE('',*,*,#8523,.F.);
#8526=ORIENTED_EDGE('',*,*,#8525,.T.);
#8528=ORIENTED_EDGE('',*,*,#8527,.F.);
#8529=EDGE_LOOP('',(#8522,#8524,#8526,#8528));
#8530=FACE_OUTER_BOUND('',#8529,.F.);
#8531=ADVANCED_FACE('',(#8530),#8521,.T.);
#8532=CARTESIAN_POINT('',(-6.35E0,-7.853E0,7.525E0));
#8533=DIRECTION('',(0.E0,-9.284766908853E-1,3.713906763541E-1));
#8534=DIRECTION('',(-1.E0,0.E0,0.E0));
#8535=AXIS2_PLACEMENT_3D('',#8532,#8533,#8534);
#8536=PLANE('',#8535);
#8538=ORIENTED_EDGE('',*,*,#8537,.F.);
#8540=ORIENTED_EDGE('',*,*,#8539,.T.);
#8542=ORIENTED_EDGE('',*,*,#8541,.T.);
#8543=ORIENTED_EDGE('',*,*,#8523,.T.);
#8544=EDGE_LOOP('',(#8538,#8540,#8542,#8543));
#8545=FACE_OUTER_BOUND('',#8544,.F.);
#8546=ADVANCED_FACE('',(#8545),#8536,.T.);
#8547=CARTESIAN_POINT('',(-6.675E0,-7.953E0,-7.62E-1));
#8548=DIRECTION('',(0.E0,-1.E0,0.E0));
#8549=DIRECTION('',(1.E0,0.E0,0.E0));
#8550=AXIS2_PLACEMENT_3D('',#8547,#8548,#8549);
#8551=PLANE('',#8550);
#8552=ORIENTED_EDGE('',*,*,#8537,.T.);
#8553=ORIENTED_EDGE('',*,*,#8498,.F.);
#8555=ORIENTED_EDGE('',*,*,#8554,.F.);
#8557=ORIENTED_EDGE('',*,*,#8556,.T.);
#8558=EDGE_LOOP('',(#8552,#8553,#8555,#8557));
#8559=FACE_OUTER_BOUND('',#8558,.F.);
#8560=ADVANCED_FACE('',(#8559),#8551,.T.);
#8561=CARTESIAN_POINT('',(-5.35E0,-7.12E0,-7.62E-1));
#8562=DIRECTION('',(-1.E0,0.E0,0.E0));
#8563=DIRECTION('',(0.E0,0.E0,1.E0));
#8564=AXIS2_PLACEMENT_3D('',#8561,#8562,#8563);
#8565=CYLINDRICAL_SURFACE('',#8564,8.33E-1);
#8567=ORIENTED_EDGE('',*,*,#8566,.F.);
#8569=ORIENTED_EDGE('',*,*,#8568,.T.);
#8570=ORIENTED_EDGE('',*,*,#8554,.T.);
#8571=ORIENTED_EDGE('',*,*,#8496,.F.);
#8572=EDGE_LOOP('',(#8567,#8569,#8570,#8571));
#8573=FACE_OUTER_BOUND('',#8572,.F.);
#8574=ADVANCED_FACE('',(#8573),#8565,.T.);
#8575=CARTESIAN_POINT('',(-6.675E0,4.52E0,-1.595E0));
#8576=DIRECTION('',(0.E0,0.E0,-1.E0));
#8577=DIRECTION('',(1.E0,0.E0,0.E0));
#8578=AXIS2_PLACEMENT_3D('',#8575,#8576,#8577);
#8579=PLANE('',#8578);
#8580=ORIENTED_EDGE('',*,*,#4636,.F.);
#8582=ORIENTED_EDGE('',*,*,#8581,.T.);
#8583=ORIENTED_EDGE('',*,*,#8566,.T.);
#8584=ORIENTED_EDGE('',*,*,#8494,.F.);
#8585=EDGE_LOOP('',(#8580,#8582,#8583,#8584));
#8586=FACE_OUTER_BOUND('',#8585,.F.);
#8587=ADVANCED_FACE('',(#8586),#8579,.T.);
#8588=CARTESIAN_POINT('',(-6.675E0,4.52E0,-1.595E0));
#8589=DIRECTION('',(0.E0,0.E0,-1.E0));
#8590=DIRECTION('',(1.E0,0.E0,0.E0));
#8591=AXIS2_PLACEMENT_3D('',#8588,#8589,#8590);
#8592=PLANE('',#8591);
#8594=ORIENTED_EDGE('',*,*,#8593,.T.);
#8596=ORIENTED_EDGE('',*,*,#8595,.T.);
#8597=ORIENTED_EDGE('',*,*,#5206,.T.);
#8598=ORIENTED_EDGE('',*,*,#8510,.F.);
#8599=EDGE_LOOP('',(#8594,#8596,#8597,#8598));
#8600=FACE_OUTER_BOUND('',#8599,.F.);
#8601=ADVANCED_FACE('',(#8600),#8592,.T.);
#8602=CARTESIAN_POINT('',(-6.675E0,4.52E0,-9.45E-1));
#8603=DIRECTION('',(-1.E0,0.E0,0.E0));
#8604=DIRECTION('',(0.E0,0.E0,-1.E0));
#8605=AXIS2_PLACEMENT_3D('',#8602,#8603,#8604);
#8606=PLANE('',#8605);
#8608=ORIENTED_EDGE('',*,*,#8607,.T.);
#8609=ORIENTED_EDGE('',*,*,#8556,.F.);
#8610=ORIENTED_EDGE('',*,*,#8568,.F.);
#8611=ORIENTED_EDGE('',*,*,#8581,.F.);
#8612=ORIENTED_EDGE('',*,*,#4634,.F.);
#8613=ORIENTED_EDGE('',*,*,#8461,.T.);
#8615=ORIENTED_EDGE('',*,*,#8614,.T.);
#8617=ORIENTED_EDGE('',*,*,#8616,.T.);
#8618=EDGE_LOOP('',(#8608,#8609,#8610,#8611,#8612,#8613,#8615,#8617));
#8619=FACE_OUTER_BOUND('',#8618,.F.);
#8620=ADVANCED_FACE('',(#8619),#8606,.T.);
#8621=CARTESIAN_POINT('',(-6.675E0,4.52E0,-9.45E-1));
#8622=DIRECTION('',(-1.E0,0.E0,0.E0));
#8623=DIRECTION('',(0.E0,0.E0,-1.E0));
#8624=AXIS2_PLACEMENT_3D('',#8621,#8622,#8623);
#8625=PLANE('',#8624);
#8627=ORIENTED_EDGE('',*,*,#8626,.T.);
#8628=ORIENTED_EDGE('',*,*,#8476,.T.);
#8629=ORIENTED_EDGE('',*,*,#5208,.T.);
#8630=ORIENTED_EDGE('',*,*,#8595,.F.);
#8631=EDGE_LOOP('',(#8627,#8628,#8629,#8630));
#8632=FACE_OUTER_BOUND('',#8631,.F.);
#8633=ADVANCED_FACE('',(#8632),#8625,.T.);
#8634=CARTESIAN_POINT('',(-6.575E0,-7.628E0,7.525E0));
#8635=DIRECTION('',(-9.284766908853E-1,0.E0,3.713906763541E-1));
#8636=DIRECTION('',(0.E0,-1.E0,0.E0));
#8637=AXIS2_PLACEMENT_3D('',#8634,#8635,#8636);
#8638=PLANE('',#8637);
#8640=ORIENTED_EDGE('',*,*,#8639,.T.);
#8641=ORIENTED_EDGE('',*,*,#8539,.F.);
#8642=ORIENTED_EDGE('',*,*,#8607,.F.);
#8644=ORIENTED_EDGE('',*,*,#8643,.F.);
#8645=EDGE_LOOP('',(#8640,#8641,#8642,#8644));
#8646=FACE_OUTER_BOUND('',#8645,.F.);
#8647=ADVANCED_FACE('',(#8646),#8638,.T.);
#8648=CARTESIAN_POINT('',(-6.35E0,-7.628E0,7.775E0));
#8649=DIRECTION('',(0.E0,0.E0,1.E0));
#8650=DIRECTION('',(0.E0,-1.E0,0.E0));
#8651=AXIS2_PLACEMENT_3D('',#8648,#8649,#8650);
#8652=PLANE('',#8651);
#8653=ORIENTED_EDGE('',*,*,#8525,.F.);
#8654=ORIENTED_EDGE('',*,*,#8541,.F.);
#8655=ORIENTED_EDGE('',*,*,#8639,.F.);
#8657=ORIENTED_EDGE('',*,*,#8656,.F.);
#8658=EDGE_LOOP('',(#8653,#8654,#8655,#8657));
#8659=FACE_OUTER_BOUND('',#8658,.F.);
#8660=ADVANCED_FACE('',(#8659),#8652,.T.);
#8661=CARTESIAN_POINT('',(-6.35E0,-7.403E0,7.525E0));
#8662=DIRECTION('',(0.E0,9.284766908853E-1,3.713906763541E-1));
#8663=DIRECTION('',(-1.E0,0.E0,0.E0));
#8664=AXIS2_PLACEMENT_3D('',#8661,#8662,#8663);
#8665=PLANE('',#8664);
#8667=ORIENTED_EDGE('',*,*,#8666,.F.);
#8668=ORIENTED_EDGE('',*,*,#8527,.T.);
#8669=ORIENTED_EDGE('',*,*,#8656,.T.);
#8670=ORIENTED_EDGE('',*,*,#8643,.T.);
#8671=EDGE_LOOP('',(#8667,#8668,#8669,#8670));
#8672=FACE_OUTER_BOUND('',#8671,.F.);
#8673=ADVANCED_FACE('',(#8672),#8665,.T.);
#8674=CARTESIAN_POINT('',(-6.025E0,-7.303E0,-7.62E-1));
#8675=DIRECTION('',(0.E0,1.E0,0.E0));
#8676=DIRECTION('',(-1.E0,0.E0,0.E0));
#8677=AXIS2_PLACEMENT_3D('',#8674,#8675,#8676);
#8678=PLANE('',#8677);
#8679=ORIENTED_EDGE('',*,*,#8666,.T.);
#8680=ORIENTED_EDGE('',*,*,#8616,.F.);
#8682=ORIENTED_EDGE('',*,*,#8681,.F.);
#8683=ORIENTED_EDGE('',*,*,#8488,.T.);
#8684=EDGE_LOOP('',(#8679,#8680,#8682,#8683));
#8685=FACE_OUTER_BOUND('',#8684,.F.);
#8686=ADVANCED_FACE('',(#8685),#8678,.T.);
#8687=CARTESIAN_POINT('',(-5.35E0,-7.12E0,-7.62E-1));
#8688=DIRECTION('',(-1.E0,0.E0,0.E0));
#8689=DIRECTION('',(0.E0,0.E0,1.E0));
#8690=AXIS2_PLACEMENT_3D('',#8687,#8688,#8689);
#8691=CYLINDRICAL_SURFACE('',#8690,1.83E-1);
#8692=ORIENTED_EDGE('',*,*,#8459,.F.);
#8693=ORIENTED_EDGE('',*,*,#8490,.T.);
#8694=ORIENTED_EDGE('',*,*,#8681,.T.);
#8695=ORIENTED_EDGE('',*,*,#8614,.F.);
#8696=EDGE_LOOP('',(#8692,#8693,#8694,#8695));
#8697=FACE_OUTER_BOUND('',#8696,.F.);
#8698=ADVANCED_FACE('',(#8697),#8691,.F.);
#8699=CARTESIAN_POINT('',(-6.575E0,4.27E0,-1.27E0));
#8700=DIRECTION('',(-9.284766908853E-1,3.713906763541E-1,0.E0));
#8701=DIRECTION('',(0.E0,0.E0,-1.E0));
#8702=AXIS2_PLACEMENT_3D('',#8699,#8700,#8701);
#8703=PLANE('',#8702);
#8704=ORIENTED_EDGE('',*,*,#8626,.F.);
#8706=ORIENTED_EDGE('',*,*,#8705,.F.);
#8708=ORIENTED_EDGE('',*,*,#8707,.T.);
#8710=ORIENTED_EDGE('',*,*,#8709,.T.);
#8711=EDGE_LOOP('',(#8704,#8706,#8708,#8710));
#8712=FACE_OUTER_BOUND('',#8711,.F.);
#8713=ADVANCED_FACE('',(#8712),#8703,.T.);
#8714=CARTESIAN_POINT('',(-6.35E0,4.27E0,-1.495E0));
#8715=DIRECTION('',(0.E0,3.713906763541E-1,-9.284766908853E-1));
#8716=DIRECTION('',(-1.E0,0.E0,0.E0));
#8717=AXIS2_PLACEMENT_3D('',#8714,#8715,#8716);
#8718=PLANE('',#8717);
#8720=ORIENTED_EDGE('',*,*,#8719,.T.);
#8721=ORIENTED_EDGE('',*,*,#8705,.T.);
#8722=ORIENTED_EDGE('',*,*,#8593,.F.);
#8724=ORIENTED_EDGE('',*,*,#8723,.F.);
#8725=EDGE_LOOP('',(#8720,#8721,#8722,#8724));
#8726=FACE_OUTER_BOUND('',#8725,.F.);
#8727=ADVANCED_FACE('',(#8726),#8718,.T.);
#8728=CARTESIAN_POINT('',(-6.35E0,4.52E0,-1.27E0));
#8729=DIRECTION('',(0.E0,-1.E0,0.E0));
#8730=DIRECTION('',(0.E0,0.E0,-1.E0));
#8731=AXIS2_PLACEMENT_3D('',#8728,#8729,#8730);
#8732=PLANE('',#8731);
#8734=ORIENTED_EDGE('',*,*,#8733,.F.);
#8735=ORIENTED_EDGE('',*,*,#8707,.F.);
#8736=ORIENTED_EDGE('',*,*,#8719,.F.);
#8738=ORIENTED_EDGE('',*,*,#8737,.F.);
#8739=EDGE_LOOP('',(#8734,#8735,#8736,#8738));
#8740=FACE_OUTER_BOUND('',#8739,.F.);
#8741=ADVANCED_FACE('',(#8740),#8732,.F.);
#8742=CARTESIAN_POINT('',(-6.35E0,4.27E0,-1.045E0));
#8743=DIRECTION('',(0.E0,3.713906763541E-1,9.284766908853E-1));
#8744=DIRECTION('',(-1.E0,0.E0,0.E0));
#8745=AXIS2_PLACEMENT_3D('',#8742,#8743,#8744);
#8746=PLANE('',#8745);
#8747=ORIENTED_EDGE('',*,*,#8471,.F.);
#8748=ORIENTED_EDGE('',*,*,#8709,.F.);
#8749=ORIENTED_EDGE('',*,*,#8733,.T.);
#8751=ORIENTED_EDGE('',*,*,#8750,.T.);
#8752=EDGE_LOOP('',(#8747,#8748,#8749,#8751));
#8753=FACE_OUTER_BOUND('',#8752,.F.);
#8754=ADVANCED_FACE('',(#8753),#8746,.T.);
#8755=CARTESIAN_POINT('',(-6.125E0,4.27E0,-1.27E0));
#8756=DIRECTION('',(9.284766908853E-1,3.713906763541E-1,0.E0));
#8757=DIRECTION('',(0.E0,0.E0,-1.E0));
#8758=AXIS2_PLACEMENT_3D('',#8755,#8756,#8757);
#8759=PLANE('',#8758);
#8760=ORIENTED_EDGE('',*,*,#8737,.T.);
#8761=ORIENTED_EDGE('',*,*,#8723,.T.);
#8762=ORIENTED_EDGE('',*,*,#8508,.F.);
#8763=ORIENTED_EDGE('',*,*,#8750,.F.);
#8764=EDGE_LOOP('',(#8760,#8761,#8762,#8763));
#8765=FACE_OUTER_BOUND('',#8764,.F.);
#8766=ADVANCED_FACE('',(#8765),#8759,.T.);
#8767=CARTESIAN_POINT('',(2.825E0,5.45E0,-4.875E0));
#8768=DIRECTION('',(-9.659258262891E-1,0.E0,2.588190451025E-1));
#8769=DIRECTION('',(2.588190451025E-1,0.E0,9.659258262891E-1));
#8770=AXIS2_PLACEMENT_3D('',#8767,#8768,#8769);
#8771=PLANE('',#8770);
#8772=ORIENTED_EDGE('',*,*,#4035,.T.);
#8773=ORIENTED_EDGE('',*,*,#4196,.F.);
#8774=ORIENTED_EDGE('',*,*,#4063,.F.);
#8775=ORIENTED_EDGE('',*,*,#4008,.F.);
#8776=EDGE_LOOP('',(#8772,#8773,#8774,#8775));
#8777=FACE_OUTER_BOUND('',#8776,.F.);
#8778=ADVANCED_FACE('',(#8777),#8771,.F.);
#8779=CLOSED_SHELL('',(#4016,#4039,#4053,#4117,#4132,#4146,#4160,#4181,#4215,
#4230,#4255,#4275,#4289,#4319,#4333,#4346,#4359,#4372,#4385,#4398,#4410,#4423,
#4446,#4466,#4481,#4496,#4642,#4655,#4667,#4687,#4701,#4714,#4728,#4741,#4759,
#4771,#4783,#4795,#4807,#4820,#4832,#4851,#4867,#4882,#4897,#4912,#4930,#4946,
#4960,#4972,#4984,#4997,#5010,#5022,#5037,#5052,#5066,#5079,#5212,#5234,#5249,
#5270,#5283,#5303,#5315,#5329,#5343,#5355,#5373,#5386,#5398,#5410,#5422,#5435,
#5448,#5460,#5475,#5490,#5505,#5524,#5537,#5552,#5567,#5582,#5600,#5614,#5628,
#5640,#5652,#5665,#5678,#5690,#5704,#5717,#5730,#5742,#5757,#5772,#5787,#5806,
#5819,#5834,#5849,#5864,#5882,#5896,#5910,#5922,#5934,#5947,#5960,#5972,#5986,
#5999,#6012,#6024,#6039,#6054,#6069,#6088,#6101,#6116,#6131,#6146,#6164,#6178,
#6192,#6204,#6216,#6229,#6242,#6254,#6268,#6281,#6294,#6306,#6321,#6336,#6351,
#6370,#6383,#6398,#6413,#6428,#6446,#6460,#6474,#6486,#6498,#6511,#6524,#6536,
#6550,#6563,#6576,#6588,#6603,#6618,#6633,#6652,#6665,#6680,#6695,#6710,#6728,
#6742,#6756,#6768,#6780,#6793,#6806,#6818,#6832,#6845,#6858,#6870,#6885,#6900,
#6922,#6936,#6951,#6966,#6980,#6994,#7007,#7021,#7040,#7053,#7067,#7080,#7093,
#7106,#7118,#7133,#7147,#7161,#7174,#7186,#7201,#7216,#7238,#7252,#7267,#7282,
#7296,#7310,#7323,#7337,#7356,#7369,#7383,#7396,#7409,#7422,#7434,#7449,#7463,
#7477,#7490,#7502,#7517,#7532,#7554,#7568,#7583,#7598,#7612,#7626,#7639,#7653,
#7672,#7685,#7699,#7712,#7725,#7738,#7750,#7765,#7779,#7793,#7806,#7818,#7833,
#7848,#7870,#7884,#7899,#7914,#7928,#7942,#7955,#7969,#7988,#8001,#8015,#8028,
#8041,#8054,#8066,#8081,#8095,#8109,#8122,#8134,#8149,#8164,#8186,#8200,#8215,
#8230,#8244,#8258,#8271,#8285,#8304,#8317,#8331,#8344,#8357,#8370,#8382,#8397,
#8411,#8425,#8438,#8450,#8465,#8480,#8502,#8516,#8531,#8546,#8560,#8574,#8587,
#8601,#8620,#8633,#8647,#8660,#8673,#8686,#8698,#8713,#8727,#8741,#8754,#8766,
#8778));
#8780=MANIFOLD_SOLID_BREP('',#8779);
#8782=DIMENSIONAL_EXPONENTS(0.E0,0.E0,0.E0,0.E0,0.E0,0.E0,0.E0);
#8784=PLANE_ANGLE_MEASURE_WITH_UNIT(PLANE_ANGLE_MEASURE(1.745329251994E-2),
#8783);
#8785=(CONVERSION_BASED_UNIT('DEGREE',#8784)NAMED_UNIT(*)PLANE_ANGLE_UNIT());
#8787=UNCERTAINTY_MEASURE_WITH_UNIT(LENGTH_MEASURE(2.554847954628E-3),#8781,
'closure',
'Maximum model space distance between geometric entities at asserted connectivities');
#8788=(GEOMETRIC_REPRESENTATION_CONTEXT(3)GLOBAL_UNCERTAINTY_ASSIGNED_CONTEXT((
#8787))GLOBAL_UNIT_ASSIGNED_CONTEXT((#8781,#8785,#8786))REPRESENTATION_CONTEXT(
'ID1','3'));
#8790=APPLICATION_CONTEXT(
'CONFIGURATION CONTROLLED 3D DESIGNS OF MECHANICAL PARTS AND ASSEMBLIES');
#8791=APPLICATION_PROTOCOL_DEFINITION('international standard',
'config_control_design',1994,#8790);
#8792=DESIGN_CONTEXT('',#8790,'design');
#8793=MECHANICAL_CONTEXT('',#8790,'mechanical');
#8794=PRODUCT('901303312','901303312','NOT SPECIFIED',(#8793));
#8795=PRODUCT_DEFINITION_FORMATION_WITH_SPECIFIED_SOURCE('1','LAST_VERSION',
#8794,.MADE.);
#8799=PRODUCT_CATEGORY('part','');
#8800=PRODUCT_RELATED_PRODUCT_CATEGORY('detail','',(#8794));
#8801=PRODUCT_CATEGORY_RELATIONSHIP('','',#8799,#8800);
#8802=SECURITY_CLASSIFICATION_LEVEL('unclassified');
#8803=SECURITY_CLASSIFICATION('','',#8802);
#8804=CC_DESIGN_SECURITY_CLASSIFICATION(#8803,(#8795));
#8805=APPROVAL_STATUS('approved');
#8806=APPROVAL(#8805,'');
#8807=CC_DESIGN_APPROVAL(#8806,(#8803,#8795,#8796));
#8808=CALENDAR_DATE(113,5,4);
#8809=COORDINATED_UNIVERSAL_TIME_OFFSET(5,30,.AHEAD.);
#8810=LOCAL_TIME(9,21,4.E0,#8809);
#8811=DATE_AND_TIME(#8808,#8810);
#8812=APPROVAL_DATE_TIME(#8811,#8806);
#8813=DATE_TIME_ROLE('creation_date');
#8814=CC_DESIGN_DATE_AND_TIME_ASSIGNMENT(#8811,#8813,(#8796));
#8815=DATE_TIME_ROLE('classification_date');
#8816=CC_DESIGN_DATE_AND_TIME_ASSIGNMENT(#8811,#8815,(#8803));
#8817=PERSON('UNSPECIFIED','UNSPECIFIED',$,$,$,$);
#8818=ORGANIZATION('UNSPECIFIED','UNSPECIFIED','UNSPECIFIED');
#8819=PERSON_AND_ORGANIZATION(#8817,#8818);
#8820=APPROVAL_ROLE('approver');
#8821=APPROVAL_PERSON_ORGANIZATION(#8819,#8806,#8820);
#8822=PERSON_AND_ORGANIZATION_ROLE('creator');
#8823=CC_DESIGN_PERSON_AND_ORGANIZATION_ASSIGNMENT(#8819,#8822,(#8795,#8796));
#8824=PERSON_AND_ORGANIZATION_ROLE('design_supplier');
#8825=CC_DESIGN_PERSON_AND_ORGANIZATION_ASSIGNMENT(#8819,#8824,(#8795));
#8826=PERSON_AND_ORGANIZATION_ROLE('classification_officer');
#8827=CC_DESIGN_PERSON_AND_ORGANIZATION_ASSIGNMENT(#8819,#8826,(#8803));
#8828=PERSON_AND_ORGANIZATION_ROLE('design_owner');
#8829=CC_DESIGN_PERSON_AND_ORGANIZATION_ASSIGNMENT(#8819,#8828,(#8794));
#61=CIRCLE('',#60,1.5E-1);
#70=CIRCLE('',#69,1.E-1);
#87=CIRCLE('',#86,1.E-1);
#96=CIRCLE('',#95,1.5E-1);
#209=CIRCLE('',#208,1.5E-1);
#218=CIRCLE('',#217,1.5E-1);
#223=CIRCLE('',#222,1.E-1);
#228=CIRCLE('',#227,1.E-1);
#697=CIRCLE('',#696,1.83E-1);
#734=CIRCLE('',#733,8.33E-1);
#771=CIRCLE('',#770,1.83E-1);
#776=CIRCLE('',#775,8.33E-1);
#1225=CIRCLE('',#1224,1.83E-1);
#1262=CIRCLE('',#1261,8.33E-1);
#1299=CIRCLE('',#1298,1.83E-1);
#1304=CIRCLE('',#1303,8.33E-1);
#1381=CIRCLE('',#1380,1.83E-1);
#1418=CIRCLE('',#1417,8.33E-1);
#1455=CIRCLE('',#1454,1.83E-1);
#1460=CIRCLE('',#1459,8.33E-1);
#1537=CIRCLE('',#1536,1.83E-1);
#1574=CIRCLE('',#1573,8.33E-1);
#1611=CIRCLE('',#1610,1.83E-1);
#1616=CIRCLE('',#1615,8.33E-1);
#1693=CIRCLE('',#1692,1.83E-1);
#1730=CIRCLE('',#1729,8.33E-1);
#1767=CIRCLE('',#1766,1.83E-1);
#1772=CIRCLE('',#1771,8.33E-1);
#1849=CIRCLE('',#1848,1.83E-1);
#1886=CIRCLE('',#1885,8.33E-1);
#1923=CIRCLE('',#1922,1.83E-1);
#1928=CIRCLE('',#1927,8.33E-1);
#2005=CIRCLE('',#2004,8.33E-1);
#2046=CIRCLE('',#2045,8.33E-1);
#2071=CIRCLE('',#2070,1.83E-1);
#2128=CIRCLE('',#2127,1.83E-1);
#2185=CIRCLE('',#2184,8.33E-1);
#2226=CIRCLE('',#2225,8.33E-1);
#2251=CIRCLE('',#2250,1.83E-1);
#2308=CIRCLE('',#2307,1.83E-1);
#2365=CIRCLE('',#2364,8.33E-1);
#2406=CIRCLE('',#2405,8.33E-1);
#2431=CIRCLE('',#2430,1.83E-1);
#2488=CIRCLE('',#2487,1.83E-1);
#2545=CIRCLE('',#2544,8.33E-1);
#2586=CIRCLE('',#2585,8.33E-1);
#2611=CIRCLE('',#2610,1.83E-1);
#2668=CIRCLE('',#2667,1.83E-1);
#2725=CIRCLE('',#2724,8.33E-1);
#2766=CIRCLE('',#2765,8.33E-1);
#2791=CIRCLE('',#2790,1.83E-1);
#2848=CIRCLE('',#2847,1.83E-1);
#2905=CIRCLE('',#2904,8.33E-1);
#2946=CIRCLE('',#2945,8.33E-1);
#2971=CIRCLE('',#2970,1.83E-1);
#3028=CIRCLE('',#3027,1.83E-1);
#4006=EDGE_CURVE('',#3205,#3206,#4,.T.);
#4008=EDGE_CURVE('',#3206,#3197,#8,.T.);
#4010=EDGE_CURVE('',#3197,#3194,#12,.T.);
#4012=EDGE_CURVE('',#3205,#3194,#16,.T.);
#4023=EDGE_CURVE('',#3220,#3205,#20,.T.);
#4025=EDGE_CURVE('',#3218,#3220,#164,.T.);
#4027=EDGE_CURVE('',#3216,#3218,#140,.T.);
#4029=EDGE_CURVE('',#3213,#3216,#1156,.T.);
#4031=EDGE_CURVE('',#3213,#3214,#1144,.T.);
#4033=EDGE_CURVE('',#3222,#3214,#160,.T.);
#4035=EDGE_CURVE('',#3206,#3222,#3064,.T.);
#4047=EDGE_CURVE('',#3192,#3194,#40,.T.);
#4049=EDGE_CURVE('',#3192,#3220,#24,.T.);
#4059=EDGE_CURVE('',#3181,#3192,#36,.T.);
#4063=EDGE_CURVE('',#3197,#3198,#44,.T.);
#4065=EDGE_CURVE('',#3190,#3198,#48,.T.);
#4067=EDGE_CURVE('',#3190,#3072,#52,.T.);
#4069=EDGE_CURVE('',#3072,#3080,#660,.T.);
#4071=EDGE_CURVE('',#3080,#3256,#56,.T.);
#4073=EDGE_CURVE('',#3256,#3258,#61,.T.);
#4075=EDGE_CURVE('',#3258,#3268,#65,.T.);
#4077=EDGE_CURVE('',#3266,#3268,#70,.T.);
#4079=EDGE_CURVE('',#3264,#3266,#74,.T.);
#4081=EDGE_CURVE('',#3262,#3264,#78,.T.);
#4083=EDGE_CURVE('',#3261,#3262,#82,.T.);
#4085=EDGE_CURVE('',#3270,#3261,#87,.T.);
#4087=EDGE_CURVE('',#3270,#3075,#91,.T.);
#4089=EDGE_CURVE('',#3075,#3076,#96,.T.);
#4091=EDGE_CURVE('',#3078,#3076,#100,.T.);
#4093=EDGE_CURVE('',#3078,#3067,#656,.T.);
#4095=EDGE_CURVE('',#3181,#3067,#632,.T.);
#4099=EDGE_CURVE('',#3226,#3232,#104,.T.);
#4101=EDGE_CURVE('',#3232,#3236,#1132,.T.);
#4103=EDGE_CURVE('',#3236,#3240,#1116,.T.);
#4105=EDGE_CURVE('',#3240,#3245,#28,.T.);
#4107=EDGE_CURVE('',#3245,#3246,#1164,.T.);
#4109=EDGE_CURVE('',#3246,#3252,#32,.T.);
#4111=EDGE_CURVE('',#3252,#3225,#124,.T.);
#4113=EDGE_CURVE('',#3225,#3226,#116,.T.);
#4124=EDGE_CURVE('',#3226,#3230,#108,.T.);
#4126=EDGE_CURVE('',#3230,#3234,#112,.T.);
#4128=EDGE_CURVE('',#3232,#3234,#1136,.T.);
#4139=EDGE_CURVE('',#3225,#3229,#136,.T.);
#4141=EDGE_CURVE('',#3229,#3230,#120,.T.);
#4153=EDGE_CURVE('',#3252,#3254,#128,.T.);
#4155=EDGE_CURVE('',#3254,#3229,#132,.T.);
#4167=EDGE_CURVE('',#3209,#3218,#144,.T.);
#4169=EDGE_CURVE('',#3209,#3161,#1092,.T.);
#4171=EDGE_CURVE('',#3254,#3161,#1184,.T.);
#4175=EDGE_CURVE('',#3246,#3250,#1176,.T.);
#4177=EDGE_CURVE('',#3250,#3216,#148,.T.);
#4187=EDGE_CURVE('',#3200,#3202,#152,.T.);
#4189=EDGE_CURVE('',#3188,#3202,#300,.T.);
#4191=EDGE_CURVE('',#3187,#3188,#616,.T.);
#4193=EDGE_CURVE('',#3187,#3190,#556,.T.);
#4196=EDGE_CURVE('',#3198,#3222,#156,.T.);
#4199=EDGE_CURVE('',#3210,#3214,#1152,.T.);
#4201=EDGE_CURVE('',#3209,#3210,#1064,.T.);
#4207=EDGE_CURVE('',#3181,#3182,#628,.T.);
#4209=EDGE_CURVE('',#3182,#3184,#600,.T.);
#4211=EDGE_CURVE('',#3184,#3200,#188,.T.);
#4222=EDGE_CURVE('',#3200,#3130,#200,.T.);
#4224=EDGE_CURVE('',#3129,#3130,#688,.T.);
#4226=EDGE_CURVE('',#3202,#3129,#304,.T.);
#4236=EDGE_CURVE('',#3076,#3120,#168,.T.);
#4238=EDGE_CURVE('',#3112,#3120,#172,.T.);
#4240=EDGE_CURVE('',#3141,#3112,#176,.T.);
#4242=EDGE_CURVE('',#3137,#3141,#544,.T.);
#4244=EDGE_CURVE('',#3122,#3137,#344,.T.);
#4246=EDGE_CURVE('',#3100,#3122,#180,.T.);
#4248=EDGE_CURVE('',#3100,#3082,#588,.T.);
#4250=EDGE_CURVE('',#3082,#3078,#184,.T.);
#4262=EDGE_CURVE('',#3184,#3094,#612,.T.);
#4264=EDGE_CURVE('',#3094,#3132,#192,.T.);
#4266=EDGE_CURVE('',#3132,#3145,#336,.T.);
#4268=EDGE_CURVE('',#3145,#3149,#684,.T.);
#4270=EDGE_CURVE('',#3130,#3149,#196,.T.);
#4281=EDGE_CURVE('',#3119,#3120,#218,.T.);
#4285=EDGE_CURVE('',#3075,#3119,#204,.T.);
#4295=EDGE_CURVE('',#3115,#3116,#232,.T.);
#4297=EDGE_CURVE('',#3126,#3115,#209,.T.);
#4299=EDGE_CURVE('',#3111,#3126,#292,.T.);
#4301=EDGE_CURVE('',#3111,#3112,#213,.T.);
#4305=EDGE_CURVE('',#3272,#3119,#248,.T.);
#4307=EDGE_CURVE('',#3275,#3272,#223,.T.);
#4309=EDGE_CURVE('',#3275,#3276,#272,.T.);
#4311=EDGE_CURVE('',#3276,#3278,#264,.T.);
#4313=EDGE_CURVE('',#3278,#3280,#256,.T.);
#4315=EDGE_CURVE('',#3116,#3280,#228,.T.);
#4326=EDGE_CURVE('',#3116,#3268,#236,.T.);
#4329=EDGE_CURVE('',#3258,#3115,#240,.T.);
#4341=EDGE_CURVE('',#3272,#3270,#244,.T.);
#4353=EDGE_CURVE('',#3266,#3280,#252,.T.);
#4366=EDGE_CURVE('',#3264,#3278,#260,.T.);
#4379=EDGE_CURVE('',#3262,#3276,#268,.T.);
#4392=EDGE_CURVE('',#3261,#3275,#276,.T.);
#4419=EDGE_CURVE('',#3256,#3126,#280,.T.);
#4429=EDGE_CURVE('',#3103,#3124,#284,.T.);
#4431=EDGE_CURVE('',#3138,#3124,#324,.T.);
#4433=EDGE_CURVE('',#3138,#3142,#552,.T.);
#4435=EDGE_CURVE('',#3142,#3111,#288,.T.);
#4440=EDGE_CURVE('',#3080,#3084,#296,.T.);
#4442=EDGE_CURVE('',#3103,#3084,#596,.T.);
#4452=EDGE_CURVE('',#3188,#3097,#620,.T.);
#4456=EDGE_CURVE('',#3129,#3150,#308,.T.);
#4458=EDGE_CURVE('',#3146,#3150,#676,.T.);
#4460=EDGE_CURVE('',#3134,#3146,#332,.T.);
#4462=EDGE_CURVE('',#3097,#3134,#312,.T.);
#4473=EDGE_CURVE('',#3122,#3090,#316,.T.);
#4475=EDGE_CURVE('',#3092,#3090,#636,.T.);
#4477=EDGE_CURVE('',#3092,#3100,#580,.T.);
#4487=EDGE_CURVE('',#3108,#3124,#320,.T.);
#4490=EDGE_CURVE('',#3103,#3104,#592,.T.);
#4492=EDGE_CURVE('',#3104,#3108,#572,.T.);
#4502=EDGE_CURVE('',#3137,#3138,#540,.T.);
#4506=EDGE_CURVE('',#3106,#3108,#568,.T.);
#4508=EDGE_CURVE('',#3106,#3134,#328,.T.);
#4511=EDGE_CURVE('',#3145,#3146,#672,.T.);
#4514=EDGE_CURVE('',#3132,#3088,#340,.T.);
#4516=EDGE_CURVE('',#3088,#3090,#640,.T.);
#4522=EDGE_CURVE('',#3291,#3292,#348,.T.);
#4524=EDGE_CURVE('',#3296,#3292,#352,.T.);
#4526=EDGE_CURVE('',#3295,#3296,#356,.T.);
#4528=EDGE_CURVE('',#3295,#3291,#360,.T.);
#4532=EDGE_CURVE('',#3418,#3346,#364,.T.);
#4534=EDGE_CURVE('',#3380,#3346,#368,.T.);
#4536=EDGE_CURVE('',#3420,#3380,#372,.T.);
#4538=EDGE_CURVE('',#3420,#3418,#376,.T.);
#4542=EDGE_CURVE('',#3422,#3390,#380,.T.);
#4544=EDGE_CURVE('',#3392,#3390,#384,.T.);
#4546=EDGE_CURVE('',#3424,#3392,#388,.T.);
#4548=EDGE_CURVE('',#3424,#3422,#392,.T.);
#4552=EDGE_CURVE('',#3426,#3402,#396,.T.);
#4554=EDGE_CURVE('',#3404,#3402,#400,.T.);
#4556=EDGE_CURVE('',#3428,#3404,#404,.T.);
#4558=EDGE_CURVE('',#3428,#3426,#408,.T.);
#4562=EDGE_CURVE('',#3430,#3414,#412,.T.);
#4564=EDGE_CURVE('',#3416,#3414,#416,.T.);
#4566=EDGE_CURVE('',#3432,#3416,#420,.T.);
#4568=EDGE_CURVE('',#3432,#3430,#424,.T.);
#4572=EDGE_CURVE('',#3443,#3444,#428,.T.);
#4574=EDGE_CURVE('',#3448,#3444,#432,.T.);
#4576=EDGE_CURVE('',#3447,#3448,#436,.T.);
#4578=EDGE_CURVE('',#3447,#3443,#440,.T.);
#4582=EDGE_CURVE('',#3330,#3332,#444,.T.);
#4584=EDGE_CURVE('',#3332,#3334,#448,.T.);
#4586=EDGE_CURVE('',#3334,#3336,#452,.T.);
#4588=EDGE_CURVE('',#3330,#3336,#456,.T.);
#4592=EDGE_CURVE('',#3699,#3700,#460,.T.);
#4594=EDGE_CURVE('',#3700,#3702,#464,.T.);
#4596=EDGE_CURVE('',#3702,#3704,#468,.T.);
#4598=EDGE_CURVE('',#3699,#3704,#472,.T.);
#4602=EDGE_CURVE('',#3731,#3732,#476,.T.);
#4604=EDGE_CURVE('',#3732,#3734,#480,.T.);
#4606=EDGE_CURVE('',#3734,#3736,#484,.T.);
#4608=EDGE_CURVE('',#3731,#3736,#488,.T.);
#4612=EDGE_CURVE('',#3763,#3764,#492,.T.);
#4614=EDGE_CURVE('',#3764,#3766,#496,.T.);
#4616=EDGE_CURVE('',#3766,#3768,#500,.T.);
#4618=EDGE_CURVE('',#3763,#3768,#504,.T.);
#4622=EDGE_CURVE('',#3795,#3796,#508,.T.);
#4624=EDGE_CURVE('',#3796,#3798,#512,.T.);
#4626=EDGE_CURVE('',#3798,#3800,#516,.T.);
#4628=EDGE_CURVE('',#3795,#3800,#520,.T.);
#4632=EDGE_CURVE('',#3827,#3828,#524,.T.);
#4634=EDGE_CURVE('',#3828,#3830,#528,.T.);
#4636=EDGE_CURVE('',#3830,#3832,#532,.T.);
#4638=EDGE_CURVE('',#3827,#3832,#536,.T.);
#4650=EDGE_CURVE('',#3141,#3142,#548,.T.);
#4674=EDGE_CURVE('',#3187,#3098,#560,.T.);
#4676=EDGE_CURVE('',#3098,#3106,#564,.T.);
#4680=EDGE_CURVE('',#3104,#3071,#576,.T.);
#4682=EDGE_CURVE('',#3071,#3072,#664,.T.);
#4694=EDGE_CURVE('',#3092,#3068,#584,.T.);
#4696=EDGE_CURVE('',#3068,#3082,#648,.T.);
#4709=EDGE_CURVE('',#3084,#3071,#668,.T.);
#4721=EDGE_CURVE('',#3182,#3087,#604,.T.);
#4723=EDGE_CURVE('',#3087,#3094,#608,.T.);
#4736=EDGE_CURVE('',#3097,#3098,#624,.T.);
#4749=EDGE_CURVE('',#3067,#3068,#652,.T.);
#4754=EDGE_CURVE('',#3087,#3088,#644,.T.);
#4815=EDGE_CURVE('',#3149,#3150,#680,.T.);
#4838=EDGE_CURVE('',#3498,#3504,#692,.T.);
#4840=EDGE_CURVE('',#3287,#3504,#788,.T.);
#4842=EDGE_CURVE('',#3292,#3287,#776,.T.);
#4845=EDGE_CURVE('',#3291,#3284,#697,.T.);
#4847=EDGE_CURVE('',#3284,#3498,#701,.T.);
#4857=EDGE_CURVE('',#3520,#3507,#705,.T.);
#4859=EDGE_CURVE('',#3507,#3300,#709,.T.);
#4861=EDGE_CURVE('',#3300,#3302,#860,.T.);
#4863=EDGE_CURVE('',#3520,#3302,#1192,.T.);
#4873=EDGE_CURVE('',#3500,#3502,#721,.T.);
#4875=EDGE_CURVE('',#3504,#3502,#792,.T.);
#4878=EDGE_CURVE('',#3500,#3498,#766,.T.);
#4888=EDGE_CURVE('',#3495,#3496,#713,.T.);
#4890=EDGE_CURVE('',#3502,#3495,#717,.T.);
#4893=EDGE_CURVE('',#3496,#3500,#725,.T.);
#4903=EDGE_CURVE('',#3491,#3492,#729,.T.);
#4905=EDGE_CURVE('',#3495,#3491,#796,.T.);
#4908=EDGE_CURVE('',#3492,#3496,#762,.T.);
#4919=EDGE_CURVE('',#3283,#3492,#758,.T.);
#4921=EDGE_CURVE('',#3295,#3283,#771,.T.);
#4924=EDGE_CURVE('',#3296,#3288,#734,.T.);
#4926=EDGE_CURVE('',#3288,#3491,#738,.T.);
#4936=EDGE_CURVE('',#3508,#3516,#742,.T.);
#4938=EDGE_CURVE('',#3516,#3304,#746,.T.);
#4940=EDGE_CURVE('',#3299,#3304,#852,.T.);
#4942=EDGE_CURVE('',#3508,#3299,#828,.T.);
#4952=EDGE_CURVE('',#3492,#3498,#750,.T.);
#4955=EDGE_CURVE('',#3283,#3284,#754,.T.);
#4992=EDGE_CURVE('',#3287,#3288,#784,.T.);
#5003=EDGE_CURVE('',#3504,#3491,#780,.T.);
#5028=EDGE_CURVE('',#3512,#3514,#816,.T.);
#5030=EDGE_CURVE('',#3514,#3516,#800,.T.);
#5033=EDGE_CURVE('',#3512,#3508,#820,.T.);
#5043=EDGE_CURVE('',#3511,#3512,#804,.T.);
#5045=EDGE_CURVE('',#3518,#3511,#808,.T.);
#5047=EDGE_CURVE('',#3514,#3518,#812,.T.);
#5058=EDGE_CURVE('',#3507,#3508,#824,.T.);
#5060=EDGE_CURVE('',#3511,#3507,#1200,.T.);
#5074=EDGE_CURVE('',#3299,#3300,#848,.T.);
#5085=EDGE_CURVE('',#3165,#3166,#832,.T.);
#5087=EDGE_CURVE('',#3170,#3165,#836,.T.);
#5089=EDGE_CURVE('',#3168,#3170,#840,.T.);
#5091=EDGE_CURVE('',#3166,#3168,#844,.T.);
#5097=EDGE_CURVE('',#3302,#3304,#856,.T.);
#5102=EDGE_CURVE('',#3373,#3374,#864,.T.);
#5104=EDGE_CURVE('',#3373,#3378,#868,.T.);
#5106=EDGE_CURVE('',#3376,#3378,#872,.T.);
#5108=EDGE_CURVE('',#3374,#3376,#876,.T.);
#5112=EDGE_CURVE('',#3383,#3384,#880,.T.);
#5114=EDGE_CURVE('',#3383,#3388,#884,.T.);
#5116=EDGE_CURVE('',#3386,#3388,#888,.T.);
#5118=EDGE_CURVE('',#3384,#3386,#892,.T.);
#5122=EDGE_CURVE('',#3395,#3396,#896,.T.);
#5124=EDGE_CURVE('',#3395,#3400,#900,.T.);
#5126=EDGE_CURVE('',#3398,#3400,#904,.T.);
#5128=EDGE_CURVE('',#3396,#3398,#908,.T.);
#5132=EDGE_CURVE('',#3407,#3408,#912,.T.);
#5134=EDGE_CURVE('',#3407,#3412,#916,.T.);
#5136=EDGE_CURVE('',#3410,#3412,#920,.T.);
#5138=EDGE_CURVE('',#3408,#3410,#924,.T.);
#5142=EDGE_CURVE('',#3451,#3452,#928,.T.);
#5144=EDGE_CURVE('',#3451,#3456,#932,.T.);
#5146=EDGE_CURVE('',#3454,#3456,#936,.T.);
#5148=EDGE_CURVE('',#3452,#3454,#940,.T.);
#5152=EDGE_CURVE('',#3323,#3324,#944,.T.);
#5154=EDGE_CURVE('',#3323,#3328,#948,.T.);
#5156=EDGE_CURVE('',#3326,#3328,#952,.T.);
#5158=EDGE_CURVE('',#3324,#3326,#956,.T.);
#5162=EDGE_CURVE('',#3707,#3708,#960,.T.);
#5164=EDGE_CURVE('',#3707,#3712,#964,.T.);
#5166=EDGE_CURVE('',#3710,#3712,#968,.T.);
#5168=EDGE_CURVE('',#3708,#3710,#972,.T.);
#5172=EDGE_CURVE('',#3739,#3740,#976,.T.);
#5174=EDGE_CURVE('',#3739,#3744,#980,.T.);
#5176=EDGE_CURVE('',#3742,#3744,#984,.T.);
#5178=EDGE_CURVE('',#3740,#3742,#988,.T.);
#5182=EDGE_CURVE('',#3771,#3772,#992,.T.);
#5184=EDGE_CURVE('',#3771,#3776,#996,.T.);
#5186=EDGE_CURVE('',#3774,#3776,#1000,.T.);
#5188=EDGE_CURVE('',#3772,#3774,#1004,.T.);
#5192=EDGE_CURVE('',#3803,#3804,#1008,.T.);
#5194=EDGE_CURVE('',#3803,#3808,#1012,.T.);
#5196=EDGE_CURVE('',#3806,#3808,#1016,.T.);
#5198=EDGE_CURVE('',#3804,#3806,#1020,.T.);
#5202=EDGE_CURVE('',#3835,#3836,#1024,.T.);
#5204=EDGE_CURVE('',#3835,#3840,#1028,.T.);
#5206=EDGE_CURVE('',#3838,#3840,#1032,.T.);
#5208=EDGE_CURVE('',#3836,#3838,#1036,.T.);
#5218=EDGE_CURVE('',#3162,#3177,#1084,.T.);
#5220=EDGE_CURVE('',#3177,#3165,#1040,.T.);
#5223=EDGE_CURVE('',#3173,#3166,#1096,.T.);
#5225=EDGE_CURVE('',#3173,#3153,#1060,.T.);
#5227=EDGE_CURVE('',#3230,#3153,#1180,.T.);
#5230=EDGE_CURVE('',#3229,#3162,#1044,.T.);
#5240=EDGE_CURVE('',#3173,#3174,#1048,.T.);
#5242=EDGE_CURVE('',#3154,#3174,#1052,.T.);
#5244=EDGE_CURVE('',#3153,#3154,#1056,.T.);
#5256=EDGE_CURVE('',#3158,#3210,#1068,.T.);
#5258=EDGE_CURVE('',#3157,#3158,#1072,.T.);
#5260=EDGE_CURVE('',#3178,#3157,#1076,.T.);
#5262=EDGE_CURVE('',#3177,#3178,#1080,.T.);
#5265=EDGE_CURVE('',#3161,#3162,#1088,.T.);
#5279=EDGE_CURVE('',#3174,#3168,#1100,.T.);
#5292=EDGE_CURVE('',#3178,#3170,#1108,.T.);
#5295=EDGE_CURVE('',#3238,#3157,#1112,.T.);
#5297=EDGE_CURVE('',#3234,#3238,#1140,.T.);
#5299=EDGE_CURVE('',#3234,#3154,#1104,.T.);
#5321=EDGE_CURVE('',#3238,#3242,#1124,.T.);
#5325=EDGE_CURVE('',#3242,#3158,#1148,.T.);
#5336=EDGE_CURVE('',#3236,#3238,#1120,.T.);
#5339=EDGE_CURVE('',#3240,#3242,#1128,.T.);
#5362=EDGE_CURVE('',#3249,#3213,#1160,.T.);
#5364=EDGE_CURVE('',#3245,#3249,#1168,.T.);
#5381=EDGE_CURVE('',#3249,#3250,#1172,.T.);
#5428=EDGE_CURVE('',#3516,#3520,#1188,.T.);
#5442=EDGE_CURVE('',#3518,#3520,#1196,.T.);
#5466=EDGE_CURVE('',#3539,#3540,#1204,.T.);
#5468=EDGE_CURVE('',#3540,#3373,#1208,.T.);
#5471=EDGE_CURVE('',#3539,#3374,#1237,.T.);
#5482=EDGE_CURVE('',#3543,#3539,#1216,.T.);
#5484=EDGE_CURVE('',#3543,#3544,#1332,.T.);
#5486=EDGE_CURVE('',#3544,#3540,#1212,.T.);
#5496=EDGE_CURVE('',#3552,#3539,#1233,.T.);
#5498=EDGE_CURVE('',#3550,#3552,#1348,.T.);
#5500=EDGE_CURVE('',#3550,#3543,#1336,.T.);
#5511=EDGE_CURVE('',#3530,#3536,#1220,.T.);
#5513=EDGE_CURVE('',#3343,#3536,#1316,.T.);
#5515=EDGE_CURVE('',#3346,#3343,#1304,.T.);
#5518=EDGE_CURVE('',#3418,#3340,#1225,.T.);
#5520=EDGE_CURVE('',#3340,#3530,#1229,.T.);
#5533=EDGE_CURVE('',#3552,#3376,#1356,.T.);
#5543=EDGE_CURVE('',#3532,#3534,#1249,.T.);
#5545=EDGE_CURVE('',#3536,#3534,#1320,.T.);
#5548=EDGE_CURVE('',#3532,#3530,#1294,.T.);
#5558=EDGE_CURVE('',#3527,#3528,#1241,.T.);
#5560=EDGE_CURVE('',#3534,#3527,#1245,.T.);
#5563=EDGE_CURVE('',#3528,#3532,#1253,.T.);
#5573=EDGE_CURVE('',#3523,#3524,#1257,.T.);
#5575=EDGE_CURVE('',#3527,#3523,#1324,.T.);
#5578=EDGE_CURVE('',#3524,#3528,#1290,.T.);
#5589=EDGE_CURVE('',#3339,#3524,#1286,.T.);
#5591=EDGE_CURVE('',#3420,#3339,#1299,.T.);
#5594=EDGE_CURVE('',#3380,#3344,#1262,.T.);
#5596=EDGE_CURVE('',#3344,#3523,#1266,.T.);
#5606=EDGE_CURVE('',#3540,#3548,#1270,.T.);
#5608=EDGE_CURVE('',#3548,#3378,#1274,.T.);
#5620=EDGE_CURVE('',#3524,#3530,#1278,.T.);
#5623=EDGE_CURVE('',#3339,#3340,#1282,.T.);
#5659=EDGE_CURVE('',#3343,#3344,#1312,.T.);
#5671=EDGE_CURVE('',#3536,#3523,#1308,.T.);
#5696=EDGE_CURVE('',#3544,#3546,#1344,.T.);
#5698=EDGE_CURVE('',#3546,#3548,#1328,.T.);
#5712=EDGE_CURVE('',#3546,#3550,#1340,.T.);
#5725=EDGE_CURVE('',#3548,#3552,#1352,.T.);
#5748=EDGE_CURVE('',#3571,#3572,#1360,.T.);
#5750=EDGE_CURVE('',#3572,#3383,#1364,.T.);
#5753=EDGE_CURVE('',#3571,#3384,#1393,.T.);
#5764=EDGE_CURVE('',#3575,#3571,#1372,.T.);
#5766=EDGE_CURVE('',#3575,#3576,#1488,.T.);
#5768=EDGE_CURVE('',#3576,#3572,#1368,.T.);
#5778=EDGE_CURVE('',#3584,#3571,#1389,.T.);
#5780=EDGE_CURVE('',#3582,#3584,#1504,.T.);
#5782=EDGE_CURVE('',#3582,#3575,#1492,.T.);
#5793=EDGE_CURVE('',#3562,#3568,#1376,.T.);
#5795=EDGE_CURVE('',#3353,#3568,#1472,.T.);
#5797=EDGE_CURVE('',#3390,#3353,#1460,.T.);
#5800=EDGE_CURVE('',#3422,#3350,#1381,.T.);
#5802=EDGE_CURVE('',#3350,#3562,#1385,.T.);
#5815=EDGE_CURVE('',#3584,#3386,#1512,.T.);
#5825=EDGE_CURVE('',#3564,#3566,#1405,.T.);
#5827=EDGE_CURVE('',#3568,#3566,#1476,.T.);
#5830=EDGE_CURVE('',#3564,#3562,#1450,.T.);
#5840=EDGE_CURVE('',#3559,#3560,#1397,.T.);
#5842=EDGE_CURVE('',#3566,#3559,#1401,.T.);
#5845=EDGE_CURVE('',#3560,#3564,#1409,.T.);
#5855=EDGE_CURVE('',#3555,#3556,#1413,.T.);
#5857=EDGE_CURVE('',#3559,#3555,#1480,.T.);
#5860=EDGE_CURVE('',#3556,#3560,#1446,.T.);
#5871=EDGE_CURVE('',#3349,#3556,#1442,.T.);
#5873=EDGE_CURVE('',#3424,#3349,#1455,.T.);
#5876=EDGE_CURVE('',#3392,#3354,#1418,.T.);
#5878=EDGE_CURVE('',#3354,#3555,#1422,.T.);
#5888=EDGE_CURVE('',#3572,#3580,#1426,.T.);
#5890=EDGE_CURVE('',#3580,#3388,#1430,.T.);
#5902=EDGE_CURVE('',#3556,#3562,#1434,.T.);
#5905=EDGE_CURVE('',#3349,#3350,#1438,.T.);
#5941=EDGE_CURVE('',#3353,#3354,#1468,.T.);
#5953=EDGE_CURVE('',#3568,#3555,#1464,.T.);
#5978=EDGE_CURVE('',#3576,#3578,#1500,.T.);
#5980=EDGE_CURVE('',#3578,#3580,#1484,.T.);
#5994=EDGE_CURVE('',#3578,#3582,#1496,.T.);
#6007=EDGE_CURVE('',#3580,#3584,#1508,.T.);
#6030=EDGE_CURVE('',#3603,#3604,#1516,.T.);
#6032=EDGE_CURVE('',#3604,#3395,#1520,.T.);
#6035=EDGE_CURVE('',#3603,#3396,#1549,.T.);
#6046=EDGE_CURVE('',#3607,#3603,#1528,.T.);
#6048=EDGE_CURVE('',#3607,#3608,#1644,.T.);
#6050=EDGE_CURVE('',#3608,#3604,#1524,.T.);
#6060=EDGE_CURVE('',#3616,#3603,#1545,.T.);
#6062=EDGE_CURVE('',#3614,#3616,#1660,.T.);
#6064=EDGE_CURVE('',#3614,#3607,#1648,.T.);
#6075=EDGE_CURVE('',#3594,#3600,#1532,.T.);
#6077=EDGE_CURVE('',#3361,#3600,#1628,.T.);
#6079=EDGE_CURVE('',#3402,#3361,#1616,.T.);
#6082=EDGE_CURVE('',#3426,#3358,#1537,.T.);
#6084=EDGE_CURVE('',#3358,#3594,#1541,.T.);
#6097=EDGE_CURVE('',#3616,#3398,#1668,.T.);
#6107=EDGE_CURVE('',#3596,#3598,#1561,.T.);
#6109=EDGE_CURVE('',#3600,#3598,#1632,.T.);
#6112=EDGE_CURVE('',#3596,#3594,#1606,.T.);
#6122=EDGE_CURVE('',#3591,#3592,#1553,.T.);
#6124=EDGE_CURVE('',#3598,#3591,#1557,.T.);
#6127=EDGE_CURVE('',#3592,#3596,#1565,.T.);
#6137=EDGE_CURVE('',#3587,#3588,#1569,.T.);
#6139=EDGE_CURVE('',#3591,#3587,#1636,.T.);
#6142=EDGE_CURVE('',#3588,#3592,#1602,.T.);
#6153=EDGE_CURVE('',#3357,#3588,#1598,.T.);
#6155=EDGE_CURVE('',#3428,#3357,#1611,.T.);
#6158=EDGE_CURVE('',#3404,#3362,#1574,.T.);
#6160=EDGE_CURVE('',#3362,#3587,#1578,.T.);
#6170=EDGE_CURVE('',#3604,#3612,#1582,.T.);
#6172=EDGE_CURVE('',#3612,#3400,#1586,.T.);
#6184=EDGE_CURVE('',#3588,#3594,#1590,.T.);
#6187=EDGE_CURVE('',#3357,#3358,#1594,.T.);
#6223=EDGE_CURVE('',#3361,#3362,#1624,.T.);
#6235=EDGE_CURVE('',#3600,#3587,#1620,.T.);
#6260=EDGE_CURVE('',#3608,#3610,#1656,.T.);
#6262=EDGE_CURVE('',#3610,#3612,#1640,.T.);
#6276=EDGE_CURVE('',#3610,#3614,#1652,.T.);
#6289=EDGE_CURVE('',#3612,#3616,#1664,.T.);
#6312=EDGE_CURVE('',#3635,#3636,#1672,.T.);
#6314=EDGE_CURVE('',#3636,#3407,#1676,.T.);
#6317=EDGE_CURVE('',#3635,#3408,#1705,.T.);
#6328=EDGE_CURVE('',#3639,#3635,#1684,.T.);
#6330=EDGE_CURVE('',#3639,#3640,#1800,.T.);
#6332=EDGE_CURVE('',#3640,#3636,#1680,.T.);
#6342=EDGE_CURVE('',#3648,#3635,#1701,.T.);
#6344=EDGE_CURVE('',#3646,#3648,#1816,.T.);
#6346=EDGE_CURVE('',#3646,#3639,#1804,.T.);
#6357=EDGE_CURVE('',#3626,#3632,#1688,.T.);
#6359=EDGE_CURVE('',#3369,#3632,#1784,.T.);
#6361=EDGE_CURVE('',#3414,#3369,#1772,.T.);
#6364=EDGE_CURVE('',#3430,#3366,#1693,.T.);
#6366=EDGE_CURVE('',#3366,#3626,#1697,.T.);
#6379=EDGE_CURVE('',#3648,#3410,#1824,.T.);
#6389=EDGE_CURVE('',#3628,#3630,#1717,.T.);
#6391=EDGE_CURVE('',#3632,#3630,#1788,.T.);
#6394=EDGE_CURVE('',#3628,#3626,#1762,.T.);
#6404=EDGE_CURVE('',#3623,#3624,#1709,.T.);
#6406=EDGE_CURVE('',#3630,#3623,#1713,.T.);
#6409=EDGE_CURVE('',#3624,#3628,#1721,.T.);
#6419=EDGE_CURVE('',#3619,#3620,#1725,.T.);
#6421=EDGE_CURVE('',#3623,#3619,#1792,.T.);
#6424=EDGE_CURVE('',#3620,#3624,#1758,.T.);
#6435=EDGE_CURVE('',#3365,#3620,#1754,.T.);
#6437=EDGE_CURVE('',#3432,#3365,#1767,.T.);
#6440=EDGE_CURVE('',#3416,#3370,#1730,.T.);
#6442=EDGE_CURVE('',#3370,#3619,#1734,.T.);
#6452=EDGE_CURVE('',#3636,#3644,#1738,.T.);
#6454=EDGE_CURVE('',#3644,#3412,#1742,.T.);
#6466=EDGE_CURVE('',#3620,#3626,#1746,.T.);
#6469=EDGE_CURVE('',#3365,#3366,#1750,.T.);
#6505=EDGE_CURVE('',#3369,#3370,#1780,.T.);
#6517=EDGE_CURVE('',#3632,#3619,#1776,.T.);
#6542=EDGE_CURVE('',#3640,#3642,#1812,.T.);
#6544=EDGE_CURVE('',#3642,#3644,#1796,.T.);
#6558=EDGE_CURVE('',#3642,#3646,#1808,.T.);
#6571=EDGE_CURVE('',#3644,#3648,#1820,.T.);
#6594=EDGE_CURVE('',#3667,#3668,#1828,.T.);
#6596=EDGE_CURVE('',#3668,#3451,#1832,.T.);
#6599=EDGE_CURVE('',#3667,#3452,#1861,.T.);
#6610=EDGE_CURVE('',#3671,#3667,#1840,.T.);
#6612=EDGE_CURVE('',#3671,#3672,#1956,.T.);
#6614=EDGE_CURVE('',#3672,#3668,#1836,.T.);
#6624=EDGE_CURVE('',#3680,#3667,#1857,.T.);
#6626=EDGE_CURVE('',#3678,#3680,#1972,.T.);
#6628=EDGE_CURVE('',#3678,#3671,#1960,.T.);
#6639=EDGE_CURVE('',#3658,#3664,#1844,.T.);
#6641=EDGE_CURVE('',#3439,#3664,#1940,.T.);
#6643=EDGE_CURVE('',#3444,#3439,#1928,.T.);
#6646=EDGE_CURVE('',#3443,#3436,#1849,.T.);
#6648=EDGE_CURVE('',#3436,#3658,#1853,.T.);
#6661=EDGE_CURVE('',#3680,#3454,#1980,.T.);
#6671=EDGE_CURVE('',#3660,#3662,#1873,.T.);
#6673=EDGE_CURVE('',#3664,#3662,#1944,.T.);
#6676=EDGE_CURVE('',#3660,#3658,#1918,.T.);
#6686=EDGE_CURVE('',#3655,#3656,#1865,.T.);
#6688=EDGE_CURVE('',#3662,#3655,#1869,.T.);
#6691=EDGE_CURVE('',#3656,#3660,#1877,.T.);
#6701=EDGE_CURVE('',#3651,#3652,#1881,.T.);
#6703=EDGE_CURVE('',#3655,#3651,#1948,.T.);
#6706=EDGE_CURVE('',#3652,#3656,#1914,.T.);
#6717=EDGE_CURVE('',#3435,#3652,#1910,.T.);
#6719=EDGE_CURVE('',#3447,#3435,#1923,.T.);
#6722=EDGE_CURVE('',#3448,#3440,#1886,.T.);
#6724=EDGE_CURVE('',#3440,#3651,#1890,.T.);
#6734=EDGE_CURVE('',#3668,#3676,#1894,.T.);
#6736=EDGE_CURVE('',#3676,#3456,#1898,.T.);
#6748=EDGE_CURVE('',#3652,#3658,#1902,.T.);
#6751=EDGE_CURVE('',#3435,#3436,#1906,.T.);
#6788=EDGE_CURVE('',#3439,#3440,#1936,.T.);
#6799=EDGE_CURVE('',#3664,#3651,#1932,.T.);
#6824=EDGE_CURVE('',#3672,#3674,#1968,.T.);
#6826=EDGE_CURVE('',#3674,#3676,#1952,.T.);
#6840=EDGE_CURVE('',#3674,#3678,#1964,.T.);
#6853=EDGE_CURVE('',#3676,#3680,#1976,.T.);
#6876=EDGE_CURVE('',#3330,#3307,#1984,.T.);
#6878=EDGE_CURVE('',#3307,#3308,#2123,.T.);
#6880=EDGE_CURVE('',#3332,#3308,#2066,.T.);
#6891=EDGE_CURVE('',#3475,#3476,#1988,.T.);
#6893=EDGE_CURVE('',#3476,#3323,#1992,.T.);
#6896=EDGE_CURVE('',#3475,#3324,#2083,.T.);
#6906=EDGE_CURVE('',#3459,#3460,#1996,.T.);
#6908=EDGE_CURVE('',#3315,#3460,#2119,.T.);
#6910=EDGE_CURVE('',#3307,#3315,#2128,.T.);
#6914=EDGE_CURVE('',#3336,#3312,#2000,.T.);
#6916=EDGE_CURVE('',#3312,#3320,#2005,.T.);
#6918=EDGE_CURVE('',#3320,#3459,#2009,.T.);
#6928=EDGE_CURVE('',#3476,#3484,#2013,.T.);
#6930=EDGE_CURVE('',#3484,#3328,#2017,.T.);
#6943=EDGE_CURVE('',#3463,#3459,#2025,.T.);
#6945=EDGE_CURVE('',#3463,#3464,#2087,.T.);
#6947=EDGE_CURVE('',#3460,#3464,#2103,.T.);
#6957=EDGE_CURVE('',#3472,#3459,#2029,.T.);
#6959=EDGE_CURVE('',#3472,#3470,#2021,.T.);
#6961=EDGE_CURVE('',#3470,#3463,#2091,.T.);
#6974=EDGE_CURVE('',#3319,#3320,#2033,.T.);
#6976=EDGE_CURVE('',#3319,#3472,#2037,.T.);
#6986=EDGE_CURVE('',#3311,#3312,#2041,.T.);
#6988=EDGE_CURVE('',#3311,#3319,#2046,.T.);
#7000=EDGE_CURVE('',#3334,#3311,#2050,.T.);
#7013=EDGE_CURVE('',#3484,#3488,#2054,.T.);
#7015=EDGE_CURVE('',#3488,#3326,#2058,.T.);
#7027=EDGE_CURVE('',#3466,#3472,#2062,.T.);
#7034=EDGE_CURVE('',#3308,#3316,#2071,.T.);
#7036=EDGE_CURVE('',#3316,#3466,#2075,.T.);
#7046=EDGE_CURVE('',#3488,#3475,#2079,.T.);
#7059=EDGE_CURVE('',#3468,#3470,#2095,.T.);
#7063=EDGE_CURVE('',#3468,#3466,#2107,.T.);
#7076=EDGE_CURVE('',#3464,#3468,#2099,.T.);
#7086=EDGE_CURVE('',#3460,#3466,#2111,.T.);
#7101=EDGE_CURVE('',#3315,#3316,#2115,.T.);
#7125=EDGE_CURVE('',#3486,#3488,#2136,.T.);
#7127=EDGE_CURVE('',#3486,#3479,#2144,.T.);
#7129=EDGE_CURVE('',#3479,#3475,#2132,.T.);
#7139=EDGE_CURVE('',#3482,#3486,#2148,.T.);
#7143=EDGE_CURVE('',#3482,#3484,#2160,.T.);
#7153=EDGE_CURVE('',#3479,#3480,#2140,.T.);
#7157=EDGE_CURVE('',#3480,#3482,#2152,.T.);
#7170=EDGE_CURVE('',#3480,#3476,#2156,.T.);
#7193=EDGE_CURVE('',#3699,#3683,#2164,.T.);
#7195=EDGE_CURVE('',#3683,#3684,#2303,.T.);
#7197=EDGE_CURVE('',#3700,#3684,#2246,.T.);
#7207=EDGE_CURVE('',#3859,#3860,#2168,.T.);
#7209=EDGE_CURVE('',#3860,#3707,#2172,.T.);
#7212=EDGE_CURVE('',#3859,#3708,#2263,.T.);
#7222=EDGE_CURVE('',#3843,#3844,#2176,.T.);
#7224=EDGE_CURVE('',#3691,#3844,#2299,.T.);
#7226=EDGE_CURVE('',#3683,#3691,#2308,.T.);
#7230=EDGE_CURVE('',#3704,#3688,#2180,.T.);
#7232=EDGE_CURVE('',#3688,#3696,#2185,.T.);
#7234=EDGE_CURVE('',#3696,#3843,#2189,.T.);
#7244=EDGE_CURVE('',#3860,#3868,#2193,.T.);
#7246=EDGE_CURVE('',#3868,#3712,#2197,.T.);
#7259=EDGE_CURVE('',#3847,#3843,#2205,.T.);
#7261=EDGE_CURVE('',#3847,#3848,#2267,.T.);
#7263=EDGE_CURVE('',#3844,#3848,#2283,.T.);
#7273=EDGE_CURVE('',#3856,#3843,#2209,.T.);
#7275=EDGE_CURVE('',#3856,#3854,#2201,.T.);
#7277=EDGE_CURVE('',#3854,#3847,#2271,.T.);
#7290=EDGE_CURVE('',#3695,#3696,#2213,.T.);
#7292=EDGE_CURVE('',#3695,#3856,#2217,.T.);
#7302=EDGE_CURVE('',#3687,#3688,#2221,.T.);
#7304=EDGE_CURVE('',#3687,#3695,#2226,.T.);
#7317=EDGE_CURVE('',#3702,#3687,#2230,.T.);
#7329=EDGE_CURVE('',#3868,#3872,#2234,.T.);
#7331=EDGE_CURVE('',#3872,#3710,#2238,.T.);
#7343=EDGE_CURVE('',#3850,#3856,#2242,.T.);
#7350=EDGE_CURVE('',#3684,#3692,#2251,.T.);
#7352=EDGE_CURVE('',#3692,#3850,#2255,.T.);
#7362=EDGE_CURVE('',#3872,#3859,#2259,.T.);
#7375=EDGE_CURVE('',#3852,#3854,#2275,.T.);
#7379=EDGE_CURVE('',#3852,#3850,#2287,.T.);
#7392=EDGE_CURVE('',#3848,#3852,#2279,.T.);
#7402=EDGE_CURVE('',#3844,#3850,#2291,.T.);
#7417=EDGE_CURVE('',#3691,#3692,#2295,.T.);
#7441=EDGE_CURVE('',#3870,#3872,#2316,.T.);
#7443=EDGE_CURVE('',#3870,#3863,#2324,.T.);
#7445=EDGE_CURVE('',#3863,#3859,#2312,.T.);
#7455=EDGE_CURVE('',#3866,#3870,#2328,.T.);
#7459=EDGE_CURVE('',#3866,#3868,#2340,.T.);
#7469=EDGE_CURVE('',#3863,#3864,#2320,.T.);
#7473=EDGE_CURVE('',#3864,#3866,#2332,.T.);
#7486=EDGE_CURVE('',#3864,#3860,#2336,.T.);
#7509=EDGE_CURVE('',#3731,#3715,#2344,.T.);
#7511=EDGE_CURVE('',#3715,#3716,#2483,.T.);
#7513=EDGE_CURVE('',#3732,#3716,#2426,.T.);
#7523=EDGE_CURVE('',#3891,#3892,#2348,.T.);
#7525=EDGE_CURVE('',#3892,#3739,#2352,.T.);
#7528=EDGE_CURVE('',#3891,#3740,#2443,.T.);
#7538=EDGE_CURVE('',#3875,#3876,#2356,.T.);
#7540=EDGE_CURVE('',#3723,#3876,#2479,.T.);
#7542=EDGE_CURVE('',#3715,#3723,#2488,.T.);
#7546=EDGE_CURVE('',#3736,#3720,#2360,.T.);
#7548=EDGE_CURVE('',#3720,#3728,#2365,.T.);
#7550=EDGE_CURVE('',#3728,#3875,#2369,.T.);
#7560=EDGE_CURVE('',#3892,#3900,#2373,.T.);
#7562=EDGE_CURVE('',#3900,#3744,#2377,.T.);
#7575=EDGE_CURVE('',#3879,#3875,#2385,.T.);
#7577=EDGE_CURVE('',#3879,#3880,#2447,.T.);
#7579=EDGE_CURVE('',#3876,#3880,#2463,.T.);
#7589=EDGE_CURVE('',#3888,#3875,#2389,.T.);
#7591=EDGE_CURVE('',#3888,#3886,#2381,.T.);
#7593=EDGE_CURVE('',#3886,#3879,#2451,.T.);
#7606=EDGE_CURVE('',#3727,#3728,#2393,.T.);
#7608=EDGE_CURVE('',#3727,#3888,#2397,.T.);
#7618=EDGE_CURVE('',#3719,#3720,#2401,.T.);
#7620=EDGE_CURVE('',#3719,#3727,#2406,.T.);
#7633=EDGE_CURVE('',#3734,#3719,#2410,.T.);
#7645=EDGE_CURVE('',#3900,#3904,#2414,.T.);
#7647=EDGE_CURVE('',#3904,#3742,#2418,.T.);
#7659=EDGE_CURVE('',#3882,#3888,#2422,.T.);
#7666=EDGE_CURVE('',#3716,#3724,#2431,.T.);
#7668=EDGE_CURVE('',#3724,#3882,#2435,.T.);
#7678=EDGE_CURVE('',#3904,#3891,#2439,.T.);
#7691=EDGE_CURVE('',#3884,#3886,#2455,.T.);
#7695=EDGE_CURVE('',#3884,#3882,#2467,.T.);
#7708=EDGE_CURVE('',#3880,#3884,#2459,.T.);
#7718=EDGE_CURVE('',#3876,#3882,#2471,.T.);
#7733=EDGE_CURVE('',#3723,#3724,#2475,.T.);
#7757=EDGE_CURVE('',#3902,#3904,#2496,.T.);
#7759=EDGE_CURVE('',#3902,#3895,#2504,.T.);
#7761=EDGE_CURVE('',#3895,#3891,#2492,.T.);
#7771=EDGE_CURVE('',#3898,#3902,#2508,.T.);
#7775=EDGE_CURVE('',#3898,#3900,#2520,.T.);
#7785=EDGE_CURVE('',#3895,#3896,#2500,.T.);
#7789=EDGE_CURVE('',#3896,#3898,#2512,.T.);
#7802=EDGE_CURVE('',#3896,#3892,#2516,.T.);
#7825=EDGE_CURVE('',#3763,#3747,#2524,.T.);
#7827=EDGE_CURVE('',#3747,#3748,#2663,.T.);
#7829=EDGE_CURVE('',#3764,#3748,#2606,.T.);
#7839=EDGE_CURVE('',#3923,#3924,#2528,.T.);
#7841=EDGE_CURVE('',#3924,#3771,#2532,.T.);
#7844=EDGE_CURVE('',#3923,#3772,#2623,.T.);
#7854=EDGE_CURVE('',#3907,#3908,#2536,.T.);
#7856=EDGE_CURVE('',#3755,#3908,#2659,.T.);
#7858=EDGE_CURVE('',#3747,#3755,#2668,.T.);
#7862=EDGE_CURVE('',#3768,#3752,#2540,.T.);
#7864=EDGE_CURVE('',#3752,#3760,#2545,.T.);
#7866=EDGE_CURVE('',#3760,#3907,#2549,.T.);
#7876=EDGE_CURVE('',#3924,#3932,#2553,.T.);
#7878=EDGE_CURVE('',#3932,#3776,#2557,.T.);
#7891=EDGE_CURVE('',#3911,#3907,#2565,.T.);
#7893=EDGE_CURVE('',#3911,#3912,#2627,.T.);
#7895=EDGE_CURVE('',#3908,#3912,#2643,.T.);
#7905=EDGE_CURVE('',#3920,#3907,#2569,.T.);
#7907=EDGE_CURVE('',#3920,#3918,#2561,.T.);
#7909=EDGE_CURVE('',#3918,#3911,#2631,.T.);
#7922=EDGE_CURVE('',#3759,#3760,#2573,.T.);
#7924=EDGE_CURVE('',#3759,#3920,#2577,.T.);
#7934=EDGE_CURVE('',#3751,#3752,#2581,.T.);
#7936=EDGE_CURVE('',#3751,#3759,#2586,.T.);
#7949=EDGE_CURVE('',#3766,#3751,#2590,.T.);
#7961=EDGE_CURVE('',#3932,#3936,#2594,.T.);
#7963=EDGE_CURVE('',#3936,#3774,#2598,.T.);
#7975=EDGE_CURVE('',#3914,#3920,#2602,.T.);
#7982=EDGE_CURVE('',#3748,#3756,#2611,.T.);
#7984=EDGE_CURVE('',#3756,#3914,#2615,.T.);
#7994=EDGE_CURVE('',#3936,#3923,#2619,.T.);
#8007=EDGE_CURVE('',#3916,#3918,#2635,.T.);
#8011=EDGE_CURVE('',#3916,#3914,#2647,.T.);
#8024=EDGE_CURVE('',#3912,#3916,#2639,.T.);
#8034=EDGE_CURVE('',#3908,#3914,#2651,.T.);
#8049=EDGE_CURVE('',#3755,#3756,#2655,.T.);
#8073=EDGE_CURVE('',#3934,#3936,#2676,.T.);
#8075=EDGE_CURVE('',#3934,#3927,#2684,.T.);
#8077=EDGE_CURVE('',#3927,#3923,#2672,.T.);
#8087=EDGE_CURVE('',#3930,#3934,#2688,.T.);
#8091=EDGE_CURVE('',#3930,#3932,#2700,.T.);
#8101=EDGE_CURVE('',#3927,#3928,#2680,.T.);
#8105=EDGE_CURVE('',#3928,#3930,#2692,.T.);
#8118=EDGE_CURVE('',#3928,#3924,#2696,.T.);
#8141=EDGE_CURVE('',#3795,#3779,#2704,.T.);
#8143=EDGE_CURVE('',#3779,#3780,#2843,.T.);
#8145=EDGE_CURVE('',#3796,#3780,#2786,.T.);
#8155=EDGE_CURVE('',#3955,#3956,#2708,.T.);
#8157=EDGE_CURVE('',#3956,#3803,#2712,.T.);
#8160=EDGE_CURVE('',#3955,#3804,#2803,.T.);
#8170=EDGE_CURVE('',#3939,#3940,#2716,.T.);
#8172=EDGE_CURVE('',#3787,#3940,#2839,.T.);
#8174=EDGE_CURVE('',#3779,#3787,#2848,.T.);
#8178=EDGE_CURVE('',#3800,#3784,#2720,.T.);
#8180=EDGE_CURVE('',#3784,#3792,#2725,.T.);
#8182=EDGE_CURVE('',#3792,#3939,#2729,.T.);
#8192=EDGE_CURVE('',#3956,#3964,#2733,.T.);
#8194=EDGE_CURVE('',#3964,#3808,#2737,.T.);
#8207=EDGE_CURVE('',#3943,#3939,#2745,.T.);
#8209=EDGE_CURVE('',#3943,#3944,#2807,.T.);
#8211=EDGE_CURVE('',#3940,#3944,#2823,.T.);
#8221=EDGE_CURVE('',#3952,#3939,#2749,.T.);
#8223=EDGE_CURVE('',#3952,#3950,#2741,.T.);
#8225=EDGE_CURVE('',#3950,#3943,#2811,.T.);
#8238=EDGE_CURVE('',#3791,#3792,#2753,.T.);
#8240=EDGE_CURVE('',#3791,#3952,#2757,.T.);
#8250=EDGE_CURVE('',#3783,#3784,#2761,.T.);
#8252=EDGE_CURVE('',#3783,#3791,#2766,.T.);
#8265=EDGE_CURVE('',#3798,#3783,#2770,.T.);
#8277=EDGE_CURVE('',#3964,#3968,#2774,.T.);
#8279=EDGE_CURVE('',#3968,#3806,#2778,.T.);
#8291=EDGE_CURVE('',#3946,#3952,#2782,.T.);
#8298=EDGE_CURVE('',#3780,#3788,#2791,.T.);
#8300=EDGE_CURVE('',#3788,#3946,#2795,.T.);
#8310=EDGE_CURVE('',#3968,#3955,#2799,.T.);
#8323=EDGE_CURVE('',#3948,#3950,#2815,.T.);
#8327=EDGE_CURVE('',#3948,#3946,#2827,.T.);
#8340=EDGE_CURVE('',#3944,#3948,#2819,.T.);
#8350=EDGE_CURVE('',#3940,#3946,#2831,.T.);
#8365=EDGE_CURVE('',#3787,#3788,#2835,.T.);
#8389=EDGE_CURVE('',#3966,#3968,#2856,.T.);
#8391=EDGE_CURVE('',#3966,#3959,#2864,.T.);
#8393=EDGE_CURVE('',#3959,#3955,#2852,.T.);
#8403=EDGE_CURVE('',#3962,#3966,#2868,.T.);
#8407=EDGE_CURVE('',#3962,#3964,#2880,.T.);
#8417=EDGE_CURVE('',#3959,#3960,#2860,.T.);
#8421=EDGE_CURVE('',#3960,#3962,#2872,.T.);
#8434=EDGE_CURVE('',#3960,#3956,#2876,.T.);
#8457=EDGE_CURVE('',#3827,#3811,#2884,.T.);
#8459=EDGE_CURVE('',#3811,#3812,#3023,.T.);
#8461=EDGE_CURVE('',#3828,#3812,#2966,.T.);
#8471=EDGE_CURVE('',#3987,#3988,#2888,.T.);
#8473=EDGE_CURVE('',#3988,#3835,#2892,.T.);
#8476=EDGE_CURVE('',#3987,#3836,#2983,.T.);
#8486=EDGE_CURVE('',#3971,#3972,#2896,.T.);
#8488=EDGE_CURVE('',#3819,#3972,#3019,.T.);
#8490=EDGE_CURVE('',#3811,#3819,#3028,.T.);
#8494=EDGE_CURVE('',#3832,#3816,#2900,.T.);
#8496=EDGE_CURVE('',#3816,#3824,#2905,.T.);
#8498=EDGE_CURVE('',#3824,#3971,#2909,.T.);
#8508=EDGE_CURVE('',#3988,#3996,#2913,.T.);
#8510=EDGE_CURVE('',#3996,#3840,#2917,.T.);
#8523=EDGE_CURVE('',#3975,#3971,#2925,.T.);
#8525=EDGE_CURVE('',#3975,#3976,#2987,.T.);
#8527=EDGE_CURVE('',#3972,#3976,#3003,.T.);
#8537=EDGE_CURVE('',#3984,#3971,#2929,.T.);
#8539=EDGE_CURVE('',#3984,#3982,#2921,.T.);
#8541=EDGE_CURVE('',#3982,#3975,#2991,.T.);
#8554=EDGE_CURVE('',#3823,#3824,#2933,.T.);
#8556=EDGE_CURVE('',#3823,#3984,#2937,.T.);
#8566=EDGE_CURVE('',#3815,#3816,#2941,.T.);
#8568=EDGE_CURVE('',#3815,#3823,#2946,.T.);
#8581=EDGE_CURVE('',#3830,#3815,#2950,.T.);
#8593=EDGE_CURVE('',#3996,#4000,#2954,.T.);
#8595=EDGE_CURVE('',#4000,#3838,#2958,.T.);
#8607=EDGE_CURVE('',#3978,#3984,#2962,.T.);
#8614=EDGE_CURVE('',#3812,#3820,#2971,.T.);
#8616=EDGE_CURVE('',#3820,#3978,#2975,.T.);
#8626=EDGE_CURVE('',#4000,#3987,#2979,.T.);
#8639=EDGE_CURVE('',#3980,#3982,#2995,.T.);
#8643=EDGE_CURVE('',#3980,#3978,#3007,.T.);
#8656=EDGE_CURVE('',#3976,#3980,#2999,.T.);
#8666=EDGE_CURVE('',#3972,#3978,#3011,.T.);
#8681=EDGE_CURVE('',#3819,#3820,#3015,.T.);
#8705=EDGE_CURVE('',#3998,#4000,#3036,.T.);
#8707=EDGE_CURVE('',#3998,#3991,#3044,.T.);
#8709=EDGE_CURVE('',#3991,#3987,#3032,.T.);
#8719=EDGE_CURVE('',#3994,#3998,#3048,.T.);
#8723=EDGE_CURVE('',#3994,#3996,#3060,.T.);
#8733=EDGE_CURVE('',#3991,#3992,#3040,.T.);
#8737=EDGE_CURVE('',#3992,#3994,#3052,.T.);
#8750=EDGE_CURVE('',#3992,#3988,#3056,.T.);
#8781=(LENGTH_UNIT()NAMED_UNIT(*)SI_UNIT(.MILLI.,.METRE.));
#8783=(NAMED_UNIT(*)PLANE_ANGLE_UNIT()SI_UNIT($,.RADIAN.));
#8786=(NAMED_UNIT(*)SI_UNIT($,.STERADIAN.)SOLID_ANGLE_UNIT());
#8789=ADVANCED_BREP_SHAPE_REPRESENTATION('',(#8780),#8788);
#8796=PRODUCT_DEFINITION('design','',#8795,#8792);
#8797=PRODUCT_DEFINITION_SHAPE('','SHAPE FOR 901303312.',#8796);
#8798=SHAPE_DEFINITION_REPRESENTATION(#8797,#8789);
ENDSEC;
END-ISO-10303-21;
