#VRML V2.0 utf8
# META "generator" "CAD Exchanger 3.4.1 (cadexchanger.com)"
DEF __1 Transform {
  children [
    DEF _01303314 Group {
      children [
        DEF __3 Shape {
          appearance DEF __4 Appearance {
            material DEF __5 Material {
              ambientIntensity 0.25
              shininess 0
            }
          }
          geometry DEF __6 IndexedFaceSet {
            solid FALSE
            coord Coordinate {
              point [
                -0.002825 0.00247 -0.004875,
                0.002825 0.00247 -0.004875,
                0.002825 0.00545 -0.004875,
                -0.002825 0.00545 -0.004875,
                -0.00303266062413 0.00247 -0.0041,
                -0.00193156164976 0.00247 -0.0041,
                -0.001925 0.00247 -0.004175,
                0.001925 0.00247 -0.004175,
                0.00193156164976 0.00247 -0.0041,
                0.00303266062413 0.00247 -0.0041,
                -0.00303266062413 0.00545 -0.0041,
                -0.01006 0.00545 -0.0041,
                0.00303266062413 0.00545 -0.0041,
                0.01006 0.00545 -0.0041,
                0.01006 0.00545 0.004875,
                0.00916 0.00545 0.004875,
                0.00916 0.00545 0.00425,
                0.00901 0.00545 0.0041,
                0.001 0.00545 0.0041,
                0.0009 0.00545 0.0042,
                0.0009 0.00545 0.004875,
                -0.0009 0.00545 0.004875,
                -0.0009 0.00545 0.0042,
                -0.001 0.00545 0.0041,
                -0.00901 0.00545 0.0041,
                -0.00916 0.00545 0.00425,
                -0.00916 0.00545 0.004875,
                -0.01006 0.00545 0.004875,
                -0.00944 0.00545 0.003475,
                0.00944 0.00545 0.003475,
                0.00944 0.00545 -0.003475,
                0.00198624206447 0.00545 -0.003475,
                0.00189875340094 0.00545 -0.004475,
                -0.00189875340094 0.00545 -0.004475,
                -0.00198624206447 0.00545 -0.003475,
                -0.00944 0.00545 -0.003475,
                -0.00914 0.00515 0.003175,
                0.00914 0.00515 0.003175,
                -0.00914 0.00515 -0.003175,
                -0.00201248866353 0.00515 -0.003175,
                -0.00193156164976 -0.00173 -0.0041,
                -0.00201248866353 -0.00173 -0.003175,
                -0.001925 0.00515 -0.004175,
                -0.00916 -0.0031 -0.0041,
                0.00916 -0.0031 -0.0041,
                0.00916 -0.00545 -0.0041,
                0.01006 -0.00545 -0.0041,
                0.00193156164976 -0.00173 -0.0041,
                -0.01006 -0.00545 -0.0041,
                -0.00916 -0.00545 -0.0041,
                -0.00916 -0.0031 -0.002575,
                0.00916 -0.0031 -0.002575,
                -0.00916 -0.0031 0.00425,
                -0.00916 -0.0031 0.002525,
                -0.00916 -0.0045238 0.002525,
                -0.00916 -0.0046 0.0024488,
                -0.00916 -0.0046 0.002825,
                -0.00916 -0.00545 0.002825,
                -0.00916 -0.00545 0.004875,
                -0.00916 -0.00545 -0.002875,
                -0.00916 -0.0046 -0.002875,
                -0.00916 -0.0046 -0.0024988,
                -0.00916 -0.0045238 -0.002575,
                -0.00901 -0.0031 0.0041,
                0.00901 -0.0031 0.0041,
                0.001 -0.0031 0.0041,
                0.00916 -0.0031 0.00425,
                0.00916 -0.0031 0.002525,
                -0.001 -0.0031 0.0041,
                -0.0009 -0.0031 0.0042,
                -0.0009 -0.0031 0.004875,
                0.0009 -0.0031 0.004875,
                0.0009 -0.0031 0.0042,
                0.00916 -0.00545 0.002825,
                0.00916 -0.0046 0.002825,
                0.00916 -0.0046 0.0024488,
                0.00916 -0.0045238 0.002525,
                0.00916 -0.00545 0.004875,
                0.00916 -0.00545 -0.002875,
                0.00916 -0.0045238 -0.002575,
                0.00916 -0.0046 -0.0024988,
                0.00916 -0.0046 -0.002875,
                -0.01006 -0.0046 0.002825,
                -0.01006 -0.00545 0.002825,
                0.01006 -0.0046 0.002825,
                0.01006 -0.00545 0.002825,
                0.01006 -0.0046 -0.002875,
                -0.01006 -0.0046 -0.002875,
                0.007295 -0.0046 0.00159609617926,
                0.007295 -0.0046 0.00094524013065,
                0.007945 -0.0046 0.00094524013065,
                0.007945 -0.0046 0.00159609617926,
                0.004755 -0.0046 0.00159609617926,
                0.004755 -0.0046 0.00094524013065,
                0.005405 -0.0046 0.00094524013065,
                0.005405 -0.0046 0.00159609617926,
                0.002215 -0.0046 0.00159609617926,
                0.002215 -0.0046 0.00094524013065,
                0.002865 -0.0046 0.00094524013065,
                0.002865 -0.0046 0.00159609617926,
                -0.000325 -0.0046 0.00159609617926,
                -0.000325 -0.0046 0.00094524013065,
                0.000325 -0.0046 0.00094524013065,
                0.000325 -0.0046 0.00159609617926,
                -0.002865 -0.0046 0.00159609617926,
                -0.002865 -0.0046 0.00094524013065,
                -0.002215 -0.0046 0.00094524013065,
                -0.002215 -0.0046 0.00159609617926,
                -0.005405 -0.0046 0.00159609617926,
                -0.005405 -0.0046 0.00094524013065,
                -0.004755 -0.0046 0.00094524013065,
                -0.004755 -0.0046 0.00159609617926,
                -0.007945 -0.0046 0.00159609617926,
                -0.007945 -0.0046 0.00094524013065,
                -0.007295 -0.0046 0.00094524013065,
                -0.007295 -0.0046 0.00159609617926,
                0.007945 -0.0046 -0.000945,
                0.007295 -0.0046 -0.000945,
                0.007295 -0.0046 -0.001595,
                0.007945 -0.0046 -0.001595,
                0.005405 -0.0046 -0.000945,
                0.004755 -0.0046 -0.000945,
                0.004755 -0.0046 -0.001595,
                0.005405 -0.0046 -0.001595,
                0.002865 -0.0046 -0.000945,
                0.002215 -0.0046 -0.000945,
                0.002215 -0.0046 -0.001595,
                0.002865 -0.0046 -0.001595,
                0.000325 -0.0046 -0.000945,
                -0.000325 -0.0046 -0.000945,
                -0.000325 -0.0046 -0.001595,
                0.000325 -0.0046 -0.001595,
                -0.002215 -0.0046 -0.000945,
                -0.002865 -0.0046 -0.000945,
                -0.002865 -0.0046 -0.001595,
                -0.002215 -0.0046 -0.001595,
                -0.004755 -0.0046 -0.000945,
                -0.005405 -0.0046 -0.000945,
                -0.005405 -0.0046 -0.001595,
                -0.004755 -0.0046 -0.001595,
                -0.007295 -0.0046 -0.000945,
                -0.007945 -0.0046 -0.000945,
                -0.007945 -0.0046 -0.001595,
                -0.007295 -0.0046 -0.001595,
                0.01006 -0.00545 -0.002875,
                0.01006 -0.00545 0.004875,
                -0.01006 -0.00545 0.004875,
                -0.01006 -0.00545 -0.002875,
                0.007295 -0.004763 0.007275,
                0.007295 -0.005413 0.007275,
                0.007295 -0.005413 0.001778,
                0.007295 -0.004763 0.001778,
                0.007295 0.00402 0.000945,
                0.007295 0.00402 0.001595,
                0.007295 -0.00223 0.001595,
                0.007295 -0.00223 0.000945,
                0.007495 -0.004963 0.007775,
                0.007495 -0.005213 0.007775,
                0.007745 -0.005213 0.007775,
                0.007745 -0.004963 0.007775,
                0.007945 -0.005413 0.007275,
                0.007945 -0.004763 0.007275,
                0.007945 -0.004763 0.001778,
                0.007945 -0.005413 0.001778,
                0.007945 0.00402 0.001595,
                0.007945 0.00402 0.000945,
                0.007945 -0.00223 0.000945,
                0.007945 -0.00223 0.001595,
                0.007745 0.00452 0.001395,
                0.007745 0.00452 0.001145,
                0.007495 0.00452 0.001395,
                0.007495 0.00452 0.001145,
                -0.00914 -0.00223 -0.00254,
                -0.00914 -0.00223 0.00254,
                0.00914 -0.00223 -0.00254,
                0.00914 -0.00223 0.00254,
                0.005405 -0.00223 0.001595,
                0.004755 -0.00223 0.001595,
                0.005405 -0.00223 0.000945,
                0.004755 -0.00223 0.000945,
                0.002865 -0.00223 0.001595,
                0.002215 -0.00223 0.001595,
                0.002865 -0.00223 0.000945,
                0.002215 -0.00223 0.000945,
                0.000325 -0.00223 0.001595,
                -0.000325 -0.00223 0.001595,
                0.000325 -0.00223 0.000945,
                -0.000325 -0.00223 0.000945,
                -0.002215 -0.00223 0.001595,
                -0.002865 -0.00223 0.001595,
                -0.002215 -0.00223 0.000945,
                -0.002865 -0.00223 0.000945,
                -0.004755 -0.00223 0.001595,
                -0.005405 -0.00223 0.001595,
                -0.004755 -0.00223 0.000945,
                -0.005405 -0.00223 0.000945,
                -0.007295 -0.00223 0.001595,
                -0.007945 -0.00223 0.001595,
                -0.007295 -0.00223 0.000945,
                -0.007945 -0.00223 0.000945,
                0.007945 -0.00223 -0.000945,
                0.007295 -0.00223 -0.000945,
                0.007945 -0.00223 -0.001595,
                0.007295 -0.00223 -0.001595,
                0.005405 -0.00223 -0.000945,
                0.004755 -0.00223 -0.000945,
                0.005405 -0.00223 -0.001595,
                0.004755 -0.00223 -0.001595,
                0.002865 -0.00223 -0.000945,
                0.002215 -0.00223 -0.000945,
                0.002865 -0.00223 -0.001595,
                0.002215 -0.00223 -0.001595,
                0.000325 -0.00223 -0.000945,
                -0.000325 -0.00223 -0.000945,
                0.000325 -0.00223 -0.001595,
                -0.000325 -0.00223 -0.001595,
                -0.002215 -0.00223 -0.000945,
                -0.002865 -0.00223 -0.000945,
                -0.002215 -0.00223 -0.001595,
                -0.002865 -0.00223 -0.001595,
                -0.004755 -0.00223 -0.000945,
                -0.005405 -0.00223 -0.000945,
                -0.004755 -0.00223 -0.001595,
                -0.005405 -0.00223 -0.001595,
                -0.007295 -0.00223 -0.000945,
                -0.007945 -0.00223 -0.000945,
                -0.007295 -0.00223 -0.001595,
                -0.007945 -0.00223 -0.001595,
                -0.00914 -0.00173 -0.003175,
                -0.00914 -0.00173 -0.00254,
                -0.00914 -0.00173 0.00254,
                -0.00914 -0.00173 0.003175,
                0.00914 -0.00173 0.00254,
                0.00914 -0.00173 0.003175,
                0.00201248866353 -0.00173 -0.003175,
                0.00914 -0.00173 -0.003175,
                0.00914 -0.00173 -0.00254,
                0.00914 0.00515 -0.003175,
                0.00201248866353 0.00515 -0.003175,
                0.001925 0.00515 -0.004175,
                0.004755 0.00402 0.001595,
                0.005405 0.00402 0.001595,
                0.004955 0.00452 0.001395,
                0.005205 0.00452 0.001395,
                0.004755 0.00402 0.000945,
                0.004955 0.00452 0.001145,
                0.004755 -0.004763 0.007275,
                0.004755 -0.005413 0.007275,
                0.004755 -0.005413 0.001778,
                0.004755 -0.004763 0.001778,
                0.004955 -0.004963 0.007775,
                0.004955 -0.005213 0.007775,
                0.005205 -0.005213 0.007775,
                0.005205 -0.004963 0.007775,
                0.005405 -0.005413 0.007275,
                0.005405 -0.004763 0.007275,
                0.005405 -0.004763 0.001778,
                0.005405 -0.005413 0.001778,
                0.005405 0.00402 0.000945,
                0.005205 0.00452 0.001145,
                0.002215 0.00402 0.001595,
                0.002865 0.00402 0.001595,
                0.002415 0.00452 0.001395,
                0.002665 0.00452 0.001395,
                0.002215 0.00402 0.000945,
                0.002415 0.00452 0.001145,
                0.002215 -0.004763 0.007275,
                0.002215 -0.005413 0.007275,
                0.002215 -0.005413 0.001778,
                0.002215 -0.004763 0.001778,
                0.002415 -0.004963 0.007775,
                0.002415 -0.005213 0.007775,
                0.002665 -0.005213 0.007775,
                0.002665 -0.004963 0.007775,
                0.002865 -0.005413 0.007275,
                0.002865 -0.004763 0.007275,
                0.002865 -0.004763 0.001778,
                0.002865 -0.005413 0.001778,
                0.002865 0.00402 0.000945,
                0.002665 0.00452 0.001145,
                -0.000325 0.00402 0.001595,
                0.000325 0.00402 0.001595,
                -0.000125 0.00452 0.001395,
                0.000125 0.00452 0.001395,
                -0.000325 0.00402 0.000945,
                -0.000125 0.00452 0.001145,
                -0.000325 -0.004763 0.007275,
                -0.000325 -0.005413 0.007275,
                -0.000325 -0.005413 0.001778,
                -0.000325 -0.004763 0.001778,
                -0.000125 -0.004963 0.007775,
                -0.000125 -0.005213 0.007775,
                0.000125 -0.005213 0.007775,
                0.000125 -0.004963 0.007775,
                0.000325 -0.005413 0.007275,
                0.000325 -0.004763 0.007275,
                0.000325 -0.004763 0.001778,
                0.000325 -0.005413 0.001778,
                0.000325 0.00402 0.000945,
                0.000125 0.00452 0.001145,
                -0.002865 0.00402 0.001595,
                -0.002215 0.00402 0.001595,
                -0.002665 0.00452 0.001395,
                -0.002415 0.00452 0.001395,
                -0.002865 0.00402 0.000945,
                -0.002665 0.00452 0.001145,
                -0.002865 -0.004763 0.007275,
                -0.002865 -0.005413 0.007275,
                -0.002865 -0.005413 0.001778,
                -0.002865 -0.004763 0.001778,
                -0.002665 -0.004963 0.007775,
                -0.002665 -0.005213 0.007775,
                -0.002415 -0.005213 0.007775,
                -0.002415 -0.004963 0.007775,
                -0.002215 -0.005413 0.007275,
                -0.002215 -0.004763 0.007275,
                -0.002215 -0.004763 0.001778,
                -0.002215 -0.005413 0.001778,
                -0.002215 0.00402 0.000945,
                -0.002415 0.00452 0.001145,
                -0.005405 0.00402 0.001595,
                -0.004755 0.00402 0.001595,
                -0.005205 0.00452 0.001395,
                -0.004955 0.00452 0.001395,
                -0.005405 0.00402 0.000945,
                -0.005205 0.00452 0.001145,
                -0.005405 -0.004763 0.007275,
                -0.005405 -0.005413 0.007275,
                -0.005405 -0.005413 0.001778,
                -0.005405 -0.004763 0.001778,
                -0.005205 -0.004963 0.007775,
                -0.005205 -0.005213 0.007775,
                -0.004955 -0.005213 0.007775,
                -0.004955 -0.004963 0.007775,
                -0.004755 -0.005413 0.007275,
                -0.004755 -0.004763 0.007275,
                -0.004755 -0.004763 0.001778,
                -0.004755 -0.005413 0.001778,
                -0.004755 0.00402 0.000945,
                -0.004955 0.00452 0.001145,
                -0.007945 0.00402 0.001595,
                -0.007295 0.00402 0.001595,
                -0.007745 0.00452 0.001395,
                -0.007495 0.00452 0.001395,
                -0.007945 0.00402 0.000945,
                -0.007745 0.00452 0.001145,
                -0.007945 -0.004763 0.007275,
                -0.007945 -0.005413 0.007275,
                -0.007945 -0.005413 0.001778,
                -0.007945 -0.004763 0.001778,
                -0.007745 -0.004963 0.007775,
                -0.007745 -0.005213 0.007775,
                -0.007495 -0.005213 0.007775,
                -0.007495 -0.004963 0.007775,
                -0.007295 -0.005413 0.007275,
                -0.007295 -0.004763 0.007275,
                -0.007295 -0.004763 0.001778,
                -0.007295 -0.005413 0.001778,
                -0.007295 0.00402 0.000945,
                -0.007495 0.00452 0.001145,
                0.007945 -0.00712 -0.000945,
                0.007295 -0.00712 -0.000945,
                0.007295 0.00402 -0.000945,
                0.007945 0.00402 -0.000945,
                0.007945 -0.007953 0.007275,
                0.007945 -0.007303 0.007275,
                0.007945 -0.007303 -0.000762,
                0.007945 -0.00712 -0.001595,
                0.007945 -0.007953 -0.000762,
                0.007945 0.00402 -0.001595,
                0.007745 -0.007753 0.007775,
                0.007745 -0.007503 0.007775,
                0.007295 -0.007953 0.007275,
                0.007495 -0.007753 0.007775,
                0.007295 -0.007953 -0.000762,
                0.007295 -0.00712 -0.001595,
                0.007295 0.00402 -0.001595,
                0.007295 -0.007303 0.007275,
                0.007295 -0.007303 -0.000762,
                0.007495 -0.007503 0.007775,
                0.007495 0.00452 -0.001395,
                0.007495 0.00452 -0.001145,
                0.007745 0.00452 -0.001395,
                0.007745 0.00452 -0.001145,
                0.005405 -0.00712 -0.000945,
                0.004755 -0.00712 -0.000945,
                0.004755 0.00402 -0.000945,
                0.005405 0.00402 -0.000945,
                0.005405 -0.007953 0.007275,
                0.005405 -0.007303 0.007275,
                0.005405 -0.007303 -0.000762,
                0.005405 -0.00712 -0.001595,
                0.005405 -0.007953 -0.000762,
                0.005405 0.00402 -0.001595,
                0.005205 -0.007753 0.007775,
                0.005205 -0.007503 0.007775,
                0.004755 -0.007953 0.007275,
                0.004955 -0.007753 0.007775,
                0.004755 -0.007953 -0.000762,
                0.004755 -0.00712 -0.001595,
                0.004755 0.00402 -0.001595,
                0.004755 -0.007303 0.007275,
                0.004755 -0.007303 -0.000762,
                0.004955 -0.007503 0.007775,
                0.004955 0.00452 -0.001395,
                0.004955 0.00452 -0.001145,
                0.005205 0.00452 -0.001395,
                0.005205 0.00452 -0.001145,
                0.002865 -0.00712 -0.000945,
                0.002215 -0.00712 -0.000945,
                0.002215 0.00402 -0.000945,
                0.002865 0.00402 -0.000945,
                0.002865 -0.007953 0.007275,
                0.002865 -0.007303 0.007275,
                0.002865 -0.007303 -0.000762,
                0.002865 -0.00712 -0.001595,
                0.002865 -0.007953 -0.000762,
                0.002865 0.00402 -0.001595,
                0.002665 -0.007753 0.007775,
                0.002665 -0.007503 0.007775,
                0.002215 -0.007953 0.007275,
                0.002415 -0.007753 0.007775,
                0.002215 -0.007953 -0.000762,
                0.002215 -0.00712 -0.001595,
                0.002215 0.00402 -0.001595,
                0.002215 -0.007303 0.007275,
                0.002215 -0.007303 -0.000762,
                0.002415 -0.007503 0.007775,
                0.002415 0.00452 -0.001395,
                0.002415 0.00452 -0.001145,
                0.002665 0.00452 -0.001395,
                0.002665 0.00452 -0.001145,
                0.000325 -0.00712 -0.000945,
                -0.000325 -0.00712 -0.000945,
                -0.000325 0.00402 -0.000945,
                0.000325 0.00402 -0.000945,
                0.000325 -0.007953 0.007275,
                0.000325 -0.007303 0.007275,
                0.000325 -0.007303 -0.000762,
                0.000325 -0.00712 -0.001595,
                0.000325 -0.007953 -0.000762,
                0.000325 0.00402 -0.001595,
                0.000125 -0.007753 0.007775,
                0.000125 -0.007503 0.007775,
                -0.000325 -0.007953 0.007275,
                -0.000125 -0.007753 0.007775,
                -0.000325 -0.007953 -0.000762,
                -0.000325 -0.00712 -0.001595,
                -0.000325 0.00402 -0.001595,
                -0.000325 -0.007303 0.007275,
                -0.000325 -0.007303 -0.000762,
                -0.000125 -0.007503 0.007775,
                -0.000125 0.00452 -0.001395,
                -0.000125 0.00452 -0.001145,
                0.000125 0.00452 -0.001395,
                0.000125 0.00452 -0.001145,
                -0.002215 -0.00712 -0.000945,
                -0.002865 -0.00712 -0.000945,
                -0.002865 0.00402 -0.000945,
                -0.002215 0.00402 -0.000945,
                -0.002215 -0.007953 0.007275,
                -0.002215 -0.007303 0.007275,
                -0.002215 -0.007303 -0.000762,
                -0.002215 -0.00712 -0.001595,
                -0.002215 -0.007953 -0.000762,
                -0.002215 0.00402 -0.001595,
                -0.002415 -0.007753 0.007775,
                -0.002415 -0.007503 0.007775,
                -0.002865 -0.007953 0.007275,
                -0.002665 -0.007753 0.007775,
                -0.002865 -0.007953 -0.000762,
                -0.002865 -0.00712 -0.001595,
                -0.002865 0.00402 -0.001595,
                -0.002865 -0.007303 0.007275,
                -0.002865 -0.007303 -0.000762,
                -0.002665 -0.007503 0.007775,
                -0.002665 0.00452 -0.001395,
                -0.002665 0.00452 -0.001145,
                -0.002415 0.00452 -0.001395,
                -0.002415 0.00452 -0.001145,
                -0.004755 -0.00712 -0.000945,
                -0.005405 -0.00712 -0.000945,
                -0.005405 0.00402 -0.000945,
                -0.004755 0.00402 -0.000945,
                -0.004755 -0.007953 0.007275,
                -0.004755 -0.007303 0.007275,
                -0.004755 -0.007303 -0.000762,
                -0.004755 -0.00712 -0.001595,
                -0.004755 -0.007953 -0.000762,
                -0.004755 0.00402 -0.001595,
                -0.004955 -0.007753 0.007775,
                -0.004955 -0.007503 0.007775,
                -0.005405 -0.007953 0.007275,
                -0.005205 -0.007753 0.007775,
                -0.005405 -0.007953 -0.000762,
                -0.005405 -0.00712 -0.001595,
                -0.005405 0.00402 -0.001595,
                -0.005405 -0.007303 0.007275,
                -0.005405 -0.007303 -0.000762,
                -0.005205 -0.007503 0.007775,
                -0.005205 0.00452 -0.001395,
                -0.005205 0.00452 -0.001145,
                -0.004955 0.00452 -0.001395,
                -0.004955 0.00452 -0.001145,
                -0.007295 -0.00712 -0.000945,
                -0.007945 -0.00712 -0.000945,
                -0.007945 0.00402 -0.000945,
                -0.007295 0.00402 -0.000945,
                -0.007295 -0.007953 0.007275,
                -0.007295 -0.007303 0.007275,
                -0.007295 -0.007303 -0.000762,
                -0.007295 -0.00712 -0.001595,
                -0.007295 -0.007953 -0.000762,
                -0.007295 0.00402 -0.001595,
                -0.007495 -0.007753 0.007775,
                -0.007495 -0.007503 0.007775,
                -0.007945 -0.007953 0.007275,
                -0.007745 -0.007753 0.007775,
                -0.007945 -0.007953 -0.000762,
                -0.007945 -0.00712 -0.001595,
                -0.007945 0.00402 -0.001595,
                -0.007945 -0.007303 0.007275,
                -0.007945 -0.007303 -0.000762,
                -0.007745 -0.007503 0.007775,
                -0.007745 0.00452 -0.001395,
                -0.007745 0.00452 -0.001145,
                -0.007495 0.00452 -0.001395,
                -0.007495 0.00452 -0.001145,
                0.00915772116295 0.00545 0.00422395277335,
                0.00915095389312 0.00545 0.0041986969785,
                0.00913990381057 0.00545 0.004175,
                0.00912490666647 0.00545 0.00415358185855,
                0.00910641814145 0.00545 0.00413509333353,
                0.009085 0.00545 0.00412009618943,
                0.0090613030215 0.00545 0.00410904610688,
                0.00903604722665 0.00545 0.00410227883705,
                0.000901519224699 0.00545 0.00418263518223,
                0.000906030737921 0.00545 0.00416579798567,
                0.000913397459622 0.00545 0.00415,
                0.000923395555688 0.00545 0.00413572123903,
                0.000935721239031 0.00545 0.00412339555569,
                0.00095 0.00545 0.00411339745962,
                0.000965797985667 0.00545 0.00410603073792,
                0.000982635182233 0.00545 0.0041015192247,
                -0.000982635182233 0.00545 0.0041015192247,
                -0.000965797985667 0.00545 0.00410603073792,
                -0.00095 0.00545 0.00411339745962,
                -0.000935721239031 0.00545 0.00412339555569,
                -0.000923395555688 0.00545 0.00413572123903,
                -0.000913397459622 0.00545 0.00415,
                -0.000906030737921 0.00545 0.00416579798567,
                -0.000901519224699 0.00545 0.00418263518223,
                -0.00903604722665 0.00545 0.00410227883705,
                -0.0090613030215 0.00545 0.00410904610688,
                -0.009085 0.00545 0.00412009618943,
                -0.00910641814145 0.00545 0.00413509333353,
                -0.00912490666647 0.00545 0.00415358185855,
                -0.00913990381057 0.00545 0.004175,
                -0.00915095389312 0.00545 0.0041986969785,
                -0.00915772116295 0.00545 0.00422395277335,
                -0.00903346516976 -0.0031 0.00410184674891,
                -0.00905635254916 -0.0031 0.00410734152256,
                -0.00907809857496 -0.0031 0.00411634902137,
                -0.00909816778784 -0.0031 0.00412864745084,
                -0.00911606601718 -0.0031 0.00414393398282,
                -0.00913135254916 -0.0031 0.00416183221216,
                -0.00914365097863 -0.0031 0.00418190142504,
                -0.00915265847744 -0.0031 0.00420364745084,
                -0.00915815325109 -0.0031 0.00422653483024,
                0.00915772116295 -0.0031 0.00422395277335,
                0.00915095389312 -0.0031 0.0041986969785,
                0.00913990381057 -0.0031 0.004175,
                0.00912490666647 -0.0031 0.00415358185855,
                0.00910641814145 -0.0031 0.00413509333353,
                0.009085 -0.0031 0.00412009618943,
                0.0090613030215 -0.0031 0.00410904610688,
                0.00903604722665 -0.0031 0.00410227883705,
                -0.000901519224699 -0.0031 0.00418263518223,
                -0.000906030737921 -0.0031 0.00416579798567,
                -0.000913397459622 -0.0031 0.00415,
                -0.000923395555688 -0.0031 0.00413572123903,
                -0.000935721239031 -0.0031 0.00412339555569,
                -0.00095 -0.0031 0.00411339745962,
                -0.000965797985667 -0.0031 0.00410603073792,
                -0.000982635182233 -0.0031 0.0041015192247,
                0.000982635182233 -0.0031 0.0041015192247,
                0.000965797985667 -0.0031 0.00410603073792,
                0.00095 -0.0031 0.00411339745962,
                0.000935721239031 -0.0031 0.00412339555569,
                0.000923395555688 -0.0031 0.00413572123903,
                0.000913397459622 -0.0031 0.00415,
                0.000906030737921 -0.0031 0.00416579798567,
                0.000901519224699 -0.0031 0.00418263518223,
                0.007295 -0.0047421240314 0.000960929134993,
                0.007295 -0.00487947109088 0.00100069306852,
                0.007295 -0.00500799425808 0.00106336029004,
                0.007295 -0.00512390660791 0.00114708431476,
                0.007295 -0.00522379279204 0.00124939822085,
                0.007295 -0.00530470967186 0.00136728733705,
                0.007295 -0.00536427303784 0.00149727806976,
                0.007295 -0.00540072786005 0.00163554025221,
                0.007295 -0.00462914222958 0.0016017216937,
                0.007295 -0.00465699179069 0.00161198414484,
                0.007295 -0.00468281611077 0.00162661358262,
                0.007295 -0.00470593589047 0.00164522518503,
                0.007295 -0.00472574297241 0.00166732938062,
                0.007295 -0.00474171633849 0.00169234472658,
                0.007295 -0.00475343581515 0.00171961320334,
                0.007295 -0.0047605931258 0.00174841752353,
                0.007945 -0.00462914222958 0.0016017216937,
                0.007945 -0.00465699179069 0.00161198414484,
                0.007945 -0.00468281611077 0.00162661358262,
                0.007945 -0.00470593589047 0.00164522518503,
                0.007945 -0.00472574297241 0.00166732938062,
                0.007945 -0.00474171633849 0.00169234472658,
                0.007945 -0.00475343581515 0.00171961320334,
                0.007945 -0.0047605931258 0.00174841752353,
                0.007945 -0.0047421240314 0.000960929134993,
                0.007945 -0.00487947109088 0.00100069306852,
                0.007945 -0.00500799425808 0.00106336029004,
                0.007945 -0.00512390660791 0.00114708431476,
                0.007945 -0.00522379279204 0.00124939822085,
                0.007945 -0.00530470967186 0.00136728733705,
                0.007945 -0.00536427303784 0.00149727806976,
                0.007945 -0.00540072786005 0.00163554025221,
                0.004755 -0.0047421240314 0.000960929134993,
                0.004755 -0.00487947109088 0.00100069306852,
                0.004755 -0.00500799425808 0.00106336029004,
                0.004755 -0.00512390660791 0.00114708431476,
                0.004755 -0.00522379279204 0.00124939822085,
                0.004755 -0.00530470967186 0.00136728733705,
                0.004755 -0.00536427303784 0.00149727806976,
                0.004755 -0.00540072786005 0.00163554025221,
                0.004755 -0.00462914222958 0.0016017216937,
                0.004755 -0.00465699179069 0.00161198414484,
                0.004755 -0.00468281611077 0.00162661358262,
                0.004755 -0.00470593589047 0.00164522518503,
                0.004755 -0.00472574297241 0.00166732938062,
                0.004755 -0.00474171633849 0.00169234472658,
                0.004755 -0.00475343581515 0.00171961320334,
                0.004755 -0.0047605931258 0.00174841752353,
                0.005405 -0.00462914222958 0.0016017216937,
                0.005405 -0.00465699179069 0.00161198414484,
                0.005405 -0.00468281611077 0.00162661358262,
                0.005405 -0.00470593589047 0.00164522518503,
                0.005405 -0.00472574297241 0.00166732938062,
                0.005405 -0.00474171633849 0.00169234472658,
                0.005405 -0.00475343581515 0.00171961320334,
                0.005405 -0.0047605931258 0.00174841752353,
                0.005405 -0.0047421240314 0.000960929134993,
                0.005405 -0.00487947109088 0.00100069306852,
                0.005405 -0.00500799425808 0.00106336029004,
                0.005405 -0.00512390660791 0.00114708431476,
                0.005405 -0.00522379279204 0.00124939822085,
                0.005405 -0.00530470967186 0.00136728733705,
                0.005405 -0.00536427303784 0.00149727806976,
                0.005405 -0.00540072786005 0.00163554025221,
                0.002215 -0.0047421240314 0.000960929134993,
                0.002215 -0.00487947109088 0.00100069306852,
                0.002215 -0.00500799425808 0.00106336029004,
                0.002215 -0.00512390660791 0.00114708431476,
                0.002215 -0.00522379279204 0.00124939822085,
                0.002215 -0.00530470967186 0.00136728733705,
                0.002215 -0.00536427303784 0.00149727806976,
                0.002215 -0.00540072786005 0.00163554025221,
                0.002215 -0.00462914222958 0.0016017216937,
                0.002215 -0.00465699179069 0.00161198414484,
                0.002215 -0.00468281611077 0.00162661358262,
                0.002215 -0.00470593589047 0.00164522518503,
                0.002215 -0.00472574297241 0.00166732938062,
                0.002215 -0.00474171633849 0.00169234472658,
                0.002215 -0.00475343581515 0.00171961320334,
                0.002215 -0.0047605931258 0.00174841752353,
                0.002865 -0.00462914222958 0.0016017216937,
                0.002865 -0.00465699179069 0.00161198414484,
                0.002865 -0.00468281611077 0.00162661358262,
                0.002865 -0.00470593589047 0.00164522518503,
                0.002865 -0.00472574297241 0.00166732938062,
                0.002865 -0.00474171633849 0.00169234472658,
                0.002865 -0.00475343581515 0.00171961320334,
                0.002865 -0.0047605931258 0.00174841752353,
                0.002865 -0.0047421240314 0.000960929134993,
                0.002865 -0.00487947109088 0.00100069306852,
                0.002865 -0.00500799425808 0.00106336029004,
                0.002865 -0.00512390660791 0.00114708431476,
                0.002865 -0.00522379279204 0.00124939822085,
                0.002865 -0.00530470967186 0.00136728733705,
                0.002865 -0.00536427303784 0.00149727806976,
                0.002865 -0.00540072786005 0.00163554025221,
                -0.000325 -0.0047421240314 0.000960929134993,
                -0.000325 -0.00487947109088 0.00100069306852,
                -0.000325 -0.00500799425808 0.00106336029004,
                -0.000325 -0.00512390660791 0.00114708431476,
                -0.000325 -0.00522379279204 0.00124939822085,
                -0.000325 -0.00530470967186 0.00136728733705,
                -0.000325 -0.00536427303784 0.00149727806976,
                -0.000325 -0.00540072786005 0.00163554025221,
                -0.000325 -0.00462914222958 0.0016017216937,
                -0.000325 -0.00465699179069 0.00161198414484,
                -0.000325 -0.00468281611077 0.00162661358262,
                -0.000325 -0.00470593589047 0.00164522518503,
                -0.000325 -0.00472574297241 0.00166732938062,
                -0.000325 -0.00474171633849 0.00169234472658,
                -0.000325 -0.00475343581515 0.00171961320334,
                -0.000325 -0.0047605931258 0.00174841752353,
                0.000325 -0.00462914222958 0.0016017216937,
                0.000325 -0.00465699179069 0.00161198414484,
                0.000325 -0.00468281611077 0.00162661358262,
                0.000325 -0.00470593589047 0.00164522518503,
                0.000325 -0.00472574297241 0.00166732938062,
                0.000325 -0.00474171633849 0.00169234472658,
                0.000325 -0.00475343581515 0.00171961320334,
                0.000325 -0.0047605931258 0.00174841752353,
                0.000325 -0.0047421240314 0.000960929134993,
                0.000325 -0.00487947109088 0.00100069306852,
                0.000325 -0.00500799425808 0.00106336029004,
                0.000325 -0.00512390660791 0.00114708431476,
                0.000325 -0.00522379279204 0.00124939822085,
                0.000325 -0.00530470967186 0.00136728733705,
                0.000325 -0.00536427303784 0.00149727806976,
                0.000325 -0.00540072786005 0.00163554025221,
                -0.002865 -0.0047421240314 0.000960929134993,
                -0.002865 -0.00487947109088 0.00100069306852,
                -0.002865 -0.00500799425808 0.00106336029004,
                -0.002865 -0.00512390660791 0.00114708431476,
                -0.002865 -0.00522379279204 0.00124939822085,
                -0.002865 -0.00530470967186 0.00136728733705,
                -0.002865 -0.00536427303784 0.00149727806976,
                -0.002865 -0.00540072786005 0.00163554025221,
                -0.002865 -0.00462914222958 0.0016017216937,
                -0.002865 -0.00465699179069 0.00161198414484,
                -0.002865 -0.00468281611077 0.00162661358262,
                -0.002865 -0.00470593589047 0.00164522518503,
                -0.002865 -0.00472574297241 0.00166732938062,
                -0.002865 -0.00474171633849 0.00169234472658,
                -0.002865 -0.00475343581515 0.00171961320334,
                -0.002865 -0.0047605931258 0.00174841752353,
                -0.002215 -0.00462914222958 0.0016017216937,
                -0.002215 -0.00465699179069 0.00161198414484,
                -0.002215 -0.00468281611077 0.00162661358262,
                -0.002215 -0.00470593589047 0.00164522518503,
                -0.002215 -0.00472574297241 0.00166732938062,
                -0.002215 -0.00474171633849 0.00169234472658,
                -0.002215 -0.00475343581515 0.00171961320334,
                -0.002215 -0.0047605931258 0.00174841752353,
                -0.002215 -0.0047421240314 0.000960929134993,
                -0.002215 -0.00487947109088 0.00100069306852,
                -0.002215 -0.00500799425808 0.00106336029004,
                -0.002215 -0.00512390660791 0.00114708431476,
                -0.002215 -0.00522379279204 0.00124939822085,
                -0.002215 -0.00530470967186 0.00136728733705,
                -0.002215 -0.00536427303784 0.00149727806976,
                -0.002215 -0.00540072786005 0.00163554025221,
                -0.005405 -0.0047421240314 0.000960929134993,
                -0.005405 -0.00487947109088 0.00100069306852,
                -0.005405 -0.00500799425808 0.00106336029004,
                -0.005405 -0.00512390660791 0.00114708431476,
                -0.005405 -0.00522379279204 0.00124939822085,
                -0.005405 -0.00530470967186 0.00136728733705,
                -0.005405 -0.00536427303784 0.00149727806976,
                -0.005405 -0.00540072786005 0.00163554025221,
                -0.005405 -0.00462914222958 0.0016017216937,
                -0.005405 -0.00465699179069 0.00161198414484,
                -0.005405 -0.00468281611077 0.00162661358262,
                -0.005405 -0.00470593589047 0.00164522518503,
                -0.005405 -0.00472574297241 0.00166732938062,
                -0.005405 -0.00474171633849 0.00169234472658,
                -0.005405 -0.00475343581515 0.00171961320334,
                -0.005405 -0.0047605931258 0.00174841752353,
                -0.004755 -0.00462914222958 0.0016017216937,
                -0.004755 -0.00465699179069 0.00161198414484,
                -0.004755 -0.00468281611077 0.00162661358262,
                -0.004755 -0.00470593589047 0.00164522518503,
                -0.004755 -0.00472574297241 0.00166732938062,
                -0.004755 -0.00474171633849 0.00169234472658,
                -0.004755 -0.00475343581515 0.00171961320334,
                -0.004755 -0.0047605931258 0.00174841752353,
                -0.004755 -0.0047421240314 0.000960929134993,
                -0.004755 -0.00487947109088 0.00100069306852,
                -0.004755 -0.00500799425808 0.00106336029004,
                -0.004755 -0.00512390660791 0.00114708431476,
                -0.004755 -0.00522379279204 0.00124939822085,
                -0.004755 -0.00530470967186 0.00136728733705,
                -0.004755 -0.00536427303784 0.00149727806976,
                -0.004755 -0.00540072786005 0.00163554025221,
                -0.007945 -0.0047421240314 0.000960929134993,
                -0.007945 -0.00487947109088 0.00100069306852,
                -0.007945 -0.00500799425808 0.00106336029004,
                -0.007945 -0.00512390660791 0.00114708431476,
                -0.007945 -0.00522379279204 0.00124939822085,
                -0.007945 -0.00530470967186 0.00136728733705,
                -0.007945 -0.00536427303784 0.00149727806976,
                -0.007945 -0.00540072786005 0.00163554025221,
                -0.007945 -0.00462914222958 0.0016017216937,
                -0.007945 -0.00465699179069 0.00161198414484,
                -0.007945 -0.00468281611077 0.00162661358262,
                -0.007945 -0.00470593589047 0.00164522518503,
                -0.007945 -0.00472574297241 0.00166732938062,
                -0.007945 -0.00474171633849 0.00169234472658,
                -0.007945 -0.00475343581515 0.00171961320334,
                -0.007945 -0.0047605931258 0.00174841752353,
                -0.007295 -0.00462914222958 0.0016017216937,
                -0.007295 -0.00465699179069 0.00161198414484,
                -0.007295 -0.00468281611077 0.00162661358262,
                -0.007295 -0.00470593589047 0.00164522518503,
                -0.007295 -0.00472574297241 0.00166732938062,
                -0.007295 -0.00474171633849 0.00169234472658,
                -0.007295 -0.00475343581515 0.00171961320334,
                -0.007295 -0.0047605931258 0.00174841752353,
                -0.007295 -0.0047421240314 0.000960929134993,
                -0.007295 -0.00487947109088 0.00100069306852,
                -0.007295 -0.00500799425808 0.00106336029004,
                -0.007295 -0.00512390660791 0.00114708431476,
                -0.007295 -0.00522379279204 0.00124939822085,
                -0.007295 -0.00530470967186 0.00136728733705,
                -0.007295 -0.00536427303784 0.00149727806976,
                -0.007295 -0.00540072786005 0.00163554025221,
                0.007945 -0.00715177761651 -0.000942219818801,
                0.007945 -0.00718258968623 -0.000933963749604,
                0.007945 -0.0072115 -0.000920482648893,
                0.007945 -0.00723763013257 -0.000902186133091,
                0.007945 -0.00726018613309 -0.000879630132573,
                0.007945 -0.00727848264889 -0.0008535,
                0.007945 -0.0072919637496 -0.000824589686229,
                0.007945 -0.0073002198188 -0.000793777616513,
                0.007945 -0.007264648932 -0.00158234485826,
                0.007945 -0.00740490277939 -0.00154476395311,
                0.007945 -0.0075365 -0.00148339916135,
                0.007945 -0.00765544207887 -0.00140011502112,
                0.007945 -0.00775811502112 -0.00129744207887,
                0.007945 -0.00784139916135 -0.0011785,
                0.007945 -0.00790276395311 -0.00104690277939,
                0.007945 -0.00794034485826 -0.000906648931997,
                0.007295 -0.007264648932 -0.00158234485826,
                0.007295 -0.00740490277939 -0.00154476395311,
                0.007295 -0.0075365 -0.00148339916135,
                0.007295 -0.00765544207887 -0.00140011502112,
                0.007295 -0.00775811502112 -0.00129744207887,
                0.007295 -0.00784139916135 -0.0011785,
                0.007295 -0.00790276395311 -0.00104690277939,
                0.007295 -0.00794034485826 -0.000906648931997,
                0.007295 -0.00715177761651 -0.000942219818801,
                0.007295 -0.00718258968623 -0.000933963749604,
                0.007295 -0.0072115 -0.000920482648893,
                0.007295 -0.00723763013257 -0.000902186133091,
                0.007295 -0.00726018613309 -0.000879630132573,
                0.007295 -0.00727848264889 -0.0008535,
                0.007295 -0.0072919637496 -0.000824589686229,
                0.007295 -0.0073002198188 -0.000793777616513,
                0.005405 -0.00715177761651 -0.000942219818801,
                0.005405 -0.00718258968623 -0.000933963749604,
                0.005405 -0.0072115 -0.000920482648893,
                0.005405 -0.00723763013257 -0.000902186133091,
                0.005405 -0.00726018613309 -0.000879630132573,
                0.005405 -0.00727848264889 -0.0008535,
                0.005405 -0.0072919637496 -0.000824589686229,
                0.005405 -0.0073002198188 -0.000793777616513,
                0.005405 -0.007264648932 -0.00158234485826,
                0.005405 -0.00740490277939 -0.00154476395311,
                0.005405 -0.0075365 -0.00148339916135,
                0.005405 -0.00765544207887 -0.00140011502112,
                0.005405 -0.00775811502112 -0.00129744207887,
                0.005405 -0.00784139916135 -0.0011785,
                0.005405 -0.00790276395311 -0.00104690277939,
                0.005405 -0.00794034485826 -0.000906648931997,
                0.004755 -0.007264648932 -0.00158234485826,
                0.004755 -0.00740490277939 -0.00154476395311,
                0.004755 -0.0075365 -0.00148339916135,
                0.004755 -0.00765544207887 -0.00140011502112,
                0.004755 -0.00775811502112 -0.00129744207887,
                0.004755 -0.00784139916135 -0.0011785,
                0.004755 -0.00790276395311 -0.00104690277939,
                0.004755 -0.00794034485826 -0.000906648931997,
                0.004755 -0.00715177761651 -0.000942219818801,
                0.004755 -0.00718258968623 -0.000933963749604,
                0.004755 -0.0072115 -0.000920482648893,
                0.004755 -0.00723763013257 -0.000902186133091,
                0.004755 -0.00726018613309 -0.000879630132573,
                0.004755 -0.00727848264889 -0.0008535,
                0.004755 -0.0072919637496 -0.000824589686229,
                0.004755 -0.0073002198188 -0.000793777616513,
                0.002865 -0.00715177761651 -0.000942219818801,
                0.002865 -0.00718258968623 -0.000933963749604,
                0.002865 -0.0072115 -0.000920482648893,
                0.002865 -0.00723763013257 -0.000902186133091,
                0.002865 -0.00726018613309 -0.000879630132573,
                0.002865 -0.00727848264889 -0.0008535,
                0.002865 -0.0072919637496 -0.000824589686229,
                0.002865 -0.0073002198188 -0.000793777616513,
                0.002865 -0.007264648932 -0.00158234485826,
                0.002865 -0.00740490277939 -0.00154476395311,
                0.002865 -0.0075365 -0.00148339916135,
                0.002865 -0.00765544207887 -0.00140011502112,
                0.002865 -0.00775811502112 -0.00129744207887,
                0.002865 -0.00784139916135 -0.0011785,
                0.002865 -0.00790276395311 -0.00104690277939,
                0.002865 -0.00794034485826 -0.000906648931997,
                0.002215 -0.007264648932 -0.00158234485826,
                0.002215 -0.00740490277939 -0.00154476395311,
                0.002215 -0.0075365 -0.00148339916135,
                0.002215 -0.00765544207887 -0.00140011502112,
                0.002215 -0.00775811502112 -0.00129744207887,
                0.002215 -0.00784139916135 -0.0011785,
                0.002215 -0.00790276395311 -0.00104690277939,
                0.002215 -0.00794034485826 -0.000906648931997,
                0.002215 -0.00715177761651 -0.000942219818801,
                0.002215 -0.00718258968623 -0.000933963749604,
                0.002215 -0.0072115 -0.000920482648893,
                0.002215 -0.00723763013257 -0.000902186133091,
                0.002215 -0.00726018613309 -0.000879630132573,
                0.002215 -0.00727848264889 -0.0008535,
                0.002215 -0.0072919637496 -0.000824589686229,
                0.002215 -0.0073002198188 -0.000793777616513,
                0.000325 -0.00715177761651 -0.000942219818801,
                0.000325 -0.00718258968623 -0.000933963749604,
                0.000325 -0.0072115 -0.000920482648893,
                0.000325 -0.00723763013257 -0.000902186133091,
                0.000325 -0.00726018613309 -0.000879630132573,
                0.000325 -0.00727848264889 -0.0008535,
                0.000325 -0.0072919637496 -0.000824589686229,
                0.000325 -0.0073002198188 -0.000793777616513,
                0.000325 -0.007264648932 -0.00158234485826,
                0.000325 -0.00740490277939 -0.00154476395311,
                0.000325 -0.0075365 -0.00148339916135,
                0.000325 -0.00765544207887 -0.00140011502112,
                0.000325 -0.00775811502112 -0.00129744207887,
                0.000325 -0.00784139916135 -0.0011785,
                0.000325 -0.00790276395311 -0.00104690277939,
                0.000325 -0.00794034485826 -0.000906648931997,
                -0.000325 -0.007264648932 -0.00158234485826,
                -0.000325 -0.00740490277939 -0.00154476395311,
                -0.000325 -0.0075365 -0.00148339916135,
                -0.000325 -0.00765544207887 -0.00140011502112,
                -0.000325 -0.00775811502112 -0.00129744207887,
                -0.000325 -0.00784139916135 -0.0011785,
                -0.000325 -0.00790276395311 -0.00104690277939,
                -0.000325 -0.00794034485826 -0.000906648931997,
                -0.000325 -0.00715177761651 -0.000942219818801,
                -0.000325 -0.00718258968623 -0.000933963749604,
                -0.000325 -0.0072115 -0.000920482648893,
                -0.000325 -0.00723763013257 -0.000902186133091,
                -0.000325 -0.00726018613309 -0.000879630132573,
                -0.000325 -0.00727848264889 -0.0008535,
                -0.000325 -0.0072919637496 -0.000824589686229,
                -0.000325 -0.0073002198188 -0.000793777616513,
                -0.002215 -0.00715177761651 -0.000942219818801,
                -0.002215 -0.00718258968623 -0.000933963749604,
                -0.002215 -0.0072115 -0.000920482648893,
                -0.002215 -0.00723763013257 -0.000902186133091,
                -0.002215 -0.00726018613309 -0.000879630132573,
                -0.002215 -0.00727848264889 -0.0008535,
                -0.002215 -0.0072919637496 -0.000824589686229,
                -0.002215 -0.0073002198188 -0.000793777616513,
                -0.002215 -0.007264648932 -0.00158234485826,
                -0.002215 -0.00740490277939 -0.00154476395311,
                -0.002215 -0.0075365 -0.00148339916135,
                -0.002215 -0.00765544207887 -0.00140011502112,
                -0.002215 -0.00775811502112 -0.00129744207887,
                -0.002215 -0.00784139916135 -0.0011785,
                -0.002215 -0.00790276395311 -0.00104690277939,
                -0.002215 -0.00794034485826 -0.000906648931997,
                -0.002865 -0.007264648932 -0.00158234485826,
                -0.002865 -0.00740490277939 -0.00154476395311,
                -0.002865 -0.0075365 -0.00148339916135,
                -0.002865 -0.00765544207887 -0.00140011502112,
                -0.002865 -0.00775811502112 -0.00129744207887,
                -0.002865 -0.00784139916135 -0.0011785,
                -0.002865 -0.00790276395311 -0.00104690277939,
                -0.002865 -0.00794034485826 -0.000906648931997,
                -0.002865 -0.00715177761651 -0.000942219818801,
                -0.002865 -0.00718258968623 -0.000933963749604,
                -0.002865 -0.0072115 -0.000920482648893,
                -0.002865 -0.00723763013257 -0.000902186133091,
                -0.002865 -0.00726018613309 -0.000879630132573,
                -0.002865 -0.00727848264889 -0.0008535,
                -0.002865 -0.0072919637496 -0.000824589686229,
                -0.002865 -0.0073002198188 -0.000793777616513,
                -0.004755 -0.00715177761651 -0.000942219818801,
                -0.004755 -0.00718258968623 -0.000933963749604,
                -0.004755 -0.0072115 -0.000920482648893,
                -0.004755 -0.00723763013257 -0.000902186133091,
                -0.004755 -0.00726018613309 -0.000879630132573,
                -0.004755 -0.00727848264889 -0.0008535,
                -0.004755 -0.0072919637496 -0.000824589686229,
                -0.004755 -0.0073002198188 -0.000793777616513,
                -0.004755 -0.007264648932 -0.00158234485826,
                -0.004755 -0.00740490277939 -0.00154476395311,
                -0.004755 -0.0075365 -0.00148339916135,
                -0.004755 -0.00765544207887 -0.00140011502112,
                -0.004755 -0.00775811502112 -0.00129744207887,
                -0.004755 -0.00784139916135 -0.0011785,
                -0.004755 -0.00790276395311 -0.00104690277939,
                -0.004755 -0.00794034485826 -0.000906648931997,
                -0.005405 -0.007264648932 -0.00158234485826,
                -0.005405 -0.00740490277939 -0.00154476395311,
                -0.005405 -0.0075365 -0.00148339916135,
                -0.005405 -0.00765544207887 -0.00140011502112,
                -0.005405 -0.00775811502112 -0.00129744207887,
                -0.005405 -0.00784139916135 -0.0011785,
                -0.005405 -0.00790276395311 -0.00104690277939,
                -0.005405 -0.00794034485826 -0.000906648931997,
                -0.005405 -0.00715177761651 -0.000942219818801,
                -0.005405 -0.00718258968623 -0.000933963749604,
                -0.005405 -0.0072115 -0.000920482648893,
                -0.005405 -0.00723763013257 -0.000902186133091,
                -0.005405 -0.00726018613309 -0.000879630132573,
                -0.005405 -0.00727848264889 -0.0008535,
                -0.005405 -0.0072919637496 -0.000824589686229,
                -0.005405 -0.0073002198188 -0.000793777616513,
                -0.007295 -0.00715177761651 -0.000942219818801,
                -0.007295 -0.00718258968623 -0.000933963749604,
                -0.007295 -0.0072115 -0.000920482648893,
                -0.007295 -0.00723763013257 -0.000902186133091,
                -0.007295 -0.00726018613309 -0.000879630132573,
                -0.007295 -0.00727848264889 -0.0008535,
                -0.007295 -0.0072919637496 -0.000824589686229,
                -0.007295 -0.0073002198188 -0.000793777616513,
                -0.007295 -0.007264648932 -0.00158234485826,
                -0.007295 -0.00740490277939 -0.00154476395311,
                -0.007295 -0.0075365 -0.00148339916135,
                -0.007295 -0.00765544207887 -0.00140011502112,
                -0.007295 -0.00775811502112 -0.00129744207887,
                -0.007295 -0.00784139916135 -0.0011785,
                -0.007295 -0.00790276395311 -0.00104690277939,
                -0.007295 -0.00794034485826 -0.000906648931997,
                -0.007945 -0.007264648932 -0.00158234485826,
                -0.007945 -0.00740490277939 -0.00154476395311,
                -0.007945 -0.0075365 -0.00148339916135,
                -0.007945 -0.00765544207887 -0.00140011502112,
                -0.007945 -0.00775811502112 -0.00129744207887,
                -0.007945 -0.00784139916135 -0.0011785,
                -0.007945 -0.00790276395311 -0.00104690277939,
                -0.007945 -0.00794034485826 -0.000906648931997,
                -0.007945 -0.00715177761651 -0.000942219818801,
                -0.007945 -0.00718258968623 -0.000933963749604,
                -0.007945 -0.0072115 -0.000920482648893,
                -0.007945 -0.00723763013257 -0.000902186133091,
                -0.007945 -0.00726018613309 -0.000879630132573,
                -0.007945 -0.00727848264889 -0.0008535,
                -0.007945 -0.0072919637496 -0.000824589686229,
                -0.007945 -0.0073002198188 -0.000793777616513,
                0 0.00247 -0.0044875,
                0 0.0053 0.003325,
                -0.00929 0.0053 0,
                -0.00571312103223 0.0053 -0.003325,
                -0.00195562103223 0.00186 -0.003825,
                -0.00916 -0.004275 -0.0032994,
                0 -0.0031 0.0037,
                0.00916 -0.004275 -0.0032994,
                0 -0.0046 -2.5e-05,
                0.01006 0 0.0003875,
                -0.01006 0 0.0003875,
                0.007295 -0.0050065 0.00411012006532,
                0.007395 -0.005088 0.007525,
                0.007845 -0.005088 0.007525,
                0.007945 -0.0050065 0.00411012006532,
                0.00762 -0.004863 0.007525,
                0.00762 -0.005313 0.007525,
                0.007845 0.00427 0.00127,
                0.00762 0.00427 0.001495,
                -1.7763568394e-18 -0.00223 0,
                -0.00914 0.00146 0,
                -1.7763568394e-18 -0.00173 -0.00332,
                0.00914 0.00146 0,
                0.00571312103223 0.0053 -0.003325,
                0.00929 0.0053 0,
                0.00195562103223 0.00186 -0.003825,
                0 0.0053 -0.004325,
                0.00762 0.00427 0.001045,
                0.007395 0.00427 0.00127,
                0.00508 0.00427 0.001495,
                0.004855 0.00427 0.00127,
                0.004755 -0.0050065 0.00411012006532,
                0.004855 -0.005088 0.007525,
                0.005305 -0.005088 0.007525,
                0.005405 -0.0050065 0.00411012006532,
                0.00508 -0.004863 0.007525,
                0.00508 -0.005313 0.007525,
                0.005305 0.00427 0.00127,
                0.00508 0.00427 0.001045,
                0.00254 0.00427 0.001495,
                0.002315 0.00427 0.00127,
                0.002215 -0.0050065 0.00411012006532,
                0.002315 -0.005088 0.007525,
                0.002765 -0.005088 0.007525,
                0.002865 -0.0050065 0.00411012006532,
                0.00254 -0.004863 0.007525,
                0.00254 -0.005313 0.007525,
                0.002765 0.00427 0.00127,
                0.00254 0.00427 0.001045,
                0 0.00427 0.001495,
                -0.000225 0.00427 0.00127,
                -0.000325 -0.0050065 0.00411012006532,
                -0.000225 -0.005088 0.007525,
                0.000225 -0.005088 0.007525,
                0.000325 -0.0050065 0.00411012006532,
                0 -0.004863 0.007525,
                0 -0.005313 0.007525,
                0.000225 0.00427 0.00127,
                0 0.00427 0.001045,
                -0.00254 0.00427 0.001495,
                -0.002765 0.00427 0.00127,
                -0.002865 -0.0050065 0.00411012006532,
                -0.002765 -0.005088 0.007525,
                -0.002315 -0.005088 0.007525,
                -0.002215 -0.0050065 0.00411012006532,
                -0.00254 -0.004863 0.007525,
                -0.00254 -0.005313 0.007525,
                -0.002315 0.00427 0.00127,
                -0.00254 0.00427 0.001045,
                -0.00508 0.00427 0.001495,
                -0.005305 0.00427 0.00127,
                -0.005405 -0.0050065 0.00411012006532,
                -0.005305 -0.005088 0.007525,
                -0.004855 -0.005088 0.007525,
                -0.004755 -0.0050065 0.00411012006532,
                -0.00508 -0.004863 0.007525,
                -0.00508 -0.005313 0.007525,
                -0.004855 0.00427 0.00127,
                -0.00508 0.00427 0.001045,
                -0.00762 0.00427 0.001495,
                -0.007845 0.00427 0.00127,
                -0.007945 -0.0050065 0.00411012006532,
                -0.007845 -0.005088 0.007525,
                -0.007395 -0.005088 0.007525,
                -0.007295 -0.0050065 0.00411012006532,
                -0.00762 -0.004863 0.007525,
                -0.00762 -0.005313 0.007525,
                -0.007395 0.00427 0.00127,
                -0.00762 0.00427 0.001045,
                0.007845 -0.007628 0.007525,
                0.00762 -0.007853 0.007525,
                0.007395 -0.007628 0.007525,
                0.00762 -0.007403 0.007525,
                0.007395 0.00427 -0.00127,
                0.00762 0.00427 -0.001495,
                0.00762 0.00427 -0.001045,
                0.007845 0.00427 -0.00127,
                0.005305 -0.007628 0.007525,
                0.00508 -0.007853 0.007525,
                0.004855 -0.007628 0.007525,
                0.00508 -0.007403 0.007525,
                0.004855 0.00427 -0.00127,
                0.00508 0.00427 -0.001495,
                0.00508 0.00427 -0.001045,
                0.005305 0.00427 -0.00127,
                0.002765 -0.007628 0.007525,
                0.00254 -0.007853 0.007525,
                0.002315 -0.007628 0.007525,
                0.00254 -0.007403 0.007525,
                0.002315 0.00427 -0.00127,
                0.00254 0.00427 -0.001495,
                0.00254 0.00427 -0.001045,
                0.002765 0.00427 -0.00127,
                0.000225 -0.007628 0.007525,
                0 -0.007853 0.007525,
                -0.000225 -0.007628 0.007525,
                0 -0.007403 0.007525,
                -0.000225 0.00427 -0.00127,
                0 0.00427 -0.001495,
                0 0.00427 -0.001045,
                0.000225 0.00427 -0.00127,
                -0.002315 -0.007628 0.007525,
                -0.00254 -0.007853 0.007525,
                -0.002765 -0.007628 0.007525,
                -0.00254 -0.007403 0.007525,
                -0.002765 0.00427 -0.00127,
                -0.00254 0.00427 -0.001495,
                -0.00254 0.00427 -0.001045,
                -0.002315 0.00427 -0.00127,
                -0.004855 -0.007628 0.007525,
                -0.00508 -0.007853 0.007525,
                -0.005305 -0.007628 0.007525,
                -0.00508 -0.007403 0.007525,
                -0.005305 0.00427 -0.00127,
                -0.00508 0.00427 -0.001495,
                -0.00508 0.00427 -0.001045,
                -0.004855 0.00427 -0.00127,
                -0.007395 -0.007628 0.007525,
                -0.00762 -0.007853 0.007525,
                -0.007845 -0.007628 0.007525,
                -0.00762 -0.007403 0.007525,
                -0.007845 0.00427 -0.00127,
                -0.00762 0.00427 -0.001495,
                -0.00762 0.00427 -0.001045,
                -0.007395 0.00427 -0.00127

              ]
            }
            normal Normal {
              vector [
                -0 -0 -1,
                -0 -0 -1,
                -0 -0 -1,
                -0 -0 -1,
                -0 -1 -0,
                -0 -1 -0,
                -0 -1 -0,
                -0 -1 -0,
                -0 -1 -0,
                -0 -1 -0,
                -0 -1 -0,
                -0 -1 -0,
                -0 -1 -0,
                -0.96592581 -0 -0.25881904,
                -0.96592581 -0 -0.25881904,
                -0.96592581 -0 -0.25881904,
                -0.96592581 -0 -0.25881904,
                0 1 0,
                0 1 0,
                0 1 0,
                0 1 0,
                0 1 0,
                0 1 0,
                0 1 0,
                0 1 0,
                0 1 0,
                0 1 0,
                0 1 0,
                0 1 0,
                0 1 0,
                0 1 0,
                0 1 0,
                0 1 0,
                0 1 0,
                0 1 0,
                0 1 0,
                0 1 0,
                0 1 0,
                0 1 0,
                0 1 0,
                0 1 0,
                0 1 0,
                0 1 0,
                0 1 0,
                0 1 0,
                0 1 0,
                0 1 0,
                0 1 0,
                0 1 0,
                0 1 0,
                0 1 0,
                0 1 0,
                0 1 0,
                0 1 0,
                0 1 0,
                0 1 0,
                0 1 0,
                0 1 0,
                0 1 0,
                0 1 0,
                0 1 0,
                0 1 0,
                0 1 0,
                0 1 0,
                0 1 0,
                0 1 0,
                0 1 0,
                0 1 0,
                0 1 0,
                0 1 0,
                0 1 0,
                0 1 0,
                0 1 0,
                0 1 0,
                0 1 0,
                0 1 0,
                0 1 0,
                0 0.70710677 -0.70710677,
                0 0.70710677 -0.70710677,
                0 0.70710677 -0.70710677,
                0 0.70710677 -0.70710677,
                0 0.70710677 -0.70710677,
                0.70710677 0.70710677 0,
                0.70710677 0.70710677 0,
                0.70710677 0.70710677 0,
                0.70710677 0.70710677 0,
                0.70710677 0.70710677 0,
                0 0.70710677 0.70710677,
                0 0.70710677 0.70710677,
                0 0.70710677 0.70710677,
                0 0.70710677 0.70710677,
                0 0.70710677 0.70710677,
                0.99619472 -0 0.087155744,
                0.99619472 -0 0.087155744,
                0.99619472 -0 0.087155744,
                0.99619472 -0 0.087155744,
                0.99619472 -0 0.087155744,
                0.99619472 -0 0.087155744,
                0.99619472 -0 0.087155744,
                0.99619472 -0 0.087155744,
                0.99619472 -0 0.087155744,
                -0 -0 -1,
                -0 -0 -1,
                -0 -0 -1,
                -0 -0 -1,
                -0 -0 -1,
                -0 -0 -1,
                -0 -0 -1,
                -0 -0 -1,
                -0 -0 -1,
                -0 -0 -1,
                -0 -0 -1,
                -0 -0 -1,
                -0 -0 -1,
                -0 -0 -1,
                -0 -0 -1,
                -0 -0 -1,
                -0 -1 -0,
                -0 -1 -0,
                -0 -1 -0,
                -0 -1 -0,
                1 -0 -0,
                1 -0 -0,
                1 -0 -0,
                1 -0 -0,
                1 -0 -0,
                1 -0 -0,
                1 -0 -0,
                1 -0 -0,
                1 -0 -0,
                1 -0 -0,
                1 -0 -0,
                1 -0 -0,
                1 -0 -0,
                1 -0 -0,
                1 -0 -0,
                1 -0 -0,
                1 -0 -0,
                -1.1829596e-14 -0 1,
                1 -0 1.2246469e-16,
                0.15643446 -0 0.98768836,
                0.309017 -0 0.95105654,
                0.45399049 -0 0.89100653,
                0.58778524 -0 0.809017,
                0.70710677 -0 0.70710677,
                0.809017 -0 0.58778524,
                0.89100653 -0 0.45399049,
                0.95105654 -0 0.309017,
                0.98768836 -0 0.15643446,
                1 -0 1.2246469e-16,
                -6.1232343e-17 -0 1,
                0.17364818 -0 0.98480773,
                0.34202015 -0 0.93969262,
                0.5 -0 0.86602539,
                0.64278764 -0 0.76604444,
                0.76604444 -0 0.64278764,
                0.86602539 -0 0.5,
                0.93969262 -0 0.34202015,
                0.98480773 -0 0.17364818,
                -0 -1 -0,
                -0 -1 -0,
                -0 -1 -0,
                -0 -1 -0,
                -0 -1 -0,
                -0 -1 -0,
                -0 -1 -0,
                -0 -1 -0,
                -0 -1 -0,
                -0 -1 -0,
                -0 -1 -0,
                -0 -1 -0,
                -0 -1 -0,
                -0 -1 -0,
                -0 -1 -0,
                -0 -1 -0,
                -0 -1 -0,
                -0 -1 -0,
                -0 -1 -0,
                -0 -1 -0,
                -0 -1 -0,
                -0 -1 -0,
                -0 -1 -0,
                -0 -1 -0,
                -0 -1 -0,
                -0 -1 -0,
                -0 -1 -0,
                -0 -1 -0,
                -0 -1 -0,
                -0 -1 -0,
                -0 -1 -0,
                -0 -1 -0,
                -0 -1 -0,
                -0 -1 -0,
                -0 -1 -0,
                -0 -1 -0,
                -0 -1 -0,
                -0 -1 -0,
                -0 -1 -0,
                -0 -1 -0,
                -0 -1 -0,
                -0 -1 -0,
                -0 -1 -0,
                -0 -1 -0,
                -0 -1 -0,
                -0 -1 -0,
                -0 -0 1,
                -0 -0 1,
                -0 -0 1,
                -0 -0 1,
                -0 -0 1,
                -0 -0 1,
                -0 -0 1,
                -0 -0 1,
                -6.1232343e-17 -0 1,
                1 -0 1.2246469e-16,
                0.17364818 -0 0.98480773,
                0.34202015 -0 0.93969262,
                0.5 -0 0.86602539,
                0.64278764 -0 0.76604444,
                0.76604444 -0 0.64278764,
                0.86602539 -0 0.5,
                0.93969262 -0 0.34202015,
                0.98480773 -0 0.17364818,
                1 -0 1.2246469e-16,
                -6.1232343e-17 -0 1,
                0.98480773 -0 0.17364818,
                0.93969262 -0 0.34202015,
                0.86602539 -0 0.5,
                0.76604444 -0 0.64278764,
                0.64278764 -0 0.76604444,
                0.5 -0 0.86602539,
                0.34202015 -0 0.93969262,
                0.17364818 -0 0.98480773,
                1 0 0,
                1 0 0,
                1 0 0,
                1 0 0,
                0 0 1,
                0 0 1,
                0 0 1,
                0 0 1,
                -1 0 0,
                -1 0 0,
                -1 0 0,
                -1 0 0,
                -1 0 -0,
                -6.1232343e-17 -0 1,
                -0.98480773 -0 0.17364818,
                -0.93969262 -0 0.34202015,
                -0.86602539 -0 0.5,
                -0.76604444 -0 0.64278764,
                -0.64278764 -0 0.76604444,
                -0.5 -0 0.86602539,
                -0.34202015 -0 0.93969262,
                -0.17364818 -0 0.98480773,
                -6.1232343e-17 -0 1,
                -1 0 -0,
                -0.17364818 -0 0.98480773,
                -0.34202015 -0 0.93969262,
                -0.5 -0 0.86602539,
                -0.64278764 -0 0.76604444,
                -0.76604444 -0 0.64278764,
                -0.86602539 -0 0.5,
                -0.93969262 -0 0.34202015,
                -0.98480773 -0 0.17364818,
                -1 0 -0,
                -1.1829596e-14 -0 1,
                -0.98480773 -0 0.17364818,
                -0.93969262 -0 0.34202015,
                -0.86602539 -0 0.5,
                -0.76604444 -0 0.64278764,
                -0.64278764 -0 0.76604444,
                -0.5 -0 0.86602539,
                -0.34202015 -0 0.93969262,
                -0.17364818 -0 0.98480773,
                -6.1232343e-17 -0 1,
                -1 0 -0,
                -0.98480773 -0 0.17364818,
                -0.93969262 -0 0.34202015,
                -0.86602539 -0 0.5,
                -0.76604444 -0 0.64278764,
                -0.64278764 -0 0.76604444,
                -0.5 -0 0.86602539,
                -0.34202015 -0 0.93969262,
                -0.17364818 -0 0.98480773,
                -1 -0 -0,
                -1 -0 -0,
                -1 -0 -0,
                -1 -0 -0,
                -1 -0 -0,
                -1 -0 -0,
                -1 -0 -0,
                -1 -0 -0,
                -1 -0 -0,
                -1 -0 -0,
                -1 -0 -0,
                -1 -0 -0,
                -1 -0 -0,
                -1 -0 -0,
                -1 -0 -0,
                -1 -0 -0,
                -1 -0 -0,
                -0 -0 -1,
                -0 -0 -1,
                -0 -0 -1,
                -0 -0 -1,
                -0 -0 -1,
                -0 -0 -1,
                -0 -0 -1,
                -0 -0 -1,
                -0 -1 -0,
                -0 -1 -0,
                -0 -1 -0,
                -0 -1 -0,
                -0 -1 -0,
                -0 -1 -0,
                -0 -1 -0,
                -0 -1 -0,
                -0 -1 -0,
                -0 -1 -0,
                -0 -1 -0,
                -0 -1 -0,
                -0 -1 -0,
                -0 -1 -0,
                -0 -1 -0,
                -0 -1 -0,
                -0 -1 -0,
                -0 -1 -0,
                -0 -1 -0,
                -0 -1 -0,
                -0 -1 -0,
                -0 -1 -0,
                -0 -1 -0,
                -0 -1 -0,
                -0 -1 -0,
                -0 -1 -0,
                -0 -1 -0,
                -0 -1 -0,
                -0 -1 -0,
                -0 -1 -0,
                -0 -1 -0,
                -0 -1 -0,
                -0 -1 -0,
                -0 -1 -0,
                -0 -1 -0,
                -0 -1 -0,
                -0 -1 -0,
                -0 -1 -0,
                -0 -1 -0,
                -0 -1 -0,
                -0 -1 -0,
                -0 -1 -0,
                -0 -1 -0,
                -0 -1 -0,
                -0 -1 -0,
                -0 -1 -0,
                -0 -1 -0,
                -0 -1 -0,
                -0 -1 -0,
                -0 -1 -0,
                -0 -1 -0,
                -0 -1 -0,
                -0 -1 -0,
                -0 -1 -0,
                -0 -1 -0,
                -0 -1 -0,
                -0 -1 -0,
                -0 -1 -0,
                -0 -1 -0,
                -0 -1 -0,
                -0 -1 -0,
                -0 -1 -0,
                -0 -1 -0,
                -0 -1 -0,
                -0 -1 -0,
                -0 -1 -0,
                -0 -1 -0,
                -0 -1 -0,
                -0 -1 -0,
                0 -0.70710677 0.70710677,
                0 -0.70710677 0.70710677,
                0 -0.70710677 0.70710677,
                0 -0.70710677 0.70710677,
                -0 -0 1,
                -0 -0 1,
                -0 -0 1,
                -0 -0 1,
                1 0 0,
                1 0 0,
                1 0 0,
                1 0 0,
                1 0 0,
                1 0 0,
                1 0 0,
                1 0 0,
                1 0 0,
                0 -1 0,
                0 -1 0,
                0 -1 0,
                0 -1 0,
                0 -1 0,
                0 -1 0,
                0 -1 0,
                0 -1 0,
                0 -1 0,
                0 -1 0,
                0 -1 0,
                0 -1 0,
                0 -1 0,
                0 -1 0,
                0 -1 0,
                0 -1 0,
                -1 0 0,
                -1 0 0,
                -1 0 0,
                -1 0 0,
                -1 0 0,
                -1 0 0,
                -1 0 0,
                -1 0 0,
                -1 0 0,
                0 0 1,
                0 0 1,
                0 0 1,
                0 0 1,
                0 0 1,
                0 0 1,
                0 0 1,
                0 0 1,
                -0 -0 1,
                -0 -0 1,
                -0 -0 1,
                -0 -0 1,
                -0 -0 1,
                -0 -0 1,
                -0 -0 1,
                -0 -0 1,
                -0 -0.70710677 -0.70710677,
                -0 -0.70710677 -0.70710677,
                -0 -0.70710677 -0.70710677,
                -0 -0.70710677 -0.70710677,
                -0 -0 -1,
                -0 -0 -1,
                -0 -0 -1,
                -0 -0 -1,
                -1 0 0,
                -1 0 0,
                -1 0 0,
                -1 0 0,
                -1 0 0,
                -1 0 0,
                -1 0 0,
                -1 0 0,
                -1 0 0,
                -1 0 0,
                -1 0 0,
                -1 0 0,
                -1 0 0,
                -1 0 0,
                -1 0 0,
                -1 0 0,
                -1 0 0,
                -1 0 0,
                -1 0 0,
                -1 0 0,
                -1 0 0,
                -1 0 0,
                -1 0 0,
                -1 0 0,
                -1 0 0,
                -1 0 0,
                -1 0 0,
                -0.92847669 0 0.37139067,
                -0.92847669 0 0.37139067,
                -0.92847669 0 0.37139067,
                -0.92847669 0 0.37139067,
                -0.92847669 0 0.37139067,
                0 0 1,
                0 0 1,
                0 0 1,
                0 0 1,
                0.92847669 0 0.37139067,
                0.92847669 0 0.37139067,
                0.92847669 0 0.37139067,
                0.92847669 0 0.37139067,
                0.92847669 0 0.37139067,
                1 0 -0,
                1 0 -0,
                1 0 -0,
                1 0 -0,
                1 0 -0,
                1 0 -0,
                1 0 -0,
                1 0 -0,
                1 0 -0,
                1 0 -0,
                1 0 -0,
                1 0 -0,
                1 0 -0,
                1 0 -0,
                1 0 -0,
                1 0 -0,
                1 0 -0,
                1 0 -0,
                1 0 -0,
                1 0 -0,
                1 0 -0,
                1 0 -0,
                1 0 -0,
                1 0 -0,
                1 0 -0,
                1 0 -0,
                1 0 -0,
                0 1 0,
                0 1 0,
                0 1 0,
                0 1 0,
                0 0.92847669 0.37139067,
                0 0.92847669 0.37139067,
                0 0.92847669 0.37139067,
                0 0.92847669 0.37139067,
                0 0.92847669 0.37139067,
                0 0.10928962 0.99400997,
                0 0.10928962 0.99400997,
                -0 1 -1.5926599e-15,
                0 0.26853678 0.96326941,
                0 0.42072016 0.90719044,
                0 0.56183666 0.82724816,
                0 0.68817425 0.72554547,
                0 0.79640967 0.60475749,
                0 0.88369584 0.4680616,
                0 0.94773668 0.31905353,
                0 0.9868477 0.16165288,
                0 1 1.8369701e-16,
                0 0.26853678 0.96326941,
                0 0.42072016 0.90719044,
                0 0.56183666 0.82724816,
                0 0.68817425 0.72554547,
                0 0.79640967 0.60475749,
                0 0.88369584 0.4680616,
                0 0.94773668 0.31905353,
                0 0.9868477 0.16165288,
                -0 -0.024009604 -0.99971175,
                -0 -0.024009604 -0.99971175,
                -0 -1 -1.0718754e-15,
                -0 -0.19462669 -0.9808774,
                -0 -0.35950911 -0.93314159,
                -0 -0.51379865 -0.85791081,
                -0 -0.65294909 -0.75740176,
                -0 -0.77286047 -0.63457596,
                -0 -0.86999959 -0.49305242,
                -0 -0.94150424 -0.33700112,
                -0 -0.98526752 -0.17102011,
                -0 -1 -1.8369701e-16,
                -0 -0.19462669 -0.9808774,
                -0 -0.35950911 -0.93314159,
                -0 -0.51379865 -0.85791081,
                -0 -0.65294909 -0.75740176,
                -0 -0.77286047 -0.63457596,
                -0 -0.86999959 -0.49305242,
                -0 -0.94150424 -0.33700112,
                -0 -0.98526752 -0.17102011,
                0 -1 0,
                0 -1 0,
                0 -1 0,
                0 -1 0,
                0 -0.92847669 0.37139067,
                0 -0.92847669 0.37139067,
                0 -0.92847669 0.37139067,
                0 -0.92847669 0.37139067,
                0 -0.92847669 0.37139067,
                0.92847669 0.37139067 0,
                0.92847669 0.37139067 0,
                0.92847669 0.37139067 0,
                0.92847669 0.37139067 0,
                0.92847669 0.37139067 0,
                -0 1 -0,
                -0 1 -0,
                -0 1 -0,
                -0 1 -0,
                0 0.37139067 0.92847669,
                0 0.37139067 0.92847669,
                0 0.37139067 0.92847669,
                0 0.37139067 0.92847669,
                0 0.37139067 0.92847669,
                0 0 1,
                0 0 1,
                0 0 1,
                0 0 1,
                -0 1 0,
                -0 1 0,
                -0 1 0,
                -0 1 0,
                -0 1 0,
                -0 1 0,
                -0 1 0,
                -0 1 0,
                -0 1 0,
                -0 1 0,
                -0 1 0,
                -0 1 0,
                -0 1 0,
                -0 1 0,
                -0 1 0,
                -0 1 0,
                -0 1 0,
                -0 1 0,
                -0 1 0,
                -0 1 0,
                -0 1 0,
                -0 1 0,
                -0 1 0,
                -0 1 0,
                -0 1 0,
                -0 1 0,
                -0 1 0,
                -0 1 0,
                -0 1 0,
                -0 1 0,
                -0 1 0,
                -0 1 0,
                -0 1 0,
                -0 1 0,
                -0 1 0,
                -0 1 0,
                -0 1 0,
                -0 1 0,
                -0 1 0,
                -0 1 0,
                -0 1 0,
                -0 1 0,
                -0 1 0,
                -0 1 0,
                -0 1 0,
                -0 1 0,
                -0 1 0,
                -0 1 0,
                -0 1 0,
                -0 1 0,
                -0 1 0,
                -0 1 0,
                -0 1 0,
                -0 1 0,
                -0 1 0,
                -0 1 0,
                -0 1 0,
                -0 1 0,
                -0 1 0,
                -0 1 0,
                -0 1 0,
                1 -0 -0,
                1 -0 -0,
                1 -0 -0,
                1 -0 -0,
                1 -0 -0,
                1 -0 -0,
                1 -0 -0,
                1 -0 -0,
                1 -0 -0,
                -0 1 0,
                -0 1 0,
                -0 1 0,
                -0 1 0,
                -0 1 0,
                -0 1 0,
                -0 1 0,
                -0 1 0,
                -0 1 0,
                -0 1 0,
                -0 1 0,
                -0 1 0,
                -0 1 0,
                -0 -0 -1,
                -0 -0 -1,
                -0 -0 -1,
                -0 -0 -1,
                -1 -0 -0,
                -1 -0 -0,
                -1 -0 -0,
                -1 -0 -0,
                -1 -0 -0,
                -1 -0 -0,
                -1 -0 -0,
                -1 -0 -0,
                -1 -0 -0,
                -0 -0 1,
                -0 -0 1,
                -0 -0 1,
                -0 -0 1,
                -0 -0 1,
                -0 -0 1,
                -0 -0 1,
                -0 -0 1,
                0 0.70710677 0.70710677,
                0 0.70710677 0.70710677,
                0 0.70710677 0.70710677,
                0 0.70710677 0.70710677,
                0 0.70710677 0.70710677,
                -0.70710677 0.70710677 0,
                -0.70710677 0.70710677 0,
                -0.70710677 0.70710677 0,
                -0.70710677 0.70710677 0,
                -0.70710677 0.70710677 0,
                -0.99619472 -0 0.087155744,
                -0.99619472 -0 0.087155744,
                -0.99619472 -0 0.087155744,
                -0.99619472 -0 0.087155744,
                -0.99619472 -0 0.087155744,
                -0.99619472 -0 0.087155744,
                -0.99619472 -0 0.087155744,
                -0.99619472 -0 0.087155744,
                -0.99619472 -0 0.087155744,
                -0 -0 1,
                -0 -0 1,
                -0 -0 1,
                -0 -0 1,
                0 0.70710677 0.70710677,
                0 0.70710677 0.70710677,
                0 0.70710677 0.70710677,
                0 0.70710677 0.70710677,
                0 0.70710677 0.70710677,
                -0 -0 -1,
                -0 -0 -1,
                -0 -0 -1,
                -0 -0 -1,
                -0 -0 1,
                -0 -0 1,
                -0 -0 1,
                -0 -0 1,
                0 0 -1,
                0 0 -1,
                0 0 -1,
                0 0 -1,
                0 0.37139067 -0.92847669,
                0 0.37139067 -0.92847669,
                0 0.37139067 -0.92847669,
                0 0.37139067 -0.92847669,
                0 0.37139067 -0.92847669,
                -0.92847669 0.37139067 0,
                -0.92847669 0.37139067 0,
                -0.92847669 0.37139067 0,
                -0.92847669 0.37139067 0,
                -0.92847669 0.37139067 0,
                0 0 1,
                0 0 1,
                0 0 1,
                0 0 1,
                0 0.37139067 0.92847669,
                0 0.37139067 0.92847669,
                0 0.37139067 0.92847669,
                0 0.37139067 0.92847669,
                0 0.37139067 0.92847669,
                -0.92847669 0.37139067 0,
                -0.92847669 0.37139067 0,
                -0.92847669 0.37139067 0,
                -0.92847669 0.37139067 0,
                -0.92847669 0.37139067 0,
                -1 0 0,
                -1 0 0,
                -1 0 0,
                -1 0 0,
                -1 0 0,
                -1 0 0,
                -1 0 0,
                -1 0 0,
                -1 0 0,
                -1 0 0,
                -1 0 0,
                -1 0 0,
                -1 0 0,
                -1 0 0,
                -1 0 0,
                -1 0 0,
                -1 0 0,
                -1 0 0,
                -1 0 0,
                -1 0 0,
                -1 0 0,
                -1 0 0,
                -1 0 0,
                -1 0 0,
                -1 0 0,
                -1 0 0,
                -1 0 0,
                -0.92847669 0 0.37139067,
                -0.92847669 0 0.37139067,
                -0.92847669 0 0.37139067,
                -0.92847669 0 0.37139067,
                -0.92847669 0 0.37139067,
                0 0 1,
                0 0 1,
                0 0 1,
                0 0 1,
                0.92847669 0 0.37139067,
                0.92847669 0 0.37139067,
                0.92847669 0 0.37139067,
                0.92847669 0 0.37139067,
                0.92847669 0 0.37139067,
                1 0 -0,
                1 0 -0,
                1 0 -0,
                1 0 -0,
                1 0 -0,
                1 0 -0,
                1 0 -0,
                1 0 -0,
                1 0 -0,
                1 0 -0,
                1 0 -0,
                1 0 -0,
                1 0 -0,
                1 0 -0,
                1 0 -0,
                1 0 -0,
                1 0 -0,
                1 0 -0,
                1 0 -0,
                1 0 -0,
                1 0 -0,
                1 0 -0,
                1 0 -0,
                1 0 -0,
                1 0 -0,
                1 0 -0,
                1 0 -0,
                0 1 0,
                0 1 0,
                0 1 0,
                0 1 0,
                0 0.92847669 0.37139067,
                0 0.92847669 0.37139067,
                0 0.92847669 0.37139067,
                0 0.92847669 0.37139067,
                0 0.92847669 0.37139067,
                0 0.10928962 0.99400997,
                0 0.10928962 0.99400997,
                -0 1 -1.5926599e-15,
                0 0.26853678 0.96326941,
                0 0.42072016 0.90719044,
                0 0.56183666 0.82724816,
                0 0.68817425 0.72554547,
                0 0.79640967 0.60475749,
                0 0.88369584 0.4680616,
                0 0.94773668 0.31905353,
                0 0.9868477 0.16165288,
                0 1 1.8369701e-16,
                0 0.26853678 0.96326941,
                0 0.42072016 0.90719044,
                0 0.56183666 0.82724816,
                0 0.68817425 0.72554547,
                0 0.79640967 0.60475749,
                0 0.88369584 0.4680616,
                0 0.94773668 0.31905353,
                0 0.9868477 0.16165288,
                -0 -0.024009604 -0.99971175,
                -0 -1 -1.0718754e-15,
                -0 -0.19462669 -0.9808774,
                -0 -0.35950911 -0.93314159,
                -0 -0.51379865 -0.85791081,
                -0 -0.65294909 -0.75740176,
                -0 -0.77286047 -0.63457596,
                -0 -0.86999959 -0.49305242,
                -0 -0.94150424 -0.33700112,
                -0 -0.98526752 -0.17102011,
                -0 -1 -1.8369701e-16,
                -0 -0.024009604 -0.99971175,
                -0 -0.19462669 -0.9808774,
                -0 -0.35950911 -0.93314159,
                -0 -0.51379865 -0.85791081,
                -0 -0.65294909 -0.75740176,
                -0 -0.77286047 -0.63457596,
                -0 -0.86999959 -0.49305242,
                -0 -0.94150424 -0.33700112,
                -0 -0.98526752 -0.17102011,
                0 -1 0,
                0 -1 0,
                0 -1 0,
                0 -1 0,
                0 -0.92847669 0.37139067,
                0 -0.92847669 0.37139067,
                0 -0.92847669 0.37139067,
                0 -0.92847669 0.37139067,
                0 -0.92847669 0.37139067,
                0.92847669 0.37139067 0,
                0.92847669 0.37139067 0,
                0.92847669 0.37139067 0,
                0.92847669 0.37139067 0,
                0.92847669 0.37139067 0,
                -0 1 -0,
                -0 1 -0,
                -0 1 -0,
                -0 1 -0,
                0 0.37139067 -0.92847669,
                0 0.37139067 -0.92847669,
                0 0.37139067 -0.92847669,
                0 0.37139067 -0.92847669,
                0 0.37139067 -0.92847669,
                0 0 -1,
                0 0 -1,
                0 0 -1,
                0 0 -1,
                0 0 1,
                0 0 1,
                0 0 1,
                0 0 1,
                0 0.37139067 0.92847669,
                0 0.37139067 0.92847669,
                0 0.37139067 0.92847669,
                0 0.37139067 0.92847669,
                0 0.37139067 0.92847669,
                -0.92847669 0.37139067 0,
                -0.92847669 0.37139067 0,
                -0.92847669 0.37139067 0,
                -0.92847669 0.37139067 0,
                -0.92847669 0.37139067 0,
                -1 0 0,
                -1 0 0,
                -1 0 0,
                -1 0 0,
                -1 0 0,
                -1 0 0,
                -1 0 0,
                -1 0 0,
                -1 0 0,
                -1 0 0,
                -1 0 0,
                -1 0 0,
                -1 0 0,
                -1 0 0,
                -1 0 0,
                -1 0 0,
                -1 0 0,
                -1 0 0,
                -1 0 0,
                -1 0 0,
                -1 0 0,
                -1 0 0,
                -1 0 0,
                -1 0 0,
                -1 0 0,
                -1 0 0,
                -1 0 0,
                -0.92847669 0 0.37139067,
                -0.92847669 0 0.37139067,
                -0.92847669 0 0.37139067,
                -0.92847669 0 0.37139067,
                -0.92847669 0 0.37139067,
                0 0 1,
                0 0 1,
                0 0 1,
                0 0 1,
                0.92847669 0 0.37139067,
                0.92847669 0 0.37139067,
                0.92847669 0 0.37139067,
                0.92847669 0 0.37139067,
                0.92847669 0 0.37139067,
                1 0 -0,
                1 0 -0,
                1 0 -0,
                1 0 -0,
                1 0 -0,
                1 0 -0,
                1 0 -0,
                1 0 -0,
                1 0 -0,
                1 0 -0,
                1 0 -0,
                1 0 -0,
                1 0 -0,
                1 0 -0,
                1 0 -0,
                1 0 -0,
                1 0 -0,
                1 0 -0,
                1 0 -0,
                1 0 -0,
                1 0 -0,
                1 0 -0,
                1 0 -0,
                1 0 -0,
                1 0 -0,
                1 0 -0,
                1 0 -0,
                0 1 0,
                0 1 0,
                0 1 0,
                0 1 0,
                0 0.92847669 0.37139067,
                0 0.92847669 0.37139067,
                0 0.92847669 0.37139067,
                0 0.92847669 0.37139067,
                0 0.92847669 0.37139067,
                0 0.10928962 0.99400997,
                0 0.10928962 0.99400997,
                -0 1 -1.5926599e-15,
                0 0.26853678 0.96326941,
                0 0.42072016 0.90719044,
                0 0.56183666 0.82724816,
                0 0.68817425 0.72554547,
                0 0.79640967 0.60475749,
                0 0.88369584 0.4680616,
                0 0.94773668 0.31905353,
                0 0.9868477 0.16165288,
                0 1 1.8369701e-16,
                0 0.26853678 0.96326941,
                0 0.42072016 0.90719044,
                0 0.56183666 0.82724816,
                0 0.68817425 0.72554547,
                0 0.79640967 0.60475749,
                0 0.88369584 0.4680616,
                0 0.94773668 0.31905353,
                0 0.9868477 0.16165288,
                -0 -0.024009604 -0.99971175,
                -0 -1 -1.0718754e-15,
                -0 -0.19462669 -0.9808774,
                -0 -0.35950911 -0.93314159,
                -0 -0.51379865 -0.85791081,
                -0 -0.65294909 -0.75740176,
                -0 -0.77286047 -0.63457596,
                -0 -0.86999959 -0.49305242,
                -0 -0.94150424 -0.33700112,
                -0 -0.98526752 -0.17102011,
                -0 -1 -1.8369701e-16,
                -0 -0.024009604 -0.99971175,
                -0 -0.19462669 -0.9808774,
                -0 -0.35950911 -0.93314159,
                -0 -0.51379865 -0.85791081,
                -0 -0.65294909 -0.75740176,
                -0 -0.77286047 -0.63457596,
                -0 -0.86999959 -0.49305242,
                -0 -0.94150424 -0.33700112,
                -0 -0.98526752 -0.17102011,
                0 -1 0,
                0 -1 0,
                0 -1 0,
                0 -1 0,
                0 -0.92847669 0.37139067,
                0 -0.92847669 0.37139067,
                0 -0.92847669 0.37139067,
                0 -0.92847669 0.37139067,
                0 -0.92847669 0.37139067,
                0.92847669 0.37139067 0,
                0.92847669 0.37139067 0,
                0.92847669 0.37139067 0,
                0.92847669 0.37139067 0,
                0.92847669 0.37139067 0,
                -0 1 -0,
                -0 1 -0,
                -0 1 -0,
                -0 1 -0,
                0 0.37139067 -0.92847669,
                0 0.37139067 -0.92847669,
                0 0.37139067 -0.92847669,
                0 0.37139067 -0.92847669,
                0 0.37139067 -0.92847669,
                0 0 -1,
                0 0 -1,
                0 0 -1,
                0 0 -1,
                0 0 1,
                0 0 1,
                0 0 1,
                0 0 1,
                0 0.37139067 0.92847669,
                0 0.37139067 0.92847669,
                0 0.37139067 0.92847669,
                0 0.37139067 0.92847669,
                0 0.37139067 0.92847669,
                -0.92847669 0.37139067 0,
                -0.92847669 0.37139067 0,
                -0.92847669 0.37139067 0,
                -0.92847669 0.37139067 0,
                -0.92847669 0.37139067 0,
                -1 0 0,
                -1 0 0,
                -1 0 0,
                -1 0 0,
                -1 0 0,
                -1 0 0,
                -1 0 0,
                -1 0 0,
                -1 0 0,
                -1 0 0,
                -1 0 0,
                -1 0 0,
                -1 0 0,
                -1 0 0,
                -1 0 0,
                -1 0 0,
                -1 0 0,
                -1 0 0,
                -1 0 0,
                -1 0 0,
                -1 0 0,
                -1 0 0,
                -1 0 0,
                -1 0 0,
                -1 0 0,
                -1 0 0,
                -1 0 0,
                -0.92847669 0 0.37139067,
                -0.92847669 0 0.37139067,
                -0.92847669 0 0.37139067,
                -0.92847669 0 0.37139067,
                -0.92847669 0 0.37139067,
                0 0 1,
                0 0 1,
                0 0 1,
                0 0 1,
                0.92847669 0 0.37139067,
                0.92847669 0 0.37139067,
                0.92847669 0 0.37139067,
                0.92847669 0 0.37139067,
                0.92847669 0 0.37139067,
                1 0 -0,
                1 0 -0,
                1 0 -0,
                1 0 -0,
                1 0 -0,
                1 0 -0,
                1 0 -0,
                1 0 -0,
                1 0 -0,
                1 0 -0,
                1 0 -0,
                1 0 -0,
                1 0 -0,
                1 0 -0,
                1 0 -0,
                1 0 -0,
                1 0 -0,
                1 0 -0,
                1 0 -0,
                1 0 -0,
                1 0 -0,
                1 0 -0,
                1 0 -0,
                1 0 -0,
                1 0 -0,
                1 0 -0,
                1 0 -0,
                0 1 0,
                0 1 0,
                0 1 0,
                0 1 0,
                0 0.92847669 0.37139067,
                0 0.92847669 0.37139067,
                0 0.92847669 0.37139067,
                0 0.92847669 0.37139067,
                0 0.92847669 0.37139067,
                0 0.10928962 0.99400997,
                0 0.10928962 0.99400997,
                -0 1 -1.5926599e-15,
                0 0.26853678 0.96326941,
                0 0.42072016 0.90719044,
                0 0.56183666 0.82724816,
                0 0.68817425 0.72554547,
                0 0.79640967 0.60475749,
                0 0.88369584 0.4680616,
                0 0.94773668 0.31905353,
                0 0.9868477 0.16165288,
                0 1 1.8369701e-16,
                0 0.26853678 0.96326941,
                0 0.42072016 0.90719044,
                0 0.56183666 0.82724816,
                0 0.68817425 0.72554547,
                0 0.79640967 0.60475749,
                0 0.88369584 0.4680616,
                0 0.94773668 0.31905353,
                0 0.9868477 0.16165288,
                -0 -0.024009604 -0.99971175,
                -0 -1 -1.0718754e-15,
                -0 -0.19462669 -0.9808774,
                -0 -0.35950911 -0.93314159,
                -0 -0.51379865 -0.85791081,
                -0 -0.65294909 -0.75740176,
                -0 -0.77286047 -0.63457596,
                -0 -0.86999959 -0.49305242,
                -0 -0.94150424 -0.33700112,
                -0 -0.98526752 -0.17102011,
                -0 -1 -1.8369701e-16,
                -0 -0.024009604 -0.99971175,
                -0 -0.19462669 -0.9808774,
                -0 -0.35950911 -0.93314159,
                -0 -0.51379865 -0.85791081,
                -0 -0.65294909 -0.75740176,
                -0 -0.77286047 -0.63457596,
                -0 -0.86999959 -0.49305242,
                -0 -0.94150424 -0.33700112,
                -0 -0.98526752 -0.17102011,
                0 -1 0,
                0 -1 0,
                0 -1 0,
                0 -1 0,
                0 -0.92847669 0.37139067,
                0 -0.92847669 0.37139067,
                0 -0.92847669 0.37139067,
                0 -0.92847669 0.37139067,
                0 -0.92847669 0.37139067,
                0.92847669 0.37139067 0,
                0.92847669 0.37139067 0,
                0.92847669 0.37139067 0,
                0.92847669 0.37139067 0,
                0.92847669 0.37139067 0,
                -0 1 -0,
                -0 1 -0,
                -0 1 -0,
                -0 1 -0,
                0 0.37139067 -0.92847669,
                0 0.37139067 -0.92847669,
                0 0.37139067 -0.92847669,
                0 0.37139067 -0.92847669,
                0 0.37139067 -0.92847669,
                0 0 -1,
                0 0 -1,
                0 0 -1,
                0 0 -1,
                0 0 1,
                0 0 1,
                0 0 1,
                0 0 1,
                0 0.37139067 0.92847669,
                0 0.37139067 0.92847669,
                0 0.37139067 0.92847669,
                0 0.37139067 0.92847669,
                0 0.37139067 0.92847669,
                -0.92847669 0.37139067 0,
                -0.92847669 0.37139067 0,
                -0.92847669 0.37139067 0,
                -0.92847669 0.37139067 0,
                -0.92847669 0.37139067 0,
                -1 0 0,
                -1 0 0,
                -1 0 0,
                -1 0 0,
                -1 0 0,
                -1 0 0,
                -1 0 0,
                -1 0 0,
                -1 0 0,
                -1 0 0,
                -1 0 0,
                -1 0 0,
                -1 0 0,
                -1 0 0,
                -1 0 0,
                -1 0 0,
                -1 0 0,
                -1 0 0,
                -1 0 0,
                -1 0 0,
                -1 0 0,
                -1 0 0,
                -1 0 0,
                -1 0 0,
                -1 0 0,
                -1 0 0,
                -1 0 0,
                -0.92847669 0 0.37139067,
                -0.92847669 0 0.37139067,
                -0.92847669 0 0.37139067,
                -0.92847669 0 0.37139067,
                -0.92847669 0 0.37139067,
                0 0 1,
                0 0 1,
                0 0 1,
                0 0 1,
                0.92847669 0 0.37139067,
                0.92847669 0 0.37139067,
                0.92847669 0 0.37139067,
                0.92847669 0 0.37139067,
                0.92847669 0 0.37139067,
                1 0 -0,
                1 0 -0,
                1 0 -0,
                1 0 -0,
                1 0 -0,
                1 0 -0,
                1 0 -0,
                1 0 -0,
                1 0 -0,
                1 0 -0,
                1 0 -0,
                1 0 -0,
                1 0 -0,
                1 0 -0,
                1 0 -0,
                1 0 -0,
                1 0 -0,
                1 0 -0,
                1 0 -0,
                1 0 -0,
                1 0 -0,
                1 0 -0,
                1 0 -0,
                1 0 -0,
                1 0 -0,
                1 0 -0,
                1 0 -0,
                0 1 0,
                0 1 0,
                0 1 0,
                0 1 0,
                0 0.92847669 0.37139067,
                0 0.92847669 0.37139067,
                0 0.92847669 0.37139067,
                0 0.92847669 0.37139067,
                0 0.92847669 0.37139067,
                0 0.10928962 0.99400997,
                0 0.10928962 0.99400997,
                -0 1 -1.5926599e-15,
                0 0.26853678 0.96326941,
                0 0.42072016 0.90719044,
                0 0.56183666 0.82724816,
                0 0.68817425 0.72554547,
                0 0.79640967 0.60475749,
                0 0.88369584 0.4680616,
                0 0.94773668 0.31905353,
                0 0.9868477 0.16165288,
                0 1 1.8369701e-16,
                0 0.26853678 0.96326941,
                0 0.42072016 0.90719044,
                0 0.56183666 0.82724816,
                0 0.68817425 0.72554547,
                0 0.79640967 0.60475749,
                0 0.88369584 0.4680616,
                0 0.94773668 0.31905353,
                0 0.9868477 0.16165288,
                -0 -0.024009604 -0.99971175,
                -0 -1 -1.0718754e-15,
                -0 -0.19462669 -0.9808774,
                -0 -0.35950911 -0.93314159,
                -0 -0.51379865 -0.85791081,
                -0 -0.65294909 -0.75740176,
                -0 -0.77286047 -0.63457596,
                -0 -0.86999959 -0.49305242,
                -0 -0.94150424 -0.33700112,
                -0 -0.98526752 -0.17102011,
                -0 -1 -1.8369701e-16,
                -0 -0.024009604 -0.99971175,
                -0 -0.19462669 -0.9808774,
                -0 -0.35950911 -0.93314159,
                -0 -0.51379865 -0.85791081,
                -0 -0.65294909 -0.75740176,
                -0 -0.77286047 -0.63457596,
                -0 -0.86999959 -0.49305242,
                -0 -0.94150424 -0.33700112,
                -0 -0.98526752 -0.17102011,
                0 -1 0,
                0 -1 0,
                0 -1 0,
                0 -1 0,
                0 -0.92847669 0.37139067,
                0 -0.92847669 0.37139067,
                0 -0.92847669 0.37139067,
                0 -0.92847669 0.37139067,
                0 -0.92847669 0.37139067,
                0.92847669 0.37139067 0,
                0.92847669 0.37139067 0,
                0.92847669 0.37139067 0,
                0.92847669 0.37139067 0,
                0.92847669 0.37139067 0,
                -0 1 -0,
                -0 1 -0,
                -0 1 -0,
                -0 1 -0,
                0 0.37139067 -0.92847669,
                0 0.37139067 -0.92847669,
                0 0.37139067 -0.92847669,
                0 0.37139067 -0.92847669,
                0 0.37139067 -0.92847669,
                0 0 -1,
                0 0 -1,
                0 0 -1,
                0 0 -1,
                0 0 1,
                0 0 1,
                0 0 1,
                0 0 1,
                0 0.37139067 0.92847669,
                0 0.37139067 0.92847669,
                0 0.37139067 0.92847669,
                0 0.37139067 0.92847669,
                0 0.37139067 0.92847669,
                -0.92847669 0.37139067 0,
                -0.92847669 0.37139067 0,
                -0.92847669 0.37139067 0,
                -0.92847669 0.37139067 0,
                -0.92847669 0.37139067 0,
                -1 0 0,
                -1 0 0,
                -1 0 0,
                -1 0 0,
                -1 0 0,
                -1 0 0,
                -1 0 0,
                -1 0 0,
                -1 0 0,
                -1 0 0,
                -1 0 0,
                -1 0 0,
                -1 0 0,
                -1 0 0,
                -1 0 0,
                -1 0 0,
                -1 0 0,
                -1 0 0,
                -1 0 0,
                -1 0 0,
                -1 0 0,
                -1 0 0,
                -1 0 0,
                -1 0 0,
                -1 0 0,
                -1 0 0,
                -1 0 0,
                -0.92847669 0 0.37139067,
                -0.92847669 0 0.37139067,
                -0.92847669 0 0.37139067,
                -0.92847669 0 0.37139067,
                -0.92847669 0 0.37139067,
                0 0 1,
                0 0 1,
                0 0 1,
                0 0 1,
                0.92847669 0 0.37139067,
                0.92847669 0 0.37139067,
                0.92847669 0 0.37139067,
                0.92847669 0 0.37139067,
                0.92847669 0 0.37139067,
                1 0 -0,
                1 0 -0,
                1 0 -0,
                1 0 -0,
                1 0 -0,
                1 0 -0,
                1 0 -0,
                1 0 -0,
                1 0 -0,
                1 0 -0,
                1 0 -0,
                1 0 -0,
                1 0 -0,
                1 0 -0,
                1 0 -0,
                1 0 -0,
                1 0 -0,
                1 0 -0,
                1 0 -0,
                1 0 -0,
                1 0 -0,
                1 0 -0,
                1 0 -0,
                1 0 -0,
                1 0 -0,
                1 0 -0,
                1 0 -0,
                0 1 0,
                0 1 0,
                0 1 0,
                0 1 0,
                0 0.92847669 0.37139067,
                0 0.92847669 0.37139067,
                0 0.92847669 0.37139067,
                0 0.92847669 0.37139067,
                0 0.92847669 0.37139067,
                0 0.10928962 0.99400997,
                0 0.10928962 0.99400997,
                -0 1 -1.5926599e-15,
                0 0.26853678 0.96326941,
                0 0.42072016 0.90719044,
                0 0.56183666 0.82724816,
                0 0.68817425 0.72554547,
                0 0.79640967 0.60475749,
                0 0.88369584 0.4680616,
                0 0.94773668 0.31905353,
                0 0.9868477 0.16165288,
                0 1 1.8369701e-16,
                0 0.26853678 0.96326941,
                0 0.42072016 0.90719044,
                0 0.56183666 0.82724816,
                0 0.68817425 0.72554547,
                0 0.79640967 0.60475749,
                0 0.88369584 0.4680616,
                0 0.94773668 0.31905353,
                0 0.9868477 0.16165288,
                -0 -0.024009604 -0.99971175,
                -0 -0.024009604 -0.99971175,
                -0 -1 -1.0718754e-15,
                -0 -0.19462669 -0.9808774,
                -0 -0.35950911 -0.93314159,
                -0 -0.51379865 -0.85791081,
                -0 -0.65294909 -0.75740176,
                -0 -0.77286047 -0.63457596,
                -0 -0.86999959 -0.49305242,
                -0 -0.94150424 -0.33700112,
                -0 -0.98526752 -0.17102011,
                -0 -1 -1.8369701e-16,
                -0 -0.19462669 -0.9808774,
                -0 -0.35950911 -0.93314159,
                -0 -0.51379865 -0.85791081,
                -0 -0.65294909 -0.75740176,
                -0 -0.77286047 -0.63457596,
                -0 -0.86999959 -0.49305242,
                -0 -0.94150424 -0.33700112,
                -0 -0.98526752 -0.17102011,
                0 -1 0,
                0 -1 0,
                0 -1 0,
                0 -1 0,
                0 -0.92847669 0.37139067,
                0 -0.92847669 0.37139067,
                0 -0.92847669 0.37139067,
                0 -0.92847669 0.37139067,
                0 -0.92847669 0.37139067,
                0.92847669 0.37139067 0,
                0.92847669 0.37139067 0,
                0.92847669 0.37139067 0,
                0.92847669 0.37139067 0,
                0.92847669 0.37139067 0,
                -0 1 -0,
                -0 1 -0,
                -0 1 -0,
                -0 1 -0,
                0 0.37139067 -0.92847669,
                0 0.37139067 -0.92847669,
                0 0.37139067 -0.92847669,
                0 0.37139067 -0.92847669,
                0 0.37139067 -0.92847669,
                0 0 -1,
                0 0 -1,
                0 0 -1,
                0 0 -1,
                0 0 1,
                0 0 1,
                0 0 1,
                0 0 1,
                0 0.37139067 0.92847669,
                0 0.37139067 0.92847669,
                0 0.37139067 0.92847669,
                0 0.37139067 0.92847669,
                0 0.37139067 0.92847669,
                -0.92847669 0.37139067 0,
                -0.92847669 0.37139067 0,
                -0.92847669 0.37139067 0,
                -0.92847669 0.37139067 0,
                -0.92847669 0.37139067 0,
                -1 0 0,
                -1 0 0,
                -1 0 0,
                -1 0 0,
                -1 0 0,
                -1 0 0,
                -1 0 0,
                -1 0 0,
                -1 0 0,
                -1 0 0,
                -1 0 0,
                -1 0 0,
                -1 0 0,
                -1 0 0,
                -1 0 0,
                -1 0 0,
                -1 0 0,
                -1 0 0,
                -1 0 0,
                -1 0 0,
                -1 0 0,
                -1 0 0,
                -1 0 0,
                -1 0 0,
                -1 0 0,
                -1 0 0,
                -1 0 0,
                -0.92847669 0 0.37139067,
                -0.92847669 0 0.37139067,
                -0.92847669 0 0.37139067,
                -0.92847669 0 0.37139067,
                -0.92847669 0 0.37139067,
                0 0 1,
                0 0 1,
                0 0 1,
                0 0 1,
                0.92847669 0 0.37139067,
                0.92847669 0 0.37139067,
                0.92847669 0 0.37139067,
                0.92847669 0 0.37139067,
                0.92847669 0 0.37139067,
                1 0 -0,
                1 0 -0,
                1 0 -0,
                1 0 -0,
                1 0 -0,
                1 0 -0,
                1 0 -0,
                1 0 -0,
                1 0 -0,
                1 0 -0,
                1 0 -0,
                1 0 -0,
                1 0 -0,
                1 0 -0,
                1 0 -0,
                1 0 -0,
                1 0 -0,
                1 0 -0,
                1 0 -0,
                1 0 -0,
                1 0 -0,
                1 0 -0,
                1 0 -0,
                1 0 -0,
                1 0 -0,
                1 0 -0,
                1 0 -0,
                0 1 0,
                0 1 0,
                0 1 0,
                0 1 0,
                0 0.92847669 0.37139067,
                0 0.92847669 0.37139067,
                0 0.92847669 0.37139067,
                0 0.92847669 0.37139067,
                0 0.92847669 0.37139067,
                0 0.10928962 0.99400997,
                0 0.10928962 0.99400997,
                -0 1 -1.5926599e-15,
                0 0.26853678 0.96326941,
                0 0.42072016 0.90719044,
                0 0.56183666 0.82724816,
                0 0.68817425 0.72554547,
                0 0.79640967 0.60475749,
                0 0.88369584 0.4680616,
                0 0.94773668 0.31905353,
                0 0.9868477 0.16165288,
                0 1 1.8369701e-16,
                0 0.26853678 0.96326941,
                0 0.42072016 0.90719044,
                0 0.56183666 0.82724816,
                0 0.68817425 0.72554547,
                0 0.79640967 0.60475749,
                0 0.88369584 0.4680616,
                0 0.94773668 0.31905353,
                0 0.9868477 0.16165288,
                -0 -0.024009604 -0.99971175,
                -0 -0.024009604 -0.99971175,
                -0 -1 -1.0718754e-15,
                -0 -0.19462669 -0.9808774,
                -0 -0.35950911 -0.93314159,
                -0 -0.51379865 -0.85791081,
                -0 -0.65294909 -0.75740176,
                -0 -0.77286047 -0.63457596,
                -0 -0.86999959 -0.49305242,
                -0 -0.94150424 -0.33700112,
                -0 -0.98526752 -0.17102011,
                -0 -1 -1.8369701e-16,
                -0 -0.19462669 -0.9808774,
                -0 -0.35950911 -0.93314159,
                -0 -0.51379865 -0.85791081,
                -0 -0.65294909 -0.75740176,
                -0 -0.77286047 -0.63457596,
                -0 -0.86999959 -0.49305242,
                -0 -0.94150424 -0.33700112,
                -0 -0.98526752 -0.17102011,
                0 -1 0,
                0 -1 0,
                0 -1 0,
                0 -1 0,
                0 -0.92847669 0.37139067,
                0 -0.92847669 0.37139067,
                0 -0.92847669 0.37139067,
                0 -0.92847669 0.37139067,
                0 -0.92847669 0.37139067,
                0.92847669 0.37139067 0,
                0.92847669 0.37139067 0,
                0.92847669 0.37139067 0,
                0.92847669 0.37139067 0,
                0.92847669 0.37139067 0,
                -0 1 -0,
                -0 1 -0,
                -0 1 -0,
                -0 1 -0,
                0 0.37139067 -0.92847669,
                0 0.37139067 -0.92847669,
                0 0.37139067 -0.92847669,
                0 0.37139067 -0.92847669,
                0 0.37139067 -0.92847669,
                0 0 -1,
                0 0 -1,
                0 0 -1,
                0 0 -1,
                0 0 1,
                0 0 1,
                0 0 1,
                0 0 1,
                0 0 1,
                0 0 1,
                0 0 1,
                0 0 1,
                1 0 -0,
                1 0 -0,
                1 0 -0,
                1 0 -0,
                1 0 -0,
                1 0 -0,
                1 0 -0,
                1 0 -0,
                1 0 -0,
                1 0 -0,
                1 0 -0,
                1 0 -0,
                1 0 -0,
                1 0 -0,
                1 0 -0,
                1 0 -0,
                1 0 -0,
                1 0 -0,
                1 0 -0,
                1 0 -0,
                1 0 -0,
                1 0 -0,
                1 0 -0,
                1 0 -0,
                1 0 -0,
                1 0 -0,
                1 0 -0,
                1 0 -0,
                0.92847669 0 0.37139067,
                0.92847669 0 0.37139067,
                0.92847669 0 0.37139067,
                0.92847669 0 0.37139067,
                0.92847669 0 0.37139067,
                0 -0.92847669 0.37139067,
                0 -0.92847669 0.37139067,
                0 -0.92847669 0.37139067,
                0 -0.92847669 0.37139067,
                0 -0.92847669 0.37139067,
                0 -1 0,
                0 -1 0,
                0 -1 0,
                0 -1 0,
                0 1.2246469e-16 -1,
                0 1.2246469e-16 -1,
                -0 -1 -1.8369701e-16,
                -0 -0.17364818 -0.98480773,
                -0 -0.34202015 -0.93969262,
                -0 -0.5 -0.86602539,
                -0 -0.64278764 -0.76604444,
                -0 -0.76604444 -0.64278764,
                -0 -0.86602539 -0.5,
                -0 -0.93969262 -0.34202015,
                -0 -0.98480773 -0.17364818,
                -0 -1 -1.8369701e-16,
                -0 -0.17364818 -0.98480773,
                -0 -0.34202015 -0.93969262,
                -0 -0.5 -0.86602539,
                -0 -0.64278764 -0.76604444,
                -0 -0.76604444 -0.64278764,
                -0 -0.86602539 -0.5,
                -0 -0.93969262 -0.34202015,
                -0 -0.98480773 -0.17364818,
                0 0 -1,
                0 0 -1,
                0 0 -1,
                0 0 -1,
                0 0 -1,
                0 0 -1,
                0 0 -1,
                0 0 -1,
                -1 0 0,
                -1 0 0,
                -1 0 0,
                -1 0 0,
                -1 0 0,
                -1 0 0,
                -1 0 0,
                -1 0 0,
                -1 0 0,
                -1 0 0,
                -1 0 0,
                -1 0 0,
                -1 0 0,
                -1 0 0,
                -1 0 0,
                -1 0 0,
                -1 0 0,
                -1 0 0,
                -1 0 0,
                -1 0 0,
                -1 0 0,
                -1 0 0,
                -1 0 0,
                -1 0 0,
                -1 0 0,
                -1 0 0,
                -1 0 0,
                -1 0 0,
                -0.92847669 0 0.37139067,
                -0.92847669 0 0.37139067,
                -0.92847669 0 0.37139067,
                -0.92847669 0 0.37139067,
                -0.92847669 0 0.37139067,
                0 0 1,
                0 0 1,
                0 0 1,
                0 0 1,
                0 0.92847669 0.37139067,
                0 0.92847669 0.37139067,
                0 0.92847669 0.37139067,
                0 0.92847669 0.37139067,
                0 0.92847669 0.37139067,
                0 1 0,
                0 1 0,
                0 1 0,
                0 1 0,
                -0 -1.2246469e-16 1,
                -0 -1.2246469e-16 1,
                0 1 1.8369701e-16,
                0 0.17364818 0.98480773,
                0 0.34202015 0.93969262,
                0 0.5 0.86602539,
                0 0.64278764 0.76604444,
                0 0.76604444 0.64278764,
                0 0.86602539 0.5,
                0 0.93969262 0.34202015,
                0 0.98480773 0.17364818,
                0 1 1.8369701e-16,
                0 0.17364818 0.98480773,
                0 0.34202015 0.93969262,
                0 0.5 0.86602539,
                0 0.64278764 0.76604444,
                0 0.76604444 0.64278764,
                0 0.86602539 0.5,
                0 0.93969262 0.34202015,
                0 0.98480773 0.17364818,
                -0.92847669 0.37139067 0,
                -0.92847669 0.37139067 0,
                -0.92847669 0.37139067 0,
                -0.92847669 0.37139067 0,
                -0.92847669 0.37139067 0,
                0 0.37139067 -0.92847669,
                0 0.37139067 -0.92847669,
                0 0.37139067 -0.92847669,
                0 0.37139067 -0.92847669,
                0 0.37139067 -0.92847669,
                -0 1 -0,
                -0 1 -0,
                -0 1 -0,
                -0 1 -0,
                0 0.37139067 0.92847669,
                0 0.37139067 0.92847669,
                0 0.37139067 0.92847669,
                0 0.37139067 0.92847669,
                0 0.37139067 0.92847669,
                0.92847669 0.37139067 0,
                0.92847669 0.37139067 0,
                0.92847669 0.37139067 0,
                0.92847669 0.37139067 0,
                0.92847669 0.37139067 0,
                0 0 1,
                0 0 1,
                0 0 1,
                0 0 1,
                0 0 1,
                0 0 1,
                0 0 1,
                0 0 1,
                1 0 -0,
                1 0 -0,
                1 0 -0,
                1 0 -0,
                1 0 -0,
                1 0 -0,
                1 0 -0,
                1 0 -0,
                1 0 -0,
                1 0 -0,
                1 0 -0,
                1 0 -0,
                1 0 -0,
                1 0 -0,
                1 0 -0,
                1 0 -0,
                1 0 -0,
                1 0 -0,
                1 0 -0,
                1 0 -0,
                1 0 -0,
                1 0 -0,
                1 0 -0,
                1 0 -0,
                1 0 -0,
                1 0 -0,
                1 0 -0,
                1 0 -0,
                0.92847669 0 0.37139067,
                0.92847669 0 0.37139067,
                0.92847669 0 0.37139067,
                0.92847669 0 0.37139067,
                0.92847669 0 0.37139067,
                0 -0.92847669 0.37139067,
                0 -0.92847669 0.37139067,
                0 -0.92847669 0.37139067,
                0 -0.92847669 0.37139067,
                0 -0.92847669 0.37139067,
                0 -1 0,
                0 -1 0,
                0 -1 0,
                0 -1 0,
                0 1.2246469e-16 -1,
                0 1.2246469e-16 -1,
                -0 -1 -1.8369701e-16,
                -0 -0.17364818 -0.98480773,
                -0 -0.34202015 -0.93969262,
                -0 -0.5 -0.86602539,
                -0 -0.64278764 -0.76604444,
                -0 -0.76604444 -0.64278764,
                -0 -0.86602539 -0.5,
                -0 -0.93969262 -0.34202015,
                -0 -0.98480773 -0.17364818,
                -0 -1 -1.8369701e-16,
                -0 -0.17364818 -0.98480773,
                -0 -0.34202015 -0.93969262,
                -0 -0.5 -0.86602539,
                -0 -0.64278764 -0.76604444,
                -0 -0.76604444 -0.64278764,
                -0 -0.86602539 -0.5,
                -0 -0.93969262 -0.34202015,
                -0 -0.98480773 -0.17364818,
                0 0 -1,
                0 0 -1,
                0 0 -1,
                0 0 -1,
                0 0 -1,
                0 0 -1,
                0 0 -1,
                0 0 -1,
                -1 0 0,
                -1 0 0,
                -1 0 0,
                -1 0 0,
                -1 0 0,
                -1 0 0,
                -1 0 0,
                -1 0 0,
                -1 0 0,
                -1 0 0,
                -1 0 0,
                -1 0 0,
                -1 0 0,
                -1 0 0,
                -1 0 0,
                -1 0 0,
                -1 0 0,
                -1 0 0,
                -1 0 0,
                -1 0 0,
                -1 0 0,
                -1 0 0,
                -1 0 0,
                -1 0 0,
                -1 0 0,
                -1 0 0,
                -1 0 0,
                -1 0 0,
                -0.92847669 0 0.37139067,
                -0.92847669 0 0.37139067,
                -0.92847669 0 0.37139067,
                -0.92847669 0 0.37139067,
                -0.92847669 0 0.37139067,
                0 0 1,
                0 0 1,
                0 0 1,
                0 0 1,
                0 0.92847669 0.37139067,
                0 0.92847669 0.37139067,
                0 0.92847669 0.37139067,
                0 0.92847669 0.37139067,
                0 0.92847669 0.37139067,
                0 1 0,
                0 1 0,
                0 1 0,
                0 1 0,
                -0 -1.2246469e-16 1,
                -0 -1.2246469e-16 1,
                0 1 1.8369701e-16,
                0 0.17364818 0.98480773,
                0 0.34202015 0.93969262,
                0 0.5 0.86602539,
                0 0.64278764 0.76604444,
                0 0.76604444 0.64278764,
                0 0.86602539 0.5,
                0 0.93969262 0.34202015,
                0 0.98480773 0.17364818,
                0 1 1.8369701e-16,
                0 0.17364818 0.98480773,
                0 0.34202015 0.93969262,
                0 0.5 0.86602539,
                0 0.64278764 0.76604444,
                0 0.76604444 0.64278764,
                0 0.86602539 0.5,
                0 0.93969262 0.34202015,
                0 0.98480773 0.17364818,
                -0.92847669 0.37139067 0,
                -0.92847669 0.37139067 0,
                -0.92847669 0.37139067 0,
                -0.92847669 0.37139067 0,
                -0.92847669 0.37139067 0,
                0 0.37139067 -0.92847669,
                0 0.37139067 -0.92847669,
                0 0.37139067 -0.92847669,
                0 0.37139067 -0.92847669,
                0 0.37139067 -0.92847669,
                -0 1 -0,
                -0 1 -0,
                -0 1 -0,
                -0 1 -0,
                0 0.37139067 0.92847669,
                0 0.37139067 0.92847669,
                0 0.37139067 0.92847669,
                0 0.37139067 0.92847669,
                0 0.37139067 0.92847669,
                0.92847669 0.37139067 0,
                0.92847669 0.37139067 0,
                0.92847669 0.37139067 0,
                0.92847669 0.37139067 0,
                0.92847669 0.37139067 0,
                0 0 1,
                0 0 1,
                0 0 1,
                0 0 1,
                0 0 1,
                0 0 1,
                0 0 1,
                0 0 1,
                1 0 -0,
                1 0 -0,
                1 0 -0,
                1 0 -0,
                1 0 -0,
                1 0 -0,
                1 0 -0,
                1 0 -0,
                1 0 -0,
                1 0 -0,
                1 0 -0,
                1 0 -0,
                1 0 -0,
                1 0 -0,
                1 0 -0,
                1 0 -0,
                1 0 -0,
                1 0 -0,
                1 0 -0,
                1 0 -0,
                1 0 -0,
                1 0 -0,
                1 0 -0,
                1 0 -0,
                1 0 -0,
                1 0 -0,
                1 0 -0,
                1 0 -0,
                0.92847669 0 0.37139067,
                0.92847669 0 0.37139067,
                0.92847669 0 0.37139067,
                0.92847669 0 0.37139067,
                0.92847669 0 0.37139067,
                0 -0.92847669 0.37139067,
                0 -0.92847669 0.37139067,
                0 -0.92847669 0.37139067,
                0 -0.92847669 0.37139067,
                0 -0.92847669 0.37139067,
                0 -1 0,
                0 -1 0,
                0 -1 0,
                0 -1 0,
                0 1.2246469e-16 -1,
                0 1.2246469e-16 -1,
                -0 -1 -1.8369701e-16,
                -0 -0.17364818 -0.98480773,
                -0 -0.34202015 -0.93969262,
                -0 -0.5 -0.86602539,
                -0 -0.64278764 -0.76604444,
                -0 -0.76604444 -0.64278764,
                -0 -0.86602539 -0.5,
                -0 -0.93969262 -0.34202015,
                -0 -0.98480773 -0.17364818,
                -0 -1 -1.8369701e-16,
                -0 -0.17364818 -0.98480773,
                -0 -0.34202015 -0.93969262,
                -0 -0.5 -0.86602539,
                -0 -0.64278764 -0.76604444,
                -0 -0.76604444 -0.64278764,
                -0 -0.86602539 -0.5,
                -0 -0.93969262 -0.34202015,
                -0 -0.98480773 -0.17364818,
                0 0 -1,
                0 0 -1,
                0 0 -1,
                0 0 -1,
                0 0 -1,
                0 0 -1,
                0 0 -1,
                0 0 -1,
                -1 0 0,
                -1 0 0,
                -1 0 0,
                -1 0 0,
                -1 0 0,
                -1 0 0,
                -1 0 0,
                -1 0 0,
                -1 0 0,
                -1 0 0,
                -1 0 0,
                -1 0 0,
                -1 0 0,
                -1 0 0,
                -1 0 0,
                -1 0 0,
                -1 0 0,
                -1 0 0,
                -1 0 0,
                -1 0 0,
                -1 0 0,
                -1 0 0,
                -1 0 0,
                -1 0 0,
                -1 0 0,
                -1 0 0,
                -1 0 0,
                -1 0 0,
                -0.92847669 0 0.37139067,
                -0.92847669 0 0.37139067,
                -0.92847669 0 0.37139067,
                -0.92847669 0 0.37139067,
                -0.92847669 0 0.37139067,
                0 0 1,
                0 0 1,
                0 0 1,
                0 0 1,
                0 0.92847669 0.37139067,
                0 0.92847669 0.37139067,
                0 0.92847669 0.37139067,
                0 0.92847669 0.37139067,
                0 0.92847669 0.37139067,
                0 1 0,
                0 1 0,
                0 1 0,
                0 1 0,
                -0 -1.2246469e-16 1,
                -0 -1.2246469e-16 1,
                0 1 1.8369701e-16,
                0 0.17364818 0.98480773,
                0 0.34202015 0.93969262,
                0 0.5 0.86602539,
                0 0.64278764 0.76604444,
                0 0.76604444 0.64278764,
                0 0.86602539 0.5,
                0 0.93969262 0.34202015,
                0 0.98480773 0.17364818,
                0 1 1.8369701e-16,
                0 0.17364818 0.98480773,
                0 0.34202015 0.93969262,
                0 0.5 0.86602539,
                0 0.64278764 0.76604444,
                0 0.76604444 0.64278764,
                0 0.86602539 0.5,
                0 0.93969262 0.34202015,
                0 0.98480773 0.17364818,
                -0.92847669 0.37139067 0,
                -0.92847669 0.37139067 0,
                -0.92847669 0.37139067 0,
                -0.92847669 0.37139067 0,
                -0.92847669 0.37139067 0,
                0 0.37139067 -0.92847669,
                0 0.37139067 -0.92847669,
                0 0.37139067 -0.92847669,
                0 0.37139067 -0.92847669,
                0 0.37139067 -0.92847669,
                -0 1 -0,
                -0 1 -0,
                -0 1 -0,
                -0 1 -0,
                0 0.37139067 0.92847669,
                0 0.37139067 0.92847669,
                0 0.37139067 0.92847669,
                0 0.37139067 0.92847669,
                0 0.37139067 0.92847669,
                0.92847669 0.37139067 0,
                0.92847669 0.37139067 0,
                0.92847669 0.37139067 0,
                0.92847669 0.37139067 0,
                0.92847669 0.37139067 0,
                0 0 1,
                0 0 1,
                0 0 1,
                0 0 1,
                0 0 1,
                0 0 1,
                0 0 1,
                0 0 1,
                1 0 -0,
                1 0 -0,
                1 0 -0,
                1 0 -0,
                1 0 -0,
                1 0 -0,
                1 0 -0,
                1 0 -0,
                1 0 -0,
                1 0 -0,
                1 0 -0,
                1 0 -0,
                1 0 -0,
                1 0 -0,
                1 0 -0,
                1 0 -0,
                1 0 -0,
                1 0 -0,
                1 0 -0,
                1 0 -0,
                1 0 -0,
                1 0 -0,
                1 0 -0,
                1 0 -0,
                1 0 -0,
                1 0 -0,
                1 0 -0,
                1 0 -0,
                0.92847669 0 0.37139067,
                0.92847669 0 0.37139067,
                0.92847669 0 0.37139067,
                0.92847669 0 0.37139067,
                0.92847669 0 0.37139067,
                0 -0.92847669 0.37139067,
                0 -0.92847669 0.37139067,
                0 -0.92847669 0.37139067,
                0 -0.92847669 0.37139067,
                0 -0.92847669 0.37139067,
                0 -1 0,
                0 -1 0,
                0 -1 0,
                0 -1 0,
                0 1.2246469e-16 -1,
                0 1.2246469e-16 -1,
                -0 -1 -1.8369701e-16,
                -0 -0.17364818 -0.98480773,
                -0 -0.34202015 -0.93969262,
                -0 -0.5 -0.86602539,
                -0 -0.64278764 -0.76604444,
                -0 -0.76604444 -0.64278764,
                -0 -0.86602539 -0.5,
                -0 -0.93969262 -0.34202015,
                -0 -0.98480773 -0.17364818,
                -0 -1 -1.8369701e-16,
                -0 -0.17364818 -0.98480773,
                -0 -0.34202015 -0.93969262,
                -0 -0.5 -0.86602539,
                -0 -0.64278764 -0.76604444,
                -0 -0.76604444 -0.64278764,
                -0 -0.86602539 -0.5,
                -0 -0.93969262 -0.34202015,
                -0 -0.98480773 -0.17364818,
                0 0 -1,
                0 0 -1,
                0 0 -1,
                0 0 -1,
                0 0 -1,
                0 0 -1,
                0 0 -1,
                0 0 -1,
                -1 0 0,
                -1 0 0,
                -1 0 0,
                -1 0 0,
                -1 0 0,
                -1 0 0,
                -1 0 0,
                -1 0 0,
                -1 0 0,
                -1 0 0,
                -1 0 0,
                -1 0 0,
                -1 0 0,
                -1 0 0,
                -1 0 0,
                -1 0 0,
                -1 0 0,
                -1 0 0,
                -1 0 0,
                -1 0 0,
                -1 0 0,
                -1 0 0,
                -1 0 0,
                -1 0 0,
                -1 0 0,
                -1 0 0,
                -1 0 0,
                -1 0 0,
                -0.92847669 0 0.37139067,
                -0.92847669 0 0.37139067,
                -0.92847669 0 0.37139067,
                -0.92847669 0 0.37139067,
                -0.92847669 0 0.37139067,
                0 0 1,
                0 0 1,
                0 0 1,
                0 0 1,
                0 0.92847669 0.37139067,
                0 0.92847669 0.37139067,
                0 0.92847669 0.37139067,
                0 0.92847669 0.37139067,
                0 0.92847669 0.37139067,
                0 1 0,
                0 1 0,
                0 1 0,
                0 1 0,
                -0 -1.2246469e-16 1,
                -0 -1.2246469e-16 1,
                0 1 1.8369701e-16,
                0 0.17364818 0.98480773,
                0 0.34202015 0.93969262,
                0 0.5 0.86602539,
                0 0.64278764 0.76604444,
                0 0.76604444 0.64278764,
                0 0.86602539 0.5,
                0 0.93969262 0.34202015,
                0 0.98480773 0.17364818,
                0 1 1.8369701e-16,
                0 0.17364818 0.98480773,
                0 0.34202015 0.93969262,
                0 0.5 0.86602539,
                0 0.64278764 0.76604444,
                0 0.76604444 0.64278764,
                0 0.86602539 0.5,
                0 0.93969262 0.34202015,
                0 0.98480773 0.17364818,
                -0.92847669 0.37139067 0,
                -0.92847669 0.37139067 0,
                -0.92847669 0.37139067 0,
                -0.92847669 0.37139067 0,
                -0.92847669 0.37139067 0,
                0 0.37139067 -0.92847669,
                0 0.37139067 -0.92847669,
                0 0.37139067 -0.92847669,
                0 0.37139067 -0.92847669,
                0 0.37139067 -0.92847669,
                -0 1 -0,
                -0 1 -0,
                -0 1 -0,
                -0 1 -0,
                0 0.37139067 0.92847669,
                0 0.37139067 0.92847669,
                0 0.37139067 0.92847669,
                0 0.37139067 0.92847669,
                0 0.37139067 0.92847669,
                0.92847669 0.37139067 0,
                0.92847669 0.37139067 0,
                0.92847669 0.37139067 0,
                0.92847669 0.37139067 0,
                0.92847669 0.37139067 0,
                0 0 1,
                0 0 1,
                0 0 1,
                0 0 1,
                0 0 1,
                0 0 1,
                0 0 1,
                0 0 1,
                1 0 -0,
                1 0 -0,
                1 0 -0,
                1 0 -0,
                1 0 -0,
                1 0 -0,
                1 0 -0,
                1 0 -0,
                1 0 -0,
                1 0 -0,
                1 0 -0,
                1 0 -0,
                1 0 -0,
                1 0 -0,
                1 0 -0,
                1 0 -0,
                1 0 -0,
                1 0 -0,
                1 0 -0,
                1 0 -0,
                1 0 -0,
                1 0 -0,
                1 0 -0,
                1 0 -0,
                1 0 -0,
                1 0 -0,
                1 0 -0,
                1 0 -0,
                0.92847669 0 0.37139067,
                0.92847669 0 0.37139067,
                0.92847669 0 0.37139067,
                0.92847669 0 0.37139067,
                0.92847669 0 0.37139067,
                0 -0.92847669 0.37139067,
                0 -0.92847669 0.37139067,
                0 -0.92847669 0.37139067,
                0 -0.92847669 0.37139067,
                0 -0.92847669 0.37139067,
                0 -1 0,
                0 -1 0,
                0 -1 0,
                0 -1 0,
                0 1.2246469e-16 -1,
                0 1.2246469e-16 -1,
                -0 -1 -1.8369701e-16,
                -0 -0.17364818 -0.98480773,
                -0 -0.34202015 -0.93969262,
                -0 -0.5 -0.86602539,
                -0 -0.64278764 -0.76604444,
                -0 -0.76604444 -0.64278764,
                -0 -0.86602539 -0.5,
                -0 -0.93969262 -0.34202015,
                -0 -0.98480773 -0.17364818,
                -0 -1 -1.8369701e-16,
                -0 -0.17364818 -0.98480773,
                -0 -0.34202015 -0.93969262,
                -0 -0.5 -0.86602539,
                -0 -0.64278764 -0.76604444,
                -0 -0.76604444 -0.64278764,
                -0 -0.86602539 -0.5,
                -0 -0.93969262 -0.34202015,
                -0 -0.98480773 -0.17364818,
                0 0 -1,
                0 0 -1,
                0 0 -1,
                0 0 -1,
                0 0 -1,
                0 0 -1,
                0 0 -1,
                0 0 -1,
                -1 0 0,
                -1 0 0,
                -1 0 0,
                -1 0 0,
                -1 0 0,
                -1 0 0,
                -1 0 0,
                -1 0 0,
                -1 0 0,
                -1 0 0,
                -1 0 0,
                -1 0 0,
                -1 0 0,
                -1 0 0,
                -1 0 0,
                -1 0 0,
                -1 0 0,
                -1 0 0,
                -1 0 0,
                -1 0 0,
                -1 0 0,
                -1 0 0,
                -1 0 0,
                -1 0 0,
                -1 0 0,
                -1 0 0,
                -1 0 0,
                -1 0 0,
                -0.92847669 0 0.37139067,
                -0.92847669 0 0.37139067,
                -0.92847669 0 0.37139067,
                -0.92847669 0 0.37139067,
                -0.92847669 0 0.37139067,
                0 0 1,
                0 0 1,
                0 0 1,
                0 0 1,
                0 0.92847669 0.37139067,
                0 0.92847669 0.37139067,
                0 0.92847669 0.37139067,
                0 0.92847669 0.37139067,
                0 0.92847669 0.37139067,
                0 1 0,
                0 1 0,
                0 1 0,
                0 1 0,
                -0 -1.2246469e-16 1,
                -0 -1.2246469e-16 1,
                0 1 1.8369701e-16,
                0 0.17364818 0.98480773,
                0 0.34202015 0.93969262,
                0 0.5 0.86602539,
                0 0.64278764 0.76604444,
                0 0.76604444 0.64278764,
                0 0.86602539 0.5,
                0 0.93969262 0.34202015,
                0 0.98480773 0.17364818,
                0 1 1.8369701e-16,
                0 0.17364818 0.98480773,
                0 0.34202015 0.93969262,
                0 0.5 0.86602539,
                0 0.64278764 0.76604444,
                0 0.76604444 0.64278764,
                0 0.86602539 0.5,
                0 0.93969262 0.34202015,
                0 0.98480773 0.17364818,
                -0.92847669 0.37139067 0,
                -0.92847669 0.37139067 0,
                -0.92847669 0.37139067 0,
                -0.92847669 0.37139067 0,
                -0.92847669 0.37139067 0,
                0 0.37139067 -0.92847669,
                0 0.37139067 -0.92847669,
                0 0.37139067 -0.92847669,
                0 0.37139067 -0.92847669,
                0 0.37139067 -0.92847669,
                -0 1 -0,
                -0 1 -0,
                -0 1 -0,
                -0 1 -0,
                0 0.37139067 0.92847669,
                0 0.37139067 0.92847669,
                0 0.37139067 0.92847669,
                0 0.37139067 0.92847669,
                0 0.37139067 0.92847669,
                0.92847669 0.37139067 0,
                0.92847669 0.37139067 0,
                0.92847669 0.37139067 0,
                0.92847669 0.37139067 0,
                0.92847669 0.37139067 0,
                0 0 1,
                0 0 1,
                0 0 1,
                0 0 1,
                0 0 1,
                0 0 1,
                0 0 1,
                0 0 1,
                1 0 -0,
                1 0 -0,
                1 0 -0,
                1 0 -0,
                1 0 -0,
                1 0 -0,
                1 0 -0,
                1 0 -0,
                1 0 -0,
                1 0 -0,
                1 0 -0,
                1 0 -0,
                1 0 -0,
                1 0 -0,
                1 0 -0,
                1 0 -0,
                1 0 -0,
                1 0 -0,
                1 0 -0,
                1 0 -0,
                1 0 -0,
                1 0 -0,
                1 0 -0,
                1 0 -0,
                1 0 -0,
                1 0 -0,
                1 0 -0,
                1 0 -0,
                0.92847669 0 0.37139067,
                0.92847669 0 0.37139067,
                0.92847669 0 0.37139067,
                0.92847669 0 0.37139067,
                0.92847669 0 0.37139067,
                0 -0.92847669 0.37139067,
                0 -0.92847669 0.37139067,
                0 -0.92847669 0.37139067,
                0 -0.92847669 0.37139067,
                0 -0.92847669 0.37139067,
                0 -1 0,
                0 -1 0,
                0 -1 0,
                0 -1 0,
                0 1.2246469e-16 -1,
                0 1.2246469e-16 -1,
                -0 -1 -1.8369701e-16,
                -0 -0.17364818 -0.98480773,
                -0 -0.34202015 -0.93969262,
                -0 -0.5 -0.86602539,
                -0 -0.64278764 -0.76604444,
                -0 -0.76604444 -0.64278764,
                -0 -0.86602539 -0.5,
                -0 -0.93969262 -0.34202015,
                -0 -0.98480773 -0.17364818,
                -0 -1 -1.8369701e-16,
                -0 -0.17364818 -0.98480773,
                -0 -0.34202015 -0.93969262,
                -0 -0.5 -0.86602539,
                -0 -0.64278764 -0.76604444,
                -0 -0.76604444 -0.64278764,
                -0 -0.86602539 -0.5,
                -0 -0.93969262 -0.34202015,
                -0 -0.98480773 -0.17364818,
                0 0 -1,
                0 0 -1,
                0 0 -1,
                0 0 -1,
                0 0 -1,
                0 0 -1,
                0 0 -1,
                0 0 -1,
                -1 0 0,
                -1 0 0,
                -1 0 0,
                -1 0 0,
                -1 0 0,
                -1 0 0,
                -1 0 0,
                -1 0 0,
                -1 0 0,
                -1 0 0,
                -1 0 0,
                -1 0 0,
                -1 0 0,
                -1 0 0,
                -1 0 0,
                -1 0 0,
                -1 0 0,
                -1 0 0,
                -1 0 0,
                -1 0 0,
                -1 0 0,
                -1 0 0,
                -1 0 0,
                -1 0 0,
                -1 0 0,
                -1 0 0,
                -1 0 0,
                -1 0 0,
                -0.92847669 0 0.37139067,
                -0.92847669 0 0.37139067,
                -0.92847669 0 0.37139067,
                -0.92847669 0 0.37139067,
                -0.92847669 0 0.37139067,
                0 0 1,
                0 0 1,
                0 0 1,
                0 0 1,
                0 0.92847669 0.37139067,
                0 0.92847669 0.37139067,
                0 0.92847669 0.37139067,
                0 0.92847669 0.37139067,
                0 0.92847669 0.37139067,
                0 1 0,
                0 1 0,
                0 1 0,
                0 1 0,
                -0 -1.2246469e-16 1,
                -0 -1.2246469e-16 1,
                0 1 1.8369701e-16,
                0 0.17364818 0.98480773,
                0 0.34202015 0.93969262,
                0 0.5 0.86602539,
                0 0.64278764 0.76604444,
                0 0.76604444 0.64278764,
                0 0.86602539 0.5,
                0 0.93969262 0.34202015,
                0 0.98480773 0.17364818,
                0 1 1.8369701e-16,
                0 0.17364818 0.98480773,
                0 0.34202015 0.93969262,
                0 0.5 0.86602539,
                0 0.64278764 0.76604444,
                0 0.76604444 0.64278764,
                0 0.86602539 0.5,
                0 0.93969262 0.34202015,
                0 0.98480773 0.17364818,
                -0.92847669 0.37139067 0,
                -0.92847669 0.37139067 0,
                -0.92847669 0.37139067 0,
                -0.92847669 0.37139067 0,
                -0.92847669 0.37139067 0,
                0 0.37139067 -0.92847669,
                0 0.37139067 -0.92847669,
                0 0.37139067 -0.92847669,
                0 0.37139067 -0.92847669,
                0 0.37139067 -0.92847669,
                -0 1 -0,
                -0 1 -0,
                -0 1 -0,
                -0 1 -0,
                0 0.37139067 0.92847669,
                0 0.37139067 0.92847669,
                0 0.37139067 0.92847669,
                0 0.37139067 0.92847669,
                0 0.37139067 0.92847669,
                0.92847669 0.37139067 0,
                0.92847669 0.37139067 0,
                0.92847669 0.37139067 0,
                0.92847669 0.37139067 0,
                0.92847669 0.37139067 0,
                0 0 1,
                0 0 1,
                0 0 1,
                0 0 1,
                0 0 1,
                0 0 1,
                0 0 1,
                0 0 1,
                1 0 -0,
                1 0 -0,
                1 0 -0,
                1 0 -0,
                1 0 -0,
                1 0 -0,
                1 0 -0,
                1 0 -0,
                1 0 -0,
                1 0 -0,
                1 0 -0,
                1 0 -0,
                1 0 -0,
                1 0 -0,
                1 0 -0,
                1 0 -0,
                1 0 -0,
                1 0 -0,
                1 0 -0,
                1 0 -0,
                1 0 -0,
                1 0 -0,
                1 0 -0,
                1 0 -0,
                1 0 -0,
                1 0 -0,
                1 0 -0,
                1 0 -0,
                0.92847669 0 0.37139067,
                0.92847669 0 0.37139067,
                0.92847669 0 0.37139067,
                0.92847669 0 0.37139067,
                0.92847669 0 0.37139067,
                0 -0.92847669 0.37139067,
                0 -0.92847669 0.37139067,
                0 -0.92847669 0.37139067,
                0 -0.92847669 0.37139067,
                0 -0.92847669 0.37139067,
                0 -1 0,
                0 -1 0,
                0 -1 0,
                0 -1 0,
                0 1.2246469e-16 -1,
                0 1.2246469e-16 -1,
                -0 -1 -1.8369701e-16,
                -0 -0.17364818 -0.98480773,
                -0 -0.34202015 -0.93969262,
                -0 -0.5 -0.86602539,
                -0 -0.64278764 -0.76604444,
                -0 -0.76604444 -0.64278764,
                -0 -0.86602539 -0.5,
                -0 -0.93969262 -0.34202015,
                -0 -0.98480773 -0.17364818,
                -0 -1 -1.8369701e-16,
                -0 -0.17364818 -0.98480773,
                -0 -0.34202015 -0.93969262,
                -0 -0.5 -0.86602539,
                -0 -0.64278764 -0.76604444,
                -0 -0.76604444 -0.64278764,
                -0 -0.86602539 -0.5,
                -0 -0.93969262 -0.34202015,
                -0 -0.98480773 -0.17364818,
                0 0 -1,
                0 0 -1,
                0 0 -1,
                0 0 -1,
                0 0 -1,
                0 0 -1,
                0 0 -1,
                0 0 -1,
                -1 0 0,
                -1 0 0,
                -1 0 0,
                -1 0 0,
                -1 0 0,
                -1 0 0,
                -1 0 0,
                -1 0 0,
                -1 0 0,
                -1 0 0,
                -1 0 0,
                -1 0 0,
                -1 0 0,
                -1 0 0,
                -1 0 0,
                -1 0 0,
                -1 0 0,
                -1 0 0,
                -1 0 0,
                -1 0 0,
                -1 0 0,
                -1 0 0,
                -1 0 0,
                -1 0 0,
                -1 0 0,
                -1 0 0,
                -1 0 0,
                -1 0 0,
                -0.92847669 0 0.37139067,
                -0.92847669 0 0.37139067,
                -0.92847669 0 0.37139067,
                -0.92847669 0 0.37139067,
                -0.92847669 0 0.37139067,
                0 0 1,
                0 0 1,
                0 0 1,
                0 0 1,
                0 0.92847669 0.37139067,
                0 0.92847669 0.37139067,
                0 0.92847669 0.37139067,
                0 0.92847669 0.37139067,
                0 0.92847669 0.37139067,
                0 1 0,
                0 1 0,
                0 1 0,
                0 1 0,
                -0 -1.2246469e-16 1,
                -0 -1.2246469e-16 1,
                0 1 1.8369701e-16,
                0 0.17364818 0.98480773,
                0 0.34202015 0.93969262,
                0 0.5 0.86602539,
                0 0.64278764 0.76604444,
                0 0.76604444 0.64278764,
                0 0.86602539 0.5,
                0 0.93969262 0.34202015,
                0 0.98480773 0.17364818,
                0 1 1.8369701e-16,
                0 0.17364818 0.98480773,
                0 0.34202015 0.93969262,
                0 0.5 0.86602539,
                0 0.64278764 0.76604444,
                0 0.76604444 0.64278764,
                0 0.86602539 0.5,
                0 0.93969262 0.34202015,
                0 0.98480773 0.17364818,
                -0.92847669 0.37139067 0,
                -0.92847669 0.37139067 0,
                -0.92847669 0.37139067 0,
                -0.92847669 0.37139067 0,
                -0.92847669 0.37139067 0,
                0 0.37139067 -0.92847669,
                0 0.37139067 -0.92847669,
                0 0.37139067 -0.92847669,
                0 0.37139067 -0.92847669,
                0 0.37139067 -0.92847669,
                -0 1 -0,
                -0 1 -0,
                -0 1 -0,
                -0 1 -0,
                0 0.37139067 0.92847669,
                0 0.37139067 0.92847669,
                0 0.37139067 0.92847669,
                0 0.37139067 0.92847669,
                0 0.37139067 0.92847669,
                0.92847669 0.37139067 0,
                0.92847669 0.37139067 0,
                0.92847669 0.37139067 0,
                0.92847669 0.37139067 0,
                0.92847669 0.37139067 0,
                0.96592581 -0 -0.25881904,
                0.96592581 -0 -0.25881904,
                0.96592581 -0 -0.25881904,
                0.96592581 -0 -0.25881904

              ]
            }
            coordIndex [
              2 1 0 -1 
              2 0 3 -1 
              6 4 0 -1 
              5 4 6 -1 
              9 8 7 -1 
              9 7 1 -1 
              1041 0 1 -1 
              1041 7 6 -1 
              1041 6 0 -1 
              1041 1 7 -1 
              3 0 4 -1 
              3 4 10 -1 
              547 548 539 -1 
              547 539 540 -1 
              547 540 541 -1 
              32 12 2 -1 
              549 539 548 -1 
              29 13 30 -1 
              549 538 539 -1 
              31 12 32 -1 
              546 547 541 -1 
              14 13 29 -1 
              550 537 538 -1 
              550 538 549 -1 
              531 29 532 -1 
              533 532 29 -1 
              545 541 542 -1 
              530 29 531 -1 
              545 546 541 -1 
              551 19 536 -1 
              551 536 537 -1 
              551 537 550 -1 
              534 533 29 -1 
              529 29 530 -1 
              528 14 29 -1 
              544 542 543 -1 
              528 29 529 -1 
              544 545 542 -1 
              535 534 29 -1 
              22 19 551 -1 
              17 535 29 -1 
              16 14 528 -1 
              15 14 16 -1 
              21 20 19 -1 
              21 19 22 -1 
              33 32 2 -1 
              3 33 2 -1 
              10 33 3 -1 
              28 35 11 -1 
              10 34 33 -1 
              18 17 29 -1 
              24 23 28 -1 
              552 24 28 -1 
              553 552 28 -1 
              554 553 28 -1 
              555 554 28 -1 
              556 555 28 -1 
              557 556 28 -1 
              558 557 28 -1 
              559 558 28 -1 
              27 25 559 -1 
              27 26 25 -1 
              27 28 11 -1 
              27 559 28 -1 
              10 11 35 -1 
              10 35 34 -1 
              29 28 23 -1 
              29 23 544 -1 
              29 544 18 -1 
              18 544 543 -1 
              13 12 31 -1 
              13 31 30 -1 
              1042 28 29 -1 
              1042 36 28 -1 
              1042 37 36 -1 
              1042 29 37 -1 
              1043 35 28 -1 
              1043 38 35 -1 
              1043 36 38 -1 
              1043 28 36 -1 
              1044 34 35 -1 
              1044 39 34 -1 
              1044 38 39 -1 
              1044 35 38 -1 
              42 5 6 -1 
              34 42 33 -1 
              39 5 42 -1 
              39 42 34 -1 
              1045 40 5 -1 
              1045 41 40 -1 
              1045 39 41 -1 
              1045 5 39 -1 
              43 49 48 -1 
              11 43 48 -1 
              4 40 43 -1 
              4 43 11 -1 
              5 40 4 -1 
              10 4 11 -1 
              9 47 8 -1 
              44 46 45 -1 
              44 47 9 -1 
              13 9 12 -1 
              13 46 44 -1 
              13 44 9 -1 
              43 47 44 -1 
              43 40 47 -1 
              51 43 44 -1 
              51 50 43 -1 
              56 55 54 -1 
              53 56 54 -1 
              58 57 56 -1 
              52 58 56 -1 
              52 56 53 -1 
              26 52 25 -1 
              58 52 26 -1 
              60 59 49 -1 
              61 60 62 -1 
              1046 49 43 -1 
              1046 50 62 -1 
              1046 43 50 -1 
              1046 60 49 -1 
              1046 62 60 -1 
              560 63 24 -1 
              552 560 24 -1 
              561 560 552 -1 
              553 561 552 -1 
              562 561 553 -1 
              554 562 553 -1 
              563 562 554 -1 
              555 563 554 -1 
              564 563 555 -1 
              556 565 564 -1 
              556 564 555 -1 
              557 566 565 -1 
              557 565 556 -1 
              558 567 566 -1 
              558 566 557 -1 
              559 568 567 -1 
              559 567 558 -1 
              25 52 568 -1 
              25 568 559 -1 
              565 53 564 -1 
              563 564 53 -1 
              566 53 565 -1 
              562 563 53 -1 
              567 53 566 -1 
              561 562 53 -1 
              64 65 67 -1 
              576 64 67 -1 
              568 53 567 -1 
              560 561 53 -1 
              575 576 67 -1 
              574 575 67 -1 
              63 560 53 -1 
              52 53 568 -1 
              573 574 67 -1 
              68 63 53 -1 
              572 573 67 -1 
              571 572 67 -1 
              570 571 67 -1 
              569 570 67 -1 
              66 569 67 -1 
              1047 67 65 -1 
              1047 53 67 -1 
              1047 69 577 -1 
              1047 577 578 -1 
              1047 578 579 -1 
              1047 579 580 -1 
              1047 580 581 -1 
              1047 581 582 -1 
              1047 582 583 -1 
              1047 583 584 -1 
              1047 584 68 -1 
              1047 70 69 -1 
              1047 71 70 -1 
              1047 72 71 -1 
              1047 65 585 -1 
              1047 585 586 -1 
              1047 586 587 -1 
              1047 587 588 -1 
              1047 588 589 -1 
              1047 589 590 -1 
              1047 590 591 -1 
              1047 591 592 -1 
              1047 592 72 -1 
              1047 68 53 -1 
              18 65 64 -1 
              18 64 17 -1 
              23 63 68 -1 
              24 63 23 -1 
              543 585 65 -1 
              543 65 18 -1 
              542 586 585 -1 
              542 585 543 -1 
              587 586 542 -1 
              541 587 542 -1 
              588 587 541 -1 
              540 588 541 -1 
              589 588 540 -1 
              539 589 540 -1 
              590 589 539 -1 
              538 590 539 -1 
              591 590 538 -1 
              537 591 538 -1 
              592 591 537 -1 
              536 592 537 -1 
              72 592 536 -1 
              19 72 536 -1 
              19 71 72 -1 
              19 20 71 -1 
              21 70 71 -1 
              20 21 71 -1 
              21 69 70 -1 
              21 22 69 -1 
              577 69 22 -1 
              551 577 22 -1 
              578 577 551 -1 
              550 578 551 -1 
              579 578 550 -1 
              549 579 550 -1 
              580 579 549 -1 
              548 580 549 -1 
              581 580 548 -1 
              547 581 548 -1 
              582 581 547 -1 
              546 582 547 -1 
              583 582 546 -1 
              545 583 546 -1 
              584 583 545 -1 
              544 584 545 -1 
              68 584 544 -1 
              23 68 544 -1 
              569 66 16 -1 
              528 569 16 -1 
              570 569 528 -1 
              529 570 528 -1 
              571 570 529 -1 
              530 571 529 -1 
              572 571 530 -1 
              531 572 530 -1 
              573 572 531 -1 
              532 573 531 -1 
              574 573 532 -1 
              533 574 532 -1 
              575 574 533 -1 
              534 575 533 -1 
              576 575 534 -1 
              535 576 534 -1 
              64 576 535 -1 
              17 64 535 -1 
              74 73 77 -1 
              66 74 77 -1 
              76 75 74 -1 
              67 74 66 -1 
              67 76 74 -1 
              16 66 15 -1 
              15 66 77 -1 
              81 80 79 -1 
              45 78 81 -1 
              1048 44 45 -1 
              1048 51 44 -1 
              1048 79 51 -1 
              1048 81 79 -1 
              1048 45 81 -1 
              57 82 56 -1 
              57 83 82 -1 
              84 73 74 -1 
              85 73 84 -1 
              55 100 103 -1 
              55 107 100 -1 
              55 104 107 -1 
              55 111 104 -1 
              55 108 111 -1 
              132 135 130 -1 
              55 115 108 -1 
              55 112 115 -1 
              80 142 61 -1 
              80 143 142 -1 
              132 130 129 -1 
              80 81 86 -1 
              80 138 143 -1 
              80 139 138 -1 
              80 134 139 -1 
              80 135 134 -1 
              80 130 135 -1 
              80 131 130 -1 
              80 126 131 -1 
              80 127 126 -1 
              103 97 96 -1 
              80 122 127 -1 
              80 123 122 -1 
              103 102 97 -1 
              80 118 123 -1 
              80 119 118 -1 
              116 119 80 -1 
              1049 102 101 -1 
              1049 97 102 -1 
              1049 128 125 -1 
              1049 125 97 -1 
              1049 106 132 -1 
              1049 101 106 -1 
              1049 132 129 -1 
              1049 129 128 -1 
              136 139 134 -1 
              136 134 133 -1 
              75 86 84 -1 
              75 80 86 -1 
              75 116 80 -1 
              75 90 116 -1 
              105 132 106 -1 
              120 118 117 -1 
              105 133 132 -1 
              120 123 118 -1 
              107 101 100 -1 
              107 106 101 -1 
              89 117 116 -1 
              89 116 90 -1 
              89 120 117 -1 
              91 90 75 -1 
              74 75 84 -1 
              110 136 133 -1 
              110 133 105 -1 
              140 138 137 -1 
              140 143 138 -1 
              94 120 89 -1 
              109 137 136 -1 
              109 136 110 -1 
              124 127 122 -1 
              124 122 121 -1 
              111 105 104 -1 
              111 110 105 -1 
              93 120 94 -1 
              93 124 121 -1 
              93 121 120 -1 
              95 94 89 -1 
              95 89 88 -1 
              141 61 142 -1 
              87 60 61 -1 
              114 137 109 -1 
              114 140 137 -1 
              98 124 93 -1 
              113 141 140 -1 
              113 140 114 -1 
              115 109 108 -1 
              128 131 126 -1 
              128 126 125 -1 
              115 114 109 -1 
              97 124 98 -1 
              97 125 124 -1 
              55 113 112 -1 
              99 98 93 -1 
              99 93 92 -1 
              55 61 141 -1 
              55 87 61 -1 
              55 141 113 -1 
              82 87 55 -1 
              82 55 56 -1 
              55 91 75 -1 
              55 88 91 -1 
              55 95 88 -1 
              55 92 95 -1 
              55 99 92 -1 
              55 96 99 -1 
              55 103 96 -1 
              76 55 75 -1 
              76 54 55 -1 
              67 54 76 -1 
              67 53 54 -1 
              86 144 46 -1 
              145 85 84 -1 
              13 86 46 -1 
              1050 84 86 -1 
              1050 14 145 -1 
              1050 13 14 -1 
              1050 86 13 -1 
              1050 145 84 -1 
              146 83 57 -1 
              58 146 57 -1 
              145 73 85 -1 
              145 77 73 -1 
              59 48 49 -1 
              59 147 48 -1 
              144 45 46 -1 
              144 78 45 -1 
              87 11 48 -1 
              147 87 48 -1 
              146 82 83 -1 
              1051 27 11 -1 
              1051 146 27 -1 
              1051 87 82 -1 
              1051 11 87 -1 
              1051 82 146 -1 
              26 146 58 -1 
              26 27 146 -1 
              14 77 145 -1 
              14 15 77 -1 
              60 147 59 -1 
              60 87 147 -1 
              144 81 78 -1 
              86 81 144 -1 
              79 80 61 -1 
              79 61 62 -1 
              79 50 51 -1 
              79 62 50 -1 
              150 151 608 -1 
              600 608 607 -1 
              600 150 608 -1 
              593 88 89 -1 
              593 601 88 -1 
              599 607 606 -1 
              599 600 607 -1 
              594 602 601 -1 
              594 601 593 -1 
              598 606 605 -1 
              598 599 606 -1 
              595 603 602 -1 
              595 602 594 -1 
              597 605 604 -1 
              597 598 605 -1 
              596 604 603 -1 
              596 597 604 -1 
              596 603 595 -1 
              1052 149 148 -1 
              1052 150 149 -1 
              1052 148 151 -1 
              1052 151 150 -1 
              155 153 152 -1 
              155 154 153 -1 
              1053 157 156 -1 
              1053 149 157 -1 
              1053 148 149 -1 
              1053 156 148 -1 
              158 156 157 -1 
              158 159 156 -1 
              1054 160 161 -1 
              1054 158 160 -1 
              1054 159 158 -1 
              1054 161 159 -1 
              91 617 90 -1 
              609 618 617 -1 
              609 617 91 -1 
              610 619 618 -1 
              610 618 609 -1 
              611 620 619 -1 
              611 619 610 -1 
              612 620 611 -1 
              621 612 613 -1 
              621 620 612 -1 
              622 613 614 -1 
              622 621 613 -1 
              623 614 615 -1 
              623 622 614 -1 
              624 615 616 -1 
              624 623 615 -1 
              163 616 162 -1 
              163 624 616 -1 
              1055 161 160 -1 
              1055 162 161 -1 
              1055 160 163 -1 
              1055 163 162 -1 
              167 165 164 -1 
              167 166 165 -1 
              148 162 151 -1 
              148 161 162 -1 
              1056 161 148 -1 
              1056 159 161 -1 
              1056 156 159 -1 
              1056 148 156 -1 
              601 91 88 -1 
              601 609 91 -1 
              610 609 601 -1 
              602 610 601 -1 
              611 610 602 -1 
              603 611 602 -1 
              612 611 603 -1 
              604 612 603 -1 
              605 613 612 -1 
              605 612 604 -1 
              614 613 605 -1 
              606 614 605 -1 
              615 614 606 -1 
              607 615 606 -1 
              616 615 607 -1 
              608 616 607 -1 
              151 162 616 -1 
              151 616 608 -1 
              593 89 90 -1 
              593 90 617 -1 
              594 617 618 -1 
              594 593 617 -1 
              595 618 619 -1 
              595 594 618 -1 
              596 619 620 -1 
              596 595 619 -1 
              597 620 621 -1 
              597 596 620 -1 
              598 621 622 -1 
              598 597 621 -1 
              599 622 623 -1 
              599 598 622 -1 
              600 623 624 -1 
              600 599 623 -1 
              150 624 163 -1 
              150 600 624 -1 
              160 150 163 -1 
              160 149 150 -1 
              1057 149 160 -1 
              1057 157 149 -1 
              1057 158 157 -1 
              1057 160 158 -1 
              1058 169 168 -1 
              1058 165 169 -1 
              1058 164 165 -1 
              1058 168 164 -1 
              169 170 168 -1 
              169 171 170 -1 
              1059 153 164 -1 
              1059 170 153 -1 
              1059 168 170 -1 
              1059 164 168 -1 
              154 164 153 -1 
              154 167 164 -1 
              199 173 197 -1 
              196 197 173 -1 
              179 182 180 -1 
              225 199 198 -1 
              179 180 177 -1 
              225 173 199 -1 
              211 212 209 -1 
              211 214 212 -1 
              193 196 173 -1 
              208 183 182 -1 
              208 209 183 -1 
              172 173 225 -1 
              227 172 225 -1 
              224 225 198 -1 
              192 193 173 -1 
              195 198 196 -1 
              195 196 193 -1 
              195 224 198 -1 
              226 172 227 -1 
              205 208 182 -1 
              205 182 179 -1 
              207 210 208 -1 
              207 208 205 -1 
              189 192 173 -1 
              204 179 178 -1 
              221 224 195 -1 
              223 226 224 -1 
              204 205 179 -1 
              223 172 226 -1 
              223 224 221 -1 
              155 178 176 -1 
              155 204 178 -1 
              191 194 192 -1 
              155 176 154 -1 
              191 192 189 -1 
              175 185 173 -1 
              175 167 154 -1 
              175 176 177 -1 
              175 180 181 -1 
              220 195 194 -1 
              175 184 185 -1 
              175 181 184 -1 
              220 221 195 -1 
              175 177 180 -1 
              175 154 176 -1 
              220 194 191 -1 
              188 189 173 -1 
              166 167 175 -1 
              222 172 223 -1 
              201 204 155 -1 
              217 220 191 -1 
              185 188 173 -1 
              203 206 204 -1 
              219 220 217 -1 
              203 204 201 -1 
              219 222 220 -1 
              200 155 166 -1 
              216 217 191 -1 
              200 166 175 -1 
              216 191 190 -1 
              200 201 155 -1 
              187 188 185 -1 
              187 190 188 -1 
              174 202 200 -1 
              174 203 202 -1 
              174 207 206 -1 
              174 206 203 -1 
              174 200 175 -1 
              174 172 222 -1 
              174 222 219 -1 
              174 219 218 -1 
              174 218 215 -1 
              174 215 214 -1 
              174 214 211 -1 
              174 211 210 -1 
              174 210 207 -1 
              1060 216 190 -1 
              1060 190 187 -1 
              1060 213 216 -1 
              1060 187 186 -1 
              1060 186 183 -1 
              1060 183 209 -1 
              1060 209 212 -1 
              1060 212 213 -1 
              215 216 213 -1 
              215 218 216 -1 
              183 186 184 -1 
              183 184 181 -1 
              230 172 229 -1 
              230 173 172 -1 
              1061 229 228 -1 
              1061 231 230 -1 
              1061 36 231 -1 
              1061 38 36 -1 
              1061 228 38 -1 
              1061 230 229 -1 
              233 230 231 -1 
              232 230 233 -1 
              41 228 229 -1 
              236 41 229 -1 
              236 234 41 -1 
              235 234 236 -1 
              1062 47 40 -1 
              1062 234 47 -1 
              1062 40 41 -1 
              1062 41 234 -1 
              232 173 230 -1 
              232 175 173 -1 
              236 175 232 -1 
              236 174 175 -1 
              1063 232 233 -1 
              1063 235 236 -1 
              1063 237 235 -1 
              1063 37 237 -1 
              1063 233 37 -1 
              1063 236 232 -1 
              229 174 236 -1 
              229 172 174 -1 
              234 235 237 -1 
              238 234 237 -1 
              1064 30 31 -1 
              1064 237 30 -1 
              1064 238 237 -1 
              1064 31 238 -1 
              1065 29 30 -1 
              1065 37 29 -1 
              1065 237 37 -1 
              1065 30 237 -1 
              239 7 8 -1 
              239 238 31 -1 
              239 8 238 -1 
              32 239 31 -1 
              1066 234 238 -1 
              1066 47 234 -1 
              1066 8 47 -1 
              1066 238 8 -1 
              42 6 7 -1 
              42 7 239 -1 
              1067 32 33 -1 
              1067 239 32 -1 
              1067 42 239 -1 
              1067 33 42 -1 
              37 231 36 -1 
              37 233 231 -1 
              38 41 39 -1 
              38 228 41 -1 
              166 152 165 -1 
              166 155 152 -1 
              1068 171 169 -1 
              1068 152 171 -1 
              1068 165 152 -1 
              1068 169 165 -1 
              1069 152 153 -1 
              1069 171 152 -1 
              1069 170 171 -1 
              1069 153 170 -1 
              177 241 240 -1 
              177 176 241 -1 
              1070 240 241 -1 
              1070 242 240 -1 
              1070 243 242 -1 
              1070 241 243 -1 
              1071 244 240 -1 
              1071 245 244 -1 
              1071 242 245 -1 
              1071 240 242 -1 
              248 249 640 -1 
              632 640 639 -1 
              632 248 640 -1 
              625 92 93 -1 
              625 633 92 -1 
              631 639 638 -1 
              631 632 639 -1 
              626 634 633 -1 
              626 633 625 -1 
              630 638 637 -1 
              630 631 638 -1 
              627 635 634 -1 
              627 634 626 -1 
              629 637 636 -1 
              629 630 637 -1 
              628 636 635 -1 
              628 629 636 -1 
              628 635 627 -1 
              1072 247 246 -1 
              1072 248 247 -1 
              1072 246 249 -1 
              1072 249 248 -1 
              179 240 244 -1 
              179 177 240 -1 
              1073 251 250 -1 
              1073 247 251 -1 
              1073 246 247 -1 
              1073 250 246 -1 
              252 250 251 -1 
              252 253 250 -1 
              1074 254 255 -1 
              1074 252 254 -1 
              1074 253 252 -1 
              1074 255 253 -1 
              95 649 94 -1 
              641 650 649 -1 
              641 649 95 -1 
              642 651 650 -1 
              642 650 641 -1 
              643 652 651 -1 
              643 651 642 -1 
              644 652 643 -1 
              653 644 645 -1 
              653 652 644 -1 
              654 645 646 -1 
              654 653 645 -1 
              655 646 647 -1 
              655 654 646 -1 
              656 647 648 -1 
              656 655 647 -1 
              257 648 256 -1 
              257 656 648 -1 
              1075 255 254 -1 
              1075 256 255 -1 
              1075 254 257 -1 
              1075 257 256 -1 
              176 258 241 -1 
              176 178 258 -1 
              246 256 249 -1 
              246 255 256 -1 
              1076 255 246 -1 
              1076 253 255 -1 
              1076 250 253 -1 
              1076 246 250 -1 
              633 95 92 -1 
              633 641 95 -1 
              642 641 633 -1 
              634 642 633 -1 
              643 642 634 -1 
              635 643 634 -1 
              644 643 635 -1 
              636 644 635 -1 
              637 645 644 -1 
              637 644 636 -1 
              646 645 637 -1 
              638 646 637 -1 
              647 646 638 -1 
              639 647 638 -1 
              648 647 639 -1 
              640 648 639 -1 
              249 256 648 -1 
              249 648 640 -1 
              625 94 649 -1 
              625 93 94 -1 
              626 649 650 -1 
              626 625 649 -1 
              627 650 651 -1 
              627 626 650 -1 
              628 651 652 -1 
              628 627 651 -1 
              629 652 653 -1 
              629 628 652 -1 
              630 653 654 -1 
              630 629 653 -1 
              631 654 655 -1 
              631 630 654 -1 
              632 655 656 -1 
              632 631 655 -1 
              248 656 257 -1 
              248 632 656 -1 
              254 248 257 -1 
              254 247 248 -1 
              1077 247 254 -1 
              1077 251 247 -1 
              1077 252 251 -1 
              1077 254 252 -1 
              1078 259 243 -1 
              1078 258 259 -1 
              1078 241 258 -1 
              1078 243 241 -1 
              259 242 243 -1 
              259 245 242 -1 
              1079 245 259 -1 
              1079 244 245 -1 
              1079 258 244 -1 
              1079 259 258 -1 
              178 244 258 -1 
              178 179 244 -1 
              181 261 260 -1 
              181 180 261 -1 
              1080 260 261 -1 
              1080 262 260 -1 
              1080 263 262 -1 
              1080 261 263 -1 
              1081 264 260 -1 
              1081 265 264 -1 
              1081 262 265 -1 
              1081 260 262 -1 
              268 269 672 -1 
              664 672 671 -1 
              664 268 672 -1 
              657 96 97 -1 
              657 665 96 -1 
              663 671 670 -1 
              663 664 671 -1 
              658 666 665 -1 
              658 665 657 -1 
              662 670 669 -1 
              662 663 670 -1 
              659 667 666 -1 
              659 666 658 -1 
              661 669 668 -1 
              661 662 669 -1 
              660 668 667 -1 
              660 661 668 -1 
              660 667 659 -1 
              1082 267 266 -1 
              1082 268 267 -1 
              1082 266 269 -1 
              1082 269 268 -1 
              183 260 264 -1 
              183 181 260 -1 
              1083 271 270 -1 
              1083 267 271 -1 
              1083 266 267 -1 
              1083 270 266 -1 
              272 270 271 -1 
              272 273 270 -1 
              1084 274 275 -1 
              1084 272 274 -1 
              1084 273 272 -1 
              1084 275 273 -1 
              99 681 98 -1 
              673 682 681 -1 
              673 681 99 -1 
              674 683 682 -1 
              674 682 673 -1 
              675 684 683 -1 
              675 683 674 -1 
              676 684 675 -1 
              685 676 677 -1 
              685 684 676 -1 
              686 677 678 -1 
              686 685 677 -1 
              687 678 679 -1 
              687 686 678 -1 
              688 679 680 -1 
              688 687 679 -1 
              277 680 276 -1 
              277 688 680 -1 
              1085 275 274 -1 
              1085 276 275 -1 
              1085 274 277 -1 
              1085 277 276 -1 
              180 278 261 -1 
              180 182 278 -1 
              266 276 269 -1 
              266 275 276 -1 
              1086 275 266 -1 
              1086 273 275 -1 
              1086 270 273 -1 
              1086 266 270 -1 
              665 99 96 -1 
              665 673 99 -1 
              674 673 665 -1 
              666 674 665 -1 
              675 674 666 -1 
              667 675 666 -1 
              676 675 667 -1 
              668 676 667 -1 
              669 677 676 -1 
              669 676 668 -1 
              678 677 669 -1 
              670 678 669 -1 
              679 678 670 -1 
              671 679 670 -1 
              680 679 671 -1 
              672 680 671 -1 
              269 276 680 -1 
              269 680 672 -1 
              657 98 681 -1 
              657 97 98 -1 
              658 681 682 -1 
              658 657 681 -1 
              659 682 683 -1 
              659 658 682 -1 
              660 683 684 -1 
              660 659 683 -1 
              661 684 685 -1 
              661 660 684 -1 
              662 685 686 -1 
              662 661 685 -1 
              663 686 687 -1 
              663 662 686 -1 
              664 687 688 -1 
              664 663 687 -1 
              268 688 277 -1 
              268 664 688 -1 
              274 268 277 -1 
              274 267 268 -1 
              1087 267 274 -1 
              1087 271 267 -1 
              1087 272 271 -1 
              1087 274 272 -1 
              1088 279 263 -1 
              1088 278 279 -1 
              1088 261 278 -1 
              1088 263 261 -1 
              279 262 263 -1 
              279 265 262 -1 
              1089 265 279 -1 
              1089 264 265 -1 
              1089 278 264 -1 
              1089 279 278 -1 
              182 264 278 -1 
              182 183 264 -1 
              185 281 280 -1 
              185 184 281 -1 
              1090 280 281 -1 
              1090 282 280 -1 
              1090 283 282 -1 
              1090 281 283 -1 
              1091 284 280 -1 
              1091 285 284 -1 
              1091 282 285 -1 
              1091 280 282 -1 
              288 289 704 -1 
              696 704 703 -1 
              696 288 704 -1 
              689 100 101 -1 
              689 697 100 -1 
              695 703 702 -1 
              695 696 703 -1 
              690 698 697 -1 
              690 697 689 -1 
              694 702 701 -1 
              694 695 702 -1 
              691 699 698 -1 
              691 698 690 -1 
              693 701 700 -1 
              693 694 701 -1 
              692 700 699 -1 
              692 693 700 -1 
              692 699 691 -1 
              1092 287 286 -1 
              1092 288 287 -1 
              1092 286 289 -1 
              1092 289 288 -1 
              187 280 284 -1 
              187 185 280 -1 
              1093 291 290 -1 
              1093 287 291 -1 
              1093 286 287 -1 
              1093 290 286 -1 
              292 290 291 -1 
              292 293 290 -1 
              1094 294 295 -1 
              1094 292 294 -1 
              1094 293 292 -1 
              1094 295 293 -1 
              103 713 102 -1 
              705 714 713 -1 
              705 713 103 -1 
              706 715 714 -1 
              706 714 705 -1 
              707 716 715 -1 
              707 715 706 -1 
              708 716 707 -1 
              717 708 709 -1 
              717 716 708 -1 
              718 709 710 -1 
              718 717 709 -1 
              719 710 711 -1 
              719 718 710 -1 
              720 711 712 -1 
              720 719 711 -1 
              297 712 296 -1 
              297 720 712 -1 
              1095 295 294 -1 
              1095 296 295 -1 
              1095 294 297 -1 
              1095 297 296 -1 
              184 298 281 -1 
              184 186 298 -1 
              286 296 289 -1 
              286 295 296 -1 
              1096 295 286 -1 
              1096 293 295 -1 
              1096 290 293 -1 
              1096 286 290 -1 
              697 103 100 -1 
              697 705 103 -1 
              706 705 697 -1 
              698 706 697 -1 
              707 706 698 -1 
              699 707 698 -1 
              708 707 699 -1 
              700 708 699 -1 
              701 709 708 -1 
              701 708 700 -1 
              710 709 701 -1 
              702 710 701 -1 
              711 710 702 -1 
              703 711 702 -1 
              712 711 703 -1 
              704 712 703 -1 
              289 296 712 -1 
              289 712 704 -1 
              689 102 713 -1 
              689 101 102 -1 
              690 713 714 -1 
              690 689 713 -1 
              691 714 715 -1 
              691 690 714 -1 
              692 715 716 -1 
              692 691 715 -1 
              693 716 717 -1 
              693 692 716 -1 
              694 717 718 -1 
              694 693 717 -1 
              695 718 719 -1 
              695 694 718 -1 
              696 719 720 -1 
              696 695 719 -1 
              288 720 297 -1 
              288 696 720 -1 
              294 288 297 -1 
              294 287 288 -1 
              1097 287 294 -1 
              1097 291 287 -1 
              1097 292 291 -1 
              1097 294 292 -1 
              1098 299 283 -1 
              1098 298 299 -1 
              1098 281 298 -1 
              1098 283 281 -1 
              299 282 283 -1 
              299 285 282 -1 
              1099 285 299 -1 
              1099 284 285 -1 
              1099 298 284 -1 
              1099 299 298 -1 
              186 284 298 -1 
              186 187 284 -1 
              189 301 300 -1 
              189 188 301 -1 
              1100 300 301 -1 
              1100 302 300 -1 
              1100 303 302 -1 
              1100 301 303 -1 
              1101 304 300 -1 
              1101 305 304 -1 
              1101 302 305 -1 
              1101 300 302 -1 
              308 309 736 -1 
              728 736 735 -1 
              728 308 736 -1 
              721 104 105 -1 
              721 729 104 -1 
              727 735 734 -1 
              727 728 735 -1 
              722 730 729 -1 
              722 729 721 -1 
              726 734 733 -1 
              726 727 734 -1 
              723 731 730 -1 
              723 730 722 -1 
              725 733 732 -1 
              725 726 733 -1 
              724 732 731 -1 
              724 725 732 -1 
              724 731 723 -1 
              1102 307 306 -1 
              1102 308 307 -1 
              1102 306 309 -1 
              1102 309 308 -1 
              191 300 304 -1 
              191 189 300 -1 
              1103 311 310 -1 
              1103 307 311 -1 
              1103 306 307 -1 
              1103 310 306 -1 
              312 310 311 -1 
              312 313 310 -1 
              1104 314 315 -1 
              1104 312 314 -1 
              1104 313 312 -1 
              1104 315 313 -1 
              107 745 106 -1 
              737 746 745 -1 
              737 745 107 -1 
              738 747 746 -1 
              738 746 737 -1 
              739 748 747 -1 
              739 747 738 -1 
              740 748 739 -1 
              749 740 741 -1 
              749 748 740 -1 
              750 741 742 -1 
              750 749 741 -1 
              751 742 743 -1 
              751 750 742 -1 
              752 743 744 -1 
              752 751 743 -1 
              317 744 316 -1 
              317 752 744 -1 
              1105 315 314 -1 
              1105 316 315 -1 
              1105 314 317 -1 
              1105 317 316 -1 
              188 318 301 -1 
              188 190 318 -1 
              306 316 309 -1 
              306 315 316 -1 
              1106 315 306 -1 
              1106 313 315 -1 
              1106 310 313 -1 
              1106 306 310 -1 
              729 107 104 -1 
              729 737 107 -1 
              738 737 729 -1 
              730 738 729 -1 
              739 738 730 -1 
              731 739 730 -1 
              740 739 731 -1 
              732 740 731 -1 
              733 741 740 -1 
              733 740 732 -1 
              742 741 733 -1 
              734 742 733 -1 
              743 742 734 -1 
              735 743 734 -1 
              744 743 735 -1 
              736 744 735 -1 
              309 316 744 -1 
              309 744 736 -1 
              721 106 745 -1 
              721 105 106 -1 
              722 745 746 -1 
              722 721 745 -1 
              723 746 747 -1 
              723 722 746 -1 
              724 747 748 -1 
              724 723 747 -1 
              725 748 749 -1 
              725 724 748 -1 
              726 749 750 -1 
              726 725 749 -1 
              727 750 751 -1 
              727 726 750 -1 
              728 751 752 -1 
              728 727 751 -1 
              308 752 317 -1 
              308 728 752 -1 
              314 308 317 -1 
              314 307 308 -1 
              1107 307 314 -1 
              1107 311 307 -1 
              1107 312 311 -1 
              1107 314 312 -1 
              1108 319 303 -1 
              1108 318 319 -1 
              1108 301 318 -1 
              1108 303 301 -1 
              319 302 303 -1 
              319 305 302 -1 
              1109 305 319 -1 
              1109 304 305 -1 
              1109 318 304 -1 
              1109 319 318 -1 
              190 304 318 -1 
              190 191 304 -1 
              193 321 320 -1 
              193 192 321 -1 
              1110 320 321 -1 
              1110 322 320 -1 
              1110 323 322 -1 
              1110 321 323 -1 
              1111 324 320 -1 
              1111 325 324 -1 
              1111 322 325 -1 
              1111 320 322 -1 
              328 329 768 -1 
              760 768 767 -1 
              760 328 768 -1 
              753 108 109 -1 
              753 761 108 -1 
              759 767 766 -1 
              759 760 767 -1 
              754 762 761 -1 
              754 761 753 -1 
              758 766 765 -1 
              758 759 766 -1 
              755 763 762 -1 
              755 762 754 -1 
              757 765 764 -1 
              757 758 765 -1 
              756 764 763 -1 
              756 757 764 -1 
              756 763 755 -1 
              1112 327 326 -1 
              1112 328 327 -1 
              1112 326 329 -1 
              1112 329 328 -1 
              195 320 324 -1 
              195 193 320 -1 
              1113 331 330 -1 
              1113 327 331 -1 
              1113 326 327 -1 
              1113 330 326 -1 
              332 330 331 -1 
              332 333 330 -1 
              1114 334 335 -1 
              1114 332 334 -1 
              1114 333 332 -1 
              1114 335 333 -1 
              111 777 110 -1 
              769 778 777 -1 
              769 777 111 -1 
              770 779 778 -1 
              770 778 769 -1 
              771 780 779 -1 
              771 779 770 -1 
              772 780 771 -1 
              781 772 773 -1 
              781 780 772 -1 
              782 773 774 -1 
              782 781 773 -1 
              783 774 775 -1 
              783 782 774 -1 
              784 775 776 -1 
              784 783 775 -1 
              337 776 336 -1 
              337 784 776 -1 
              1115 335 334 -1 
              1115 336 335 -1 
              1115 334 337 -1 
              1115 337 336 -1 
              192 338 321 -1 
              192 194 338 -1 
              326 336 329 -1 
              326 335 336 -1 
              1116 335 326 -1 
              1116 333 335 -1 
              1116 330 333 -1 
              1116 326 330 -1 
              761 111 108 -1 
              761 769 111 -1 
              770 769 761 -1 
              762 770 761 -1 
              771 770 762 -1 
              763 771 762 -1 
              772 771 763 -1 
              764 772 763 -1 
              765 773 772 -1 
              765 772 764 -1 
              774 773 765 -1 
              766 774 765 -1 
              775 774 766 -1 
              767 775 766 -1 
              776 775 767 -1 
              768 776 767 -1 
              329 336 776 -1 
              329 776 768 -1 
              753 109 110 -1 
              753 110 777 -1 
              754 777 778 -1 
              754 753 777 -1 
              755 778 779 -1 
              755 754 778 -1 
              756 779 780 -1 
              756 755 779 -1 
              757 780 781 -1 
              757 756 780 -1 
              758 781 782 -1 
              758 757 781 -1 
              759 782 783 -1 
              759 758 782 -1 
              760 783 784 -1 
              760 759 783 -1 
              328 784 337 -1 
              328 760 784 -1 
              334 328 337 -1 
              334 327 328 -1 
              1117 327 334 -1 
              1117 331 327 -1 
              1117 332 331 -1 
              1117 334 332 -1 
              1118 339 323 -1 
              1118 338 339 -1 
              1118 321 338 -1 
              1118 323 321 -1 
              339 322 323 -1 
              339 325 322 -1 
              1119 325 339 -1 
              1119 324 325 -1 
              1119 338 324 -1 
              1119 339 338 -1 
              194 324 338 -1 
              194 195 324 -1 
              197 341 340 -1 
              197 196 341 -1 
              1120 340 341 -1 
              1120 342 340 -1 
              1120 343 342 -1 
              1120 341 343 -1 
              1121 344 340 -1 
              1121 345 344 -1 
              1121 342 345 -1 
              1121 340 342 -1 
              348 349 800 -1 
              792 800 799 -1 
              792 348 800 -1 
              785 112 113 -1 
              785 793 112 -1 
              791 799 798 -1 
              791 792 799 -1 
              786 794 793 -1 
              786 793 785 -1 
              790 798 797 -1 
              790 791 798 -1 
              787 795 794 -1 
              787 794 786 -1 
              789 797 796 -1 
              789 790 797 -1 
              788 796 795 -1 
              788 789 796 -1 
              788 795 787 -1 
              1122 347 346 -1 
              1122 348 347 -1 
              1122 346 349 -1 
              1122 349 348 -1 
              199 340 344 -1 
              199 197 340 -1 
              1123 351 350 -1 
              1123 347 351 -1 
              1123 346 347 -1 
              1123 350 346 -1 
              352 350 351 -1 
              352 353 350 -1 
              1124 354 355 -1 
              1124 352 354 -1 
              1124 353 352 -1 
              1124 355 353 -1 
              115 809 114 -1 
              801 810 809 -1 
              801 809 115 -1 
              802 811 810 -1 
              802 810 801 -1 
              803 812 811 -1 
              803 811 802 -1 
              804 812 803 -1 
              813 804 805 -1 
              813 812 804 -1 
              814 805 806 -1 
              814 813 805 -1 
              815 806 807 -1 
              815 814 806 -1 
              816 807 808 -1 
              816 815 807 -1 
              357 808 356 -1 
              357 816 808 -1 
              1125 355 354 -1 
              1125 356 355 -1 
              1125 354 357 -1 
              1125 357 356 -1 
              196 358 341 -1 
              196 198 358 -1 
              346 356 349 -1 
              346 355 356 -1 
              1126 355 346 -1 
              1126 353 355 -1 
              1126 350 353 -1 
              1126 346 350 -1 
              793 115 112 -1 
              793 801 115 -1 
              802 801 793 -1 
              794 802 793 -1 
              803 802 794 -1 
              795 803 794 -1 
              804 803 795 -1 
              796 804 795 -1 
              797 805 804 -1 
              797 804 796 -1 
              806 805 797 -1 
              798 806 797 -1 
              807 806 798 -1 
              799 807 798 -1 
              808 807 799 -1 
              800 808 799 -1 
              349 356 808 -1 
              349 808 800 -1 
              785 113 114 -1 
              785 114 809 -1 
              786 809 810 -1 
              786 785 809 -1 
              787 810 811 -1 
              787 786 810 -1 
              788 811 812 -1 
              788 787 811 -1 
              789 812 813 -1 
              789 788 812 -1 
              790 813 814 -1 
              790 789 813 -1 
              791 814 815 -1 
              791 790 814 -1 
              792 815 816 -1 
              792 791 815 -1 
              348 816 357 -1 
              348 792 816 -1 
              354 348 357 -1 
              354 347 348 -1 
              1127 347 354 -1 
              1127 351 347 -1 
              1127 352 351 -1 
              1127 354 352 -1 
              1128 359 343 -1 
              1128 358 359 -1 
              1128 341 358 -1 
              1128 343 341 -1 
              359 342 343 -1 
              359 345 342 -1 
              1129 345 359 -1 
              1129 344 345 -1 
              1129 358 344 -1 
              1129 359 358 -1 
              198 344 358 -1 
              198 199 344 -1 
              361 360 116 -1 
              361 116 117 -1 
              201 363 362 -1 
              201 200 363 -1 
              360 119 116 -1 
              360 367 119 -1 
              817 825 367 -1 
              817 367 360 -1 
              818 826 825 -1 
              818 825 817 -1 
              819 827 826 -1 
              819 826 818 -1 
              820 828 827 -1 
              820 827 819 -1 
              821 828 820 -1 
              829 828 821 -1 
              830 821 822 -1 
              830 822 823 -1 
              830 829 821 -1 
              831 823 824 -1 
              831 830 823 -1 
              832 831 824 -1 
              368 824 366 -1 
              368 832 824 -1 
              364 366 365 -1 
              364 368 366 -1 
              200 369 363 -1 
              200 202 369 -1 
              1130 364 365 -1 
              1130 370 364 -1 
              1130 371 370 -1 
              1130 365 371 -1 
              1131 372 364 -1 
              1131 373 372 -1 
              1131 370 373 -1 
              1131 364 370 -1 
              364 374 368 -1 
              364 372 374 -1 
              833 375 367 -1 
              833 367 825 -1 
              834 825 826 -1 
              834 833 825 -1 
              835 826 827 -1 
              835 834 826 -1 
              836 827 828 -1 
              836 835 827 -1 
              837 828 829 -1 
              837 836 828 -1 
              838 829 830 -1 
              838 837 829 -1 
              839 830 831 -1 
              839 838 830 -1 
              840 831 832 -1 
              840 839 831 -1 
              374 832 368 -1 
              374 840 832 -1 
              367 375 118 -1 
              367 118 119 -1 
              202 376 369 -1 
              202 203 376 -1 
              374 372 377 -1 
              374 378 848 -1 
              374 377 378 -1 
              375 117 118 -1 
              375 361 117 -1 
              375 841 361 -1 
              840 374 848 -1 
              833 841 375 -1 
              834 842 841 -1 
              834 841 833 -1 
              839 848 847 -1 
              839 840 848 -1 
              835 843 842 -1 
              835 844 843 -1 
              835 842 834 -1 
              838 846 845 -1 
              838 847 846 -1 
              838 839 847 -1 
              836 845 844 -1 
              836 844 835 -1 
              837 838 845 -1 
              837 845 836 -1 
              203 362 376 -1 
              203 201 362 -1 
              1132 373 379 -1 
              1132 372 373 -1 
              1132 377 372 -1 
              1132 379 377 -1 
              370 379 373 -1 
              370 371 379 -1 
              1133 365 377 -1 
              1133 371 365 -1 
              1133 379 371 -1 
              1133 377 379 -1 
              377 366 378 -1 
              377 365 366 -1 
              841 360 361 -1 
              841 817 360 -1 
              842 818 817 -1 
              842 817 841 -1 
              843 819 818 -1 
              843 818 842 -1 
              844 820 819 -1 
              844 819 843 -1 
              845 821 820 -1 
              845 820 844 -1 
              846 822 821 -1 
              846 821 845 -1 
              847 823 822 -1 
              847 822 846 -1 
              848 824 823 -1 
              848 823 847 -1 
              378 366 824 -1 
              378 824 848 -1 
              1134 376 362 -1 
              1134 380 376 -1 
              1134 381 380 -1 
              1134 362 381 -1 
              1135 380 382 -1 
              1135 376 380 -1 
              1135 369 376 -1 
              1135 382 369 -1 
              382 381 383 -1 
              382 380 381 -1 
              1136 362 363 -1 
              1136 381 362 -1 
              1136 383 381 -1 
              1136 363 383 -1 
              1137 382 383 -1 
              1137 369 382 -1 
              1137 363 369 -1 
              1137 383 363 -1 
              385 120 121 -1 
              385 384 120 -1 
              205 387 386 -1 
              205 204 387 -1 
              384 123 120 -1 
              384 391 123 -1 
              849 857 391 -1 
              849 391 384 -1 
              850 858 857 -1 
              850 857 849 -1 
              851 859 858 -1 
              851 858 850 -1 
              852 860 859 -1 
              852 859 851 -1 
              853 860 852 -1 
              861 860 853 -1 
              862 853 854 -1 
              862 854 855 -1 
              862 861 853 -1 
              863 855 856 -1 
              863 862 855 -1 
              864 863 856 -1 
              392 856 390 -1 
              392 864 856 -1 
              388 390 389 -1 
              388 392 390 -1 
              204 393 387 -1 
              204 206 393 -1 
              1138 388 389 -1 
              1138 394 388 -1 
              1138 395 394 -1 
              1138 389 395 -1 
              1139 396 388 -1 
              1139 397 396 -1 
              1139 394 397 -1 
              1139 388 394 -1 
              388 398 392 -1 
              388 396 398 -1 
              865 399 391 -1 
              865 391 857 -1 
              866 857 858 -1 
              866 865 857 -1 
              867 858 859 -1 
              867 866 858 -1 
              868 859 860 -1 
              868 867 859 -1 
              869 860 861 -1 
              869 868 860 -1 
              870 861 862 -1 
              870 869 861 -1 
              871 862 863 -1 
              871 870 862 -1 
              872 863 864 -1 
              872 871 863 -1 
              398 864 392 -1 
              398 872 864 -1 
              391 122 123 -1 
              391 399 122 -1 
              206 400 393 -1 
              206 207 400 -1 
              398 396 401 -1 
              398 402 880 -1 
              398 401 402 -1 
              399 121 122 -1 
              399 385 121 -1 
              399 873 385 -1 
              872 398 880 -1 
              865 873 399 -1 
              866 874 873 -1 
              866 873 865 -1 
              871 880 879 -1 
              871 872 880 -1 
              867 875 874 -1 
              867 876 875 -1 
              867 874 866 -1 
              870 878 877 -1 
              870 879 878 -1 
              870 871 879 -1 
              868 877 876 -1 
              868 876 867 -1 
              869 870 877 -1 
              869 877 868 -1 
              207 386 400 -1 
              207 205 386 -1 
              1140 397 403 -1 
              1140 396 397 -1 
              1140 401 396 -1 
              1140 403 401 -1 
              394 403 397 -1 
              394 395 403 -1 
              1141 389 401 -1 
              1141 395 389 -1 
              1141 403 395 -1 
              1141 401 403 -1 
              401 390 402 -1 
              401 389 390 -1 
              873 384 385 -1 
              873 849 384 -1 
              874 850 849 -1 
              874 849 873 -1 
              875 851 850 -1 
              875 850 874 -1 
              876 852 851 -1 
              876 851 875 -1 
              877 853 852 -1 
              877 852 876 -1 
              878 854 853 -1 
              878 853 877 -1 
              879 855 854 -1 
              879 854 878 -1 
              880 856 855 -1 
              880 855 879 -1 
              402 390 856 -1 
              402 856 880 -1 
              1142 400 386 -1 
              1142 404 400 -1 
              1142 405 404 -1 
              1142 386 405 -1 
              1143 404 406 -1 
              1143 400 404 -1 
              1143 393 400 -1 
              1143 406 393 -1 
              406 405 407 -1 
              406 404 405 -1 
              1144 386 387 -1 
              1144 405 386 -1 
              1144 407 405 -1 
              1144 387 407 -1 
              1145 406 407 -1 
              1145 393 406 -1 
              1145 387 393 -1 
              1145 407 387 -1 
              409 124 125 -1 
              409 408 124 -1 
              209 411 410 -1 
              209 208 411 -1 
              408 127 124 -1 
              408 415 127 -1 
              881 889 415 -1 
              881 415 408 -1 
              882 890 889 -1 
              882 889 881 -1 
              883 891 890 -1 
              883 890 882 -1 
              884 892 891 -1 
              884 891 883 -1 
              885 892 884 -1 
              893 892 885 -1 
              894 885 886 -1 
              894 886 887 -1 
              894 893 885 -1 
              895 887 888 -1 
              895 894 887 -1 
              896 895 888 -1 
              416 888 414 -1 
              416 896 888 -1 
              412 414 413 -1 
              412 416 414 -1 
              208 417 411 -1 
              208 210 417 -1 
              1146 412 413 -1 
              1146 418 412 -1 
              1146 419 418 -1 
              1146 413 419 -1 
              1147 420 412 -1 
              1147 421 420 -1 
              1147 418 421 -1 
              1147 412 418 -1 
              412 422 416 -1 
              412 420 422 -1 
              897 423 415 -1 
              897 415 889 -1 
              898 889 890 -1 
              898 897 889 -1 
              899 890 891 -1 
              899 898 890 -1 
              900 891 892 -1 
              900 899 891 -1 
              901 892 893 -1 
              901 900 892 -1 
              902 893 894 -1 
              902 901 893 -1 
              903 894 895 -1 
              903 902 894 -1 
              904 895 896 -1 
              904 903 895 -1 
              422 896 416 -1 
              422 904 896 -1 
              415 126 127 -1 
              415 423 126 -1 
              210 424 417 -1 
              210 211 424 -1 
              422 420 425 -1 
              422 426 912 -1 
              422 425 426 -1 
              423 125 126 -1 
              423 409 125 -1 
              423 905 409 -1 
              904 422 912 -1 
              897 905 423 -1 
              898 906 905 -1 
              898 905 897 -1 
              903 912 911 -1 
              903 904 912 -1 
              899 907 906 -1 
              899 908 907 -1 
              899 906 898 -1 
              902 910 909 -1 
              902 911 910 -1 
              902 903 911 -1 
              900 909 908 -1 
              900 908 899 -1 
              901 902 909 -1 
              901 909 900 -1 
              211 410 424 -1 
              211 209 410 -1 
              1148 421 427 -1 
              1148 420 421 -1 
              1148 425 420 -1 
              1148 427 425 -1 
              418 427 421 -1 
              418 419 427 -1 
              1149 413 425 -1 
              1149 419 413 -1 
              1149 427 419 -1 
              1149 425 427 -1 
              425 414 426 -1 
              425 413 414 -1 
              905 408 409 -1 
              905 881 408 -1 
              906 882 881 -1 
              906 881 905 -1 
              907 883 882 -1 
              907 882 906 -1 
              908 884 883 -1 
              908 883 907 -1 
              909 885 884 -1 
              909 884 908 -1 
              910 886 885 -1 
              910 885 909 -1 
              911 887 886 -1 
              911 886 910 -1 
              912 888 887 -1 
              912 887 911 -1 
              426 414 888 -1 
              426 888 912 -1 
              1150 424 410 -1 
              1150 428 424 -1 
              1150 429 428 -1 
              1150 410 429 -1 
              1151 428 430 -1 
              1151 424 428 -1 
              1151 417 424 -1 
              1151 430 417 -1 
              430 429 431 -1 
              430 428 429 -1 
              1152 410 411 -1 
              1152 429 410 -1 
              1152 431 429 -1 
              1152 411 431 -1 
              1153 430 431 -1 
              1153 417 430 -1 
              1153 411 417 -1 
              1153 431 411 -1 
              433 128 129 -1 
              433 432 128 -1 
              213 435 434 -1 
              213 212 435 -1 
              432 131 128 -1 
              432 439 131 -1 
              913 921 439 -1 
              913 439 432 -1 
              914 922 921 -1 
              914 921 913 -1 
              915 923 922 -1 
              915 922 914 -1 
              916 924 923 -1 
              916 923 915 -1 
              917 924 916 -1 
              925 924 917 -1 
              926 917 918 -1 
              926 918 919 -1 
              926 925 917 -1 
              927 919 920 -1 
              927 926 919 -1 
              928 927 920 -1 
              440 920 438 -1 
              440 928 920 -1 
              436 438 437 -1 
              436 440 438 -1 
              212 441 435 -1 
              212 214 441 -1 
              1154 436 437 -1 
              1154 442 436 -1 
              1154 443 442 -1 
              1154 437 443 -1 
              1155 444 436 -1 
              1155 445 444 -1 
              1155 442 445 -1 
              1155 436 442 -1 
              436 446 440 -1 
              436 444 446 -1 
              929 447 439 -1 
              929 439 921 -1 
              930 921 922 -1 
              930 929 921 -1 
              931 922 923 -1 
              931 930 922 -1 
              932 923 924 -1 
              932 931 923 -1 
              933 924 925 -1 
              933 932 924 -1 
              934 925 926 -1 
              934 933 925 -1 
              935 926 927 -1 
              935 934 926 -1 
              936 927 928 -1 
              936 935 927 -1 
              446 928 440 -1 
              446 936 928 -1 
              439 130 131 -1 
              439 447 130 -1 
              214 448 441 -1 
              214 215 448 -1 
              446 444 449 -1 
              446 450 944 -1 
              446 449 450 -1 
              447 129 130 -1 
              447 433 129 -1 
              447 937 433 -1 
              936 446 944 -1 
              929 937 447 -1 
              930 938 937 -1 
              930 937 929 -1 
              935 944 943 -1 
              935 936 944 -1 
              931 939 938 -1 
              931 940 939 -1 
              931 938 930 -1 
              934 942 941 -1 
              934 943 942 -1 
              934 935 943 -1 
              932 941 940 -1 
              932 940 931 -1 
              933 934 941 -1 
              933 941 932 -1 
              215 434 448 -1 
              215 213 434 -1 
              1156 445 451 -1 
              1156 444 445 -1 
              1156 449 444 -1 
              1156 451 449 -1 
              442 451 445 -1 
              442 443 451 -1 
              1157 437 449 -1 
              1157 443 437 -1 
              1157 451 443 -1 
              1157 449 451 -1 
              449 438 450 -1 
              449 437 438 -1 
              937 432 433 -1 
              937 913 432 -1 
              938 914 913 -1 
              938 913 937 -1 
              939 915 914 -1 
              939 914 938 -1 
              940 916 915 -1 
              940 915 939 -1 
              941 917 916 -1 
              941 916 940 -1 
              942 918 917 -1 
              942 917 941 -1 
              943 919 918 -1 
              943 918 942 -1 
              944 920 919 -1 
              944 919 943 -1 
              450 438 920 -1 
              450 920 944 -1 
              1158 448 434 -1 
              1158 452 448 -1 
              1158 453 452 -1 
              1158 434 453 -1 
              1159 452 454 -1 
              1159 448 452 -1 
              1159 441 448 -1 
              1159 454 441 -1 
              454 453 455 -1 
              454 452 453 -1 
              1160 434 435 -1 
              1160 453 434 -1 
              1160 455 453 -1 
              1160 435 455 -1 
              1161 454 455 -1 
              1161 441 454 -1 
              1161 435 441 -1 
              1161 455 435 -1 
              457 132 133 -1 
              457 456 132 -1 
              217 459 458 -1 
              217 216 459 -1 
              456 135 132 -1 
              456 463 135 -1 
              945 953 463 -1 
              945 463 456 -1 
              946 954 953 -1 
              946 953 945 -1 
              947 955 954 -1 
              947 954 946 -1 
              948 956 955 -1 
              948 955 947 -1 
              949 956 948 -1 
              957 956 949 -1 
              958 949 950 -1 
              958 950 951 -1 
              958 957 949 -1 
              959 951 952 -1 
              959 958 951 -1 
              960 959 952 -1 
              464 952 462 -1 
              464 960 952 -1 
              460 462 461 -1 
              460 464 462 -1 
              216 465 459 -1 
              216 218 465 -1 
              1162 460 461 -1 
              1162 466 460 -1 
              1162 467 466 -1 
              1162 461 467 -1 
              1163 468 460 -1 
              1163 469 468 -1 
              1163 466 469 -1 
              1163 460 466 -1 
              460 470 464 -1 
              460 468 470 -1 
              961 471 463 -1 
              961 463 953 -1 
              962 953 954 -1 
              962 961 953 -1 
              963 954 955 -1 
              963 962 954 -1 
              964 955 956 -1 
              964 963 955 -1 
              965 956 957 -1 
              965 964 956 -1 
              966 957 958 -1 
              966 965 957 -1 
              967 958 959 -1 
              967 966 958 -1 
              968 959 960 -1 
              968 967 959 -1 
              470 960 464 -1 
              470 968 960 -1 
              463 134 135 -1 
              463 471 134 -1 
              218 472 465 -1 
              218 219 472 -1 
              470 468 473 -1 
              470 474 976 -1 
              470 473 474 -1 
              471 133 134 -1 
              471 457 133 -1 
              471 969 457 -1 
              968 470 976 -1 
              961 969 471 -1 
              962 970 969 -1 
              962 969 961 -1 
              967 976 975 -1 
              967 968 976 -1 
              963 971 970 -1 
              963 972 971 -1 
              963 970 962 -1 
              966 974 973 -1 
              966 975 974 -1 
              966 967 975 -1 
              964 973 972 -1 
              964 972 963 -1 
              965 966 973 -1 
              965 973 964 -1 
              219 458 472 -1 
              219 217 458 -1 
              1164 469 475 -1 
              1164 468 469 -1 
              1164 473 468 -1 
              1164 475 473 -1 
              466 475 469 -1 
              466 467 475 -1 
              1165 461 473 -1 
              1165 467 461 -1 
              1165 475 467 -1 
              1165 473 475 -1 
              473 462 474 -1 
              473 461 462 -1 
              969 456 457 -1 
              969 945 456 -1 
              970 946 945 -1 
              970 945 969 -1 
              971 947 946 -1 
              971 946 970 -1 
              972 948 947 -1 
              972 947 971 -1 
              973 949 948 -1 
              973 948 972 -1 
              974 950 949 -1 
              974 949 973 -1 
              975 951 950 -1 
              975 950 974 -1 
              976 952 951 -1 
              976 951 975 -1 
              474 462 952 -1 
              474 952 976 -1 
              1166 472 458 -1 
              1166 476 472 -1 
              1166 477 476 -1 
              1166 458 477 -1 
              1167 476 478 -1 
              1167 472 476 -1 
              1167 465 472 -1 
              1167 478 465 -1 
              478 477 479 -1 
              478 476 477 -1 
              1168 458 459 -1 
              1168 477 458 -1 
              1168 479 477 -1 
              1168 459 479 -1 
              1169 478 479 -1 
              1169 465 478 -1 
              1169 459 465 -1 
              1169 479 459 -1 
              481 136 137 -1 
              481 480 136 -1 
              221 483 482 -1 
              221 220 483 -1 
              480 139 136 -1 
              480 487 139 -1 
              977 985 487 -1 
              977 487 480 -1 
              978 986 985 -1 
              978 985 977 -1 
              979 987 986 -1 
              979 986 978 -1 
              980 988 987 -1 
              980 987 979 -1 
              981 988 980 -1 
              989 988 981 -1 
              990 981 982 -1 
              990 982 983 -1 
              990 989 981 -1 
              991 983 984 -1 
              991 990 983 -1 
              992 991 984 -1 
              488 984 486 -1 
              488 992 984 -1 
              484 486 485 -1 
              484 488 486 -1 
              220 489 483 -1 
              220 222 489 -1 
              1170 484 485 -1 
              1170 490 484 -1 
              1170 491 490 -1 
              1170 485 491 -1 
              1171 492 484 -1 
              1171 493 492 -1 
              1171 490 493 -1 
              1171 484 490 -1 
              484 494 488 -1 
              484 492 494 -1 
              993 495 487 -1 
              993 487 985 -1 
              994 985 986 -1 
              994 993 985 -1 
              995 986 987 -1 
              995 994 986 -1 
              996 987 988 -1 
              996 995 987 -1 
              997 988 989 -1 
              997 996 988 -1 
              998 989 990 -1 
              998 997 989 -1 
              999 990 991 -1 
              999 998 990 -1 
              1000 991 992 -1 
              1000 999 991 -1 
              494 992 488 -1 
              494 1000 992 -1 
              487 138 139 -1 
              487 495 138 -1 
              222 496 489 -1 
              222 223 496 -1 
              494 492 497 -1 
              494 498 1008 -1 
              494 497 498 -1 
              495 137 138 -1 
              495 481 137 -1 
              495 1001 481 -1 
              1000 494 1008 -1 
              993 1001 495 -1 
              994 1002 1001 -1 
              994 1001 993 -1 
              999 1008 1007 -1 
              999 1000 1008 -1 
              995 1003 1002 -1 
              995 1004 1003 -1 
              995 1002 994 -1 
              998 1006 1005 -1 
              998 1007 1006 -1 
              998 999 1007 -1 
              996 1005 1004 -1 
              996 1004 995 -1 
              997 998 1005 -1 
              997 1005 996 -1 
              223 482 496 -1 
              223 221 482 -1 
              1172 493 499 -1 
              1172 492 493 -1 
              1172 497 492 -1 
              1172 499 497 -1 
              490 499 493 -1 
              490 491 499 -1 
              1173 485 497 -1 
              1173 491 485 -1 
              1173 499 491 -1 
              1173 497 499 -1 
              497 486 498 -1 
              497 485 486 -1 
              1001 480 481 -1 
              1001 977 480 -1 
              1002 978 977 -1 
              1002 977 1001 -1 
              1003 979 978 -1 
              1003 978 1002 -1 
              1004 980 979 -1 
              1004 979 1003 -1 
              1005 981 980 -1 
              1005 980 1004 -1 
              1006 982 981 -1 
              1006 981 1005 -1 
              1007 983 982 -1 
              1007 982 1006 -1 
              1008 984 983 -1 
              1008 983 1007 -1 
              498 486 984 -1 
              498 984 1008 -1 
              1174 496 482 -1 
              1174 500 496 -1 
              1174 501 500 -1 
              1174 482 501 -1 
              1175 500 502 -1 
              1175 496 500 -1 
              1175 489 496 -1 
              1175 502 489 -1 
              502 501 503 -1 
              502 500 501 -1 
              1176 482 483 -1 
              1176 501 482 -1 
              1176 503 501 -1 
              1176 483 503 -1 
              1177 502 503 -1 
              1177 489 502 -1 
              1177 483 489 -1 
              1177 503 483 -1 
              505 140 141 -1 
              505 504 140 -1 
              225 507 506 -1 
              225 224 507 -1 
              504 143 140 -1 
              504 511 143 -1 
              1009 1017 511 -1 
              1009 511 504 -1 
              1010 1018 1017 -1 
              1010 1017 1009 -1 
              1011 1019 1018 -1 
              1011 1018 1010 -1 
              1012 1020 1019 -1 
              1012 1019 1011 -1 
              1013 1020 1012 -1 
              1021 1020 1013 -1 
              1022 1013 1014 -1 
              1022 1014 1015 -1 
              1022 1021 1013 -1 
              1023 1015 1016 -1 
              1023 1022 1015 -1 
              1024 1023 1016 -1 
              512 1016 510 -1 
              512 1024 1016 -1 
              508 510 509 -1 
              508 512 510 -1 
              224 513 507 -1 
              224 226 513 -1 
              1178 508 509 -1 
              1178 514 508 -1 
              1178 515 514 -1 
              1178 509 515 -1 
              1179 516 508 -1 
              1179 517 516 -1 
              1179 514 517 -1 
              1179 508 514 -1 
              508 518 512 -1 
              508 516 518 -1 
              1025 519 511 -1 
              1025 511 1017 -1 
              1026 1017 1018 -1 
              1026 1025 1017 -1 
              1027 1018 1019 -1 
              1027 1026 1018 -1 
              1028 1019 1020 -1 
              1028 1027 1019 -1 
              1029 1020 1021 -1 
              1029 1028 1020 -1 
              1030 1021 1022 -1 
              1030 1029 1021 -1 
              1031 1022 1023 -1 
              1031 1030 1022 -1 
              1032 1023 1024 -1 
              1032 1031 1023 -1 
              518 1024 512 -1 
              518 1032 1024 -1 
              511 142 143 -1 
              511 519 142 -1 
              226 520 513 -1 
              226 227 520 -1 
              518 516 521 -1 
              518 522 1040 -1 
              518 521 522 -1 
              519 141 142 -1 
              519 505 141 -1 
              519 1033 505 -1 
              1032 518 1040 -1 
              1025 1033 519 -1 
              1026 1034 1033 -1 
              1026 1033 1025 -1 
              1031 1040 1039 -1 
              1031 1032 1040 -1 
              1027 1035 1034 -1 
              1027 1036 1035 -1 
              1027 1034 1026 -1 
              1030 1038 1037 -1 
              1030 1039 1038 -1 
              1030 1031 1039 -1 
              1028 1037 1036 -1 
              1028 1036 1027 -1 
              1029 1030 1037 -1 
              1029 1037 1028 -1 
              227 506 520 -1 
              227 225 506 -1 
              1180 517 523 -1 
              1180 516 517 -1 
              1180 521 516 -1 
              1180 523 521 -1 
              514 523 517 -1 
              514 515 523 -1 
              1181 509 521 -1 
              1181 515 509 -1 
              1181 523 515 -1 
              1181 521 523 -1 
              521 510 522 -1 
              521 509 510 -1 
              1033 504 505 -1 
              1033 1009 504 -1 
              1034 1010 1009 -1 
              1034 1009 1033 -1 
              1035 1011 1010 -1 
              1035 1010 1034 -1 
              1036 1012 1011 -1 
              1036 1011 1035 -1 
              1037 1013 1012 -1 
              1037 1012 1036 -1 
              1038 1014 1013 -1 
              1038 1013 1037 -1 
              1039 1015 1014 -1 
              1039 1014 1038 -1 
              1040 1016 1015 -1 
              1040 1015 1039 -1 
              522 510 1016 -1 
              522 1016 1040 -1 
              1182 520 506 -1 
              1182 524 520 -1 
              1182 525 524 -1 
              1182 506 525 -1 
              1183 524 526 -1 
              1183 520 524 -1 
              1183 513 520 -1 
              1183 526 513 -1 
              526 525 527 -1 
              526 524 525 -1 
              1184 506 507 -1 
              1184 525 506 -1 
              1184 527 525 -1 
              1184 507 527 -1 
              1185 526 527 -1 
              1185 513 526 -1 
              1185 507 513 -1 
              1185 527 507 -1 
              12 9 1 -1 
              12 1 2 -1 
            ]
            normalIndex [
              2 1 0 -1 
              2 0 3 -1 
              8 6 4 -1 
              7 6 8 -1 
              11 10 9 -1 
              11 9 5 -1 
              12 4 5 -1 
              12 9 8 -1 
              12 8 4 -1 
              12 5 9 -1 
              15 14 13 -1 
              15 13 16 -1 
              52 53 40 -1 
              52 40 41 -1 
              52 41 42 -1 
              73 21 20 -1 
              54 40 53 -1 
              70 22 71 -1 
              54 39 40 -1 
              72 21 73 -1 
              51 52 42 -1 
              23 22 70 -1 
              55 38 39 -1 
              55 39 54 -1 
              30 70 31 -1 
              32 31 70 -1 
              50 42 43 -1 
              29 70 30 -1 
              50 51 42 -1 
              56 36 37 -1 
              56 37 38 -1 
              56 38 55 -1 
              33 32 70 -1 
              28 70 29 -1 
              27 23 70 -1 
              49 43 44 -1 
              27 70 28 -1 
              49 50 43 -1 
              34 33 70 -1 
              47 36 56 -1 
              26 34 70 -1 
              25 23 27 -1 
              24 23 25 -1 
              46 45 36 -1 
              46 36 47 -1 
              74 73 20 -1 
              19 74 20 -1 
              18 74 19 -1 
              69 76 17 -1 
              18 75 74 -1 
              35 26 70 -1 
              57 48 69 -1 
              59 57 69 -1 
              60 59 69 -1 
              61 60 69 -1 
              62 61 69 -1 
              63 62 69 -1 
              64 63 69 -1 
              65 64 69 -1 
              66 65 69 -1 
              68 58 66 -1 
              68 67 58 -1 
              68 69 17 -1 
              68 66 69 -1 
              18 17 76 -1 
              18 76 75 -1 
              70 69 48 -1 
              70 48 49 -1 
              70 49 35 -1 
              35 49 44 -1 
              22 21 72 -1 
              22 72 71 -1 
              81 77 78 -1 
              81 79 77 -1 
              81 80 79 -1 
              81 78 80 -1 
              86 82 83 -1 
              86 84 82 -1 
              86 85 84 -1 
              86 83 85 -1 
              91 87 88 -1 
              91 89 87 -1 
              91 90 89 -1 
              91 88 90 -1 
              99 93 92 -1 
              97 99 98 -1 
              96 93 99 -1 
              96 99 97 -1 
              100 94 93 -1 
              100 95 94 -1 
              100 96 95 -1 
              100 93 96 -1 
              101 116 115 -1 
              114 101 115 -1 
              112 110 101 -1 
              112 101 114 -1 
              111 110 112 -1 
              113 112 114 -1 
              107 109 108 -1 
              102 104 103 -1 
              102 109 107 -1 
              105 107 106 -1 
              105 104 102 -1 
              105 102 107 -1 
              101 109 102 -1 
              101 110 109 -1 
              120 117 118 -1 
              120 119 117 -1 
              126 125 124 -1 
              123 126 124 -1 
              128 127 126 -1 
              122 128 126 -1 
              122 126 123 -1 
              129 122 121 -1 
              128 122 129 -1 
              133 132 130 -1 
              134 133 135 -1 
              137 130 131 -1 
              137 136 135 -1 
              137 131 136 -1 
              137 133 130 -1 
              137 135 133 -1 
              140 138 150 -1 
              151 140 150 -1 
              141 140 151 -1 
              152 141 151 -1 
              142 141 152 -1 
              153 142 152 -1 
              143 142 153 -1 
              154 143 153 -1 
              144 143 154 -1 
              155 145 144 -1 
              155 144 154 -1 
              156 146 145 -1 
              156 145 155 -1 
              157 147 146 -1 
              157 146 156 -1 
              158 148 147 -1 
              158 147 157 -1 
              149 139 148 -1 
              149 148 158 -1 
              179 171 178 -1 
              177 178 171 -1 
              180 171 179 -1 
              176 177 171 -1 
              181 171 180 -1 
              175 176 171 -1 
              159 160 170 -1 
              169 159 170 -1 
              182 171 181 -1 
              174 175 171 -1 
              168 169 170 -1 
              167 168 170 -1 
              173 174 171 -1 
              172 171 182 -1 
              166 167 170 -1 
              183 173 171 -1 
              165 166 170 -1 
              164 165 170 -1 
              163 164 170 -1 
              162 163 170 -1 
              161 162 170 -1 
              204 170 160 -1 
              204 171 170 -1 
              204 184 185 -1 
              204 185 186 -1 
              204 186 187 -1 
              204 187 188 -1 
              204 188 189 -1 
              204 189 190 -1 
              204 190 191 -1 
              204 191 192 -1 
              204 192 183 -1 
              204 193 184 -1 
              204 194 193 -1 
              204 195 194 -1 
              204 160 196 -1 
              204 196 197 -1 
              204 197 198 -1 
              204 198 199 -1 
              204 199 200 -1 
              204 200 201 -1 
              204 201 202 -1 
              204 202 203 -1 
              204 203 195 -1 
              204 183 171 -1 
              207 206 205 -1 
              207 205 208 -1 
              211 210 212 -1 
              209 210 211 -1 
              232 215 213 -1 
              232 213 224 -1 
              231 216 215 -1 
              231 215 232 -1 
              217 216 231 -1 
              230 217 231 -1 
              218 217 230 -1 
              229 218 230 -1 
              219 218 229 -1 
              228 219 229 -1 
              220 219 228 -1 
              227 220 228 -1 
              221 220 227 -1 
              226 221 227 -1 
              222 221 226 -1 
              225 222 226 -1 
              214 222 225 -1 
              223 214 225 -1 
              236 233 234 -1 
              236 235 233 -1 
              239 237 238 -1 
              240 239 238 -1 
              244 241 242 -1 
              244 243 241 -1 
              247 245 256 -1 
              264 247 256 -1 
              248 247 264 -1 
              263 248 264 -1 
              249 248 263 -1 
              262 249 263 -1 
              250 249 262 -1 
              261 250 262 -1 
              251 250 261 -1 
              260 251 261 -1 
              252 251 260 -1 
              259 252 260 -1 
              253 252 259 -1 
              258 253 259 -1 
              254 253 258 -1 
              257 254 258 -1 
              246 254 257 -1 
              255 246 257 -1 
              267 265 276 -1 
              277 267 276 -1 
              268 267 277 -1 
              278 268 277 -1 
              269 268 278 -1 
              279 269 278 -1 
              270 269 279 -1 
              280 270 279 -1 
              271 270 280 -1 
              281 271 280 -1 
              272 271 281 -1 
              282 272 281 -1 
              273 272 282 -1 
              283 273 282 -1 
              274 273 283 -1 
              284 274 283 -1 
              266 274 284 -1 
              275 266 284 -1 
              286 285 293 -1 
              290 286 293 -1 
              288 287 286 -1 
              289 286 290 -1 
              289 288 286 -1 
              291 290 292 -1 
              292 290 293 -1 
              300 299 298 -1 
              294 295 300 -1 
              301 296 294 -1 
              301 297 296 -1 
              301 298 297 -1 
              301 300 298 -1 
              301 294 300 -1 
              302 304 303 -1 
              302 305 304 -1 
              306 308 307 -1 
              309 308 306 -1 
              310 334 337 -1 
              310 341 334 -1 
              310 338 341 -1 
              310 345 338 -1 
              310 342 345 -1 
              366 369 364 -1 
              310 349 342 -1 
              310 346 349 -1 
              316 376 317 -1 
              316 377 376 -1 
              366 364 363 -1 
              316 315 314 -1 
              316 372 377 -1 
              316 373 372 -1 
              316 368 373 -1 
              316 369 368 -1 
              316 364 369 -1 
              316 365 364 -1 
              316 360 365 -1 
              316 361 360 -1 
              337 331 330 -1 
              316 356 361 -1 
              316 357 356 -1 
              337 336 331 -1 
              316 352 357 -1 
              316 353 352 -1 
              350 353 316 -1 
              378 336 335 -1 
              378 331 336 -1 
              378 362 359 -1 
              378 359 331 -1 
              378 340 366 -1 
              378 335 340 -1 
              378 366 363 -1 
              378 363 362 -1 
              370 373 368 -1 
              370 368 367 -1 
              311 314 313 -1 
              311 316 314 -1 
              311 350 316 -1 
              311 324 350 -1 
              339 366 340 -1 
              354 352 351 -1 
              339 367 366 -1 
              354 357 352 -1 
              341 335 334 -1 
              341 340 335 -1 
              323 351 350 -1 
              323 350 324 -1 
              323 354 351 -1 
              325 324 311 -1 
              312 311 313 -1 
              344 370 367 -1 
              344 367 339 -1 
              374 372 371 -1 
              374 377 372 -1 
              328 354 323 -1 
              343 371 370 -1 
              343 370 344 -1 
              358 361 356 -1 
              358 356 355 -1 
              345 339 338 -1 
              345 344 339 -1 
              327 354 328 -1 
              327 358 355 -1 
              327 355 354 -1 
              329 328 323 -1 
              329 323 322 -1 
              375 317 376 -1 
              319 318 317 -1 
              348 371 343 -1 
              348 374 371 -1 
              332 358 327 -1 
              347 375 374 -1 
              347 374 348 -1 
              349 343 342 -1 
              362 365 360 -1 
              362 360 359 -1 
              349 348 343 -1 
              331 358 332 -1 
              331 359 358 -1 
              310 347 346 -1 
              333 332 327 -1 
              333 327 326 -1 
              310 317 375 -1 
              310 319 317 -1 
              310 375 347 -1 
              320 319 310 -1 
              320 310 321 -1 
              310 325 311 -1 
              310 322 325 -1 
              310 329 322 -1 
              310 326 329 -1 
              310 333 326 -1 
              310 330 333 -1 
              310 337 330 -1 
              382 379 380 -1 
              382 381 379 -1 
              386 383 384 -1 
              386 385 383 -1 
              390 389 387 -1 
              393 392 391 -1 
              388 390 387 -1 
              395 391 390 -1 
              395 394 393 -1 
              395 388 394 -1 
              395 390 388 -1 
              395 393 391 -1 
              398 396 397 -1 
              399 398 397 -1 
              403 400 401 -1 
              403 402 400 -1 
              407 404 405 -1 
              407 406 404 -1 
              411 409 408 -1 
              411 410 409 -1 
              418 412 413 -1 
              419 418 413 -1 
              415 417 416 -1 
              420 414 412 -1 
              420 415 414 -1 
              420 418 417 -1 
              420 412 418 -1 
              420 417 415 -1 
              422 423 421 -1 
              422 424 423 -1 
              425 428 427 -1 
              425 426 428 -1 
              430 431 429 -1 
              430 432 431 -1 
              435 434 436 -1 
              433 434 435 -1 
              439 438 437 -1 
              439 437 440 -1 
              442 444 443 -1 
              442 441 444 -1 
              447 458 466 -1 
              456 466 465 -1 
              456 447 466 -1 
              449 457 448 -1 
              449 459 457 -1 
              455 465 464 -1 
              455 456 465 -1 
              450 460 459 -1 
              450 459 449 -1 
              454 464 463 -1 
              454 455 464 -1 
              451 461 460 -1 
              451 460 450 -1 
              453 463 462 -1 
              453 454 463 -1 
              452 462 461 -1 
              452 453 462 -1 
              452 461 451 -1 
              467 446 445 -1 
              467 447 446 -1 
              467 445 458 -1 
              467 458 447 -1 
              471 469 468 -1 
              471 470 469 -1 
              476 473 472 -1 
              476 474 473 -1 
              476 475 474 -1 
              476 472 475 -1 
              477 480 479 -1 
              477 478 480 -1 
              485 481 482 -1 
              485 483 481 -1 
              485 484 483 -1 
              485 482 484 -1 
              489 500 498 -1 
              490 501 500 -1 
              490 500 489 -1 
              491 502 501 -1 
              491 501 490 -1 
              492 503 502 -1 
              492 502 491 -1 
              493 503 492 -1 
              504 493 494 -1 
              504 503 493 -1 
              505 494 495 -1 
              505 504 494 -1 
              506 495 496 -1 
              506 505 495 -1 
              507 496 497 -1 
              507 506 496 -1 
              499 497 488 -1 
              499 507 497 -1 
              508 487 486 -1 
              508 488 487 -1 
              508 486 499 -1 
              508 499 488 -1 
              512 510 509 -1 
              512 511 510 -1 
              514 516 515 -1 
              514 513 516 -1 
              521 517 518 -1 
              521 519 517 -1 
              521 520 519 -1 
              521 518 520 -1 
              534 522 523 -1 
              534 525 522 -1 
              526 525 534 -1 
              535 526 534 -1 
              527 526 535 -1 
              536 527 535 -1 
              528 527 536 -1 
              537 528 536 -1 
              538 529 528 -1 
              538 528 537 -1 
              530 529 538 -1 
              539 530 538 -1 
              531 530 539 -1 
              540 531 539 -1 
              532 531 540 -1 
              541 532 540 -1 
              533 524 532 -1 
              533 532 541 -1 
              545 543 542 -1 
              545 542 554 -1 
              546 554 555 -1 
              546 545 554 -1 
              547 555 556 -1 
              547 546 555 -1 
              548 556 557 -1 
              548 547 556 -1 
              549 557 558 -1 
              549 548 557 -1 
              550 558 559 -1 
              550 549 558 -1 
              551 559 560 -1 
              551 550 559 -1 
              552 560 561 -1 
              552 551 560 -1 
              544 561 553 -1 
              544 552 561 -1 
              563 565 564 -1 
              563 562 565 -1 
              570 566 567 -1 
              570 568 566 -1 
              570 569 568 -1 
              570 567 569 -1 
              575 572 571 -1 
              575 573 572 -1 
              575 574 573 -1 
              575 571 574 -1 
              579 576 577 -1 
              579 578 576 -1 
              584 580 581 -1 
              584 582 580 -1 
              584 583 582 -1 
              584 581 583 -1 
              588 586 585 -1 
              588 587 586 -1 
              620 590 618 -1 
              617 618 590 -1 
              600 603 601 -1 
              646 620 619 -1 
              600 601 598 -1 
              646 590 620 -1 
              632 633 630 -1 
              632 635 633 -1 
              614 617 590 -1 
              629 604 603 -1 
              629 630 604 -1 
              589 590 646 -1 
              648 589 646 -1 
              645 646 619 -1 
              613 614 590 -1 
              616 619 617 -1 
              616 617 614 -1 
              616 645 619 -1 
              647 589 648 -1 
              626 629 603 -1 
              626 603 600 -1 
              628 631 629 -1 
              628 629 626 -1 
              610 613 590 -1 
              625 600 599 -1 
              642 645 616 -1 
              644 647 645 -1 
              625 626 600 -1 
              644 589 647 -1 
              644 645 642 -1 
              596 599 597 -1 
              596 625 599 -1 
              612 615 613 -1 
              596 597 594 -1 
              612 613 610 -1 
              592 606 590 -1 
              592 593 594 -1 
              592 597 598 -1 
              592 601 602 -1 
              641 616 615 -1 
              592 605 606 -1 
              592 602 605 -1 
              641 642 616 -1 
              592 598 601 -1 
              592 594 597 -1 
              641 615 612 -1 
              609 610 590 -1 
              595 593 592 -1 
              643 589 644 -1 
              622 625 596 -1 
              638 641 612 -1 
              606 609 590 -1 
              624 627 625 -1 
              640 641 638 -1 
              624 625 622 -1 
              640 643 641 -1 
              621 596 595 -1 
              637 638 612 -1 
              621 595 592 -1 
              637 612 611 -1 
              621 622 596 -1 
              608 609 606 -1 
              608 611 609 -1 
              591 623 621 -1 
              591 624 623 -1 
              591 628 627 -1 
              591 627 624 -1 
              591 621 592 -1 
              591 589 643 -1 
              591 643 640 -1 
              591 640 639 -1 
              591 639 636 -1 
              591 636 635 -1 
              591 635 632 -1 
              591 632 631 -1 
              591 631 628 -1 
              649 637 611 -1 
              649 611 608 -1 
              649 634 637 -1 
              649 608 607 -1 
              649 607 604 -1 
              649 604 630 -1 
              649 630 633 -1 
              649 633 634 -1 
              636 637 634 -1 
              636 639 637 -1 
              604 607 605 -1 
              604 605 602 -1 
              654 652 651 -1 
              654 653 652 -1 
              658 651 650 -1 
              658 655 654 -1 
              658 656 655 -1 
              658 657 656 -1 
              658 650 657 -1 
              658 654 651 -1 
              661 659 662 -1 
              660 659 661 -1 
              670 669 668 -1 
              667 670 668 -1 
              667 665 670 -1 
              666 665 667 -1 
              671 664 663 -1 
              671 665 664 -1 
              671 663 670 -1 
              671 670 665 -1 
              673 674 672 -1 
              673 675 674 -1 
              680 678 677 -1 
              680 679 678 -1 
              684 677 676 -1 
              684 681 680 -1 
              684 682 681 -1 
              684 683 682 -1 
              684 676 683 -1 
              684 680 677 -1 
              685 687 686 -1 
              685 688 687 -1 
              692 691 689 -1 
              690 692 689 -1 
              697 693 694 -1 
              697 695 693 -1 
              697 696 695 -1 
              697 694 696 -1 
              702 698 699 -1 
              702 700 698 -1 
              702 701 700 -1 
              702 699 701 -1 
              705 703 704 -1 
              705 708 707 -1 
              705 704 708 -1 
              706 705 707 -1 
              711 709 708 -1 
              711 710 709 -1 
              711 704 710 -1 
              711 708 704 -1 
              714 713 712 -1 
              714 712 715 -1 
              720 716 717 -1 
              720 718 716 -1 
              720 719 718 -1 
              720 717 719 -1 
              722 723 721 -1 
              722 724 723 -1 
              726 727 725 -1 
              726 728 727 -1 
              732 730 729 -1 
              732 731 730 -1 
              737 734 733 -1 
              737 735 734 -1 
              737 736 735 -1 
              737 733 736 -1 
              742 738 739 -1 
              742 740 738 -1 
              742 741 740 -1 
              742 739 741 -1 
              746 744 743 -1 
              746 745 744 -1 
              751 747 748 -1 
              751 749 747 -1 
              751 750 749 -1 
              751 748 750 -1 
              756 752 753 -1 
              756 754 752 -1 
              756 755 754 -1 
              756 753 755 -1 
              759 770 778 -1 
              768 778 777 -1 
              768 759 778 -1 
              761 769 760 -1 
              761 771 769 -1 
              767 777 776 -1 
              767 768 777 -1 
              762 772 771 -1 
              762 771 761 -1 
              766 776 775 -1 
              766 767 776 -1 
              763 773 772 -1 
              763 772 762 -1 
              765 775 774 -1 
              765 766 775 -1 
              764 774 773 -1 
              764 765 774 -1 
              764 773 763 -1 
              779 758 757 -1 
              779 759 758 -1 
              779 757 770 -1 
              779 770 759 -1 
              783 781 780 -1 
              783 782 781 -1 
              788 785 784 -1 
              788 786 785 -1 
              788 787 786 -1 
              788 784 787 -1 
              789 792 791 -1 
              789 790 792 -1 
              797 793 794 -1 
              797 795 793 -1 
              797 796 795 -1 
              797 794 796 -1 
              801 812 810 -1 
              802 813 812 -1 
              802 812 801 -1 
              803 814 813 -1 
              803 813 802 -1 
              804 815 814 -1 
              804 814 803 -1 
              805 815 804 -1 
              816 805 806 -1 
              816 815 805 -1 
              817 806 807 -1 
              817 816 806 -1 
              818 807 808 -1 
              818 817 807 -1 
              819 808 809 -1 
              819 818 808 -1 
              811 809 800 -1 
              811 819 809 -1 
              820 799 798 -1 
              820 800 799 -1 
              820 798 811 -1 
              820 811 800 -1 
              824 822 821 -1 
              824 823 822 -1 
              826 828 827 -1 
              826 825 828 -1 
              833 829 830 -1 
              833 831 829 -1 
              833 832 831 -1 
              833 830 832 -1 
              846 834 835 -1 
              846 837 834 -1 
              838 837 846 -1 
              847 838 846 -1 
              839 838 847 -1 
              848 839 847 -1 
              840 839 848 -1 
              849 840 848 -1 
              850 841 840 -1 
              850 840 849 -1 
              842 841 850 -1 
              851 842 850 -1 
              843 842 851 -1 
              852 843 851 -1 
              844 843 852 -1 
              853 844 852 -1 
              845 836 844 -1 
              845 844 853 -1 
              856 865 866 -1 
              856 854 865 -1 
              857 866 867 -1 
              857 856 866 -1 
              858 867 868 -1 
              858 857 867 -1 
              859 868 869 -1 
              859 858 868 -1 
              860 869 870 -1 
              860 859 869 -1 
              861 870 871 -1 
              861 860 870 -1 
              862 871 872 -1 
              862 861 871 -1 
              863 872 873 -1 
              863 862 872 -1 
              855 873 864 -1 
              855 863 873 -1 
              875 877 876 -1 
              875 874 877 -1 
              882 878 879 -1 
              882 880 878 -1 
              882 881 880 -1 
              882 879 881 -1 
              887 884 883 -1 
              887 885 884 -1 
              887 886 885 -1 
              887 883 886 -1 
              891 888 889 -1 
              891 890 888 -1 
              896 893 892 -1 
              896 894 893 -1 
              896 895 894 -1 
              896 892 895 -1 
              900 898 897 -1 
              900 899 898 -1 
              904 902 901 -1 
              904 903 902 -1 
              909 905 906 -1 
              909 907 905 -1 
              909 908 907 -1 
              909 906 908 -1 
              914 910 911 -1 
              914 912 910 -1 
              914 913 912 -1 
              914 911 913 -1 
              917 928 936 -1 
              926 936 935 -1 
              926 917 936 -1 
              919 927 918 -1 
              919 929 927 -1 
              925 935 934 -1 
              925 926 935 -1 
              920 930 929 -1 
              920 929 919 -1 
              924 934 933 -1 
              924 925 934 -1 
              921 931 930 -1 
              921 930 920 -1 
              923 933 932 -1 
              923 924 933 -1 
              922 932 931 -1 
              922 923 932 -1 
              922 931 921 -1 
              937 916 915 -1 
              937 917 916 -1 
              937 915 928 -1 
              937 928 917 -1 
              941 939 938 -1 
              941 940 939 -1 
              946 943 942 -1 
              946 944 943 -1 
              946 945 944 -1 
              946 942 945 -1 
              947 950 949 -1 
              947 948 950 -1 
              955 951 952 -1 
              955 953 951 -1 
              955 954 953 -1 
              955 952 954 -1 
              959 970 968 -1 
              960 971 970 -1 
              960 970 959 -1 
              961 972 971 -1 
              961 971 960 -1 
              962 973 972 -1 
              962 972 961 -1 
              963 973 962 -1 
              974 963 964 -1 
              974 973 963 -1 
              975 964 965 -1 
              975 974 964 -1 
              976 965 966 -1 
              976 975 965 -1 
              977 966 967 -1 
              977 976 966 -1 
              969 967 958 -1 
              969 977 967 -1 
              978 957 956 -1 
              978 958 957 -1 
              978 956 969 -1 
              978 969 958 -1 
              982 980 979 -1 
              982 981 980 -1 
              984 986 985 -1 
              984 983 986 -1 
              991 987 988 -1 
              991 989 987 -1 
              991 990 989 -1 
              991 988 990 -1 
              1004 992 993 -1 
              1004 995 992 -1 
              996 995 1004 -1 
              1005 996 1004 -1 
              997 996 1005 -1 
              1006 997 1005 -1 
              998 997 1006 -1 
              1007 998 1006 -1 
              1008 999 998 -1 
              1008 998 1007 -1 
              1000 999 1008 -1 
              1009 1000 1008 -1 
              1001 1000 1009 -1 
              1010 1001 1009 -1 
              1002 1001 1010 -1 
              1011 1002 1010 -1 
              1003 994 1002 -1 
              1003 1002 1011 -1 
              1014 1023 1024 -1 
              1014 1012 1023 -1 
              1015 1024 1025 -1 
              1015 1014 1024 -1 
              1016 1025 1026 -1 
              1016 1015 1025 -1 
              1017 1026 1027 -1 
              1017 1016 1026 -1 
              1018 1027 1028 -1 
              1018 1017 1027 -1 
              1019 1028 1029 -1 
              1019 1018 1028 -1 
              1020 1029 1030 -1 
              1020 1019 1029 -1 
              1021 1030 1031 -1 
              1021 1020 1030 -1 
              1013 1031 1022 -1 
              1013 1021 1031 -1 
              1033 1035 1034 -1 
              1033 1032 1035 -1 
              1040 1036 1037 -1 
              1040 1038 1036 -1 
              1040 1039 1038 -1 
              1040 1037 1039 -1 
              1045 1042 1041 -1 
              1045 1043 1042 -1 
              1045 1044 1043 -1 
              1045 1041 1044 -1 
              1049 1046 1047 -1 
              1049 1048 1046 -1 
              1054 1051 1050 -1 
              1054 1052 1051 -1 
              1054 1053 1052 -1 
              1054 1050 1053 -1 
              1058 1056 1055 -1 
              1058 1057 1056 -1 
              1062 1060 1059 -1 
              1062 1061 1060 -1 
              1067 1063 1064 -1 
              1067 1065 1063 -1 
              1067 1066 1065 -1 
              1067 1064 1066 -1 
              1072 1068 1069 -1 
              1072 1070 1068 -1 
              1072 1071 1070 -1 
              1072 1069 1071 -1 
              1075 1086 1094 -1 
              1084 1094 1093 -1 
              1084 1075 1094 -1 
              1077 1085 1076 -1 
              1077 1087 1085 -1 
              1083 1093 1092 -1 
              1083 1084 1093 -1 
              1078 1088 1087 -1 
              1078 1087 1077 -1 
              1082 1092 1091 -1 
              1082 1083 1092 -1 
              1079 1089 1088 -1 
              1079 1088 1078 -1 
              1081 1091 1090 -1 
              1081 1082 1091 -1 
              1080 1090 1089 -1 
              1080 1081 1090 -1 
              1080 1089 1079 -1 
              1095 1074 1073 -1 
              1095 1075 1074 -1 
              1095 1073 1086 -1 
              1095 1086 1075 -1 
              1099 1097 1096 -1 
              1099 1098 1097 -1 
              1104 1101 1100 -1 
              1104 1102 1101 -1 
              1104 1103 1102 -1 
              1104 1100 1103 -1 
              1105 1108 1107 -1 
              1105 1106 1108 -1 
              1113 1109 1110 -1 
              1113 1111 1109 -1 
              1113 1112 1111 -1 
              1113 1110 1112 -1 
              1117 1128 1126 -1 
              1118 1129 1128 -1 
              1118 1128 1117 -1 
              1119 1130 1129 -1 
              1119 1129 1118 -1 
              1120 1131 1130 -1 
              1120 1130 1119 -1 
              1121 1131 1120 -1 
              1132 1121 1122 -1 
              1132 1131 1121 -1 
              1133 1122 1123 -1 
              1133 1132 1122 -1 
              1134 1123 1124 -1 
              1134 1133 1123 -1 
              1135 1124 1125 -1 
              1135 1134 1124 -1 
              1127 1125 1116 -1 
              1127 1135 1125 -1 
              1136 1115 1114 -1 
              1136 1116 1115 -1 
              1136 1114 1127 -1 
              1136 1127 1116 -1 
              1140 1138 1137 -1 
              1140 1139 1138 -1 
              1142 1144 1143 -1 
              1142 1141 1144 -1 
              1149 1145 1146 -1 
              1149 1147 1145 -1 
              1149 1148 1147 -1 
              1149 1146 1148 -1 
              1162 1150 1151 -1 
              1162 1153 1150 -1 
              1154 1153 1162 -1 
              1163 1154 1162 -1 
              1155 1154 1163 -1 
              1164 1155 1163 -1 
              1156 1155 1164 -1 
              1165 1156 1164 -1 
              1166 1157 1156 -1 
              1166 1156 1165 -1 
              1158 1157 1166 -1 
              1167 1158 1166 -1 
              1159 1158 1167 -1 
              1168 1159 1167 -1 
              1160 1159 1168 -1 
              1169 1160 1168 -1 
              1161 1152 1160 -1 
              1161 1160 1169 -1 
              1172 1181 1182 -1 
              1172 1170 1181 -1 
              1173 1182 1183 -1 
              1173 1172 1182 -1 
              1174 1183 1184 -1 
              1174 1173 1183 -1 
              1175 1184 1185 -1 
              1175 1174 1184 -1 
              1176 1185 1186 -1 
              1176 1175 1185 -1 
              1177 1186 1187 -1 
              1177 1176 1186 -1 
              1178 1187 1188 -1 
              1178 1177 1187 -1 
              1179 1188 1189 -1 
              1179 1178 1188 -1 
              1171 1189 1180 -1 
              1171 1179 1189 -1 
              1191 1193 1192 -1 
              1191 1190 1193 -1 
              1198 1194 1195 -1 
              1198 1196 1194 -1 
              1198 1197 1196 -1 
              1198 1195 1197 -1 
              1203 1200 1199 -1 
              1203 1201 1200 -1 
              1203 1202 1201 -1 
              1203 1199 1202 -1 
              1207 1204 1205 -1 
              1207 1206 1204 -1 
              1212 1209 1208 -1 
              1212 1210 1209 -1 
              1212 1211 1210 -1 
              1212 1208 1211 -1 
              1216 1214 1213 -1 
              1216 1215 1214 -1 
              1220 1218 1217 -1 
              1220 1219 1218 -1 
              1225 1221 1222 -1 
              1225 1223 1221 -1 
              1225 1224 1223 -1 
              1225 1222 1224 -1 
              1230 1226 1227 -1 
              1230 1228 1226 -1 
              1230 1229 1228 -1 
              1230 1227 1229 -1 
              1233 1244 1252 -1 
              1242 1252 1251 -1 
              1242 1233 1252 -1 
              1235 1243 1234 -1 
              1235 1245 1243 -1 
              1241 1251 1250 -1 
              1241 1242 1251 -1 
              1236 1246 1245 -1 
              1236 1245 1235 -1 
              1240 1250 1249 -1 
              1240 1241 1250 -1 
              1237 1247 1246 -1 
              1237 1246 1236 -1 
              1239 1249 1248 -1 
              1239 1240 1249 -1 
              1238 1248 1247 -1 
              1238 1239 1248 -1 
              1238 1247 1237 -1 
              1253 1232 1231 -1 
              1253 1233 1232 -1 
              1253 1231 1244 -1 
              1253 1244 1233 -1 
              1257 1255 1254 -1 
              1257 1256 1255 -1 
              1262 1259 1258 -1 
              1262 1260 1259 -1 
              1262 1261 1260 -1 
              1262 1258 1261 -1 
              1263 1266 1265 -1 
              1263 1264 1266 -1 
              1271 1267 1268 -1 
              1271 1269 1267 -1 
              1271 1270 1269 -1 
              1271 1268 1270 -1 
              1275 1286 1284 -1 
              1276 1287 1286 -1 
              1276 1286 1275 -1 
              1277 1288 1287 -1 
              1277 1287 1276 -1 
              1278 1289 1288 -1 
              1278 1288 1277 -1 
              1279 1289 1278 -1 
              1290 1279 1280 -1 
              1290 1289 1279 -1 
              1291 1280 1281 -1 
              1291 1290 1280 -1 
              1292 1281 1282 -1 
              1292 1291 1281 -1 
              1293 1282 1283 -1 
              1293 1292 1282 -1 
              1285 1283 1274 -1 
              1285 1293 1283 -1 
              1294 1273 1272 -1 
              1294 1274 1273 -1 
              1294 1272 1285 -1 
              1294 1285 1274 -1 
              1298 1296 1295 -1 
              1298 1297 1296 -1 
              1300 1302 1301 -1 
              1300 1299 1302 -1 
              1307 1303 1304 -1 
              1307 1305 1303 -1 
              1307 1306 1305 -1 
              1307 1304 1306 -1 
              1320 1308 1309 -1 
              1320 1311 1308 -1 
              1312 1311 1320 -1 
              1321 1312 1320 -1 
              1313 1312 1321 -1 
              1322 1313 1321 -1 
              1314 1313 1322 -1 
              1323 1314 1322 -1 
              1324 1315 1314 -1 
              1324 1314 1323 -1 
              1316 1315 1324 -1 
              1325 1316 1324 -1 
              1317 1316 1325 -1 
              1326 1317 1325 -1 
              1318 1317 1326 -1 
              1327 1318 1326 -1 
              1319 1310 1318 -1 
              1319 1318 1327 -1 
              1330 1339 1340 -1 
              1330 1328 1339 -1 
              1331 1340 1341 -1 
              1331 1330 1340 -1 
              1332 1341 1342 -1 
              1332 1331 1341 -1 
              1333 1342 1343 -1 
              1333 1332 1342 -1 
              1334 1343 1344 -1 
              1334 1333 1343 -1 
              1335 1344 1345 -1 
              1335 1334 1344 -1 
              1336 1345 1346 -1 
              1336 1335 1345 -1 
              1337 1346 1347 -1 
              1337 1336 1346 -1 
              1329 1347 1338 -1 
              1329 1337 1347 -1 
              1349 1351 1350 -1 
              1349 1348 1351 -1 
              1356 1352 1353 -1 
              1356 1354 1352 -1 
              1356 1355 1354 -1 
              1356 1353 1355 -1 
              1361 1358 1357 -1 
              1361 1359 1358 -1 
              1361 1360 1359 -1 
              1361 1357 1360 -1 
              1365 1362 1363 -1 
              1365 1364 1362 -1 
              1370 1367 1366 -1 
              1370 1368 1367 -1 
              1370 1369 1368 -1 
              1370 1366 1369 -1 
              1374 1372 1371 -1 
              1374 1373 1372 -1 
              1378 1376 1375 -1 
              1378 1377 1376 -1 
              1383 1379 1380 -1 
              1383 1381 1379 -1 
              1383 1382 1381 -1 
              1383 1380 1382 -1 
              1388 1384 1385 -1 
              1388 1386 1384 -1 
              1388 1387 1386 -1 
              1388 1385 1387 -1 
              1391 1402 1410 -1 
              1400 1410 1409 -1 
              1400 1391 1410 -1 
              1393 1401 1392 -1 
              1393 1403 1401 -1 
              1399 1409 1408 -1 
              1399 1400 1409 -1 
              1394 1404 1403 -1 
              1394 1403 1393 -1 
              1398 1408 1407 -1 
              1398 1399 1408 -1 
              1395 1405 1404 -1 
              1395 1404 1394 -1 
              1397 1407 1406 -1 
              1397 1398 1407 -1 
              1396 1406 1405 -1 
              1396 1397 1406 -1 
              1396 1405 1395 -1 
              1411 1390 1389 -1 
              1411 1391 1390 -1 
              1411 1389 1402 -1 
              1411 1402 1391 -1 
              1415 1413 1412 -1 
              1415 1414 1413 -1 
              1420 1417 1416 -1 
              1420 1418 1417 -1 
              1420 1419 1418 -1 
              1420 1416 1419 -1 
              1421 1424 1423 -1 
              1421 1422 1424 -1 
              1429 1425 1426 -1 
              1429 1427 1425 -1 
              1429 1428 1427 -1 
              1429 1426 1428 -1 
              1433 1444 1442 -1 
              1434 1445 1444 -1 
              1434 1444 1433 -1 
              1435 1446 1445 -1 
              1435 1445 1434 -1 
              1436 1447 1446 -1 
              1436 1446 1435 -1 
              1437 1447 1436 -1 
              1448 1437 1438 -1 
              1448 1447 1437 -1 
              1449 1438 1439 -1 
              1449 1448 1438 -1 
              1450 1439 1440 -1 
              1450 1449 1439 -1 
              1451 1440 1441 -1 
              1451 1450 1440 -1 
              1443 1441 1432 -1 
              1443 1451 1441 -1 
              1452 1431 1430 -1 
              1452 1432 1431 -1 
              1452 1430 1443 -1 
              1452 1443 1432 -1 
              1456 1454 1453 -1 
              1456 1455 1454 -1 
              1458 1460 1459 -1 
              1458 1457 1460 -1 
              1465 1461 1462 -1 
              1465 1463 1461 -1 
              1465 1464 1463 -1 
              1465 1462 1464 -1 
              1478 1466 1467 -1 
              1478 1469 1466 -1 
              1470 1469 1478 -1 
              1479 1470 1478 -1 
              1471 1470 1479 -1 
              1480 1471 1479 -1 
              1472 1471 1480 -1 
              1481 1472 1480 -1 
              1482 1473 1472 -1 
              1482 1472 1481 -1 
              1474 1473 1482 -1 
              1483 1474 1482 -1 
              1475 1474 1483 -1 
              1484 1475 1483 -1 
              1476 1475 1484 -1 
              1485 1476 1484 -1 
              1477 1468 1476 -1 
              1477 1476 1485 -1 
              1489 1487 1486 -1 
              1489 1486 1498 -1 
              1490 1498 1499 -1 
              1490 1489 1498 -1 
              1491 1499 1500 -1 
              1491 1490 1499 -1 
              1492 1500 1501 -1 
              1492 1491 1500 -1 
              1493 1501 1502 -1 
              1493 1492 1501 -1 
              1494 1502 1503 -1 
              1494 1493 1502 -1 
              1495 1503 1504 -1 
              1495 1494 1503 -1 
              1496 1504 1505 -1 
              1496 1495 1504 -1 
              1488 1505 1497 -1 
              1488 1496 1505 -1 
              1507 1509 1508 -1 
              1507 1506 1509 -1 
              1514 1510 1511 -1 
              1514 1512 1510 -1 
              1514 1513 1512 -1 
              1514 1511 1513 -1 
              1519 1516 1515 -1 
              1519 1517 1516 -1 
              1519 1518 1517 -1 
              1519 1515 1518 -1 
              1523 1520 1521 -1 
              1523 1522 1520 -1 
              1528 1525 1524 -1 
              1528 1526 1525 -1 
              1528 1527 1526 -1 
              1528 1524 1527 -1 
              1532 1530 1529 -1 
              1532 1531 1530 -1 
              1536 1534 1533 -1 
              1536 1535 1534 -1 
              1541 1537 1538 -1 
              1541 1539 1537 -1 
              1541 1540 1539 -1 
              1541 1538 1540 -1 
              1546 1542 1543 -1 
              1546 1544 1542 -1 
              1546 1545 1544 -1 
              1546 1543 1545 -1 
              1549 1560 1568 -1 
              1558 1568 1567 -1 
              1558 1549 1568 -1 
              1551 1559 1550 -1 
              1551 1561 1559 -1 
              1557 1567 1566 -1 
              1557 1558 1567 -1 
              1552 1562 1561 -1 
              1552 1561 1551 -1 
              1556 1566 1565 -1 
              1556 1557 1566 -1 
              1553 1563 1562 -1 
              1553 1562 1552 -1 
              1555 1565 1564 -1 
              1555 1556 1565 -1 
              1554 1564 1563 -1 
              1554 1555 1564 -1 
              1554 1563 1553 -1 
              1569 1548 1547 -1 
              1569 1549 1548 -1 
              1569 1547 1560 -1 
              1569 1560 1549 -1 
              1573 1571 1570 -1 
              1573 1572 1571 -1 
              1578 1575 1574 -1 
              1578 1576 1575 -1 
              1578 1577 1576 -1 
              1578 1574 1577 -1 
              1579 1582 1581 -1 
              1579 1580 1582 -1 
              1587 1583 1584 -1 
              1587 1585 1583 -1 
              1587 1586 1585 -1 
              1587 1584 1586 -1 
              1591 1602 1600 -1 
              1592 1603 1602 -1 
              1592 1602 1591 -1 
              1593 1604 1603 -1 
              1593 1603 1592 -1 
              1594 1605 1604 -1 
              1594 1604 1593 -1 
              1595 1605 1594 -1 
              1606 1595 1596 -1 
              1606 1605 1595 -1 
              1607 1596 1597 -1 
              1607 1606 1596 -1 
              1608 1597 1598 -1 
              1608 1607 1597 -1 
              1609 1598 1599 -1 
              1609 1608 1598 -1 
              1601 1599 1590 -1 
              1601 1609 1599 -1 
              1610 1589 1588 -1 
              1610 1590 1589 -1 
              1610 1588 1601 -1 
              1610 1601 1590 -1 
              1614 1612 1611 -1 
              1614 1613 1612 -1 
              1616 1618 1617 -1 
              1616 1615 1618 -1 
              1623 1619 1620 -1 
              1623 1621 1619 -1 
              1623 1622 1621 -1 
              1623 1620 1622 -1 
              1636 1624 1625 -1 
              1636 1627 1624 -1 
              1628 1627 1636 -1 
              1637 1628 1636 -1 
              1629 1628 1637 -1 
              1638 1629 1637 -1 
              1630 1629 1638 -1 
              1639 1630 1638 -1 
              1640 1631 1630 -1 
              1640 1630 1639 -1 
              1632 1631 1640 -1 
              1641 1632 1640 -1 
              1633 1632 1641 -1 
              1642 1633 1641 -1 
              1634 1633 1642 -1 
              1643 1634 1642 -1 
              1635 1626 1634 -1 
              1635 1634 1643 -1 
              1647 1645 1644 -1 
              1647 1644 1656 -1 
              1648 1656 1657 -1 
              1648 1647 1656 -1 
              1649 1657 1658 -1 
              1649 1648 1657 -1 
              1650 1658 1659 -1 
              1650 1649 1658 -1 
              1651 1659 1660 -1 
              1651 1650 1659 -1 
              1652 1660 1661 -1 
              1652 1651 1660 -1 
              1653 1661 1662 -1 
              1653 1652 1661 -1 
              1654 1662 1663 -1 
              1654 1653 1662 -1 
              1646 1663 1655 -1 
              1646 1654 1663 -1 
              1665 1667 1666 -1 
              1665 1664 1667 -1 
              1672 1668 1669 -1 
              1672 1670 1668 -1 
              1672 1671 1670 -1 
              1672 1669 1671 -1 
              1677 1674 1673 -1 
              1677 1675 1674 -1 
              1677 1676 1675 -1 
              1677 1673 1676 -1 
              1681 1678 1679 -1 
              1681 1680 1678 -1 
              1686 1683 1682 -1 
              1686 1684 1683 -1 
              1686 1685 1684 -1 
              1686 1682 1685 -1 
              1690 1688 1687 -1 
              1690 1689 1688 -1 
              1693 1692 1691 -1 
              1693 1691 1694 -1 
              1698 1696 1695 -1 
              1698 1697 1696 -1 
              1702 1712 1711 -1 
              1702 1713 1712 -1 
              1703 1715 1713 -1 
              1703 1713 1702 -1 
              1704 1716 1715 -1 
              1704 1715 1703 -1 
              1705 1717 1716 -1 
              1705 1716 1704 -1 
              1706 1718 1717 -1 
              1706 1717 1705 -1 
              1707 1718 1706 -1 
              1719 1718 1707 -1 
              1720 1707 1708 -1 
              1720 1708 1709 -1 
              1720 1719 1707 -1 
              1721 1709 1710 -1 
              1721 1720 1709 -1 
              1722 1721 1710 -1 
              1714 1710 1701 -1 
              1714 1722 1710 -1 
              1699 1701 1700 -1 
              1699 1714 1701 -1 
              1726 1724 1723 -1 
              1726 1725 1724 -1 
              1731 1727 1728 -1 
              1731 1729 1727 -1 
              1731 1730 1729 -1 
              1731 1728 1730 -1 
              1736 1732 1733 -1 
              1736 1734 1732 -1 
              1736 1735 1734 -1 
              1736 1733 1735 -1 
              1738 1740 1739 -1 
              1738 1737 1740 -1 
              1744 1741 1742 -1 
              1744 1742 1753 -1 
              1745 1753 1754 -1 
              1745 1744 1753 -1 
              1746 1754 1755 -1 
              1746 1745 1754 -1 
              1747 1755 1756 -1 
              1747 1746 1755 -1 
              1748 1756 1757 -1 
              1748 1747 1756 -1 
              1749 1757 1758 -1 
              1749 1748 1757 -1 
              1750 1758 1759 -1 
              1750 1749 1758 -1 
              1751 1759 1760 -1 
              1751 1750 1759 -1 
              1743 1760 1752 -1 
              1743 1751 1760 -1 
              1763 1762 1761 -1 
              1763 1761 1764 -1 
              1768 1766 1765 -1 
              1768 1767 1766 -1 
              1771 1770 1769 -1 
              1771 1784 1792 -1 
              1771 1769 1784 -1 
              1772 1782 1781 -1 
              1772 1783 1782 -1 
              1772 1785 1783 -1 
              1780 1771 1792 -1 
              1773 1785 1772 -1 
              1774 1786 1785 -1 
              1774 1785 1773 -1 
              1779 1792 1791 -1 
              1779 1780 1792 -1 
              1775 1787 1786 -1 
              1775 1788 1787 -1 
              1775 1786 1774 -1 
              1778 1790 1789 -1 
              1778 1791 1790 -1 
              1778 1779 1791 -1 
              1776 1789 1788 -1 
              1776 1788 1775 -1 
              1777 1778 1789 -1 
              1777 1789 1776 -1 
              1796 1794 1793 -1 
              1796 1795 1794 -1 
              1801 1798 1797 -1 
              1801 1799 1798 -1 
              1801 1800 1799 -1 
              1801 1797 1800 -1 
              1802 1805 1804 -1 
              1802 1803 1805 -1 
              1810 1806 1807 -1 
              1810 1808 1806 -1 
              1810 1809 1808 -1 
              1810 1807 1809 -1 
              1812 1814 1813 -1 
              1812 1811 1814 -1 
              1827 1815 1816 -1 
              1827 1818 1815 -1 
              1828 1819 1818 -1 
              1828 1818 1827 -1 
              1829 1820 1819 -1 
              1829 1819 1828 -1 
              1830 1821 1820 -1 
              1830 1820 1829 -1 
              1831 1822 1821 -1 
              1831 1821 1830 -1 
              1832 1823 1822 -1 
              1832 1822 1831 -1 
              1833 1824 1823 -1 
              1833 1823 1832 -1 
              1834 1825 1824 -1 
              1834 1824 1833 -1 
              1826 1817 1825 -1 
              1826 1825 1834 -1 
              1839 1835 1836 -1 
              1839 1837 1835 -1 
              1839 1838 1837 -1 
              1839 1836 1838 -1 
              1844 1841 1840 -1 
              1844 1842 1841 -1 
              1844 1843 1842 -1 
              1844 1840 1843 -1 
              1848 1845 1846 -1 
              1848 1847 1845 -1 
              1853 1849 1850 -1 
              1853 1851 1849 -1 
              1853 1852 1851 -1 
              1853 1850 1852 -1 
              1858 1855 1854 -1 
              1858 1856 1855 -1 
              1858 1857 1856 -1 
              1858 1854 1857 -1 
              1862 1859 1860 -1 
              1862 1861 1859 -1 
              1866 1864 1863 -1 
              1866 1865 1864 -1 
              1870 1880 1879 -1 
              1870 1881 1880 -1 
              1871 1883 1881 -1 
              1871 1881 1870 -1 
              1872 1884 1883 -1 
              1872 1883 1871 -1 
              1873 1885 1884 -1 
              1873 1884 1872 -1 
              1874 1886 1885 -1 
              1874 1885 1873 -1 
              1875 1886 1874 -1 
              1887 1886 1875 -1 
              1888 1875 1876 -1 
              1888 1876 1877 -1 
              1888 1887 1875 -1 
              1889 1877 1878 -1 
              1889 1888 1877 -1 
              1890 1889 1878 -1 
              1882 1878 1869 -1 
              1882 1890 1878 -1 
              1867 1869 1868 -1 
              1867 1882 1869 -1 
              1894 1892 1891 -1 
              1894 1893 1892 -1 
              1899 1895 1896 -1 
              1899 1897 1895 -1 
              1899 1898 1897 -1 
              1899 1896 1898 -1 
              1904 1900 1901 -1 
              1904 1902 1900 -1 
              1904 1903 1902 -1 
              1904 1901 1903 -1 
              1906 1908 1907 -1 
              1906 1905 1908 -1 
              1912 1909 1910 -1 
              1912 1910 1921 -1 
              1913 1921 1922 -1 
              1913 1912 1921 -1 
              1914 1922 1923 -1 
              1914 1913 1922 -1 
              1915 1923 1924 -1 
              1915 1914 1923 -1 
              1916 1924 1925 -1 
              1916 1915 1924 -1 
              1917 1925 1926 -1 
              1917 1916 1925 -1 
              1918 1926 1927 -1 
              1918 1917 1926 -1 
              1919 1927 1928 -1 
              1919 1918 1927 -1 
              1911 1928 1920 -1 
              1911 1919 1928 -1 
              1932 1929 1930 -1 
              1932 1931 1929 -1 
              1936 1934 1933 -1 
              1936 1935 1934 -1 
              1939 1938 1937 -1 
              1939 1952 1960 -1 
              1939 1937 1952 -1 
              1940 1950 1949 -1 
              1940 1951 1950 -1 
              1940 1953 1951 -1 
              1948 1939 1960 -1 
              1941 1953 1940 -1 
              1942 1954 1953 -1 
              1942 1953 1941 -1 
              1947 1960 1959 -1 
              1947 1948 1960 -1 
              1943 1955 1954 -1 
              1943 1956 1955 -1 
              1943 1954 1942 -1 
              1946 1958 1957 -1 
              1946 1959 1958 -1 
              1946 1947 1959 -1 
              1944 1957 1956 -1 
              1944 1956 1943 -1 
              1945 1946 1957 -1 
              1945 1957 1944 -1 
              1964 1962 1961 -1 
              1964 1963 1962 -1 
              1969 1966 1965 -1 
              1969 1967 1966 -1 
              1969 1968 1967 -1 
              1969 1965 1968 -1 
              1970 1973 1972 -1 
              1970 1971 1973 -1 
              1978 1974 1975 -1 
              1978 1976 1974 -1 
              1978 1977 1976 -1 
              1978 1975 1977 -1 
              1980 1982 1981 -1 
              1980 1979 1982 -1 
              1995 1983 1984 -1 
              1995 1986 1983 -1 
              1996 1987 1986 -1 
              1996 1986 1995 -1 
              1997 1988 1987 -1 
              1997 1987 1996 -1 
              1998 1989 1988 -1 
              1998 1988 1997 -1 
              1999 1990 1989 -1 
              1999 1989 1998 -1 
              2000 1991 1990 -1 
              2000 1990 1999 -1 
              2001 1992 1991 -1 
              2001 1991 2000 -1 
              2002 1993 1992 -1 
              2002 1992 2001 -1 
              1994 1985 1993 -1 
              1994 1993 2002 -1 
              2007 2003 2004 -1 
              2007 2005 2003 -1 
              2007 2006 2005 -1 
              2007 2004 2006 -1 
              2012 2009 2008 -1 
              2012 2010 2009 -1 
              2012 2011 2010 -1 
              2012 2008 2011 -1 
              2016 2013 2014 -1 
              2016 2015 2013 -1 
              2021 2017 2018 -1 
              2021 2019 2017 -1 
              2021 2020 2019 -1 
              2021 2018 2020 -1 
              2026 2023 2022 -1 
              2026 2024 2023 -1 
              2026 2025 2024 -1 
              2026 2022 2025 -1 
              2030 2027 2028 -1 
              2030 2029 2027 -1 
              2034 2032 2031 -1 
              2034 2033 2032 -1 
              2038 2048 2047 -1 
              2038 2049 2048 -1 
              2039 2051 2049 -1 
              2039 2049 2038 -1 
              2040 2052 2051 -1 
              2040 2051 2039 -1 
              2041 2053 2052 -1 
              2041 2052 2040 -1 
              2042 2054 2053 -1 
              2042 2053 2041 -1 
              2043 2054 2042 -1 
              2055 2054 2043 -1 
              2056 2043 2044 -1 
              2056 2044 2045 -1 
              2056 2055 2043 -1 
              2057 2045 2046 -1 
              2057 2056 2045 -1 
              2058 2057 2046 -1 
              2050 2046 2037 -1 
              2050 2058 2046 -1 
              2035 2037 2036 -1 
              2035 2050 2037 -1 
              2062 2060 2059 -1 
              2062 2061 2060 -1 
              2067 2063 2064 -1 
              2067 2065 2063 -1 
              2067 2066 2065 -1 
              2067 2064 2066 -1 
              2072 2068 2069 -1 
              2072 2070 2068 -1 
              2072 2071 2070 -1 
              2072 2069 2071 -1 
              2074 2076 2075 -1 
              2074 2073 2076 -1 
              2080 2077 2078 -1 
              2080 2078 2089 -1 
              2081 2089 2090 -1 
              2081 2080 2089 -1 
              2082 2090 2091 -1 
              2082 2081 2090 -1 
              2083 2091 2092 -1 
              2083 2082 2091 -1 
              2084 2092 2093 -1 
              2084 2083 2092 -1 
              2085 2093 2094 -1 
              2085 2084 2093 -1 
              2086 2094 2095 -1 
              2086 2085 2094 -1 
              2087 2095 2096 -1 
              2087 2086 2095 -1 
              2079 2096 2088 -1 
              2079 2087 2096 -1 
              2100 2097 2098 -1 
              2100 2099 2097 -1 
              2104 2102 2101 -1 
              2104 2103 2102 -1 
              2107 2106 2105 -1 
              2107 2120 2128 -1 
              2107 2105 2120 -1 
              2108 2118 2117 -1 
              2108 2119 2118 -1 
              2108 2121 2119 -1 
              2116 2107 2128 -1 
              2109 2121 2108 -1 
              2110 2122 2121 -1 
              2110 2121 2109 -1 
              2115 2128 2127 -1 
              2115 2116 2128 -1 
              2111 2123 2122 -1 
              2111 2124 2123 -1 
              2111 2122 2110 -1 
              2114 2126 2125 -1 
              2114 2127 2126 -1 
              2114 2115 2127 -1 
              2112 2125 2124 -1 
              2112 2124 2111 -1 
              2113 2114 2125 -1 
              2113 2125 2112 -1 
              2132 2130 2129 -1 
              2132 2131 2130 -1 
              2137 2134 2133 -1 
              2137 2135 2134 -1 
              2137 2136 2135 -1 
              2137 2133 2136 -1 
              2138 2141 2140 -1 
              2138 2139 2141 -1 
              2146 2142 2143 -1 
              2146 2144 2142 -1 
              2146 2145 2144 -1 
              2146 2143 2145 -1 
              2148 2150 2149 -1 
              2148 2147 2150 -1 
              2163 2151 2152 -1 
              2163 2154 2151 -1 
              2164 2155 2154 -1 
              2164 2154 2163 -1 
              2165 2156 2155 -1 
              2165 2155 2164 -1 
              2166 2157 2156 -1 
              2166 2156 2165 -1 
              2167 2158 2157 -1 
              2167 2157 2166 -1 
              2168 2159 2158 -1 
              2168 2158 2167 -1 
              2169 2160 2159 -1 
              2169 2159 2168 -1 
              2170 2161 2160 -1 
              2170 2160 2169 -1 
              2162 2153 2161 -1 
              2162 2161 2170 -1 
              2175 2171 2172 -1 
              2175 2173 2171 -1 
              2175 2174 2173 -1 
              2175 2172 2174 -1 
              2180 2177 2176 -1 
              2180 2178 2177 -1 
              2180 2179 2178 -1 
              2180 2176 2179 -1 
              2184 2181 2182 -1 
              2184 2183 2181 -1 
              2189 2185 2186 -1 
              2189 2187 2185 -1 
              2189 2188 2187 -1 
              2189 2186 2188 -1 
              2194 2191 2190 -1 
              2194 2192 2191 -1 
              2194 2193 2192 -1 
              2194 2190 2193 -1 
              2198 2195 2196 -1 
              2198 2197 2195 -1 
              2202 2200 2199 -1 
              2202 2201 2200 -1 
              2206 2216 2215 -1 
              2206 2217 2216 -1 
              2207 2219 2217 -1 
              2207 2217 2206 -1 
              2208 2220 2219 -1 
              2208 2219 2207 -1 
              2209 2221 2220 -1 
              2209 2220 2208 -1 
              2210 2222 2221 -1 
              2210 2221 2209 -1 
              2211 2222 2210 -1 
              2223 2222 2211 -1 
              2224 2211 2212 -1 
              2224 2212 2213 -1 
              2224 2223 2211 -1 
              2225 2213 2214 -1 
              2225 2224 2213 -1 
              2226 2225 2214 -1 
              2218 2214 2205 -1 
              2218 2226 2214 -1 
              2203 2205 2204 -1 
              2203 2218 2205 -1 
              2230 2228 2227 -1 
              2230 2229 2228 -1 
              2235 2231 2232 -1 
              2235 2233 2231 -1 
              2235 2234 2233 -1 
              2235 2232 2234 -1 
              2240 2236 2237 -1 
              2240 2238 2236 -1 
              2240 2239 2238 -1 
              2240 2237 2239 -1 
              2242 2244 2243 -1 
              2242 2241 2244 -1 
              2248 2245 2246 -1 
              2248 2246 2257 -1 
              2249 2257 2258 -1 
              2249 2248 2257 -1 
              2250 2258 2259 -1 
              2250 2249 2258 -1 
              2251 2259 2260 -1 
              2251 2250 2259 -1 
              2252 2260 2261 -1 
              2252 2251 2260 -1 
              2253 2261 2262 -1 
              2253 2252 2261 -1 
              2254 2262 2263 -1 
              2254 2253 2262 -1 
              2255 2263 2264 -1 
              2255 2254 2263 -1 
              2247 2264 2256 -1 
              2247 2255 2264 -1 
              2268 2265 2266 -1 
              2268 2267 2265 -1 
              2272 2270 2269 -1 
              2272 2271 2270 -1 
              2275 2274 2273 -1 
              2275 2288 2296 -1 
              2275 2273 2288 -1 
              2276 2286 2285 -1 
              2276 2287 2286 -1 
              2276 2289 2287 -1 
              2284 2275 2296 -1 
              2277 2289 2276 -1 
              2278 2290 2289 -1 
              2278 2289 2277 -1 
              2283 2296 2295 -1 
              2283 2284 2296 -1 
              2279 2291 2290 -1 
              2279 2292 2291 -1 
              2279 2290 2278 -1 
              2282 2294 2293 -1 
              2282 2295 2294 -1 
              2282 2283 2295 -1 
              2280 2293 2292 -1 
              2280 2292 2279 -1 
              2281 2282 2293 -1 
              2281 2293 2280 -1 
              2300 2298 2297 -1 
              2300 2299 2298 -1 
              2305 2302 2301 -1 
              2305 2303 2302 -1 
              2305 2304 2303 -1 
              2305 2301 2304 -1 
              2306 2309 2308 -1 
              2306 2307 2309 -1 
              2314 2310 2311 -1 
              2314 2312 2310 -1 
              2314 2313 2312 -1 
              2314 2311 2313 -1 
              2316 2318 2317 -1 
              2316 2315 2318 -1 
              2331 2319 2320 -1 
              2331 2322 2319 -1 
              2332 2323 2322 -1 
              2332 2322 2331 -1 
              2333 2324 2323 -1 
              2333 2323 2332 -1 
              2334 2325 2324 -1 
              2334 2324 2333 -1 
              2335 2326 2325 -1 
              2335 2325 2334 -1 
              2336 2327 2326 -1 
              2336 2326 2335 -1 
              2337 2328 2327 -1 
              2337 2327 2336 -1 
              2338 2329 2328 -1 
              2338 2328 2337 -1 
              2330 2321 2329 -1 
              2330 2329 2338 -1 
              2343 2339 2340 -1 
              2343 2341 2339 -1 
              2343 2342 2341 -1 
              2343 2340 2342 -1 
              2348 2345 2344 -1 
              2348 2346 2345 -1 
              2348 2347 2346 -1 
              2348 2344 2347 -1 
              2352 2349 2350 -1 
              2352 2351 2349 -1 
              2357 2353 2354 -1 
              2357 2355 2353 -1 
              2357 2356 2355 -1 
              2357 2354 2356 -1 
              2362 2359 2358 -1 
              2362 2360 2359 -1 
              2362 2361 2360 -1 
              2362 2358 2361 -1 
              2366 2363 2364 -1 
              2366 2365 2363 -1 
              2370 2368 2367 -1 
              2370 2369 2368 -1 
              2374 2384 2383 -1 
              2374 2385 2384 -1 
              2375 2387 2385 -1 
              2375 2385 2374 -1 
              2376 2388 2387 -1 
              2376 2387 2375 -1 
              2377 2389 2388 -1 
              2377 2388 2376 -1 
              2378 2390 2389 -1 
              2378 2389 2377 -1 
              2379 2390 2378 -1 
              2391 2390 2379 -1 
              2392 2379 2380 -1 
              2392 2380 2381 -1 
              2392 2391 2379 -1 
              2393 2381 2382 -1 
              2393 2392 2381 -1 
              2394 2393 2382 -1 
              2386 2382 2373 -1 
              2386 2394 2382 -1 
              2371 2373 2372 -1 
              2371 2386 2373 -1 
              2398 2396 2395 -1 
              2398 2397 2396 -1 
              2403 2399 2400 -1 
              2403 2401 2399 -1 
              2403 2402 2401 -1 
              2403 2400 2402 -1 
              2408 2404 2405 -1 
              2408 2406 2404 -1 
              2408 2407 2406 -1 
              2408 2405 2407 -1 
              2410 2412 2411 -1 
              2410 2409 2412 -1 
              2416 2413 2414 -1 
              2416 2414 2425 -1 
              2417 2425 2426 -1 
              2417 2416 2425 -1 
              2418 2426 2427 -1 
              2418 2417 2426 -1 
              2419 2427 2428 -1 
              2419 2418 2427 -1 
              2420 2428 2429 -1 
              2420 2419 2428 -1 
              2421 2429 2430 -1 
              2421 2420 2429 -1 
              2422 2430 2431 -1 
              2422 2421 2430 -1 
              2423 2431 2432 -1 
              2423 2422 2431 -1 
              2415 2432 2424 -1 
              2415 2423 2432 -1 
              2436 2433 2434 -1 
              2436 2435 2433 -1 
              2440 2438 2437 -1 
              2440 2439 2438 -1 
              2443 2442 2441 -1 
              2443 2456 2464 -1 
              2443 2441 2456 -1 
              2444 2454 2453 -1 
              2444 2455 2454 -1 
              2444 2457 2455 -1 
              2452 2443 2464 -1 
              2445 2457 2444 -1 
              2446 2458 2457 -1 
              2446 2457 2445 -1 
              2451 2464 2463 -1 
              2451 2452 2464 -1 
              2447 2459 2458 -1 
              2447 2460 2459 -1 
              2447 2458 2446 -1 
              2450 2462 2461 -1 
              2450 2463 2462 -1 
              2450 2451 2463 -1 
              2448 2461 2460 -1 
              2448 2460 2447 -1 
              2449 2450 2461 -1 
              2449 2461 2448 -1 
              2468 2466 2465 -1 
              2468 2467 2466 -1 
              2473 2470 2469 -1 
              2473 2471 2470 -1 
              2473 2472 2471 -1 
              2473 2469 2472 -1 
              2474 2477 2476 -1 
              2474 2475 2477 -1 
              2482 2478 2479 -1 
              2482 2480 2478 -1 
              2482 2481 2480 -1 
              2482 2479 2481 -1 
              2484 2486 2485 -1 
              2484 2483 2486 -1 
              2499 2487 2488 -1 
              2499 2490 2487 -1 
              2500 2491 2490 -1 
              2500 2490 2499 -1 
              2501 2492 2491 -1 
              2501 2491 2500 -1 
              2502 2493 2492 -1 
              2502 2492 2501 -1 
              2503 2494 2493 -1 
              2503 2493 2502 -1 
              2504 2495 2494 -1 
              2504 2494 2503 -1 
              2505 2496 2495 -1 
              2505 2495 2504 -1 
              2506 2497 2496 -1 
              2506 2496 2505 -1 
              2498 2489 2497 -1 
              2498 2497 2506 -1 
              2511 2507 2508 -1 
              2511 2509 2507 -1 
              2511 2510 2509 -1 
              2511 2508 2510 -1 
              2516 2513 2512 -1 
              2516 2514 2513 -1 
              2516 2515 2514 -1 
              2516 2512 2515 -1 
              2520 2517 2518 -1 
              2520 2519 2517 -1 
              2525 2521 2522 -1 
              2525 2523 2521 -1 
              2525 2524 2523 -1 
              2525 2522 2524 -1 
              2530 2527 2526 -1 
              2530 2528 2527 -1 
              2530 2529 2528 -1 
              2530 2526 2529 -1 
              2534 2531 2532 -1 
              2534 2533 2531 -1 
              2538 2536 2535 -1 
              2538 2537 2536 -1 
              2542 2552 2551 -1 
              2542 2553 2552 -1 
              2543 2555 2553 -1 
              2543 2553 2542 -1 
              2544 2556 2555 -1 
              2544 2555 2543 -1 
              2545 2557 2556 -1 
              2545 2556 2544 -1 
              2546 2558 2557 -1 
              2546 2557 2545 -1 
              2547 2558 2546 -1 
              2559 2558 2547 -1 
              2560 2547 2548 -1 
              2560 2548 2549 -1 
              2560 2559 2547 -1 
              2561 2549 2550 -1 
              2561 2560 2549 -1 
              2562 2561 2550 -1 
              2554 2550 2541 -1 
              2554 2562 2550 -1 
              2539 2541 2540 -1 
              2539 2554 2541 -1 
              2566 2564 2563 -1 
              2566 2565 2564 -1 
              2571 2567 2568 -1 
              2571 2569 2567 -1 
              2571 2570 2569 -1 
              2571 2568 2570 -1 
              2576 2572 2573 -1 
              2576 2574 2572 -1 
              2576 2575 2574 -1 
              2576 2573 2575 -1 
              2578 2580 2579 -1 
              2578 2577 2580 -1 
              2584 2581 2582 -1 
              2584 2582 2593 -1 
              2585 2593 2594 -1 
              2585 2584 2593 -1 
              2586 2594 2595 -1 
              2586 2585 2594 -1 
              2587 2595 2596 -1 
              2587 2586 2595 -1 
              2588 2596 2597 -1 
              2588 2587 2596 -1 
              2589 2597 2598 -1 
              2589 2588 2597 -1 
              2590 2598 2599 -1 
              2590 2589 2598 -1 
              2591 2599 2600 -1 
              2591 2590 2599 -1 
              2583 2600 2592 -1 
              2583 2591 2600 -1 
              2604 2601 2602 -1 
              2604 2603 2601 -1 
              2608 2606 2605 -1 
              2608 2607 2606 -1 
              2611 2610 2609 -1 
              2611 2624 2632 -1 
              2611 2609 2624 -1 
              2612 2622 2621 -1 
              2612 2623 2622 -1 
              2612 2625 2623 -1 
              2620 2611 2632 -1 
              2613 2625 2612 -1 
              2614 2626 2625 -1 
              2614 2625 2613 -1 
              2619 2632 2631 -1 
              2619 2620 2632 -1 
              2615 2627 2626 -1 
              2615 2628 2627 -1 
              2615 2626 2614 -1 
              2618 2630 2629 -1 
              2618 2631 2630 -1 
              2618 2619 2631 -1 
              2616 2629 2628 -1 
              2616 2628 2615 -1 
              2617 2618 2629 -1 
              2617 2629 2616 -1 
              2636 2634 2633 -1 
              2636 2635 2634 -1 
              2641 2638 2637 -1 
              2641 2639 2638 -1 
              2641 2640 2639 -1 
              2641 2637 2640 -1 
              2642 2645 2644 -1 
              2642 2643 2645 -1 
              2650 2646 2647 -1 
              2650 2648 2646 -1 
              2650 2649 2648 -1 
              2650 2647 2649 -1 
              2652 2654 2653 -1 
              2652 2651 2654 -1 
              2667 2655 2656 -1 
              2667 2658 2655 -1 
              2668 2659 2658 -1 
              2668 2658 2667 -1 
              2669 2660 2659 -1 
              2669 2659 2668 -1 
              2670 2661 2660 -1 
              2670 2660 2669 -1 
              2671 2662 2661 -1 
              2671 2661 2670 -1 
              2672 2663 2662 -1 
              2672 2662 2671 -1 
              2673 2664 2663 -1 
              2673 2663 2672 -1 
              2674 2665 2664 -1 
              2674 2664 2673 -1 
              2666 2657 2665 -1 
              2666 2665 2674 -1 
              2679 2675 2676 -1 
              2679 2677 2675 -1 
              2679 2678 2677 -1 
              2679 2676 2678 -1 
              2684 2681 2680 -1 
              2684 2682 2681 -1 
              2684 2683 2682 -1 
              2684 2680 2683 -1 
              2688 2685 2686 -1 
              2688 2687 2685 -1 
              2693 2689 2690 -1 
              2693 2691 2689 -1 
              2693 2692 2691 -1 
              2693 2690 2692 -1 
              2698 2695 2694 -1 
              2698 2696 2695 -1 
              2698 2697 2696 -1 
              2698 2694 2697 -1 
              2702 2699 2700 -1 
              2702 2701 2699 -1 
              2706 2704 2703 -1 
              2706 2705 2704 -1 
              2710 2720 2719 -1 
              2710 2721 2720 -1 
              2711 2723 2721 -1 
              2711 2721 2710 -1 
              2712 2724 2723 -1 
              2712 2723 2711 -1 
              2713 2725 2724 -1 
              2713 2724 2712 -1 
              2714 2726 2725 -1 
              2714 2725 2713 -1 
              2715 2726 2714 -1 
              2727 2726 2715 -1 
              2728 2715 2716 -1 
              2728 2716 2717 -1 
              2728 2727 2715 -1 
              2729 2717 2718 -1 
              2729 2728 2717 -1 
              2730 2729 2718 -1 
              2722 2718 2709 -1 
              2722 2730 2718 -1 
              2707 2709 2708 -1 
              2707 2722 2709 -1 
              2734 2732 2731 -1 
              2734 2733 2732 -1 
              2739 2735 2736 -1 
              2739 2737 2735 -1 
              2739 2738 2737 -1 
              2739 2736 2738 -1 
              2744 2740 2741 -1 
              2744 2742 2740 -1 
              2744 2743 2742 -1 
              2744 2741 2743 -1 
              2746 2748 2747 -1 
              2746 2745 2748 -1 
              2752 2749 2750 -1 
              2752 2750 2761 -1 
              2753 2761 2762 -1 
              2753 2752 2761 -1 
              2754 2762 2763 -1 
              2754 2753 2762 -1 
              2755 2763 2764 -1 
              2755 2754 2763 -1 
              2756 2764 2765 -1 
              2756 2755 2764 -1 
              2757 2765 2766 -1 
              2757 2756 2765 -1 
              2758 2766 2767 -1 
              2758 2757 2766 -1 
              2759 2767 2768 -1 
              2759 2758 2767 -1 
              2751 2768 2760 -1 
              2751 2759 2768 -1 
              2772 2769 2770 -1 
              2772 2771 2769 -1 
              2776 2774 2773 -1 
              2776 2775 2774 -1 
              2779 2778 2777 -1 
              2779 2792 2800 -1 
              2779 2777 2792 -1 
              2780 2790 2789 -1 
              2780 2791 2790 -1 
              2780 2793 2791 -1 
              2788 2779 2800 -1 
              2781 2793 2780 -1 
              2782 2794 2793 -1 
              2782 2793 2781 -1 
              2787 2800 2799 -1 
              2787 2788 2800 -1 
              2783 2795 2794 -1 
              2783 2796 2795 -1 
              2783 2794 2782 -1 
              2786 2798 2797 -1 
              2786 2799 2798 -1 
              2786 2787 2799 -1 
              2784 2797 2796 -1 
              2784 2796 2783 -1 
              2785 2786 2797 -1 
              2785 2797 2784 -1 
              2804 2802 2801 -1 
              2804 2803 2802 -1 
              2809 2806 2805 -1 
              2809 2807 2806 -1 
              2809 2808 2807 -1 
              2809 2805 2808 -1 
              2810 2813 2812 -1 
              2810 2811 2813 -1 
              2818 2814 2815 -1 
              2818 2816 2814 -1 
              2818 2817 2816 -1 
              2818 2815 2817 -1 
              2820 2822 2821 -1 
              2820 2819 2822 -1 
              2835 2823 2824 -1 
              2835 2826 2823 -1 
              2836 2827 2826 -1 
              2836 2826 2835 -1 
              2837 2828 2827 -1 
              2837 2827 2836 -1 
              2838 2829 2828 -1 
              2838 2828 2837 -1 
              2839 2830 2829 -1 
              2839 2829 2838 -1 
              2840 2831 2830 -1 
              2840 2830 2839 -1 
              2841 2832 2831 -1 
              2841 2831 2840 -1 
              2842 2833 2832 -1 
              2842 2832 2841 -1 
              2834 2825 2833 -1 
              2834 2833 2842 -1 
              2847 2843 2844 -1 
              2847 2845 2843 -1 
              2847 2846 2845 -1 
              2847 2844 2846 -1 
              2852 2849 2848 -1 
              2852 2850 2849 -1 
              2852 2851 2850 -1 
              2852 2848 2851 -1 
              2856 2853 2854 -1 
              2856 2855 2853 -1 
              2861 2857 2858 -1 
              2861 2859 2857 -1 
              2861 2860 2859 -1 
              2861 2858 2860 -1 
              2866 2863 2862 -1 
              2866 2864 2863 -1 
              2866 2865 2864 -1 
              2866 2862 2865 -1 
              2869 2868 2867 -1 
              2869 2867 2870 -1 
            ]
          }
        }
      ]
    }
  ]
}
