ISO-10303-21;
HEADER;
FILE_DESCRIPTION((''),'2;1');
FILE_NAME('901303314','2013-04-05T',('me'),(''),
'PRO/ENGINEER BY PARAMETRIC TECHNOLOGY CORPORATION, 2011490',
'PRO/ENGINEER BY PARAMETRIC TECHNOLOGY CORPORATION, 2011490','');
FILE_SCHEMA(('CONFIG_CONTROL_DESIGN'));
ENDSEC;
DATA;
#1=DIRECTION('',(1.E0,0.E0,0.E0));
#2=VECTOR('',#1,5.65E0);
#3=CARTESIAN_POINT('',(-2.825E0,2.47E0,-4.875E0));
#4=LINE('',#3,#2);
#5=DIRECTION('',(0.E0,1.E0,0.E0));
#6=VECTOR('',#5,2.98E0);
#7=CARTESIAN_POINT('',(2.825E0,2.47E0,-4.875E0));
#8=LINE('',#7,#6);
#9=DIRECTION('',(-1.E0,0.E0,0.E0));
#10=VECTOR('',#9,5.65E0);
#11=CARTESIAN_POINT('',(2.825E0,5.45E0,-4.875E0));
#12=LINE('',#11,#10);
#13=DIRECTION('',(0.E0,1.E0,0.E0));
#14=VECTOR('',#13,2.98E0);
#15=CARTESIAN_POINT('',(-2.825E0,2.47E0,-4.875E0));
#16=LINE('',#15,#14);
#17=DIRECTION('',(2.588190451025E-1,0.E0,-9.659258262891E-1));
#18=VECTOR('',#17,8.023390398178E-1);
#19=CARTESIAN_POINT('',(-3.032660624134E0,2.47E0,-4.1E0));
#20=LINE('',#19,#18);
#21=DIRECTION('',(0.E0,-1.E0,0.E0));
#22=VECTOR('',#21,2.98E0);
#23=CARTESIAN_POINT('',(-3.032660624134E0,5.45E0,-4.1E0));
#24=LINE('',#23,#22);
#25=DIRECTION('',(-8.715574274766E-2,0.E0,-9.961946980917E-1));
#26=VECTOR('',#25,1.003819837543E0);
#27=CARTESIAN_POINT('',(1.986242064468E0,5.45E0,-3.475E0));
#28=LINE('',#27,#26);
#29=DIRECTION('',(-8.715574274766E-2,0.E0,9.961946980917E-1));
#30=VECTOR('',#29,1.003819837543E0);
#31=CARTESIAN_POINT('',(-1.898753400942E0,5.45E0,-4.475E0));
#32=LINE('',#31,#30);
#33=DIRECTION('',(1.E0,0.E0,0.E0));
#34=VECTOR('',#33,7.027339375866E0);
#35=CARTESIAN_POINT('',(-1.006E1,5.45E0,-4.1E0));
#36=LINE('',#35,#34);
#37=DIRECTION('',(2.588190451025E-1,0.E0,-9.659258262891E-1));
#38=VECTOR('',#37,8.023390398178E-1);
#39=CARTESIAN_POINT('',(-3.032660624134E0,5.45E0,-4.1E0));
#40=LINE('',#39,#38);
#41=DIRECTION('',(2.588190451025E-1,0.E0,9.659258262891E-1));
#42=VECTOR('',#41,8.023390398178E-1);
#43=CARTESIAN_POINT('',(2.825E0,5.45E0,-4.875E0));
#44=LINE('',#43,#42);
#45=DIRECTION('',(-1.E0,0.E0,0.E0));
#46=VECTOR('',#45,7.027339375866E0);
#47=CARTESIAN_POINT('',(1.006E1,5.45E0,-4.1E0));
#48=LINE('',#47,#46);
#49=DIRECTION('',(0.E0,0.E0,1.E0));
#50=VECTOR('',#49,8.975E0);
#51=CARTESIAN_POINT('',(1.006E1,5.45E0,-4.1E0));
#52=LINE('',#51,#50);
#53=DIRECTION('',(0.E0,0.E0,-1.E0));
#54=VECTOR('',#53,6.25E-1);
#55=CARTESIAN_POINT('',(9.16E0,5.45E0,4.875E0));
#56=LINE('',#55,#54);
#57=CARTESIAN_POINT('',(9.01E0,5.45E0,4.25E0));
#58=DIRECTION('',(0.E0,1.E0,0.E0));
#59=DIRECTION('',(1.E0,0.E0,0.E0));
#60=AXIS2_PLACEMENT_3D('',#57,#58,#59);
#62=DIRECTION('',(-1.E0,0.E0,0.E0));
#63=VECTOR('',#62,8.01E0);
#64=CARTESIAN_POINT('',(9.01E0,5.45E0,4.1E0));
#65=LINE('',#64,#63);
#66=CARTESIAN_POINT('',(1.E0,5.45E0,4.2E0));
#67=DIRECTION('',(0.E0,-1.E0,0.E0));
#68=DIRECTION('',(-1.E0,0.E0,0.E0));
#69=AXIS2_PLACEMENT_3D('',#66,#67,#68);
#71=DIRECTION('',(0.E0,0.E0,-1.E0));
#72=VECTOR('',#71,6.75E-1);
#73=CARTESIAN_POINT('',(9.E-1,5.45E0,4.875E0));
#74=LINE('',#73,#72);
#75=DIRECTION('',(1.E0,0.E0,0.E0));
#76=VECTOR('',#75,1.8E0);
#77=CARTESIAN_POINT('',(-9.E-1,5.45E0,4.875E0));
#78=LINE('',#77,#76);
#79=DIRECTION('',(0.E0,0.E0,1.E0));
#80=VECTOR('',#79,6.75E-1);
#81=CARTESIAN_POINT('',(-9.E-1,5.45E0,4.2E0));
#82=LINE('',#81,#80);
#83=CARTESIAN_POINT('',(-1.E0,5.45E0,4.2E0));
#84=DIRECTION('',(0.E0,-1.E0,0.E0));
#85=DIRECTION('',(0.E0,0.E0,-1.E0));
#86=AXIS2_PLACEMENT_3D('',#83,#84,#85);
#88=DIRECTION('',(-1.E0,0.E0,0.E0));
#89=VECTOR('',#88,8.01E0);
#90=CARTESIAN_POINT('',(-1.E0,5.45E0,4.1E0));
#91=LINE('',#90,#89);
#92=CARTESIAN_POINT('',(-9.01E0,5.45E0,4.25E0));
#93=DIRECTION('',(0.E0,1.E0,0.E0));
#94=DIRECTION('',(0.E0,0.E0,-1.E0));
#95=AXIS2_PLACEMENT_3D('',#92,#93,#94);
#97=DIRECTION('',(0.E0,0.E0,-1.E0));
#98=VECTOR('',#97,6.25E-1);
#99=CARTESIAN_POINT('',(-9.16E0,5.45E0,4.875E0));
#100=LINE('',#99,#98);
#101=DIRECTION('',(1.E0,0.E0,0.E0));
#102=VECTOR('',#101,1.888E1);
#103=CARTESIAN_POINT('',(-9.44E0,5.45E0,3.475E0));
#104=LINE('',#103,#102);
#105=DIRECTION('',(5.773502691896E-1,-5.773502691896E-1,-5.773502691896E-1));
#106=VECTOR('',#105,5.196152422707E-1);
#107=CARTESIAN_POINT('',(-9.44E0,5.45E0,3.475E0));
#108=LINE('',#107,#106);
#109=DIRECTION('',(1.E0,0.E0,0.E0));
#110=VECTOR('',#109,1.828E1);
#111=CARTESIAN_POINT('',(-9.14E0,5.15E0,3.175E0));
#112=LINE('',#111,#110);
#113=DIRECTION('',(0.E0,0.E0,1.E0));
#114=VECTOR('',#113,6.95E0);
#115=CARTESIAN_POINT('',(-9.44E0,5.45E0,-3.475E0));
#116=LINE('',#115,#114);
#117=DIRECTION('',(0.E0,0.E0,1.E0));
#118=VECTOR('',#117,6.35E0);
#119=CARTESIAN_POINT('',(-9.14E0,5.15E0,-3.175E0));
#120=LINE('',#119,#118);
#121=DIRECTION('',(-1.E0,0.E0,0.E0));
#122=VECTOR('',#121,7.453757935532E0);
#123=CARTESIAN_POINT('',(-1.986242064468E0,5.45E0,-3.475E0));
#124=LINE('',#123,#122);
#125=DIRECTION('',(-6.174578541845E-2,-7.057575568080E-1,7.057575568080E-1));
#126=VECTOR('',#125,4.250751509582E-1);
#127=CARTESIAN_POINT('',(-1.986242064468E0,5.45E0,-3.475E0));
#128=LINE('',#127,#126);
#129=DIRECTION('',(-1.E0,0.E0,0.E0));
#130=VECTOR('',#129,7.127511336474E0);
#131=CARTESIAN_POINT('',(-2.012488663526E0,5.15E0,-3.175E0));
#132=LINE('',#131,#130);
#133=DIRECTION('',(5.773502691896E-1,-5.773502691896E-1,5.773502691896E-1));
#134=VECTOR('',#133,5.196152422707E-1);
#135=CARTESIAN_POINT('',(-9.44E0,5.45E0,-3.475E0));
#136=LINE('',#135,#134);
#137=DIRECTION('',(-8.715574274766E-2,0.E0,9.961946980917E-1));
#138=VECTOR('',#137,7.528648781576E-2);
#139=CARTESIAN_POINT('',(-1.925E0,2.47E0,-4.175E0));
#140=LINE('',#139,#138);
#141=DIRECTION('',(0.E0,1.E0,0.E0));
#142=VECTOR('',#141,4.2E0);
#143=CARTESIAN_POINT('',(-1.931561649764E0,-1.73E0,-4.1E0));
#144=LINE('',#143,#142);
#145=DIRECTION('',(0.E0,-1.E0,0.E0));
#146=VECTOR('',#145,2.68E0);
#147=CARTESIAN_POINT('',(-1.925E0,5.15E0,-4.175E0));
#148=LINE('',#147,#146);
#149=DIRECTION('',(1.E0,0.E0,0.E0));
#150=VECTOR('',#149,1.832E1);
#151=CARTESIAN_POINT('',(-9.16E0,-3.1E0,-4.1E0));
#152=LINE('',#151,#150);
#153=DIRECTION('',(0.E0,-1.E0,0.E0));
#154=VECTOR('',#153,2.98E0);
#155=CARTESIAN_POINT('',(3.032660624134E0,5.45E0,-4.1E0));
#156=LINE('',#155,#154);
#157=DIRECTION('',(-1.E0,0.E0,0.E0));
#158=VECTOR('',#157,1.101098974370E0);
#159=CARTESIAN_POINT('',(3.032660624134E0,2.47E0,-4.1E0));
#160=LINE('',#159,#158);
#161=DIRECTION('',(-1.E0,0.E0,0.E0));
#162=VECTOR('',#161,1.101098974370E0);
#163=CARTESIAN_POINT('',(-1.931561649764E0,2.47E0,-4.1E0));
#164=LINE('',#163,#162);
#165=DIRECTION('',(0.E0,-1.E0,0.E0));
#166=VECTOR('',#165,8.55E0);
#167=CARTESIAN_POINT('',(-9.16E0,5.45E0,4.25E0));
#168=LINE('',#167,#166);
#169=DIRECTION('',(0.E0,0.E0,1.E0));
#170=VECTOR('',#169,1.725E0);
#171=CARTESIAN_POINT('',(-9.16E0,-3.1E0,2.525E0));
#172=LINE('',#171,#170);
#173=DIRECTION('',(0.E0,1.E0,0.E0));
#174=VECTOR('',#173,1.4238E0);
#175=CARTESIAN_POINT('',(-9.16E0,-4.5238E0,2.525E0));
#176=LINE('',#175,#174);
#177=DIRECTION('',(0.E0,1.E0,0.E0));
#178=VECTOR('',#177,8.5E-1);
#179=CARTESIAN_POINT('',(-9.16E0,-5.45E0,2.825E0));
#180=LINE('',#179,#178);
#181=DIRECTION('',(0.E0,1.E0,0.E0));
#182=VECTOR('',#181,1.09E1);
#183=CARTESIAN_POINT('',(-9.16E0,-5.45E0,4.875E0));
#184=LINE('',#183,#182);
#185=DIRECTION('',(0.E0,1.E0,0.E0));
#186=VECTOR('',#185,2.35E0);
#187=CARTESIAN_POINT('',(-9.16E0,-5.45E0,-4.1E0));
#188=LINE('',#187,#186);
#189=DIRECTION('',(0.E0,1.E0,0.E0));
#190=VECTOR('',#189,8.5E-1);
#191=CARTESIAN_POINT('',(-9.16E0,-5.45E0,-2.875E0));
#192=LINE('',#191,#190);
#193=DIRECTION('',(0.E0,-1.E0,0.E0));
#194=VECTOR('',#193,1.4238E0);
#195=CARTESIAN_POINT('',(-9.16E0,-3.1E0,-2.575E0));
#196=LINE('',#195,#194);
#197=DIRECTION('',(0.E0,0.E0,1.E0));
#198=VECTOR('',#197,1.525E0);
#199=CARTESIAN_POINT('',(-9.16E0,-3.1E0,-4.1E0));
#200=LINE('',#199,#198);
#201=DIRECTION('',(0.E0,-1.E0,0.E0));
#202=VECTOR('',#201,8.55E0);
#203=CARTESIAN_POINT('',(-9.01E0,5.45E0,4.1E0));
#204=LINE('',#203,#202);
#205=CARTESIAN_POINT('',(9.01E0,-3.1E0,4.25E0));
#206=DIRECTION('',(0.E0,1.E0,0.E0));
#207=DIRECTION('',(1.E0,0.E0,-1.184237892933E-14));
#208=AXIS2_PLACEMENT_3D('',#205,#206,#207);
#210=DIRECTION('',(-1.E0,0.E0,0.E0));
#211=VECTOR('',#210,1.832E1);
#212=CARTESIAN_POINT('',(9.16E0,-3.1E0,2.525E0));
#213=LINE('',#212,#211);
#214=CARTESIAN_POINT('',(-9.01E0,-3.1E0,4.25E0));
#215=DIRECTION('',(0.E0,1.E0,0.E0));
#216=DIRECTION('',(1.184237892933E-14,0.E0,-1.E0));
#217=AXIS2_PLACEMENT_3D('',#214,#215,#216);
#219=CARTESIAN_POINT('',(-1.E0,-3.1E0,4.2E0));
#220=DIRECTION('',(0.E0,1.E0,0.E0));
#221=DIRECTION('',(1.E0,0.E0,0.E0));
#222=AXIS2_PLACEMENT_3D('',#219,#220,#221);
#224=CARTESIAN_POINT('',(1.E0,-3.1E0,4.2E0));
#225=DIRECTION('',(0.E0,1.E0,0.E0));
#226=DIRECTION('',(0.E0,0.E0,-1.E0));
#227=AXIS2_PLACEMENT_3D('',#224,#225,#226);
#229=DIRECTION('',(-1.E0,0.E0,0.E0));
#230=VECTOR('',#229,8.01E0);
#231=CARTESIAN_POINT('',(9.01E0,-3.1E0,4.1E0));
#232=LINE('',#231,#230);
#233=DIRECTION('',(0.E0,1.E0,0.E0));
#234=VECTOR('',#233,8.55E0);
#235=CARTESIAN_POINT('',(1.E0,-3.1E0,4.1E0));
#236=LINE('',#235,#234);
#237=DIRECTION('',(0.E0,-1.E0,0.E0));
#238=VECTOR('',#237,8.55E0);
#239=CARTESIAN_POINT('',(9.01E0,5.45E0,4.1E0));
#240=LINE('',#239,#238);
#241=DIRECTION('',(0.E0,1.E0,0.E0));
#242=VECTOR('',#241,8.55E0);
#243=CARTESIAN_POINT('',(-1.E0,-3.1E0,4.1E0));
#244=LINE('',#243,#242);
#245=DIRECTION('',(-1.E0,0.E0,0.E0));
#246=VECTOR('',#245,8.01E0);
#247=CARTESIAN_POINT('',(-1.E0,-3.1E0,4.1E0));
#248=LINE('',#247,#246);
#249=DIRECTION('',(0.E0,-1.E0,0.E0));
#250=VECTOR('',#249,8.55E0);
#251=CARTESIAN_POINT('',(9.E-1,5.45E0,4.2E0));
#252=LINE('',#251,#250);
#253=DIRECTION('',(0.E0,0.E0,-1.E0));
#254=VECTOR('',#253,6.75E-1);
#255=CARTESIAN_POINT('',(9.E-1,-3.1E0,4.875E0));
#256=LINE('',#255,#254);
#257=DIRECTION('',(0.E0,-1.E0,0.E0));
#258=VECTOR('',#257,8.55E0);
#259=CARTESIAN_POINT('',(9.E-1,5.45E0,4.875E0));
#260=LINE('',#259,#258);
#261=DIRECTION('',(1.E0,0.E0,0.E0));
#262=VECTOR('',#261,1.8E0);
#263=CARTESIAN_POINT('',(-9.E-1,-3.1E0,4.875E0));
#264=LINE('',#263,#262);
#265=DIRECTION('',(0.E0,-1.E0,0.E0));
#266=VECTOR('',#265,8.55E0);
#267=CARTESIAN_POINT('',(-9.E-1,5.45E0,4.875E0));
#268=LINE('',#267,#266);
#269=DIRECTION('',(0.E0,0.E0,1.E0));
#270=VECTOR('',#269,6.75E-1);
#271=CARTESIAN_POINT('',(-9.E-1,-3.1E0,4.2E0));
#272=LINE('',#271,#270);
#273=DIRECTION('',(0.E0,-1.E0,0.E0));
#274=VECTOR('',#273,8.55E0);
#275=CARTESIAN_POINT('',(-9.E-1,5.45E0,4.2E0));
#276=LINE('',#275,#274);
#277=DIRECTION('',(0.E0,-1.E0,0.E0));
#278=VECTOR('',#277,8.55E0);
#279=CARTESIAN_POINT('',(9.16E0,5.45E0,4.25E0));
#280=LINE('',#279,#278);
#281=DIRECTION('',(0.E0,1.E0,0.E0));
#282=VECTOR('',#281,8.5E-1);
#283=CARTESIAN_POINT('',(9.16E0,-5.45E0,2.825E0));
#284=LINE('',#283,#282);
#285=DIRECTION('',(0.E0,1.E0,0.E0));
#286=VECTOR('',#285,1.4238E0);
#287=CARTESIAN_POINT('',(9.16E0,-4.5238E0,2.525E0));
#288=LINE('',#287,#286);
#289=DIRECTION('',(0.E0,0.E0,1.E0));
#290=VECTOR('',#289,1.725E0);
#291=CARTESIAN_POINT('',(9.16E0,-3.1E0,2.525E0));
#292=LINE('',#291,#290);
#293=DIRECTION('',(0.E0,-1.E0,0.E0));
#294=VECTOR('',#293,1.09E1);
#295=CARTESIAN_POINT('',(9.16E0,5.45E0,4.875E0));
#296=LINE('',#295,#294);
#297=DIRECTION('',(0.E0,1.E0,0.E0));
#298=VECTOR('',#297,2.35E0);
#299=CARTESIAN_POINT('',(9.16E0,-5.45E0,-4.1E0));
#300=LINE('',#299,#298);
#301=DIRECTION('',(0.E0,0.E0,1.E0));
#302=VECTOR('',#301,1.525E0);
#303=CARTESIAN_POINT('',(9.16E0,-3.1E0,-4.1E0));
#304=LINE('',#303,#302);
#305=DIRECTION('',(0.E0,-1.E0,0.E0));
#306=VECTOR('',#305,1.4238E0);
#307=CARTESIAN_POINT('',(9.16E0,-3.1E0,-2.575E0));
#308=LINE('',#307,#306);
#309=DIRECTION('',(0.E0,1.E0,0.E0));
#310=VECTOR('',#309,8.5E-1);
#311=CARTESIAN_POINT('',(9.16E0,-5.45E0,-2.875E0));
#312=LINE('',#311,#310);
#313=DIRECTION('',(-1.E0,0.E0,0.E0));
#314=VECTOR('',#313,9.E-1);
#315=CARTESIAN_POINT('',(-9.16E0,-4.6E0,2.825E0));
#316=LINE('',#315,#314);
#317=DIRECTION('',(-1.E0,0.E0,0.E0));
#318=VECTOR('',#317,9.E-1);
#319=CARTESIAN_POINT('',(1.006E1,-4.6E0,2.825E0));
#320=LINE('',#319,#318);
#321=DIRECTION('',(0.E0,0.E0,1.E0));
#322=VECTOR('',#321,3.762E-1);
#323=CARTESIAN_POINT('',(9.16E0,-4.6E0,2.4488E0));
#324=LINE('',#323,#322);
#325=DIRECTION('',(-1.E0,0.E0,0.E0));
#326=VECTOR('',#325,9.E-1);
#327=CARTESIAN_POINT('',(1.006E1,-4.6E0,-2.875E0));
#328=LINE('',#327,#326);
#329=DIRECTION('',(0.E0,0.E0,1.E0));
#330=VECTOR('',#329,3.762E-1);
#331=CARTESIAN_POINT('',(9.16E0,-4.6E0,-2.875E0));
#332=LINE('',#331,#330);
#333=DIRECTION('',(0.E0,0.E0,1.E0));
#334=VECTOR('',#333,3.762E-1);
#335=CARTESIAN_POINT('',(-9.16E0,-4.6E0,-2.875E0));
#336=LINE('',#335,#334);
#337=DIRECTION('',(-1.E0,0.E0,0.E0));
#338=VECTOR('',#337,9.E-1);
#339=CARTESIAN_POINT('',(-9.16E0,-4.6E0,-2.875E0));
#340=LINE('',#339,#338);
#341=DIRECTION('',(0.E0,0.E0,-1.E0));
#342=VECTOR('',#341,3.762E-1);
#343=CARTESIAN_POINT('',(-9.16E0,-4.6E0,2.825E0));
#344=LINE('',#343,#342);
#345=DIRECTION('',(0.E0,0.E0,-1.E0));
#346=VECTOR('',#345,6.508560486096E-1);
#347=CARTESIAN_POINT('',(7.295E0,-4.6E0,1.596096179259E0));
#348=LINE('',#347,#346);
#349=DIRECTION('',(-1.E0,0.E0,0.E0));
#350=VECTOR('',#349,6.5E-1);
#351=CARTESIAN_POINT('',(7.945E0,-4.6E0,9.452401306499E-1));
#352=LINE('',#351,#350);
#353=DIRECTION('',(0.E0,0.E0,-1.E0));
#354=VECTOR('',#353,6.508560486096E-1);
#355=CARTESIAN_POINT('',(7.945E0,-4.6E0,1.596096179259E0));
#356=LINE('',#355,#354);
#357=DIRECTION('',(-1.E0,0.E0,0.E0));
#358=VECTOR('',#357,6.5E-1);
#359=CARTESIAN_POINT('',(7.945E0,-4.6E0,1.596096179259E0));
#360=LINE('',#359,#358);
#361=DIRECTION('',(0.E0,0.E0,-1.E0));
#362=VECTOR('',#361,6.508560486096E-1);
#363=CARTESIAN_POINT('',(4.755E0,-4.6E0,1.596096179259E0));
#364=LINE('',#363,#362);
#365=DIRECTION('',(-1.E0,0.E0,0.E0));
#366=VECTOR('',#365,6.5E-1);
#367=CARTESIAN_POINT('',(5.405E0,-4.6E0,9.452401306499E-1));
#368=LINE('',#367,#366);
#369=DIRECTION('',(0.E0,0.E0,-1.E0));
#370=VECTOR('',#369,6.508560486096E-1);
#371=CARTESIAN_POINT('',(5.405E0,-4.6E0,1.596096179259E0));
#372=LINE('',#371,#370);
#373=DIRECTION('',(-1.E0,0.E0,0.E0));
#374=VECTOR('',#373,6.5E-1);
#375=CARTESIAN_POINT('',(5.405E0,-4.6E0,1.596096179259E0));
#376=LINE('',#375,#374);
#377=DIRECTION('',(0.E0,0.E0,-1.E0));
#378=VECTOR('',#377,6.508560486096E-1);
#379=CARTESIAN_POINT('',(2.215E0,-4.6E0,1.596096179259E0));
#380=LINE('',#379,#378);
#381=DIRECTION('',(-1.E0,0.E0,0.E0));
#382=VECTOR('',#381,6.5E-1);
#383=CARTESIAN_POINT('',(2.865E0,-4.6E0,9.452401306499E-1));
#384=LINE('',#383,#382);
#385=DIRECTION('',(0.E0,0.E0,-1.E0));
#386=VECTOR('',#385,6.508560486096E-1);
#387=CARTESIAN_POINT('',(2.865E0,-4.6E0,1.596096179259E0));
#388=LINE('',#387,#386);
#389=DIRECTION('',(-1.E0,0.E0,0.E0));
#390=VECTOR('',#389,6.5E-1);
#391=CARTESIAN_POINT('',(2.865E0,-4.6E0,1.596096179259E0));
#392=LINE('',#391,#390);
#393=DIRECTION('',(0.E0,0.E0,-1.E0));
#394=VECTOR('',#393,6.508560486096E-1);
#395=CARTESIAN_POINT('',(-3.25E-1,-4.6E0,1.596096179259E0));
#396=LINE('',#395,#394);
#397=DIRECTION('',(-1.E0,0.E0,0.E0));
#398=VECTOR('',#397,6.5E-1);
#399=CARTESIAN_POINT('',(3.25E-1,-4.6E0,9.452401306499E-1));
#400=LINE('',#399,#398);
#401=DIRECTION('',(0.E0,0.E0,-1.E0));
#402=VECTOR('',#401,6.508560486096E-1);
#403=CARTESIAN_POINT('',(3.25E-1,-4.6E0,1.596096179259E0));
#404=LINE('',#403,#402);
#405=DIRECTION('',(-1.E0,0.E0,0.E0));
#406=VECTOR('',#405,6.5E-1);
#407=CARTESIAN_POINT('',(3.25E-1,-4.6E0,1.596096179259E0));
#408=LINE('',#407,#406);
#409=DIRECTION('',(0.E0,0.E0,-1.E0));
#410=VECTOR('',#409,6.508560486096E-1);
#411=CARTESIAN_POINT('',(-2.865E0,-4.6E0,1.596096179259E0));
#412=LINE('',#411,#410);
#413=DIRECTION('',(-1.E0,0.E0,0.E0));
#414=VECTOR('',#413,6.5E-1);
#415=CARTESIAN_POINT('',(-2.215E0,-4.6E0,9.452401306499E-1));
#416=LINE('',#415,#414);
#417=DIRECTION('',(0.E0,0.E0,-1.E0));
#418=VECTOR('',#417,6.508560486096E-1);
#419=CARTESIAN_POINT('',(-2.215E0,-4.6E0,1.596096179259E0));
#420=LINE('',#419,#418);
#421=DIRECTION('',(-1.E0,0.E0,0.E0));
#422=VECTOR('',#421,6.5E-1);
#423=CARTESIAN_POINT('',(-2.215E0,-4.6E0,1.596096179259E0));
#424=LINE('',#423,#422);
#425=DIRECTION('',(0.E0,0.E0,-1.E0));
#426=VECTOR('',#425,6.508560486096E-1);
#427=CARTESIAN_POINT('',(-5.405E0,-4.6E0,1.596096179259E0));
#428=LINE('',#427,#426);
#429=DIRECTION('',(-1.E0,0.E0,0.E0));
#430=VECTOR('',#429,6.5E-1);
#431=CARTESIAN_POINT('',(-4.755E0,-4.6E0,9.452401306499E-1));
#432=LINE('',#431,#430);
#433=DIRECTION('',(0.E0,0.E0,-1.E0));
#434=VECTOR('',#433,6.508560486096E-1);
#435=CARTESIAN_POINT('',(-4.755E0,-4.6E0,1.596096179259E0));
#436=LINE('',#435,#434);
#437=DIRECTION('',(-1.E0,0.E0,0.E0));
#438=VECTOR('',#437,6.5E-1);
#439=CARTESIAN_POINT('',(-4.755E0,-4.6E0,1.596096179259E0));
#440=LINE('',#439,#438);
#441=DIRECTION('',(0.E0,0.E0,-1.E0));
#442=VECTOR('',#441,6.508560486096E-1);
#443=CARTESIAN_POINT('',(-7.945E0,-4.6E0,1.596096179259E0));
#444=LINE('',#443,#442);
#445=DIRECTION('',(-1.E0,0.E0,0.E0));
#446=VECTOR('',#445,6.5E-1);
#447=CARTESIAN_POINT('',(-7.295E0,-4.6E0,9.452401306499E-1));
#448=LINE('',#447,#446);
#449=DIRECTION('',(0.E0,0.E0,-1.E0));
#450=VECTOR('',#449,6.508560486096E-1);
#451=CARTESIAN_POINT('',(-7.295E0,-4.6E0,1.596096179259E0));
#452=LINE('',#451,#450);
#453=DIRECTION('',(-1.E0,0.E0,0.E0));
#454=VECTOR('',#453,6.5E-1);
#455=CARTESIAN_POINT('',(-7.295E0,-4.6E0,1.596096179259E0));
#456=LINE('',#455,#454);
#457=DIRECTION('',(-1.E0,0.E0,0.E0));
#458=VECTOR('',#457,6.5E-1);
#459=CARTESIAN_POINT('',(7.945E0,-4.6E0,-9.45E-1));
#460=LINE('',#459,#458);
#461=DIRECTION('',(0.E0,0.E0,-1.E0));
#462=VECTOR('',#461,6.5E-1);
#463=CARTESIAN_POINT('',(7.295E0,-4.6E0,-9.45E-1));
#464=LINE('',#463,#462);
#465=DIRECTION('',(1.E0,0.E0,0.E0));
#466=VECTOR('',#465,6.5E-1);
#467=CARTESIAN_POINT('',(7.295E0,-4.6E0,-1.595E0));
#468=LINE('',#467,#466);
#469=DIRECTION('',(0.E0,0.E0,-1.E0));
#470=VECTOR('',#469,6.5E-1);
#471=CARTESIAN_POINT('',(7.945E0,-4.6E0,-9.45E-1));
#472=LINE('',#471,#470);
#473=DIRECTION('',(-1.E0,0.E0,0.E0));
#474=VECTOR('',#473,6.5E-1);
#475=CARTESIAN_POINT('',(5.405E0,-4.6E0,-9.45E-1));
#476=LINE('',#475,#474);
#477=DIRECTION('',(0.E0,0.E0,-1.E0));
#478=VECTOR('',#477,6.5E-1);
#479=CARTESIAN_POINT('',(4.755E0,-4.6E0,-9.45E-1));
#480=LINE('',#479,#478);
#481=DIRECTION('',(1.E0,0.E0,0.E0));
#482=VECTOR('',#481,6.5E-1);
#483=CARTESIAN_POINT('',(4.755E0,-4.6E0,-1.595E0));
#484=LINE('',#483,#482);
#485=DIRECTION('',(0.E0,0.E0,-1.E0));
#486=VECTOR('',#485,6.5E-1);
#487=CARTESIAN_POINT('',(5.405E0,-4.6E0,-9.45E-1));
#488=LINE('',#487,#486);
#489=DIRECTION('',(-1.E0,0.E0,0.E0));
#490=VECTOR('',#489,6.5E-1);
#491=CARTESIAN_POINT('',(2.865E0,-4.6E0,-9.45E-1));
#492=LINE('',#491,#490);
#493=DIRECTION('',(0.E0,0.E0,-1.E0));
#494=VECTOR('',#493,6.5E-1);
#495=CARTESIAN_POINT('',(2.215E0,-4.6E0,-9.45E-1));
#496=LINE('',#495,#494);
#497=DIRECTION('',(1.E0,0.E0,0.E0));
#498=VECTOR('',#497,6.5E-1);
#499=CARTESIAN_POINT('',(2.215E0,-4.6E0,-1.595E0));
#500=LINE('',#499,#498);
#501=DIRECTION('',(0.E0,0.E0,-1.E0));
#502=VECTOR('',#501,6.5E-1);
#503=CARTESIAN_POINT('',(2.865E0,-4.6E0,-9.45E-1));
#504=LINE('',#503,#502);
#505=DIRECTION('',(-1.E0,0.E0,0.E0));
#506=VECTOR('',#505,6.5E-1);
#507=CARTESIAN_POINT('',(3.25E-1,-4.6E0,-9.45E-1));
#508=LINE('',#507,#506);
#509=DIRECTION('',(0.E0,0.E0,-1.E0));
#510=VECTOR('',#509,6.5E-1);
#511=CARTESIAN_POINT('',(-3.25E-1,-4.6E0,-9.45E-1));
#512=LINE('',#511,#510);
#513=DIRECTION('',(1.E0,0.E0,0.E0));
#514=VECTOR('',#513,6.5E-1);
#515=CARTESIAN_POINT('',(-3.25E-1,-4.6E0,-1.595E0));
#516=LINE('',#515,#514);
#517=DIRECTION('',(0.E0,0.E0,-1.E0));
#518=VECTOR('',#517,6.5E-1);
#519=CARTESIAN_POINT('',(3.25E-1,-4.6E0,-9.45E-1));
#520=LINE('',#519,#518);
#521=DIRECTION('',(-1.E0,0.E0,0.E0));
#522=VECTOR('',#521,6.5E-1);
#523=CARTESIAN_POINT('',(-2.215E0,-4.6E0,-9.45E-1));
#524=LINE('',#523,#522);
#525=DIRECTION('',(0.E0,0.E0,-1.E0));
#526=VECTOR('',#525,6.5E-1);
#527=CARTESIAN_POINT('',(-2.865E0,-4.6E0,-9.45E-1));
#528=LINE('',#527,#526);
#529=DIRECTION('',(1.E0,0.E0,0.E0));
#530=VECTOR('',#529,6.5E-1);
#531=CARTESIAN_POINT('',(-2.865E0,-4.6E0,-1.595E0));
#532=LINE('',#531,#530);
#533=DIRECTION('',(0.E0,0.E0,-1.E0));
#534=VECTOR('',#533,6.5E-1);
#535=CARTESIAN_POINT('',(-2.215E0,-4.6E0,-9.45E-1));
#536=LINE('',#535,#534);
#537=DIRECTION('',(-1.E0,0.E0,0.E0));
#538=VECTOR('',#537,6.5E-1);
#539=CARTESIAN_POINT('',(-4.755E0,-4.6E0,-9.45E-1));
#540=LINE('',#539,#538);
#541=DIRECTION('',(0.E0,0.E0,-1.E0));
#542=VECTOR('',#541,6.5E-1);
#543=CARTESIAN_POINT('',(-5.405E0,-4.6E0,-9.45E-1));
#544=LINE('',#543,#542);
#545=DIRECTION('',(1.E0,0.E0,0.E0));
#546=VECTOR('',#545,6.5E-1);
#547=CARTESIAN_POINT('',(-5.405E0,-4.6E0,-1.595E0));
#548=LINE('',#547,#546);
#549=DIRECTION('',(0.E0,0.E0,-1.E0));
#550=VECTOR('',#549,6.5E-1);
#551=CARTESIAN_POINT('',(-4.755E0,-4.6E0,-9.45E-1));
#552=LINE('',#551,#550);
#553=DIRECTION('',(-1.E0,0.E0,0.E0));
#554=VECTOR('',#553,6.5E-1);
#555=CARTESIAN_POINT('',(-7.295E0,-4.6E0,-9.45E-1));
#556=LINE('',#555,#554);
#557=DIRECTION('',(0.E0,0.E0,-1.E0));
#558=VECTOR('',#557,6.5E-1);
#559=CARTESIAN_POINT('',(-7.945E0,-4.6E0,-9.45E-1));
#560=LINE('',#559,#558);
#561=DIRECTION('',(1.E0,0.E0,0.E0));
#562=VECTOR('',#561,6.5E-1);
#563=CARTESIAN_POINT('',(-7.945E0,-4.6E0,-1.595E0));
#564=LINE('',#563,#562);
#565=DIRECTION('',(0.E0,0.E0,-1.E0));
#566=VECTOR('',#565,6.5E-1);
#567=CARTESIAN_POINT('',(-7.295E0,-4.6E0,-9.45E-1));
#568=LINE('',#567,#566);
#569=DIRECTION('',(1.E0,0.E0,0.E0));
#570=VECTOR('',#569,1.832E1);
#571=CARTESIAN_POINT('',(-9.16E0,-4.6E0,2.4488E0));
#572=LINE('',#571,#570);
#573=DIRECTION('',(-1.648391032739E-14,7.071067811865E-1,7.071067811865E-1));
#574=VECTOR('',#573,1.077630734528E-1);
#575=CARTESIAN_POINT('',(-9.16E0,-4.6E0,2.4488E0));
#576=LINE('',#575,#574);
#577=DIRECTION('',(1.E0,0.E0,0.E0));
#578=VECTOR('',#577,1.832E1);
#579=CARTESIAN_POINT('',(-9.16E0,-4.5238E0,2.525E0));
#580=LINE('',#579,#578);
#581=DIRECTION('',(-1.648391032739E-14,7.071067811865E-1,7.071067811865E-1));
#582=VECTOR('',#581,1.077630734528E-1);
#583=CARTESIAN_POINT('',(9.16E0,-4.6E0,2.4488E0));
#584=LINE('',#583,#582);
#585=DIRECTION('',(0.E0,1.E0,0.E0));
#586=VECTOR('',#585,1.09E1);
#587=CARTESIAN_POINT('',(1.006E1,-5.45E0,-4.1E0));
#588=LINE('',#587,#586);
#589=DIRECTION('',(0.E0,0.E0,1.E0));
#590=VECTOR('',#589,1.225E0);
#591=CARTESIAN_POINT('',(1.006E1,-5.45E0,-4.1E0));
#592=LINE('',#591,#590);
#593=DIRECTION('',(0.E0,1.E0,0.E0));
#594=VECTOR('',#593,8.5E-1);
#595=CARTESIAN_POINT('',(1.006E1,-5.45E0,-2.875E0));
#596=LINE('',#595,#594);
#597=DIRECTION('',(0.E0,0.E0,1.E0));
#598=VECTOR('',#597,5.7E0);
#599=CARTESIAN_POINT('',(1.006E1,-4.6E0,-2.875E0));
#600=LINE('',#599,#598);
#601=DIRECTION('',(0.E0,1.E0,0.E0));
#602=VECTOR('',#601,8.5E-1);
#603=CARTESIAN_POINT('',(1.006E1,-5.45E0,2.825E0));
#604=LINE('',#603,#602);
#605=DIRECTION('',(0.E0,0.E0,1.E0));
#606=VECTOR('',#605,2.05E0);
#607=CARTESIAN_POINT('',(1.006E1,-5.45E0,2.825E0));
#608=LINE('',#607,#606);
#609=DIRECTION('',(1.E0,0.E0,0.E0));
#610=VECTOR('',#609,9.E-1);
#611=CARTESIAN_POINT('',(-1.006E1,-5.45E0,2.825E0));
#612=LINE('',#611,#610);
#613=DIRECTION('',(0.E0,0.E0,1.E0));
#614=VECTOR('',#613,2.05E0);
#615=CARTESIAN_POINT('',(-1.006E1,-5.45E0,2.825E0));
#616=LINE('',#615,#614);
#617=DIRECTION('',(0.E0,0.E0,1.E0));
#618=VECTOR('',#617,2.05E0);
#619=CARTESIAN_POINT('',(-9.16E0,-5.45E0,2.825E0));
#620=LINE('',#619,#618);
#621=DIRECTION('',(1.E0,0.E0,0.E0));
#622=VECTOR('',#621,9.E-1);
#623=CARTESIAN_POINT('',(9.16E0,-5.45E0,2.825E0));
#624=LINE('',#623,#622);
#625=DIRECTION('',(0.E0,0.E0,1.E0));
#626=VECTOR('',#625,2.05E0);
#627=CARTESIAN_POINT('',(9.16E0,-5.45E0,2.825E0));
#628=LINE('',#627,#626);
#629=DIRECTION('',(1.E0,0.E0,0.E0));
#630=VECTOR('',#629,9.E-1);
#631=CARTESIAN_POINT('',(-1.006E1,-5.45E0,-4.1E0));
#632=LINE('',#631,#630);
#633=DIRECTION('',(0.E0,0.E0,1.E0));
#634=VECTOR('',#633,1.225E0);
#635=CARTESIAN_POINT('',(-1.006E1,-5.45E0,-4.1E0));
#636=LINE('',#635,#634);
#637=DIRECTION('',(1.E0,0.E0,0.E0));
#638=VECTOR('',#637,9.E-1);
#639=CARTESIAN_POINT('',(-1.006E1,-5.45E0,-2.875E0));
#640=LINE('',#639,#638);
#641=DIRECTION('',(0.E0,0.E0,1.E0));
#642=VECTOR('',#641,1.225E0);
#643=CARTESIAN_POINT('',(-9.16E0,-5.45E0,-4.1E0));
#644=LINE('',#643,#642);
#645=DIRECTION('',(-1.E0,0.E0,0.E0));
#646=VECTOR('',#645,9.E-1);
#647=CARTESIAN_POINT('',(1.006E1,-5.45E0,-4.1E0));
#648=LINE('',#647,#646);
#649=DIRECTION('',(0.E0,0.E0,1.E0));
#650=VECTOR('',#649,1.225E0);
#651=CARTESIAN_POINT('',(9.16E0,-5.45E0,-4.1E0));
#652=LINE('',#651,#650);
#653=DIRECTION('',(1.E0,0.E0,0.E0));
#654=VECTOR('',#653,9.E-1);
#655=CARTESIAN_POINT('',(9.16E0,-5.45E0,-2.875E0));
#656=LINE('',#655,#654);
#657=DIRECTION('',(0.E0,-1.E0,0.E0));
#658=VECTOR('',#657,1.09E1);
#659=CARTESIAN_POINT('',(-1.006E1,5.45E0,-4.1E0));
#660=LINE('',#659,#658);
#661=DIRECTION('',(0.E0,0.E0,1.E0));
#662=VECTOR('',#661,8.975E0);
#663=CARTESIAN_POINT('',(-1.006E1,5.45E0,-4.1E0));
#664=LINE('',#663,#662);
#665=DIRECTION('',(0.E0,1.E0,0.E0));
#666=VECTOR('',#665,8.5E-1);
#667=CARTESIAN_POINT('',(-1.006E1,-5.45E0,2.825E0));
#668=LINE('',#667,#666);
#669=DIRECTION('',(0.E0,0.E0,1.E0));
#670=VECTOR('',#669,5.7E0);
#671=CARTESIAN_POINT('',(-1.006E1,-4.6E0,-2.875E0));
#672=LINE('',#671,#670);
#673=DIRECTION('',(0.E0,1.E0,0.E0));
#674=VECTOR('',#673,8.5E-1);
#675=CARTESIAN_POINT('',(-1.006E1,-5.45E0,-2.875E0));
#676=LINE('',#675,#674);
#677=DIRECTION('',(1.E0,0.E0,0.E0));
#678=VECTOR('',#677,9.E-1);
#679=CARTESIAN_POINT('',(-1.006E1,-5.45E0,4.875E0));
#680=LINE('',#679,#678);
#681=DIRECTION('',(0.E0,-1.E0,0.E0));
#682=VECTOR('',#681,1.09E1);
#683=CARTESIAN_POINT('',(-1.006E1,5.45E0,4.875E0));
#684=LINE('',#683,#682);
#685=DIRECTION('',(-1.E0,0.E0,0.E0));
#686=VECTOR('',#685,9.E-1);
#687=CARTESIAN_POINT('',(-9.16E0,5.45E0,4.875E0));
#688=LINE('',#687,#686);
#689=DIRECTION('',(-1.E0,0.E0,0.E0));
#690=VECTOR('',#689,9.E-1);
#691=CARTESIAN_POINT('',(1.006E1,5.45E0,4.875E0));
#692=LINE('',#691,#690);
#693=DIRECTION('',(0.E0,1.E0,0.E0));
#694=VECTOR('',#693,1.09E1);
#695=CARTESIAN_POINT('',(1.006E1,-5.45E0,4.875E0));
#696=LINE('',#695,#694);
#697=DIRECTION('',(1.E0,0.E0,0.E0));
#698=VECTOR('',#697,9.E-1);
#699=CARTESIAN_POINT('',(9.16E0,-5.45E0,4.875E0));
#700=LINE('',#699,#698);
#701=DIRECTION('',(1.E0,0.E0,0.E0));
#702=VECTOR('',#701,1.832E1);
#703=CARTESIAN_POINT('',(-9.16E0,-4.6E0,-2.4988E0));
#704=LINE('',#703,#702);
#705=DIRECTION('',(1.648391032739E-14,7.071067811865E-1,-7.071067811865E-1));
#706=VECTOR('',#705,1.077630734528E-1);
#707=CARTESIAN_POINT('',(9.16E0,-4.6E0,-2.4988E0));
#708=LINE('',#707,#706);
#709=DIRECTION('',(1.E0,0.E0,0.E0));
#710=VECTOR('',#709,1.832E1);
#711=CARTESIAN_POINT('',(-9.16E0,-4.5238E0,-2.575E0));
#712=LINE('',#711,#710);
#713=DIRECTION('',(1.648391032739E-14,7.071067811865E-1,-7.071067811865E-1));
#714=VECTOR('',#713,1.077630734528E-1);
#715=CARTESIAN_POINT('',(-9.16E0,-4.6E0,-2.4988E0));
#716=LINE('',#715,#714);
#717=DIRECTION('',(-1.E0,0.E0,0.E0));
#718=VECTOR('',#717,1.832E1);
#719=CARTESIAN_POINT('',(9.16E0,-3.1E0,-2.575E0));
#720=LINE('',#719,#718);
#721=DIRECTION('',(0.E0,-1.E0,0.E0));
#722=VECTOR('',#721,6.5E-1);
#723=CARTESIAN_POINT('',(7.295E0,-4.763E0,7.275E0));
#724=LINE('',#723,#722);
#725=CARTESIAN_POINT('',(7.295E0,-4.58E0,1.778E0));
#726=DIRECTION('',(-1.E0,0.E0,0.E0));
#727=DIRECTION('',(0.E0,-1.092896174863E-1,-9.940099494018E-1));
#728=AXIS2_PLACEMENT_3D('',#725,#726,#727);
#730=DIRECTION('',(0.E0,0.E0,1.E0));
#731=VECTOR('',#730,5.497E0);
#732=CARTESIAN_POINT('',(7.295E0,-4.763E0,1.778E0));
#733=LINE('',#732,#731);
#734=DIRECTION('',(0.E0,0.E0,1.E0));
#735=VECTOR('',#734,6.5E-1);
#736=CARTESIAN_POINT('',(7.295E0,4.02E0,9.45E-1));
#737=LINE('',#736,#735);
#738=DIRECTION('',(0.E0,-1.E0,0.E0));
#739=VECTOR('',#738,6.25E0);
#740=CARTESIAN_POINT('',(7.295E0,4.02E0,1.595E0));
#741=LINE('',#740,#739);
#742=DIRECTION('',(0.E0,1.E0,0.E0));
#743=VECTOR('',#742,2.5E-1);
#744=CARTESIAN_POINT('',(7.745E0,-5.213E0,7.775E0));
#745=LINE('',#744,#743);
#746=DIRECTION('',(1.E0,0.E0,0.E0));
#747=VECTOR('',#746,2.5E-1);
#748=CARTESIAN_POINT('',(7.495E0,-5.213E0,7.775E0));
#749=LINE('',#748,#747);
#750=DIRECTION('',(0.E0,-1.E0,0.E0));
#751=VECTOR('',#750,2.5E-1);
#752=CARTESIAN_POINT('',(7.495E0,-4.963E0,7.775E0));
#753=LINE('',#752,#751);
#754=DIRECTION('',(-1.E0,0.E0,0.E0));
#755=VECTOR('',#754,2.5E-1);
#756=CARTESIAN_POINT('',(7.745E0,-4.963E0,7.775E0));
#757=LINE('',#756,#755);
#758=DIRECTION('',(0.E0,1.E0,0.E0));
#759=VECTOR('',#758,6.5E-1);
#760=CARTESIAN_POINT('',(7.945E0,-5.413E0,7.275E0));
#761=LINE('',#760,#759);
#762=CARTESIAN_POINT('',(7.945E0,-4.58E0,1.778E0));
#763=DIRECTION('',(-1.E0,0.E0,0.E0));
#764=DIRECTION('',(0.E0,-2.400960384154E-2,-9.997117279113E-1));
#765=AXIS2_PLACEMENT_3D('',#762,#763,#764);
#767=DIRECTION('',(0.E0,0.E0,1.E0));
#768=VECTOR('',#767,5.497E0);
#769=CARTESIAN_POINT('',(7.945E0,-5.413E0,1.778E0));
#770=LINE('',#769,#768);
#771=DIRECTION('',(0.E0,0.E0,-1.E0));
#772=VECTOR('',#771,6.5E-1);
#773=CARTESIAN_POINT('',(7.945E0,4.02E0,1.595E0));
#774=LINE('',#773,#772);
#775=DIRECTION('',(0.E0,-1.E0,0.E0));
#776=VECTOR('',#775,6.25E0);
#777=CARTESIAN_POINT('',(7.945E0,4.02E0,9.45E-1));
#778=LINE('',#777,#776);
#779=DIRECTION('',(-1.E0,0.E0,0.E0));
#780=VECTOR('',#779,6.5E-1);
#781=CARTESIAN_POINT('',(7.945E0,-4.763E0,7.275E0));
#782=LINE('',#781,#780);
#783=DIRECTION('',(-1.E0,0.E0,0.E0));
#784=VECTOR('',#783,6.5E-1);
#785=CARTESIAN_POINT('',(7.945E0,-4.763E0,1.778E0));
#786=LINE('',#785,#784);
#787=DIRECTION('',(0.E0,0.E0,1.E0));
#788=VECTOR('',#787,5.497E0);
#789=CARTESIAN_POINT('',(7.945E0,-4.763E0,1.778E0));
#790=LINE('',#789,#788);
#791=DIRECTION('',(-3.481553119114E-1,-3.481553119114E-1,8.703882797785E-1));
#792=VECTOR('',#791,5.744562646538E-1);
#793=CARTESIAN_POINT('',(7.945E0,-4.763E0,7.275E0));
#794=LINE('',#793,#792);
#795=DIRECTION('',(-3.481553119114E-1,3.481553119114E-1,-8.703882797785E-1));
#796=VECTOR('',#795,5.744562646538E-1);
#797=CARTESIAN_POINT('',(7.495E0,-4.963E0,7.775E0));
#798=LINE('',#797,#796);
#799=CARTESIAN_POINT('',(7.945E0,-4.58E0,1.778E0));
#800=DIRECTION('',(-1.E0,0.E0,0.E0));
#801=DIRECTION('',(0.E0,-1.092896174863E-1,-9.940099494018E-1));
#802=AXIS2_PLACEMENT_3D('',#799,#800,#801);
#804=CARTESIAN_POINT('',(7.295E0,-4.58E0,1.778E0));
#805=DIRECTION('',(-1.E0,0.E0,0.E0));
#806=DIRECTION('',(0.E0,-2.400960384154E-2,-9.997117279113E-1));
#807=AXIS2_PLACEMENT_3D('',#804,#805,#806);
#809=DIRECTION('',(1.E0,0.E0,0.E0));
#810=VECTOR('',#809,6.5E-1);
#811=CARTESIAN_POINT('',(7.295E0,-5.413E0,7.275E0));
#812=LINE('',#811,#810);
#813=DIRECTION('',(1.E0,0.E0,0.E0));
#814=VECTOR('',#813,6.5E-1);
#815=CARTESIAN_POINT('',(7.295E0,-5.413E0,1.778E0));
#816=LINE('',#815,#814);
#817=DIRECTION('',(0.E0,0.E0,1.E0));
#818=VECTOR('',#817,5.497E0);
#819=CARTESIAN_POINT('',(7.295E0,-5.413E0,1.778E0));
#820=LINE('',#819,#818);
#821=DIRECTION('',(3.481553119114E-1,3.481553119114E-1,8.703882797785E-1));
#822=VECTOR('',#821,5.744562646538E-1);
#823=CARTESIAN_POINT('',(7.295E0,-5.413E0,7.275E0));
#824=LINE('',#823,#822);
#825=DIRECTION('',(3.481553119114E-1,-3.481553119114E-1,-8.703882797785E-1));
#826=VECTOR('',#825,5.744562646538E-1);
#827=CARTESIAN_POINT('',(7.745E0,-5.213E0,7.775E0));
#828=LINE('',#827,#826);
#829=DIRECTION('',(3.481553119114E-1,-8.703882797785E-1,-3.481553119114E-1));
#830=VECTOR('',#829,5.744562646538E-1);
#831=CARTESIAN_POINT('',(7.745E0,4.52E0,1.145E0));
#832=LINE('',#831,#830);
#833=DIRECTION('',(1.E0,0.E0,0.E0));
#834=VECTOR('',#833,2.5E-1);
#835=CARTESIAN_POINT('',(7.495E0,4.52E0,1.395E0));
#836=LINE('',#835,#834);
#837=DIRECTION('',(0.E0,0.E0,1.E0));
#838=VECTOR('',#837,2.5E-1);
#839=CARTESIAN_POINT('',(7.495E0,4.52E0,1.145E0));
#840=LINE('',#839,#838);
#841=DIRECTION('',(-1.E0,0.E0,0.E0));
#842=VECTOR('',#841,2.5E-1);
#843=CARTESIAN_POINT('',(7.745E0,4.52E0,1.145E0));
#844=LINE('',#843,#842);
#845=DIRECTION('',(0.E0,0.E0,-1.E0));
#846=VECTOR('',#845,2.5E-1);
#847=CARTESIAN_POINT('',(7.745E0,4.52E0,1.395E0));
#848=LINE('',#847,#846);
#849=DIRECTION('',(3.481553119114E-1,-8.703882797785E-1,3.481553119114E-1));
#850=VECTOR('',#849,5.744562646538E-1);
#851=CARTESIAN_POINT('',(7.745E0,4.52E0,1.395E0));
#852=LINE('',#851,#850);
#853=DIRECTION('',(1.E0,0.E0,0.E0));
#854=VECTOR('',#853,6.5E-1);
#855=CARTESIAN_POINT('',(7.295E0,4.02E0,1.595E0));
#856=LINE('',#855,#854);
#857=DIRECTION('',(0.E0,-1.E0,0.E0));
#858=VECTOR('',#857,6.25E0);
#859=CARTESIAN_POINT('',(7.945E0,4.02E0,1.595E0));
#860=LINE('',#859,#858);
#861=DIRECTION('',(0.E0,0.E0,1.E0));
#862=VECTOR('',#861,5.08E0);
#863=CARTESIAN_POINT('',(-9.14E0,-2.23E0,-2.54E0));
#864=LINE('',#863,#862);
#865=DIRECTION('',(-1.E0,0.E0,0.E0));
#866=VECTOR('',#865,1.828E1);
#867=CARTESIAN_POINT('',(9.14E0,-2.23E0,-2.54E0));
#868=LINE('',#867,#866);
#869=DIRECTION('',(0.E0,0.E0,-1.E0));
#870=VECTOR('',#869,5.08E0);
#871=CARTESIAN_POINT('',(9.14E0,-2.23E0,2.54E0));
#872=LINE('',#871,#870);
#873=DIRECTION('',(1.E0,0.E0,0.E0));
#874=VECTOR('',#873,1.828E1);
#875=CARTESIAN_POINT('',(-9.14E0,-2.23E0,2.54E0));
#876=LINE('',#875,#874);
#877=DIRECTION('',(-1.E0,0.E0,0.E0));
#878=VECTOR('',#877,6.5E-1);
#879=CARTESIAN_POINT('',(7.945E0,-2.23E0,1.595E0));
#880=LINE('',#879,#878);
#881=DIRECTION('',(0.E0,0.E0,-1.E0));
#882=VECTOR('',#881,6.5E-1);
#883=CARTESIAN_POINT('',(7.945E0,-2.23E0,1.595E0));
#884=LINE('',#883,#882);
#885=DIRECTION('',(1.E0,0.E0,0.E0));
#886=VECTOR('',#885,6.5E-1);
#887=CARTESIAN_POINT('',(7.295E0,-2.23E0,9.45E-1));
#888=LINE('',#887,#886);
#889=DIRECTION('',(0.E0,0.E0,-1.E0));
#890=VECTOR('',#889,6.5E-1);
#891=CARTESIAN_POINT('',(7.295E0,-2.23E0,1.595E0));
#892=LINE('',#891,#890);
#893=DIRECTION('',(-1.E0,0.E0,0.E0));
#894=VECTOR('',#893,6.5E-1);
#895=CARTESIAN_POINT('',(5.405E0,-2.23E0,1.595E0));
#896=LINE('',#895,#894);
#897=DIRECTION('',(0.E0,0.E0,-1.E0));
#898=VECTOR('',#897,6.5E-1);
#899=CARTESIAN_POINT('',(5.405E0,-2.23E0,1.595E0));
#900=LINE('',#899,#898);
#901=DIRECTION('',(1.E0,0.E0,0.E0));
#902=VECTOR('',#901,6.5E-1);
#903=CARTESIAN_POINT('',(4.755E0,-2.23E0,9.45E-1));
#904=LINE('',#903,#902);
#905=DIRECTION('',(0.E0,0.E0,-1.E0));
#906=VECTOR('',#905,6.5E-1);
#907=CARTESIAN_POINT('',(4.755E0,-2.23E0,1.595E0));
#908=LINE('',#907,#906);
#909=DIRECTION('',(-1.E0,0.E0,0.E0));
#910=VECTOR('',#909,6.5E-1);
#911=CARTESIAN_POINT('',(2.865E0,-2.23E0,1.595E0));
#912=LINE('',#911,#910);
#913=DIRECTION('',(0.E0,0.E0,-1.E0));
#914=VECTOR('',#913,6.5E-1);
#915=CARTESIAN_POINT('',(2.865E0,-2.23E0,1.595E0));
#916=LINE('',#915,#914);
#917=DIRECTION('',(1.E0,0.E0,0.E0));
#918=VECTOR('',#917,6.5E-1);
#919=CARTESIAN_POINT('',(2.215E0,-2.23E0,9.45E-1));
#920=LINE('',#919,#918);
#921=DIRECTION('',(0.E0,0.E0,-1.E0));
#922=VECTOR('',#921,6.5E-1);
#923=CARTESIAN_POINT('',(2.215E0,-2.23E0,1.595E0));
#924=LINE('',#923,#922);
#925=DIRECTION('',(-1.E0,0.E0,0.E0));
#926=VECTOR('',#925,6.5E-1);
#927=CARTESIAN_POINT('',(3.25E-1,-2.23E0,1.595E0));
#928=LINE('',#927,#926);
#929=DIRECTION('',(0.E0,0.E0,-1.E0));
#930=VECTOR('',#929,6.5E-1);
#931=CARTESIAN_POINT('',(3.25E-1,-2.23E0,1.595E0));
#932=LINE('',#931,#930);
#933=DIRECTION('',(1.E0,0.E0,0.E0));
#934=VECTOR('',#933,6.5E-1);
#935=CARTESIAN_POINT('',(-3.25E-1,-2.23E0,9.45E-1));
#936=LINE('',#935,#934);
#937=DIRECTION('',(0.E0,0.E0,-1.E0));
#938=VECTOR('',#937,6.5E-1);
#939=CARTESIAN_POINT('',(-3.25E-1,-2.23E0,1.595E0));
#940=LINE('',#939,#938);
#941=DIRECTION('',(-1.E0,0.E0,0.E0));
#942=VECTOR('',#941,6.5E-1);
#943=CARTESIAN_POINT('',(-2.215E0,-2.23E0,1.595E0));
#944=LINE('',#943,#942);
#945=DIRECTION('',(0.E0,0.E0,-1.E0));
#946=VECTOR('',#945,6.5E-1);
#947=CARTESIAN_POINT('',(-2.215E0,-2.23E0,1.595E0));
#948=LINE('',#947,#946);
#949=DIRECTION('',(1.E0,0.E0,0.E0));
#950=VECTOR('',#949,6.5E-1);
#951=CARTESIAN_POINT('',(-2.865E0,-2.23E0,9.45E-1));
#952=LINE('',#951,#950);
#953=DIRECTION('',(0.E0,0.E0,-1.E0));
#954=VECTOR('',#953,6.5E-1);
#955=CARTESIAN_POINT('',(-2.865E0,-2.23E0,1.595E0));
#956=LINE('',#955,#954);
#957=DIRECTION('',(-1.E0,0.E0,0.E0));
#958=VECTOR('',#957,6.5E-1);
#959=CARTESIAN_POINT('',(-4.755E0,-2.23E0,1.595E0));
#960=LINE('',#959,#958);
#961=DIRECTION('',(0.E0,0.E0,-1.E0));
#962=VECTOR('',#961,6.5E-1);
#963=CARTESIAN_POINT('',(-4.755E0,-2.23E0,1.595E0));
#964=LINE('',#963,#962);
#965=DIRECTION('',(1.E0,0.E0,0.E0));
#966=VECTOR('',#965,6.5E-1);
#967=CARTESIAN_POINT('',(-5.405E0,-2.23E0,9.45E-1));
#968=LINE('',#967,#966);
#969=DIRECTION('',(0.E0,0.E0,-1.E0));
#970=VECTOR('',#969,6.5E-1);
#971=CARTESIAN_POINT('',(-5.405E0,-2.23E0,1.595E0));
#972=LINE('',#971,#970);
#973=DIRECTION('',(-1.E0,0.E0,0.E0));
#974=VECTOR('',#973,6.5E-1);
#975=CARTESIAN_POINT('',(-7.295E0,-2.23E0,1.595E0));
#976=LINE('',#975,#974);
#977=DIRECTION('',(0.E0,0.E0,-1.E0));
#978=VECTOR('',#977,6.5E-1);
#979=CARTESIAN_POINT('',(-7.295E0,-2.23E0,1.595E0));
#980=LINE('',#979,#978);
#981=DIRECTION('',(1.E0,0.E0,0.E0));
#982=VECTOR('',#981,6.5E-1);
#983=CARTESIAN_POINT('',(-7.945E0,-2.23E0,9.45E-1));
#984=LINE('',#983,#982);
#985=DIRECTION('',(0.E0,0.E0,-1.E0));
#986=VECTOR('',#985,6.5E-1);
#987=CARTESIAN_POINT('',(-7.945E0,-2.23E0,1.595E0));
#988=LINE('',#987,#986);
#989=DIRECTION('',(-1.E0,0.E0,0.E0));
#990=VECTOR('',#989,6.5E-1);
#991=CARTESIAN_POINT('',(7.945E0,-2.23E0,-9.45E-1));
#992=LINE('',#991,#990);
#993=DIRECTION('',(0.E0,0.E0,-1.E0));
#994=VECTOR('',#993,6.5E-1);
#995=CARTESIAN_POINT('',(7.945E0,-2.23E0,-9.45E-1));
#996=LINE('',#995,#994);
#997=DIRECTION('',(1.E0,0.E0,0.E0));
#998=VECTOR('',#997,6.5E-1);
#999=CARTESIAN_POINT('',(7.295E0,-2.23E0,-1.595E0));
#1000=LINE('',#999,#998);
#1001=DIRECTION('',(0.E0,0.E0,-1.E0));
#1002=VECTOR('',#1001,6.5E-1);
#1003=CARTESIAN_POINT('',(7.295E0,-2.23E0,-9.45E-1));
#1004=LINE('',#1003,#1002);
#1005=DIRECTION('',(-1.E0,0.E0,0.E0));
#1006=VECTOR('',#1005,6.5E-1);
#1007=CARTESIAN_POINT('',(5.405E0,-2.23E0,-9.45E-1));
#1008=LINE('',#1007,#1006);
#1009=DIRECTION('',(0.E0,0.E0,-1.E0));
#1010=VECTOR('',#1009,6.5E-1);
#1011=CARTESIAN_POINT('',(5.405E0,-2.23E0,-9.45E-1));
#1012=LINE('',#1011,#1010);
#1013=DIRECTION('',(1.E0,0.E0,0.E0));
#1014=VECTOR('',#1013,6.5E-1);
#1015=CARTESIAN_POINT('',(4.755E0,-2.23E0,-1.595E0));
#1016=LINE('',#1015,#1014);
#1017=DIRECTION('',(0.E0,0.E0,-1.E0));
#1018=VECTOR('',#1017,6.5E-1);
#1019=CARTESIAN_POINT('',(4.755E0,-2.23E0,-9.45E-1));
#1020=LINE('',#1019,#1018);
#1021=DIRECTION('',(-1.E0,0.E0,0.E0));
#1022=VECTOR('',#1021,6.5E-1);
#1023=CARTESIAN_POINT('',(2.865E0,-2.23E0,-9.45E-1));
#1024=LINE('',#1023,#1022);
#1025=DIRECTION('',(0.E0,0.E0,-1.E0));
#1026=VECTOR('',#1025,6.5E-1);
#1027=CARTESIAN_POINT('',(2.865E0,-2.23E0,-9.45E-1));
#1028=LINE('',#1027,#1026);
#1029=DIRECTION('',(1.E0,0.E0,0.E0));
#1030=VECTOR('',#1029,6.5E-1);
#1031=CARTESIAN_POINT('',(2.215E0,-2.23E0,-1.595E0));
#1032=LINE('',#1031,#1030);
#1033=DIRECTION('',(0.E0,0.E0,-1.E0));
#1034=VECTOR('',#1033,6.5E-1);
#1035=CARTESIAN_POINT('',(2.215E0,-2.23E0,-9.45E-1));
#1036=LINE('',#1035,#1034);
#1037=DIRECTION('',(-1.E0,0.E0,0.E0));
#1038=VECTOR('',#1037,6.5E-1);
#1039=CARTESIAN_POINT('',(3.25E-1,-2.23E0,-9.45E-1));
#1040=LINE('',#1039,#1038);
#1041=DIRECTION('',(0.E0,0.E0,-1.E0));
#1042=VECTOR('',#1041,6.5E-1);
#1043=CARTESIAN_POINT('',(3.25E-1,-2.23E0,-9.45E-1));
#1044=LINE('',#1043,#1042);
#1045=DIRECTION('',(1.E0,0.E0,0.E0));
#1046=VECTOR('',#1045,6.5E-1);
#1047=CARTESIAN_POINT('',(-3.25E-1,-2.23E0,-1.595E0));
#1048=LINE('',#1047,#1046);
#1049=DIRECTION('',(0.E0,0.E0,-1.E0));
#1050=VECTOR('',#1049,6.5E-1);
#1051=CARTESIAN_POINT('',(-3.25E-1,-2.23E0,-9.45E-1));
#1052=LINE('',#1051,#1050);
#1053=DIRECTION('',(-1.E0,0.E0,0.E0));
#1054=VECTOR('',#1053,6.5E-1);
#1055=CARTESIAN_POINT('',(-2.215E0,-2.23E0,-9.45E-1));
#1056=LINE('',#1055,#1054);
#1057=DIRECTION('',(0.E0,0.E0,-1.E0));
#1058=VECTOR('',#1057,6.5E-1);
#1059=CARTESIAN_POINT('',(-2.215E0,-2.23E0,-9.45E-1));
#1060=LINE('',#1059,#1058);
#1061=DIRECTION('',(1.E0,0.E0,0.E0));
#1062=VECTOR('',#1061,6.5E-1);
#1063=CARTESIAN_POINT('',(-2.865E0,-2.23E0,-1.595E0));
#1064=LINE('',#1063,#1062);
#1065=DIRECTION('',(0.E0,0.E0,-1.E0));
#1066=VECTOR('',#1065,6.5E-1);
#1067=CARTESIAN_POINT('',(-2.865E0,-2.23E0,-9.45E-1));
#1068=LINE('',#1067,#1066);
#1069=DIRECTION('',(-1.E0,0.E0,0.E0));
#1070=VECTOR('',#1069,6.5E-1);
#1071=CARTESIAN_POINT('',(-4.755E0,-2.23E0,-9.45E-1));
#1072=LINE('',#1071,#1070);
#1073=DIRECTION('',(0.E0,0.E0,-1.E0));
#1074=VECTOR('',#1073,6.5E-1);
#1075=CARTESIAN_POINT('',(-4.755E0,-2.23E0,-9.45E-1));
#1076=LINE('',#1075,#1074);
#1077=DIRECTION('',(1.E0,0.E0,0.E0));
#1078=VECTOR('',#1077,6.5E-1);
#1079=CARTESIAN_POINT('',(-5.405E0,-2.23E0,-1.595E0));
#1080=LINE('',#1079,#1078);
#1081=DIRECTION('',(0.E0,0.E0,-1.E0));
#1082=VECTOR('',#1081,6.5E-1);
#1083=CARTESIAN_POINT('',(-5.405E0,-2.23E0,-9.45E-1));
#1084=LINE('',#1083,#1082);
#1085=DIRECTION('',(-1.E0,0.E0,0.E0));
#1086=VECTOR('',#1085,6.5E-1);
#1087=CARTESIAN_POINT('',(-7.295E0,-2.23E0,-9.45E-1));
#1088=LINE('',#1087,#1086);
#1089=DIRECTION('',(0.E0,0.E0,-1.E0));
#1090=VECTOR('',#1089,6.5E-1);
#1091=CARTESIAN_POINT('',(-7.295E0,-2.23E0,-9.45E-1));
#1092=LINE('',#1091,#1090);
#1093=DIRECTION('',(1.E0,0.E0,0.E0));
#1094=VECTOR('',#1093,6.5E-1);
#1095=CARTESIAN_POINT('',(-7.945E0,-2.23E0,-1.595E0));
#1096=LINE('',#1095,#1094);
#1097=DIRECTION('',(0.E0,0.E0,-1.E0));
#1098=VECTOR('',#1097,6.5E-1);
#1099=CARTESIAN_POINT('',(-7.945E0,-2.23E0,-9.45E-1));
#1100=LINE('',#1099,#1098);
#1101=DIRECTION('',(0.E0,-1.E0,0.E0));
#1102=VECTOR('',#1101,5.E-1);
#1103=CARTESIAN_POINT('',(-9.14E0,-1.73E0,-2.54E0));
#1104=LINE('',#1103,#1102);
#1105=DIRECTION('',(0.E0,-1.E0,0.E0));
#1106=VECTOR('',#1105,6.88E0);
#1107=CARTESIAN_POINT('',(-9.14E0,5.15E0,-3.175E0));
#1108=LINE('',#1107,#1106);
#1109=DIRECTION('',(1.E0,0.E0,0.E0));
#1110=VECTOR('',#1109,1.828E1);
#1111=CARTESIAN_POINT('',(-9.14E0,-1.73E0,2.54E0));
#1112=LINE('',#1111,#1110);
#1113=DIRECTION('',(0.E0,0.E0,-1.E0));
#1114=VECTOR('',#1113,6.35E-1);
#1115=CARTESIAN_POINT('',(9.14E0,-1.73E0,3.175E0));
#1116=LINE('',#1115,#1114);
#1117=DIRECTION('',(1.E0,0.E0,0.E0));
#1118=VECTOR('',#1117,1.828E1);
#1119=CARTESIAN_POINT('',(-9.14E0,-1.73E0,3.175E0));
#1120=LINE('',#1119,#1118);
#1121=DIRECTION('',(0.E0,0.E0,1.E0));
#1122=VECTOR('',#1121,6.35E-1);
#1123=CARTESIAN_POINT('',(-9.14E0,-1.73E0,2.54E0));
#1124=LINE('',#1123,#1122);
#1125=DIRECTION('',(1.E0,0.E0,0.E0));
#1126=VECTOR('',#1125,3.863123299529E0);
#1127=CARTESIAN_POINT('',(-1.931561649764E0,-1.73E0,-4.1E0));
#1128=LINE('',#1127,#1126);
#1129=DIRECTION('',(-8.715574274766E-2,0.E0,-9.961946980917E-1));
#1130=VECTOR('',#1129,9.285333497276E-1);
#1131=CARTESIAN_POINT('',(2.012488663526E0,-1.73E0,-3.175E0));
#1132=LINE('',#1131,#1130);
#1133=DIRECTION('',(-1.E0,0.E0,0.E0));
#1134=VECTOR('',#1133,7.127511336474E0);
#1135=CARTESIAN_POINT('',(9.14E0,-1.73E0,-3.175E0));
#1136=LINE('',#1135,#1134);
#1137=DIRECTION('',(0.E0,0.E0,-1.E0));
#1138=VECTOR('',#1137,6.35E-1);
#1139=CARTESIAN_POINT('',(9.14E0,-1.73E0,-2.54E0));
#1140=LINE('',#1139,#1138);
#1141=DIRECTION('',(1.E0,0.E0,0.E0));
#1142=VECTOR('',#1141,1.828E1);
#1143=CARTESIAN_POINT('',(-9.14E0,-1.73E0,-2.54E0));
#1144=LINE('',#1143,#1142);
#1145=DIRECTION('',(0.E0,0.E0,1.E0));
#1146=VECTOR('',#1145,6.35E-1);
#1147=CARTESIAN_POINT('',(-9.14E0,-1.73E0,-3.175E0));
#1148=LINE('',#1147,#1146);
#1149=DIRECTION('',(-1.E0,0.E0,0.E0));
#1150=VECTOR('',#1149,7.127511336474E0);
#1151=CARTESIAN_POINT('',(-2.012488663526E0,-1.73E0,-3.175E0));
#1152=LINE('',#1151,#1150);
#1153=DIRECTION('',(-8.715574274766E-2,0.E0,9.961946980917E-1));
#1154=VECTOR('',#1153,9.285333497276E-1);
#1155=CARTESIAN_POINT('',(-1.931561649764E0,-1.73E0,-4.1E0));
#1156=LINE('',#1155,#1154);
#1157=DIRECTION('',(0.E0,-1.E0,0.E0));
#1158=VECTOR('',#1157,5.E-1);
#1159=CARTESIAN_POINT('',(-9.14E0,-1.73E0,2.54E0));
#1160=LINE('',#1159,#1158);
#1161=DIRECTION('',(0.E0,-1.E0,0.E0));
#1162=VECTOR('',#1161,5.E-1);
#1163=CARTESIAN_POINT('',(9.14E0,-1.73E0,2.54E0));
#1164=LINE('',#1163,#1162);
#1165=DIRECTION('',(0.E0,-1.E0,0.E0));
#1166=VECTOR('',#1165,6.88E0);
#1167=CARTESIAN_POINT('',(9.14E0,5.15E0,3.175E0));
#1168=LINE('',#1167,#1166);
#1169=DIRECTION('',(0.E0,-1.E0,0.E0));
#1170=VECTOR('',#1169,5.E-1);
#1171=CARTESIAN_POINT('',(9.14E0,-1.73E0,-2.54E0));
#1172=LINE('',#1171,#1170);
#1173=DIRECTION('',(0.E0,-1.E0,0.E0));
#1174=VECTOR('',#1173,6.88E0);
#1175=CARTESIAN_POINT('',(9.14E0,5.15E0,-3.175E0));
#1176=LINE('',#1175,#1174);
#1177=DIRECTION('',(-1.E0,0.E0,0.E0));
#1178=VECTOR('',#1177,7.453757935532E0);
#1179=CARTESIAN_POINT('',(9.44E0,5.45E0,-3.475E0));
#1180=LINE('',#1179,#1178);
#1181=DIRECTION('',(-5.773502691896E-1,-5.773502691896E-1,5.773502691896E-1));
#1182=VECTOR('',#1181,5.196152422707E-1);
#1183=CARTESIAN_POINT('',(9.44E0,5.45E0,-3.475E0));
#1184=LINE('',#1183,#1182);
#1185=DIRECTION('',(-1.E0,0.E0,0.E0));
#1186=VECTOR('',#1185,7.127511336474E0);
#1187=CARTESIAN_POINT('',(9.14E0,5.15E0,-3.175E0));
#1188=LINE('',#1187,#1186);
#1189=DIRECTION('',(6.174578541845E-2,-7.057575568080E-1,7.057575568080E-1));
#1190=VECTOR('',#1189,4.250751509582E-1);
#1191=CARTESIAN_POINT('',(1.986242064468E0,5.45E0,-3.475E0));
#1192=LINE('',#1191,#1190);
#1193=DIRECTION('',(0.E0,0.E0,-1.E0));
#1194=VECTOR('',#1193,6.95E0);
#1195=CARTESIAN_POINT('',(9.44E0,5.45E0,3.475E0));
#1196=LINE('',#1195,#1194);
#1197=DIRECTION('',(-5.773502691896E-1,-5.773502691896E-1,-5.773502691896E-1));
#1198=VECTOR('',#1197,5.196152422707E-1);
#1199=CARTESIAN_POINT('',(9.44E0,5.45E0,3.475E0));
#1200=LINE('',#1199,#1198);
#1201=DIRECTION('',(0.E0,0.E0,-1.E0));
#1202=VECTOR('',#1201,6.35E0);
#1203=CARTESIAN_POINT('',(9.14E0,5.15E0,3.175E0));
#1204=LINE('',#1203,#1202);
#1205=DIRECTION('',(8.715574274766E-2,0.E0,9.961946980917E-1));
#1206=VECTOR('',#1205,7.528648781575E-2);
#1207=CARTESIAN_POINT('',(1.925E0,2.47E0,-4.175E0));
#1208=LINE('',#1207,#1206);
#1209=DIRECTION('',(0.E0,-1.E0,0.E0));
#1210=VECTOR('',#1209,6.88E0);
#1211=CARTESIAN_POINT('',(2.012488663526E0,5.15E0,-3.175E0));
#1212=LINE('',#1211,#1210);
#1213=DIRECTION('',(0.E0,1.E0,0.E0));
#1214=VECTOR('',#1213,4.2E0);
#1215=CARTESIAN_POINT('',(1.931561649764E0,-1.73E0,-4.1E0));
#1216=LINE('',#1215,#1214);
#1217=DIRECTION('',(-1.E0,0.E0,0.E0));
#1218=VECTOR('',#1217,3.85E0);
#1219=CARTESIAN_POINT('',(1.925E0,2.47E0,-4.175E0));
#1220=LINE('',#1219,#1218);
#1221=DIRECTION('',(0.E0,-1.E0,0.E0));
#1222=VECTOR('',#1221,2.68E0);
#1223=CARTESIAN_POINT('',(1.925E0,5.15E0,-4.175E0));
#1224=LINE('',#1223,#1222);
#1225=DIRECTION('',(-1.E0,0.E0,0.E0));
#1226=VECTOR('',#1225,3.797506801884E0);
#1227=CARTESIAN_POINT('',(1.898753400942E0,5.45E0,-4.475E0));
#1228=LINE('',#1227,#1226);
#1229=DIRECTION('',(6.174578541845E-2,-7.057575568080E-1,7.057575568079E-1));
#1230=VECTOR('',#1229,4.250751509582E-1);
#1231=CARTESIAN_POINT('',(1.898753400942E0,5.45E0,-4.475E0));
#1232=LINE('',#1231,#1230);
#1233=DIRECTION('',(-1.E0,0.E0,0.E0));
#1234=VECTOR('',#1233,3.85E0);
#1235=CARTESIAN_POINT('',(1.925E0,5.15E0,-4.175E0));
#1236=LINE('',#1235,#1234);
#1237=DIRECTION('',(-6.174578541845E-2,-7.057575568080E-1,7.057575568079E-1));
#1238=VECTOR('',#1237,4.250751509582E-1);
#1239=CARTESIAN_POINT('',(-1.898753400942E0,5.45E0,-4.475E0));
#1240=LINE('',#1239,#1238);
#1241=DIRECTION('',(0.E0,-1.E0,0.E0));
#1242=VECTOR('',#1241,6.88E0);
#1243=CARTESIAN_POINT('',(-9.14E0,5.15E0,3.175E0));
#1244=LINE('',#1243,#1242);
#1245=DIRECTION('',(0.E0,-1.E0,0.E0));
#1246=VECTOR('',#1245,6.88E0);
#1247=CARTESIAN_POINT('',(-2.012488663526E0,5.15E0,-3.175E0));
#1248=LINE('',#1247,#1246);
#1249=DIRECTION('',(-1.E0,0.E0,0.E0));
#1250=VECTOR('',#1249,6.5E-1);
#1251=CARTESIAN_POINT('',(7.945E0,4.02E0,9.45E-1));
#1252=LINE('',#1251,#1250);
#1253=DIRECTION('',(0.E0,-1.E0,0.E0));
#1254=VECTOR('',#1253,6.25E0);
#1255=CARTESIAN_POINT('',(7.295E0,4.02E0,9.45E-1));
#1256=LINE('',#1255,#1254);
#1257=DIRECTION('',(-3.481553119114E-1,-8.703882797785E-1,-3.481553119114E-1));
#1258=VECTOR('',#1257,5.744562646538E-1);
#1259=CARTESIAN_POINT('',(7.495E0,4.52E0,1.145E0));
#1260=LINE('',#1259,#1258);
#1261=DIRECTION('',(-3.481553119114E-1,-8.703882797785E-1,3.481553119114E-1));
#1262=VECTOR('',#1261,5.744562646538E-1);
#1263=CARTESIAN_POINT('',(7.495E0,4.52E0,1.395E0));
#1264=LINE('',#1263,#1262);
#1265=DIRECTION('',(1.E0,0.E0,0.E0));
#1266=VECTOR('',#1265,6.5E-1);
#1267=CARTESIAN_POINT('',(4.755E0,4.02E0,1.595E0));
#1268=LINE('',#1267,#1266);
#1269=DIRECTION('',(0.E0,-1.E0,0.E0));
#1270=VECTOR('',#1269,6.25E0);
#1271=CARTESIAN_POINT('',(5.405E0,4.02E0,1.595E0));
#1272=LINE('',#1271,#1270);
#1273=DIRECTION('',(3.481553119114E-1,-8.703882797785E-1,3.481553119114E-1));
#1274=VECTOR('',#1273,5.744562646538E-1);
#1275=CARTESIAN_POINT('',(5.205E0,4.52E0,1.395E0));
#1276=LINE('',#1275,#1274);
#1277=DIRECTION('',(-3.481553119114E-1,-8.703882797785E-1,3.481553119114E-1));
#1278=VECTOR('',#1277,5.744562646538E-1);
#1279=CARTESIAN_POINT('',(4.955E0,4.52E0,1.395E0));
#1280=LINE('',#1279,#1278);
#1281=DIRECTION('',(0.E0,-1.E0,0.E0));
#1282=VECTOR('',#1281,6.5E-1);
#1283=CARTESIAN_POINT('',(4.755E0,-4.763E0,7.275E0));
#1284=LINE('',#1283,#1282);
#1285=CARTESIAN_POINT('',(4.755E0,-4.58E0,1.778E0));
#1286=DIRECTION('',(-1.E0,0.E0,0.E0));
#1287=DIRECTION('',(0.E0,-1.092896174863E-1,-9.940099494018E-1));
#1288=AXIS2_PLACEMENT_3D('',#1285,#1286,#1287);
#1290=DIRECTION('',(0.E0,0.E0,1.E0));
#1291=VECTOR('',#1290,5.497E0);
#1292=CARTESIAN_POINT('',(4.755E0,-4.763E0,1.778E0));
#1293=LINE('',#1292,#1291);
#1294=DIRECTION('',(0.E0,0.E0,1.E0));
#1295=VECTOR('',#1294,6.5E-1);
#1296=CARTESIAN_POINT('',(4.755E0,4.02E0,9.45E-1));
#1297=LINE('',#1296,#1295);
#1298=DIRECTION('',(0.E0,-1.E0,0.E0));
#1299=VECTOR('',#1298,6.25E0);
#1300=CARTESIAN_POINT('',(4.755E0,4.02E0,1.595E0));
#1301=LINE('',#1300,#1299);
#1302=DIRECTION('',(0.E0,1.E0,0.E0));
#1303=VECTOR('',#1302,2.5E-1);
#1304=CARTESIAN_POINT('',(5.205E0,-5.213E0,7.775E0));
#1305=LINE('',#1304,#1303);
#1306=DIRECTION('',(1.E0,0.E0,0.E0));
#1307=VECTOR('',#1306,2.5E-1);
#1308=CARTESIAN_POINT('',(4.955E0,-5.213E0,7.775E0));
#1309=LINE('',#1308,#1307);
#1310=DIRECTION('',(0.E0,-1.E0,0.E0));
#1311=VECTOR('',#1310,2.5E-1);
#1312=CARTESIAN_POINT('',(4.955E0,-4.963E0,7.775E0));
#1313=LINE('',#1312,#1311);
#1314=DIRECTION('',(-1.E0,0.E0,0.E0));
#1315=VECTOR('',#1314,2.5E-1);
#1316=CARTESIAN_POINT('',(5.205E0,-4.963E0,7.775E0));
#1317=LINE('',#1316,#1315);
#1318=DIRECTION('',(0.E0,1.E0,0.E0));
#1319=VECTOR('',#1318,6.5E-1);
#1320=CARTESIAN_POINT('',(5.405E0,-5.413E0,7.275E0));
#1321=LINE('',#1320,#1319);
#1322=CARTESIAN_POINT('',(5.405E0,-4.58E0,1.778E0));
#1323=DIRECTION('',(-1.E0,0.E0,0.E0));
#1324=DIRECTION('',(0.E0,-2.400960384154E-2,-9.997117279113E-1));
#1325=AXIS2_PLACEMENT_3D('',#1322,#1323,#1324);
#1327=DIRECTION('',(0.E0,0.E0,1.E0));
#1328=VECTOR('',#1327,5.497E0);
#1329=CARTESIAN_POINT('',(5.405E0,-5.413E0,1.778E0));
#1330=LINE('',#1329,#1328);
#1331=DIRECTION('',(0.E0,0.E0,-1.E0));
#1332=VECTOR('',#1331,6.5E-1);
#1333=CARTESIAN_POINT('',(5.405E0,4.02E0,1.595E0));
#1334=LINE('',#1333,#1332);
#1335=DIRECTION('',(0.E0,-1.E0,0.E0));
#1336=VECTOR('',#1335,6.25E0);
#1337=CARTESIAN_POINT('',(5.405E0,4.02E0,9.45E-1));
#1338=LINE('',#1337,#1336);
#1339=DIRECTION('',(-1.E0,0.E0,0.E0));
#1340=VECTOR('',#1339,6.5E-1);
#1341=CARTESIAN_POINT('',(5.405E0,-4.763E0,7.275E0));
#1342=LINE('',#1341,#1340);
#1343=DIRECTION('',(-1.E0,0.E0,0.E0));
#1344=VECTOR('',#1343,6.5E-1);
#1345=CARTESIAN_POINT('',(5.405E0,-4.763E0,1.778E0));
#1346=LINE('',#1345,#1344);
#1347=DIRECTION('',(0.E0,0.E0,1.E0));
#1348=VECTOR('',#1347,5.497E0);
#1349=CARTESIAN_POINT('',(5.405E0,-4.763E0,1.778E0));
#1350=LINE('',#1349,#1348);
#1351=DIRECTION('',(-3.481553119114E-1,-3.481553119114E-1,8.703882797785E-1));
#1352=VECTOR('',#1351,5.744562646538E-1);
#1353=CARTESIAN_POINT('',(5.405E0,-4.763E0,7.275E0));
#1354=LINE('',#1353,#1352);
#1355=DIRECTION('',(-3.481553119114E-1,3.481553119114E-1,-8.703882797785E-1));
#1356=VECTOR('',#1355,5.744562646538E-1);
#1357=CARTESIAN_POINT('',(4.955E0,-4.963E0,7.775E0));
#1358=LINE('',#1357,#1356);
#1359=CARTESIAN_POINT('',(5.405E0,-4.58E0,1.778E0));
#1360=DIRECTION('',(-1.E0,0.E0,0.E0));
#1361=DIRECTION('',(0.E0,-1.092896174863E-1,-9.940099494018E-1));
#1362=AXIS2_PLACEMENT_3D('',#1359,#1360,#1361);
#1364=CARTESIAN_POINT('',(4.755E0,-4.58E0,1.778E0));
#1365=DIRECTION('',(-1.E0,0.E0,0.E0));
#1366=DIRECTION('',(0.E0,-2.400960384154E-2,-9.997117279113E-1));
#1367=AXIS2_PLACEMENT_3D('',#1364,#1365,#1366);
#1369=DIRECTION('',(1.E0,0.E0,0.E0));
#1370=VECTOR('',#1369,6.5E-1);
#1371=CARTESIAN_POINT('',(4.755E0,-5.413E0,7.275E0));
#1372=LINE('',#1371,#1370);
#1373=DIRECTION('',(1.E0,0.E0,0.E0));
#1374=VECTOR('',#1373,6.5E-1);
#1375=CARTESIAN_POINT('',(4.755E0,-5.413E0,1.778E0));
#1376=LINE('',#1375,#1374);
#1377=DIRECTION('',(0.E0,0.E0,1.E0));
#1378=VECTOR('',#1377,5.497E0);
#1379=CARTESIAN_POINT('',(4.755E0,-5.413E0,1.778E0));
#1380=LINE('',#1379,#1378);
#1381=DIRECTION('',(3.481553119114E-1,3.481553119114E-1,8.703882797785E-1));
#1382=VECTOR('',#1381,5.744562646538E-1);
#1383=CARTESIAN_POINT('',(4.755E0,-5.413E0,7.275E0));
#1384=LINE('',#1383,#1382);
#1385=DIRECTION('',(3.481553119114E-1,-3.481553119114E-1,-8.703882797785E-1));
#1386=VECTOR('',#1385,5.744562646538E-1);
#1387=CARTESIAN_POINT('',(5.205E0,-5.213E0,7.775E0));
#1388=LINE('',#1387,#1386);
#1389=DIRECTION('',(3.481553119114E-1,-8.703882797785E-1,-3.481553119114E-1));
#1390=VECTOR('',#1389,5.744562646538E-1);
#1391=CARTESIAN_POINT('',(5.205E0,4.52E0,1.145E0));
#1392=LINE('',#1391,#1390);
#1393=DIRECTION('',(1.E0,0.E0,0.E0));
#1394=VECTOR('',#1393,2.5E-1);
#1395=CARTESIAN_POINT('',(4.955E0,4.52E0,1.395E0));
#1396=LINE('',#1395,#1394);
#1397=DIRECTION('',(0.E0,0.E0,1.E0));
#1398=VECTOR('',#1397,2.5E-1);
#1399=CARTESIAN_POINT('',(4.955E0,4.52E0,1.145E0));
#1400=LINE('',#1399,#1398);
#1401=DIRECTION('',(-1.E0,0.E0,0.E0));
#1402=VECTOR('',#1401,2.5E-1);
#1403=CARTESIAN_POINT('',(5.205E0,4.52E0,1.145E0));
#1404=LINE('',#1403,#1402);
#1405=DIRECTION('',(0.E0,0.E0,-1.E0));
#1406=VECTOR('',#1405,2.5E-1);
#1407=CARTESIAN_POINT('',(5.205E0,4.52E0,1.395E0));
#1408=LINE('',#1407,#1406);
#1409=DIRECTION('',(-3.481553119114E-1,-8.703882797785E-1,-3.481553119114E-1));
#1410=VECTOR('',#1409,5.744562646538E-1);
#1411=CARTESIAN_POINT('',(4.955E0,4.52E0,1.145E0));
#1412=LINE('',#1411,#1410);
#1413=DIRECTION('',(-1.E0,0.E0,0.E0));
#1414=VECTOR('',#1413,6.5E-1);
#1415=CARTESIAN_POINT('',(5.405E0,4.02E0,9.45E-1));
#1416=LINE('',#1415,#1414);
#1417=DIRECTION('',(0.E0,-1.E0,0.E0));
#1418=VECTOR('',#1417,6.25E0);
#1419=CARTESIAN_POINT('',(4.755E0,4.02E0,9.45E-1));
#1420=LINE('',#1419,#1418);
#1421=DIRECTION('',(1.E0,0.E0,0.E0));
#1422=VECTOR('',#1421,6.5E-1);
#1423=CARTESIAN_POINT('',(2.215E0,4.02E0,1.595E0));
#1424=LINE('',#1423,#1422);
#1425=DIRECTION('',(0.E0,-1.E0,0.E0));
#1426=VECTOR('',#1425,6.25E0);
#1427=CARTESIAN_POINT('',(2.865E0,4.02E0,1.595E0));
#1428=LINE('',#1427,#1426);
#1429=DIRECTION('',(3.481553119114E-1,-8.703882797785E-1,3.481553119114E-1));
#1430=VECTOR('',#1429,5.744562646538E-1);
#1431=CARTESIAN_POINT('',(2.665E0,4.52E0,1.395E0));
#1432=LINE('',#1431,#1430);
#1433=DIRECTION('',(-3.481553119114E-1,-8.703882797785E-1,3.481553119114E-1));
#1434=VECTOR('',#1433,5.744562646538E-1);
#1435=CARTESIAN_POINT('',(2.415E0,4.52E0,1.395E0));
#1436=LINE('',#1435,#1434);
#1437=DIRECTION('',(0.E0,-1.E0,0.E0));
#1438=VECTOR('',#1437,6.5E-1);
#1439=CARTESIAN_POINT('',(2.215E0,-4.763E0,7.275E0));
#1440=LINE('',#1439,#1438);
#1441=CARTESIAN_POINT('',(2.215E0,-4.58E0,1.778E0));
#1442=DIRECTION('',(-1.E0,0.E0,0.E0));
#1443=DIRECTION('',(0.E0,-1.092896174863E-1,-9.940099494018E-1));
#1444=AXIS2_PLACEMENT_3D('',#1441,#1442,#1443);
#1446=DIRECTION('',(0.E0,0.E0,1.E0));
#1447=VECTOR('',#1446,5.497E0);
#1448=CARTESIAN_POINT('',(2.215E0,-4.763E0,1.778E0));
#1449=LINE('',#1448,#1447);
#1450=DIRECTION('',(0.E0,0.E0,1.E0));
#1451=VECTOR('',#1450,6.5E-1);
#1452=CARTESIAN_POINT('',(2.215E0,4.02E0,9.45E-1));
#1453=LINE('',#1452,#1451);
#1454=DIRECTION('',(0.E0,-1.E0,0.E0));
#1455=VECTOR('',#1454,6.25E0);
#1456=CARTESIAN_POINT('',(2.215E0,4.02E0,1.595E0));
#1457=LINE('',#1456,#1455);
#1458=DIRECTION('',(0.E0,1.E0,0.E0));
#1459=VECTOR('',#1458,2.5E-1);
#1460=CARTESIAN_POINT('',(2.665E0,-5.213E0,7.775E0));
#1461=LINE('',#1460,#1459);
#1462=DIRECTION('',(1.E0,0.E0,0.E0));
#1463=VECTOR('',#1462,2.5E-1);
#1464=CARTESIAN_POINT('',(2.415E0,-5.213E0,7.775E0));
#1465=LINE('',#1464,#1463);
#1466=DIRECTION('',(0.E0,-1.E0,0.E0));
#1467=VECTOR('',#1466,2.5E-1);
#1468=CARTESIAN_POINT('',(2.415E0,-4.963E0,7.775E0));
#1469=LINE('',#1468,#1467);
#1470=DIRECTION('',(-1.E0,0.E0,0.E0));
#1471=VECTOR('',#1470,2.5E-1);
#1472=CARTESIAN_POINT('',(2.665E0,-4.963E0,7.775E0));
#1473=LINE('',#1472,#1471);
#1474=DIRECTION('',(0.E0,1.E0,0.E0));
#1475=VECTOR('',#1474,6.5E-1);
#1476=CARTESIAN_POINT('',(2.865E0,-5.413E0,7.275E0));
#1477=LINE('',#1476,#1475);
#1478=CARTESIAN_POINT('',(2.865E0,-4.58E0,1.778E0));
#1479=DIRECTION('',(-1.E0,0.E0,0.E0));
#1480=DIRECTION('',(0.E0,-2.400960384154E-2,-9.997117279113E-1));
#1481=AXIS2_PLACEMENT_3D('',#1478,#1479,#1480);
#1483=DIRECTION('',(0.E0,0.E0,1.E0));
#1484=VECTOR('',#1483,5.497E0);
#1485=CARTESIAN_POINT('',(2.865E0,-5.413E0,1.778E0));
#1486=LINE('',#1485,#1484);
#1487=DIRECTION('',(0.E0,0.E0,-1.E0));
#1488=VECTOR('',#1487,6.5E-1);
#1489=CARTESIAN_POINT('',(2.865E0,4.02E0,1.595E0));
#1490=LINE('',#1489,#1488);
#1491=DIRECTION('',(0.E0,-1.E0,0.E0));
#1492=VECTOR('',#1491,6.25E0);
#1493=CARTESIAN_POINT('',(2.865E0,4.02E0,9.45E-1));
#1494=LINE('',#1493,#1492);
#1495=DIRECTION('',(-1.E0,0.E0,0.E0));
#1496=VECTOR('',#1495,6.5E-1);
#1497=CARTESIAN_POINT('',(2.865E0,-4.763E0,7.275E0));
#1498=LINE('',#1497,#1496);
#1499=DIRECTION('',(-1.E0,0.E0,0.E0));
#1500=VECTOR('',#1499,6.5E-1);
#1501=CARTESIAN_POINT('',(2.865E0,-4.763E0,1.778E0));
#1502=LINE('',#1501,#1500);
#1503=DIRECTION('',(0.E0,0.E0,1.E0));
#1504=VECTOR('',#1503,5.497E0);
#1505=CARTESIAN_POINT('',(2.865E0,-4.763E0,1.778E0));
#1506=LINE('',#1505,#1504);
#1507=DIRECTION('',(-3.481553119114E-1,-3.481553119114E-1,8.703882797785E-1));
#1508=VECTOR('',#1507,5.744562646538E-1);
#1509=CARTESIAN_POINT('',(2.865E0,-4.763E0,7.275E0));
#1510=LINE('',#1509,#1508);
#1511=DIRECTION('',(-3.481553119114E-1,3.481553119114E-1,-8.703882797785E-1));
#1512=VECTOR('',#1511,5.744562646538E-1);
#1513=CARTESIAN_POINT('',(2.415E0,-4.963E0,7.775E0));
#1514=LINE('',#1513,#1512);
#1515=CARTESIAN_POINT('',(2.865E0,-4.58E0,1.778E0));
#1516=DIRECTION('',(-1.E0,0.E0,0.E0));
#1517=DIRECTION('',(0.E0,-1.092896174863E-1,-9.940099494018E-1));
#1518=AXIS2_PLACEMENT_3D('',#1515,#1516,#1517);
#1520=CARTESIAN_POINT('',(2.215E0,-4.58E0,1.778E0));
#1521=DIRECTION('',(-1.E0,0.E0,0.E0));
#1522=DIRECTION('',(0.E0,-2.400960384154E-2,-9.997117279113E-1));
#1523=AXIS2_PLACEMENT_3D('',#1520,#1521,#1522);
#1525=DIRECTION('',(1.E0,0.E0,0.E0));
#1526=VECTOR('',#1525,6.5E-1);
#1527=CARTESIAN_POINT('',(2.215E0,-5.413E0,7.275E0));
#1528=LINE('',#1527,#1526);
#1529=DIRECTION('',(1.E0,0.E0,0.E0));
#1530=VECTOR('',#1529,6.5E-1);
#1531=CARTESIAN_POINT('',(2.215E0,-5.413E0,1.778E0));
#1532=LINE('',#1531,#1530);
#1533=DIRECTION('',(0.E0,0.E0,1.E0));
#1534=VECTOR('',#1533,5.497E0);
#1535=CARTESIAN_POINT('',(2.215E0,-5.413E0,1.778E0));
#1536=LINE('',#1535,#1534);
#1537=DIRECTION('',(3.481553119114E-1,3.481553119114E-1,8.703882797785E-1));
#1538=VECTOR('',#1537,5.744562646538E-1);
#1539=CARTESIAN_POINT('',(2.215E0,-5.413E0,7.275E0));
#1540=LINE('',#1539,#1538);
#1541=DIRECTION('',(3.481553119114E-1,-3.481553119114E-1,-8.703882797785E-1));
#1542=VECTOR('',#1541,5.744562646538E-1);
#1543=CARTESIAN_POINT('',(2.665E0,-5.213E0,7.775E0));
#1544=LINE('',#1543,#1542);
#1545=DIRECTION('',(3.481553119114E-1,-8.703882797785E-1,-3.481553119114E-1));
#1546=VECTOR('',#1545,5.744562646538E-1);
#1547=CARTESIAN_POINT('',(2.665E0,4.52E0,1.145E0));
#1548=LINE('',#1547,#1546);
#1549=DIRECTION('',(1.E0,0.E0,0.E0));
#1550=VECTOR('',#1549,2.5E-1);
#1551=CARTESIAN_POINT('',(2.415E0,4.52E0,1.395E0));
#1552=LINE('',#1551,#1550);
#1553=DIRECTION('',(0.E0,0.E0,1.E0));
#1554=VECTOR('',#1553,2.5E-1);
#1555=CARTESIAN_POINT('',(2.415E0,4.52E0,1.145E0));
#1556=LINE('',#1555,#1554);
#1557=DIRECTION('',(-1.E0,0.E0,0.E0));
#1558=VECTOR('',#1557,2.5E-1);
#1559=CARTESIAN_POINT('',(2.665E0,4.52E0,1.145E0));
#1560=LINE('',#1559,#1558);
#1561=DIRECTION('',(0.E0,0.E0,-1.E0));
#1562=VECTOR('',#1561,2.5E-1);
#1563=CARTESIAN_POINT('',(2.665E0,4.52E0,1.395E0));
#1564=LINE('',#1563,#1562);
#1565=DIRECTION('',(-3.481553119114E-1,-8.703882797785E-1,-3.481553119114E-1));
#1566=VECTOR('',#1565,5.744562646538E-1);
#1567=CARTESIAN_POINT('',(2.415E0,4.52E0,1.145E0));
#1568=LINE('',#1567,#1566);
#1569=DIRECTION('',(-1.E0,0.E0,0.E0));
#1570=VECTOR('',#1569,6.5E-1);
#1571=CARTESIAN_POINT('',(2.865E0,4.02E0,9.45E-1));
#1572=LINE('',#1571,#1570);
#1573=DIRECTION('',(0.E0,-1.E0,0.E0));
#1574=VECTOR('',#1573,6.25E0);
#1575=CARTESIAN_POINT('',(2.215E0,4.02E0,9.45E-1));
#1576=LINE('',#1575,#1574);
#1577=DIRECTION('',(1.E0,0.E0,0.E0));
#1578=VECTOR('',#1577,6.5E-1);
#1579=CARTESIAN_POINT('',(-3.25E-1,4.02E0,1.595E0));
#1580=LINE('',#1579,#1578);
#1581=DIRECTION('',(0.E0,-1.E0,0.E0));
#1582=VECTOR('',#1581,6.25E0);
#1583=CARTESIAN_POINT('',(3.25E-1,4.02E0,1.595E0));
#1584=LINE('',#1583,#1582);
#1585=DIRECTION('',(3.481553119114E-1,-8.703882797785E-1,3.481553119114E-1));
#1586=VECTOR('',#1585,5.744562646538E-1);
#1587=CARTESIAN_POINT('',(1.25E-1,4.52E0,1.395E0));
#1588=LINE('',#1587,#1586);
#1589=DIRECTION('',(-3.481553119114E-1,-8.703882797785E-1,3.481553119114E-1));
#1590=VECTOR('',#1589,5.744562646538E-1);
#1591=CARTESIAN_POINT('',(-1.25E-1,4.52E0,1.395E0));
#1592=LINE('',#1591,#1590);
#1593=DIRECTION('',(0.E0,-1.E0,0.E0));
#1594=VECTOR('',#1593,6.5E-1);
#1595=CARTESIAN_POINT('',(-3.25E-1,-4.763E0,7.275E0));
#1596=LINE('',#1595,#1594);
#1597=CARTESIAN_POINT('',(-3.25E-1,-4.58E0,1.778E0));
#1598=DIRECTION('',(-1.E0,0.E0,0.E0));
#1599=DIRECTION('',(0.E0,-1.092896174863E-1,-9.940099494018E-1));
#1600=AXIS2_PLACEMENT_3D('',#1597,#1598,#1599);
#1602=DIRECTION('',(0.E0,0.E0,1.E0));
#1603=VECTOR('',#1602,5.497E0);
#1604=CARTESIAN_POINT('',(-3.25E-1,-4.763E0,1.778E0));
#1605=LINE('',#1604,#1603);
#1606=DIRECTION('',(0.E0,0.E0,1.E0));
#1607=VECTOR('',#1606,6.5E-1);
#1608=CARTESIAN_POINT('',(-3.25E-1,4.02E0,9.45E-1));
#1609=LINE('',#1608,#1607);
#1610=DIRECTION('',(0.E0,-1.E0,0.E0));
#1611=VECTOR('',#1610,6.25E0);
#1612=CARTESIAN_POINT('',(-3.25E-1,4.02E0,1.595E0));
#1613=LINE('',#1612,#1611);
#1614=DIRECTION('',(0.E0,1.E0,0.E0));
#1615=VECTOR('',#1614,2.5E-1);
#1616=CARTESIAN_POINT('',(1.25E-1,-5.213E0,7.775E0));
#1617=LINE('',#1616,#1615);
#1618=DIRECTION('',(1.E0,0.E0,0.E0));
#1619=VECTOR('',#1618,2.5E-1);
#1620=CARTESIAN_POINT('',(-1.25E-1,-5.213E0,7.775E0));
#1621=LINE('',#1620,#1619);
#1622=DIRECTION('',(0.E0,-1.E0,0.E0));
#1623=VECTOR('',#1622,2.5E-1);
#1624=CARTESIAN_POINT('',(-1.25E-1,-4.963E0,7.775E0));
#1625=LINE('',#1624,#1623);
#1626=DIRECTION('',(-1.E0,0.E0,0.E0));
#1627=VECTOR('',#1626,2.5E-1);
#1628=CARTESIAN_POINT('',(1.25E-1,-4.963E0,7.775E0));
#1629=LINE('',#1628,#1627);
#1630=DIRECTION('',(0.E0,1.E0,0.E0));
#1631=VECTOR('',#1630,6.5E-1);
#1632=CARTESIAN_POINT('',(3.25E-1,-5.413E0,7.275E0));
#1633=LINE('',#1632,#1631);
#1634=CARTESIAN_POINT('',(3.25E-1,-4.58E0,1.778E0));
#1635=DIRECTION('',(-1.E0,0.E0,0.E0));
#1636=DIRECTION('',(0.E0,-2.400960384154E-2,-9.997117279113E-1));
#1637=AXIS2_PLACEMENT_3D('',#1634,#1635,#1636);
#1639=DIRECTION('',(0.E0,0.E0,1.E0));
#1640=VECTOR('',#1639,5.497E0);
#1641=CARTESIAN_POINT('',(3.25E-1,-5.413E0,1.778E0));
#1642=LINE('',#1641,#1640);
#1643=DIRECTION('',(0.E0,0.E0,-1.E0));
#1644=VECTOR('',#1643,6.5E-1);
#1645=CARTESIAN_POINT('',(3.25E-1,4.02E0,1.595E0));
#1646=LINE('',#1645,#1644);
#1647=DIRECTION('',(0.E0,-1.E0,0.E0));
#1648=VECTOR('',#1647,6.25E0);
#1649=CARTESIAN_POINT('',(3.25E-1,4.02E0,9.45E-1));
#1650=LINE('',#1649,#1648);
#1651=DIRECTION('',(-1.E0,0.E0,0.E0));
#1652=VECTOR('',#1651,6.5E-1);
#1653=CARTESIAN_POINT('',(3.25E-1,-4.763E0,7.275E0));
#1654=LINE('',#1653,#1652);
#1655=DIRECTION('',(-1.E0,0.E0,0.E0));
#1656=VECTOR('',#1655,6.5E-1);
#1657=CARTESIAN_POINT('',(3.25E-1,-4.763E0,1.778E0));
#1658=LINE('',#1657,#1656);
#1659=DIRECTION('',(0.E0,0.E0,1.E0));
#1660=VECTOR('',#1659,5.497E0);
#1661=CARTESIAN_POINT('',(3.25E-1,-4.763E0,1.778E0));
#1662=LINE('',#1661,#1660);
#1663=DIRECTION('',(-3.481553119114E-1,-3.481553119114E-1,8.703882797785E-1));
#1664=VECTOR('',#1663,5.744562646538E-1);
#1665=CARTESIAN_POINT('',(3.25E-1,-4.763E0,7.275E0));
#1666=LINE('',#1665,#1664);
#1667=DIRECTION('',(-3.481553119114E-1,3.481553119114E-1,-8.703882797785E-1));
#1668=VECTOR('',#1667,5.744562646538E-1);
#1669=CARTESIAN_POINT('',(-1.25E-1,-4.963E0,7.775E0));
#1670=LINE('',#1669,#1668);
#1671=CARTESIAN_POINT('',(3.25E-1,-4.58E0,1.778E0));
#1672=DIRECTION('',(-1.E0,0.E0,0.E0));
#1673=DIRECTION('',(0.E0,-1.092896174863E-1,-9.940099494018E-1));
#1674=AXIS2_PLACEMENT_3D('',#1671,#1672,#1673);
#1676=CARTESIAN_POINT('',(-3.25E-1,-4.58E0,1.778E0));
#1677=DIRECTION('',(-1.E0,0.E0,0.E0));
#1678=DIRECTION('',(0.E0,-2.400960384154E-2,-9.997117279113E-1));
#1679=AXIS2_PLACEMENT_3D('',#1676,#1677,#1678);
#1681=DIRECTION('',(1.E0,0.E0,0.E0));
#1682=VECTOR('',#1681,6.5E-1);
#1683=CARTESIAN_POINT('',(-3.25E-1,-5.413E0,7.275E0));
#1684=LINE('',#1683,#1682);
#1685=DIRECTION('',(1.E0,0.E0,0.E0));
#1686=VECTOR('',#1685,6.5E-1);
#1687=CARTESIAN_POINT('',(-3.25E-1,-5.413E0,1.778E0));
#1688=LINE('',#1687,#1686);
#1689=DIRECTION('',(0.E0,0.E0,1.E0));
#1690=VECTOR('',#1689,5.497E0);
#1691=CARTESIAN_POINT('',(-3.25E-1,-5.413E0,1.778E0));
#1692=LINE('',#1691,#1690);
#1693=DIRECTION('',(3.481553119114E-1,3.481553119114E-1,8.703882797785E-1));
#1694=VECTOR('',#1693,5.744562646538E-1);
#1695=CARTESIAN_POINT('',(-3.25E-1,-5.413E0,7.275E0));
#1696=LINE('',#1695,#1694);
#1697=DIRECTION('',(3.481553119114E-1,-3.481553119114E-1,-8.703882797785E-1));
#1698=VECTOR('',#1697,5.744562646538E-1);
#1699=CARTESIAN_POINT('',(1.25E-1,-5.213E0,7.775E0));
#1700=LINE('',#1699,#1698);
#1701=DIRECTION('',(3.481553119114E-1,-8.703882797785E-1,-3.481553119114E-1));
#1702=VECTOR('',#1701,5.744562646538E-1);
#1703=CARTESIAN_POINT('',(1.25E-1,4.52E0,1.145E0));
#1704=LINE('',#1703,#1702);
#1705=DIRECTION('',(1.E0,0.E0,0.E0));
#1706=VECTOR('',#1705,2.5E-1);
#1707=CARTESIAN_POINT('',(-1.25E-1,4.52E0,1.395E0));
#1708=LINE('',#1707,#1706);
#1709=DIRECTION('',(0.E0,0.E0,1.E0));
#1710=VECTOR('',#1709,2.5E-1);
#1711=CARTESIAN_POINT('',(-1.25E-1,4.52E0,1.145E0));
#1712=LINE('',#1711,#1710);
#1713=DIRECTION('',(-1.E0,0.E0,0.E0));
#1714=VECTOR('',#1713,2.5E-1);
#1715=CARTESIAN_POINT('',(1.25E-1,4.52E0,1.145E0));
#1716=LINE('',#1715,#1714);
#1717=DIRECTION('',(0.E0,0.E0,-1.E0));
#1718=VECTOR('',#1717,2.5E-1);
#1719=CARTESIAN_POINT('',(1.25E-1,4.52E0,1.395E0));
#1720=LINE('',#1719,#1718);
#1721=DIRECTION('',(-3.481553119114E-1,-8.703882797785E-1,-3.481553119114E-1));
#1722=VECTOR('',#1721,5.744562646538E-1);
#1723=CARTESIAN_POINT('',(-1.25E-1,4.52E0,1.145E0));
#1724=LINE('',#1723,#1722);
#1725=DIRECTION('',(-1.E0,0.E0,0.E0));
#1726=VECTOR('',#1725,6.5E-1);
#1727=CARTESIAN_POINT('',(3.25E-1,4.02E0,9.45E-1));
#1728=LINE('',#1727,#1726);
#1729=DIRECTION('',(0.E0,-1.E0,0.E0));
#1730=VECTOR('',#1729,6.25E0);
#1731=CARTESIAN_POINT('',(-3.25E-1,4.02E0,9.45E-1));
#1732=LINE('',#1731,#1730);
#1733=DIRECTION('',(1.E0,0.E0,0.E0));
#1734=VECTOR('',#1733,6.5E-1);
#1735=CARTESIAN_POINT('',(-2.865E0,4.02E0,1.595E0));
#1736=LINE('',#1735,#1734);
#1737=DIRECTION('',(0.E0,-1.E0,0.E0));
#1738=VECTOR('',#1737,6.25E0);
#1739=CARTESIAN_POINT('',(-2.215E0,4.02E0,1.595E0));
#1740=LINE('',#1739,#1738);
#1741=DIRECTION('',(3.481553119114E-1,-8.703882797785E-1,3.481553119114E-1));
#1742=VECTOR('',#1741,5.744562646538E-1);
#1743=CARTESIAN_POINT('',(-2.415E0,4.52E0,1.395E0));
#1744=LINE('',#1743,#1742);
#1745=DIRECTION('',(-3.481553119114E-1,-8.703882797785E-1,3.481553119114E-1));
#1746=VECTOR('',#1745,5.744562646538E-1);
#1747=CARTESIAN_POINT('',(-2.665E0,4.52E0,1.395E0));
#1748=LINE('',#1747,#1746);
#1749=DIRECTION('',(0.E0,-1.E0,0.E0));
#1750=VECTOR('',#1749,6.5E-1);
#1751=CARTESIAN_POINT('',(-2.865E0,-4.763E0,7.275E0));
#1752=LINE('',#1751,#1750);
#1753=CARTESIAN_POINT('',(-2.865E0,-4.58E0,1.778E0));
#1754=DIRECTION('',(-1.E0,0.E0,0.E0));
#1755=DIRECTION('',(0.E0,-1.092896174863E-1,-9.940099494018E-1));
#1756=AXIS2_PLACEMENT_3D('',#1753,#1754,#1755);
#1758=DIRECTION('',(0.E0,0.E0,1.E0));
#1759=VECTOR('',#1758,5.497E0);
#1760=CARTESIAN_POINT('',(-2.865E0,-4.763E0,1.778E0));
#1761=LINE('',#1760,#1759);
#1762=DIRECTION('',(0.E0,0.E0,1.E0));
#1763=VECTOR('',#1762,6.5E-1);
#1764=CARTESIAN_POINT('',(-2.865E0,4.02E0,9.45E-1));
#1765=LINE('',#1764,#1763);
#1766=DIRECTION('',(0.E0,-1.E0,0.E0));
#1767=VECTOR('',#1766,6.25E0);
#1768=CARTESIAN_POINT('',(-2.865E0,4.02E0,1.595E0));
#1769=LINE('',#1768,#1767);
#1770=DIRECTION('',(0.E0,1.E0,0.E0));
#1771=VECTOR('',#1770,2.5E-1);
#1772=CARTESIAN_POINT('',(-2.415E0,-5.213E0,7.775E0));
#1773=LINE('',#1772,#1771);
#1774=DIRECTION('',(1.E0,0.E0,0.E0));
#1775=VECTOR('',#1774,2.5E-1);
#1776=CARTESIAN_POINT('',(-2.665E0,-5.213E0,7.775E0));
#1777=LINE('',#1776,#1775);
#1778=DIRECTION('',(0.E0,-1.E0,0.E0));
#1779=VECTOR('',#1778,2.5E-1);
#1780=CARTESIAN_POINT('',(-2.665E0,-4.963E0,7.775E0));
#1781=LINE('',#1780,#1779);
#1782=DIRECTION('',(-1.E0,0.E0,0.E0));
#1783=VECTOR('',#1782,2.5E-1);
#1784=CARTESIAN_POINT('',(-2.415E0,-4.963E0,7.775E0));
#1785=LINE('',#1784,#1783);
#1786=DIRECTION('',(0.E0,1.E0,0.E0));
#1787=VECTOR('',#1786,6.5E-1);
#1788=CARTESIAN_POINT('',(-2.215E0,-5.413E0,7.275E0));
#1789=LINE('',#1788,#1787);
#1790=CARTESIAN_POINT('',(-2.215E0,-4.58E0,1.778E0));
#1791=DIRECTION('',(-1.E0,0.E0,0.E0));
#1792=DIRECTION('',(0.E0,-2.400960384154E-2,-9.997117279113E-1));
#1793=AXIS2_PLACEMENT_3D('',#1790,#1791,#1792);
#1795=DIRECTION('',(0.E0,0.E0,1.E0));
#1796=VECTOR('',#1795,5.497E0);
#1797=CARTESIAN_POINT('',(-2.215E0,-5.413E0,1.778E0));
#1798=LINE('',#1797,#1796);
#1799=DIRECTION('',(0.E0,0.E0,-1.E0));
#1800=VECTOR('',#1799,6.5E-1);
#1801=CARTESIAN_POINT('',(-2.215E0,4.02E0,1.595E0));
#1802=LINE('',#1801,#1800);
#1803=DIRECTION('',(0.E0,-1.E0,0.E0));
#1804=VECTOR('',#1803,6.25E0);
#1805=CARTESIAN_POINT('',(-2.215E0,4.02E0,9.45E-1));
#1806=LINE('',#1805,#1804);
#1807=DIRECTION('',(-1.E0,0.E0,0.E0));
#1808=VECTOR('',#1807,6.5E-1);
#1809=CARTESIAN_POINT('',(-2.215E0,-4.763E0,7.275E0));
#1810=LINE('',#1809,#1808);
#1811=DIRECTION('',(-1.E0,0.E0,0.E0));
#1812=VECTOR('',#1811,6.5E-1);
#1813=CARTESIAN_POINT('',(-2.215E0,-4.763E0,1.778E0));
#1814=LINE('',#1813,#1812);
#1815=DIRECTION('',(0.E0,0.E0,1.E0));
#1816=VECTOR('',#1815,5.497E0);
#1817=CARTESIAN_POINT('',(-2.215E0,-4.763E0,1.778E0));
#1818=LINE('',#1817,#1816);
#1819=DIRECTION('',(-3.481553119114E-1,-3.481553119114E-1,8.703882797785E-1));
#1820=VECTOR('',#1819,5.744562646538E-1);
#1821=CARTESIAN_POINT('',(-2.215E0,-4.763E0,7.275E0));
#1822=LINE('',#1821,#1820);
#1823=DIRECTION('',(-3.481553119114E-1,3.481553119114E-1,-8.703882797785E-1));
#1824=VECTOR('',#1823,5.744562646538E-1);
#1825=CARTESIAN_POINT('',(-2.665E0,-4.963E0,7.775E0));
#1826=LINE('',#1825,#1824);
#1827=CARTESIAN_POINT('',(-2.215E0,-4.58E0,1.778E0));
#1828=DIRECTION('',(-1.E0,0.E0,0.E0));
#1829=DIRECTION('',(0.E0,-1.092896174863E-1,-9.940099494018E-1));
#1830=AXIS2_PLACEMENT_3D('',#1827,#1828,#1829);
#1832=CARTESIAN_POINT('',(-2.865E0,-4.58E0,1.778E0));
#1833=DIRECTION('',(-1.E0,0.E0,0.E0));
#1834=DIRECTION('',(0.E0,-2.400960384154E-2,-9.997117279113E-1));
#1835=AXIS2_PLACEMENT_3D('',#1832,#1833,#1834);
#1837=DIRECTION('',(1.E0,0.E0,0.E0));
#1838=VECTOR('',#1837,6.5E-1);
#1839=CARTESIAN_POINT('',(-2.865E0,-5.413E0,7.275E0));
#1840=LINE('',#1839,#1838);
#1841=DIRECTION('',(1.E0,0.E0,0.E0));
#1842=VECTOR('',#1841,6.5E-1);
#1843=CARTESIAN_POINT('',(-2.865E0,-5.413E0,1.778E0));
#1844=LINE('',#1843,#1842);
#1845=DIRECTION('',(0.E0,0.E0,1.E0));
#1846=VECTOR('',#1845,5.497E0);
#1847=CARTESIAN_POINT('',(-2.865E0,-5.413E0,1.778E0));
#1848=LINE('',#1847,#1846);
#1849=DIRECTION('',(3.481553119114E-1,3.481553119114E-1,8.703882797785E-1));
#1850=VECTOR('',#1849,5.744562646538E-1);
#1851=CARTESIAN_POINT('',(-2.865E0,-5.413E0,7.275E0));
#1852=LINE('',#1851,#1850);
#1853=DIRECTION('',(3.481553119114E-1,-3.481553119114E-1,-8.703882797785E-1));
#1854=VECTOR('',#1853,5.744562646538E-1);
#1855=CARTESIAN_POINT('',(-2.415E0,-5.213E0,7.775E0));
#1856=LINE('',#1855,#1854);
#1857=DIRECTION('',(3.481553119114E-1,-8.703882797785E-1,-3.481553119114E-1));
#1858=VECTOR('',#1857,5.744562646538E-1);
#1859=CARTESIAN_POINT('',(-2.415E0,4.52E0,1.145E0));
#1860=LINE('',#1859,#1858);
#1861=DIRECTION('',(1.E0,0.E0,0.E0));
#1862=VECTOR('',#1861,2.5E-1);
#1863=CARTESIAN_POINT('',(-2.665E0,4.52E0,1.395E0));
#1864=LINE('',#1863,#1862);
#1865=DIRECTION('',(0.E0,0.E0,1.E0));
#1866=VECTOR('',#1865,2.5E-1);
#1867=CARTESIAN_POINT('',(-2.665E0,4.52E0,1.145E0));
#1868=LINE('',#1867,#1866);
#1869=DIRECTION('',(-1.E0,0.E0,0.E0));
#1870=VECTOR('',#1869,2.5E-1);
#1871=CARTESIAN_POINT('',(-2.415E0,4.52E0,1.145E0));
#1872=LINE('',#1871,#1870);
#1873=DIRECTION('',(0.E0,0.E0,-1.E0));
#1874=VECTOR('',#1873,2.5E-1);
#1875=CARTESIAN_POINT('',(-2.415E0,4.52E0,1.395E0));
#1876=LINE('',#1875,#1874);
#1877=DIRECTION('',(-3.481553119114E-1,-8.703882797785E-1,-3.481553119114E-1));
#1878=VECTOR('',#1877,5.744562646538E-1);
#1879=CARTESIAN_POINT('',(-2.665E0,4.52E0,1.145E0));
#1880=LINE('',#1879,#1878);
#1881=DIRECTION('',(-1.E0,0.E0,0.E0));
#1882=VECTOR('',#1881,6.5E-1);
#1883=CARTESIAN_POINT('',(-2.215E0,4.02E0,9.45E-1));
#1884=LINE('',#1883,#1882);
#1885=DIRECTION('',(0.E0,-1.E0,0.E0));
#1886=VECTOR('',#1885,6.25E0);
#1887=CARTESIAN_POINT('',(-2.865E0,4.02E0,9.45E-1));
#1888=LINE('',#1887,#1886);
#1889=DIRECTION('',(1.E0,0.E0,0.E0));
#1890=VECTOR('',#1889,6.5E-1);
#1891=CARTESIAN_POINT('',(-5.405E0,4.02E0,1.595E0));
#1892=LINE('',#1891,#1890);
#1893=DIRECTION('',(0.E0,-1.E0,0.E0));
#1894=VECTOR('',#1893,6.25E0);
#1895=CARTESIAN_POINT('',(-4.755E0,4.02E0,1.595E0));
#1896=LINE('',#1895,#1894);
#1897=DIRECTION('',(3.481553119114E-1,-8.703882797785E-1,3.481553119114E-1));
#1898=VECTOR('',#1897,5.744562646538E-1);
#1899=CARTESIAN_POINT('',(-4.955E0,4.52E0,1.395E0));
#1900=LINE('',#1899,#1898);
#1901=DIRECTION('',(-3.481553119114E-1,-8.703882797785E-1,3.481553119114E-1));
#1902=VECTOR('',#1901,5.744562646538E-1);
#1903=CARTESIAN_POINT('',(-5.205E0,4.52E0,1.395E0));
#1904=LINE('',#1903,#1902);
#1905=DIRECTION('',(0.E0,-1.E0,0.E0));
#1906=VECTOR('',#1905,6.5E-1);
#1907=CARTESIAN_POINT('',(-5.405E0,-4.763E0,7.275E0));
#1908=LINE('',#1907,#1906);
#1909=CARTESIAN_POINT('',(-5.405E0,-4.58E0,1.778E0));
#1910=DIRECTION('',(-1.E0,0.E0,0.E0));
#1911=DIRECTION('',(0.E0,-1.092896174863E-1,-9.940099494018E-1));
#1912=AXIS2_PLACEMENT_3D('',#1909,#1910,#1911);
#1914=DIRECTION('',(0.E0,0.E0,1.E0));
#1915=VECTOR('',#1914,5.497E0);
#1916=CARTESIAN_POINT('',(-5.405E0,-4.763E0,1.778E0));
#1917=LINE('',#1916,#1915);
#1918=DIRECTION('',(0.E0,0.E0,1.E0));
#1919=VECTOR('',#1918,6.5E-1);
#1920=CARTESIAN_POINT('',(-5.405E0,4.02E0,9.45E-1));
#1921=LINE('',#1920,#1919);
#1922=DIRECTION('',(0.E0,-1.E0,0.E0));
#1923=VECTOR('',#1922,6.25E0);
#1924=CARTESIAN_POINT('',(-5.405E0,4.02E0,1.595E0));
#1925=LINE('',#1924,#1923);
#1926=DIRECTION('',(0.E0,1.E0,0.E0));
#1927=VECTOR('',#1926,2.5E-1);
#1928=CARTESIAN_POINT('',(-4.955E0,-5.213E0,7.775E0));
#1929=LINE('',#1928,#1927);
#1930=DIRECTION('',(1.E0,0.E0,0.E0));
#1931=VECTOR('',#1930,2.5E-1);
#1932=CARTESIAN_POINT('',(-5.205E0,-5.213E0,7.775E0));
#1933=LINE('',#1932,#1931);
#1934=DIRECTION('',(0.E0,-1.E0,0.E0));
#1935=VECTOR('',#1934,2.5E-1);
#1936=CARTESIAN_POINT('',(-5.205E0,-4.963E0,7.775E0));
#1937=LINE('',#1936,#1935);
#1938=DIRECTION('',(-1.E0,0.E0,0.E0));
#1939=VECTOR('',#1938,2.5E-1);
#1940=CARTESIAN_POINT('',(-4.955E0,-4.963E0,7.775E0));
#1941=LINE('',#1940,#1939);
#1942=DIRECTION('',(0.E0,1.E0,0.E0));
#1943=VECTOR('',#1942,6.5E-1);
#1944=CARTESIAN_POINT('',(-4.755E0,-5.413E0,7.275E0));
#1945=LINE('',#1944,#1943);
#1946=CARTESIAN_POINT('',(-4.755E0,-4.58E0,1.778E0));
#1947=DIRECTION('',(-1.E0,0.E0,0.E0));
#1948=DIRECTION('',(0.E0,-2.400960384154E-2,-9.997117279113E-1));
#1949=AXIS2_PLACEMENT_3D('',#1946,#1947,#1948);
#1951=DIRECTION('',(0.E0,0.E0,1.E0));
#1952=VECTOR('',#1951,5.497E0);
#1953=CARTESIAN_POINT('',(-4.755E0,-5.413E0,1.778E0));
#1954=LINE('',#1953,#1952);
#1955=DIRECTION('',(0.E0,0.E0,-1.E0));
#1956=VECTOR('',#1955,6.5E-1);
#1957=CARTESIAN_POINT('',(-4.755E0,4.02E0,1.595E0));
#1958=LINE('',#1957,#1956);
#1959=DIRECTION('',(0.E0,-1.E0,0.E0));
#1960=VECTOR('',#1959,6.25E0);
#1961=CARTESIAN_POINT('',(-4.755E0,4.02E0,9.45E-1));
#1962=LINE('',#1961,#1960);
#1963=DIRECTION('',(-1.E0,0.E0,0.E0));
#1964=VECTOR('',#1963,6.5E-1);
#1965=CARTESIAN_POINT('',(-4.755E0,-4.763E0,7.275E0));
#1966=LINE('',#1965,#1964);
#1967=DIRECTION('',(-1.E0,0.E0,0.E0));
#1968=VECTOR('',#1967,6.5E-1);
#1969=CARTESIAN_POINT('',(-4.755E0,-4.763E0,1.778E0));
#1970=LINE('',#1969,#1968);
#1971=DIRECTION('',(0.E0,0.E0,1.E0));
#1972=VECTOR('',#1971,5.497E0);
#1973=CARTESIAN_POINT('',(-4.755E0,-4.763E0,1.778E0));
#1974=LINE('',#1973,#1972);
#1975=DIRECTION('',(-3.481553119114E-1,-3.481553119114E-1,8.703882797785E-1));
#1976=VECTOR('',#1975,5.744562646538E-1);
#1977=CARTESIAN_POINT('',(-4.755E0,-4.763E0,7.275E0));
#1978=LINE('',#1977,#1976);
#1979=DIRECTION('',(-3.481553119114E-1,3.481553119114E-1,-8.703882797785E-1));
#1980=VECTOR('',#1979,5.744562646538E-1);
#1981=CARTESIAN_POINT('',(-5.205E0,-4.963E0,7.775E0));
#1982=LINE('',#1981,#1980);
#1983=CARTESIAN_POINT('',(-4.755E0,-4.58E0,1.778E0));
#1984=DIRECTION('',(-1.E0,0.E0,0.E0));
#1985=DIRECTION('',(0.E0,-1.092896174863E-1,-9.940099494018E-1));
#1986=AXIS2_PLACEMENT_3D('',#1983,#1984,#1985);
#1988=CARTESIAN_POINT('',(-5.405E0,-4.58E0,1.778E0));
#1989=DIRECTION('',(-1.E0,0.E0,0.E0));
#1990=DIRECTION('',(0.E0,-2.400960384154E-2,-9.997117279113E-1));
#1991=AXIS2_PLACEMENT_3D('',#1988,#1989,#1990);
#1993=DIRECTION('',(1.E0,0.E0,0.E0));
#1994=VECTOR('',#1993,6.5E-1);
#1995=CARTESIAN_POINT('',(-5.405E0,-5.413E0,7.275E0));
#1996=LINE('',#1995,#1994);
#1997=DIRECTION('',(1.E0,0.E0,0.E0));
#1998=VECTOR('',#1997,6.5E-1);
#1999=CARTESIAN_POINT('',(-5.405E0,-5.413E0,1.778E0));
#2000=LINE('',#1999,#1998);
#2001=DIRECTION('',(0.E0,0.E0,1.E0));
#2002=VECTOR('',#2001,5.497E0);
#2003=CARTESIAN_POINT('',(-5.405E0,-5.413E0,1.778E0));
#2004=LINE('',#2003,#2002);
#2005=DIRECTION('',(3.481553119114E-1,3.481553119114E-1,8.703882797785E-1));
#2006=VECTOR('',#2005,5.744562646538E-1);
#2007=CARTESIAN_POINT('',(-5.405E0,-5.413E0,7.275E0));
#2008=LINE('',#2007,#2006);
#2009=DIRECTION('',(3.481553119114E-1,-3.481553119114E-1,-8.703882797785E-1));
#2010=VECTOR('',#2009,5.744562646538E-1);
#2011=CARTESIAN_POINT('',(-4.955E0,-5.213E0,7.775E0));
#2012=LINE('',#2011,#2010);
#2013=DIRECTION('',(3.481553119114E-1,-8.703882797785E-1,-3.481553119114E-1));
#2014=VECTOR('',#2013,5.744562646538E-1);
#2015=CARTESIAN_POINT('',(-4.955E0,4.52E0,1.145E0));
#2016=LINE('',#2015,#2014);
#2017=DIRECTION('',(1.E0,0.E0,0.E0));
#2018=VECTOR('',#2017,2.5E-1);
#2019=CARTESIAN_POINT('',(-5.205E0,4.52E0,1.395E0));
#2020=LINE('',#2019,#2018);
#2021=DIRECTION('',(0.E0,0.E0,1.E0));
#2022=VECTOR('',#2021,2.5E-1);
#2023=CARTESIAN_POINT('',(-5.205E0,4.52E0,1.145E0));
#2024=LINE('',#2023,#2022);
#2025=DIRECTION('',(-1.E0,0.E0,0.E0));
#2026=VECTOR('',#2025,2.5E-1);
#2027=CARTESIAN_POINT('',(-4.955E0,4.52E0,1.145E0));
#2028=LINE('',#2027,#2026);
#2029=DIRECTION('',(0.E0,0.E0,-1.E0));
#2030=VECTOR('',#2029,2.5E-1);
#2031=CARTESIAN_POINT('',(-4.955E0,4.52E0,1.395E0));
#2032=LINE('',#2031,#2030);
#2033=DIRECTION('',(-3.481553119114E-1,-8.703882797785E-1,-3.481553119114E-1));
#2034=VECTOR('',#2033,5.744562646538E-1);
#2035=CARTESIAN_POINT('',(-5.205E0,4.52E0,1.145E0));
#2036=LINE('',#2035,#2034);
#2037=DIRECTION('',(-1.E0,0.E0,0.E0));
#2038=VECTOR('',#2037,6.5E-1);
#2039=CARTESIAN_POINT('',(-4.755E0,4.02E0,9.45E-1));
#2040=LINE('',#2039,#2038);
#2041=DIRECTION('',(0.E0,-1.E0,0.E0));
#2042=VECTOR('',#2041,6.25E0);
#2043=CARTESIAN_POINT('',(-5.405E0,4.02E0,9.45E-1));
#2044=LINE('',#2043,#2042);
#2045=DIRECTION('',(1.E0,0.E0,0.E0));
#2046=VECTOR('',#2045,6.5E-1);
#2047=CARTESIAN_POINT('',(-7.945E0,4.02E0,1.595E0));
#2048=LINE('',#2047,#2046);
#2049=DIRECTION('',(0.E0,-1.E0,0.E0));
#2050=VECTOR('',#2049,6.25E0);
#2051=CARTESIAN_POINT('',(-7.295E0,4.02E0,1.595E0));
#2052=LINE('',#2051,#2050);
#2053=DIRECTION('',(3.481553119114E-1,-8.703882797785E-1,3.481553119114E-1));
#2054=VECTOR('',#2053,5.744562646538E-1);
#2055=CARTESIAN_POINT('',(-7.495E0,4.52E0,1.395E0));
#2056=LINE('',#2055,#2054);
#2057=DIRECTION('',(-3.481553119114E-1,-8.703882797785E-1,3.481553119114E-1));
#2058=VECTOR('',#2057,5.744562646538E-1);
#2059=CARTESIAN_POINT('',(-7.745E0,4.52E0,1.395E0));
#2060=LINE('',#2059,#2058);
#2061=DIRECTION('',(0.E0,-1.E0,0.E0));
#2062=VECTOR('',#2061,6.5E-1);
#2063=CARTESIAN_POINT('',(-7.945E0,-4.763E0,7.275E0));
#2064=LINE('',#2063,#2062);
#2065=CARTESIAN_POINT('',(-7.945E0,-4.58E0,1.778E0));
#2066=DIRECTION('',(-1.E0,0.E0,0.E0));
#2067=DIRECTION('',(0.E0,-1.092896174863E-1,-9.940099494018E-1));
#2068=AXIS2_PLACEMENT_3D('',#2065,#2066,#2067);
#2070=DIRECTION('',(0.E0,0.E0,1.E0));
#2071=VECTOR('',#2070,5.497E0);
#2072=CARTESIAN_POINT('',(-7.945E0,-4.763E0,1.778E0));
#2073=LINE('',#2072,#2071);
#2074=DIRECTION('',(0.E0,0.E0,1.E0));
#2075=VECTOR('',#2074,6.5E-1);
#2076=CARTESIAN_POINT('',(-7.945E0,4.02E0,9.45E-1));
#2077=LINE('',#2076,#2075);
#2078=DIRECTION('',(0.E0,-1.E0,0.E0));
#2079=VECTOR('',#2078,6.25E0);
#2080=CARTESIAN_POINT('',(-7.945E0,4.02E0,1.595E0));
#2081=LINE('',#2080,#2079);
#2082=DIRECTION('',(0.E0,1.E0,0.E0));
#2083=VECTOR('',#2082,2.5E-1);
#2084=CARTESIAN_POINT('',(-7.495E0,-5.213E0,7.775E0));
#2085=LINE('',#2084,#2083);
#2086=DIRECTION('',(1.E0,0.E0,0.E0));
#2087=VECTOR('',#2086,2.5E-1);
#2088=CARTESIAN_POINT('',(-7.745E0,-5.213E0,7.775E0));
#2089=LINE('',#2088,#2087);
#2090=DIRECTION('',(0.E0,-1.E0,0.E0));
#2091=VECTOR('',#2090,2.5E-1);
#2092=CARTESIAN_POINT('',(-7.745E0,-4.963E0,7.775E0));
#2093=LINE('',#2092,#2091);
#2094=DIRECTION('',(-1.E0,0.E0,0.E0));
#2095=VECTOR('',#2094,2.5E-1);
#2096=CARTESIAN_POINT('',(-7.495E0,-4.963E0,7.775E0));
#2097=LINE('',#2096,#2095);
#2098=DIRECTION('',(0.E0,1.E0,0.E0));
#2099=VECTOR('',#2098,6.5E-1);
#2100=CARTESIAN_POINT('',(-7.295E0,-5.413E0,7.275E0));
#2101=LINE('',#2100,#2099);
#2102=CARTESIAN_POINT('',(-7.295E0,-4.58E0,1.778E0));
#2103=DIRECTION('',(-1.E0,0.E0,0.E0));
#2104=DIRECTION('',(0.E0,-2.400960384154E-2,-9.997117279113E-1));
#2105=AXIS2_PLACEMENT_3D('',#2102,#2103,#2104);
#2107=DIRECTION('',(0.E0,0.E0,1.E0));
#2108=VECTOR('',#2107,5.497E0);
#2109=CARTESIAN_POINT('',(-7.295E0,-5.413E0,1.778E0));
#2110=LINE('',#2109,#2108);
#2111=DIRECTION('',(0.E0,0.E0,-1.E0));
#2112=VECTOR('',#2111,6.5E-1);
#2113=CARTESIAN_POINT('',(-7.295E0,4.02E0,1.595E0));
#2114=LINE('',#2113,#2112);
#2115=DIRECTION('',(0.E0,-1.E0,0.E0));
#2116=VECTOR('',#2115,6.25E0);
#2117=CARTESIAN_POINT('',(-7.295E0,4.02E0,9.45E-1));
#2118=LINE('',#2117,#2116);
#2119=DIRECTION('',(-1.E0,0.E0,0.E0));
#2120=VECTOR('',#2119,6.5E-1);
#2121=CARTESIAN_POINT('',(-7.295E0,-4.763E0,7.275E0));
#2122=LINE('',#2121,#2120);
#2123=DIRECTION('',(-1.E0,0.E0,0.E0));
#2124=VECTOR('',#2123,6.5E-1);
#2125=CARTESIAN_POINT('',(-7.295E0,-4.763E0,1.778E0));
#2126=LINE('',#2125,#2124);
#2127=DIRECTION('',(0.E0,0.E0,1.E0));
#2128=VECTOR('',#2127,5.497E0);
#2129=CARTESIAN_POINT('',(-7.295E0,-4.763E0,1.778E0));
#2130=LINE('',#2129,#2128);
#2131=DIRECTION('',(-3.481553119114E-1,-3.481553119114E-1,8.703882797785E-1));
#2132=VECTOR('',#2131,5.744562646538E-1);
#2133=CARTESIAN_POINT('',(-7.295E0,-4.763E0,7.275E0));
#2134=LINE('',#2133,#2132);
#2135=DIRECTION('',(-3.481553119114E-1,3.481553119114E-1,-8.703882797785E-1));
#2136=VECTOR('',#2135,5.744562646538E-1);
#2137=CARTESIAN_POINT('',(-7.745E0,-4.963E0,7.775E0));
#2138=LINE('',#2137,#2136);
#2139=CARTESIAN_POINT('',(-7.295E0,-4.58E0,1.778E0));
#2140=DIRECTION('',(-1.E0,0.E0,0.E0));
#2141=DIRECTION('',(0.E0,-1.092896174863E-1,-9.940099494018E-1));
#2142=AXIS2_PLACEMENT_3D('',#2139,#2140,#2141);
#2144=CARTESIAN_POINT('',(-7.945E0,-4.58E0,1.778E0));
#2145=DIRECTION('',(-1.E0,0.E0,0.E0));
#2146=DIRECTION('',(0.E0,-2.400960384154E-2,-9.997117279113E-1));
#2147=AXIS2_PLACEMENT_3D('',#2144,#2145,#2146);
#2149=DIRECTION('',(1.E0,0.E0,0.E0));
#2150=VECTOR('',#2149,6.5E-1);
#2151=CARTESIAN_POINT('',(-7.945E0,-5.413E0,7.275E0));
#2152=LINE('',#2151,#2150);
#2153=DIRECTION('',(1.E0,0.E0,0.E0));
#2154=VECTOR('',#2153,6.5E-1);
#2155=CARTESIAN_POINT('',(-7.945E0,-5.413E0,1.778E0));
#2156=LINE('',#2155,#2154);
#2157=DIRECTION('',(0.E0,0.E0,1.E0));
#2158=VECTOR('',#2157,5.497E0);
#2159=CARTESIAN_POINT('',(-7.945E0,-5.413E0,1.778E0));
#2160=LINE('',#2159,#2158);
#2161=DIRECTION('',(3.481553119114E-1,3.481553119114E-1,8.703882797785E-1));
#2162=VECTOR('',#2161,5.744562646538E-1);
#2163=CARTESIAN_POINT('',(-7.945E0,-5.413E0,7.275E0));
#2164=LINE('',#2163,#2162);
#2165=DIRECTION('',(3.481553119114E-1,-3.481553119114E-1,-8.703882797785E-1));
#2166=VECTOR('',#2165,5.744562646538E-1);
#2167=CARTESIAN_POINT('',(-7.495E0,-5.213E0,7.775E0));
#2168=LINE('',#2167,#2166);
#2169=DIRECTION('',(3.481553119114E-1,-8.703882797785E-1,-3.481553119114E-1));
#2170=VECTOR('',#2169,5.744562646538E-1);
#2171=CARTESIAN_POINT('',(-7.495E0,4.52E0,1.145E0));
#2172=LINE('',#2171,#2170);
#2173=DIRECTION('',(1.E0,0.E0,0.E0));
#2174=VECTOR('',#2173,2.5E-1);
#2175=CARTESIAN_POINT('',(-7.745E0,4.52E0,1.395E0));
#2176=LINE('',#2175,#2174);
#2177=DIRECTION('',(0.E0,0.E0,1.E0));
#2178=VECTOR('',#2177,2.5E-1);
#2179=CARTESIAN_POINT('',(-7.745E0,4.52E0,1.145E0));
#2180=LINE('',#2179,#2178);
#2181=DIRECTION('',(-1.E0,0.E0,0.E0));
#2182=VECTOR('',#2181,2.5E-1);
#2183=CARTESIAN_POINT('',(-7.495E0,4.52E0,1.145E0));
#2184=LINE('',#2183,#2182);
#2185=DIRECTION('',(0.E0,0.E0,-1.E0));
#2186=VECTOR('',#2185,2.5E-1);
#2187=CARTESIAN_POINT('',(-7.495E0,4.52E0,1.395E0));
#2188=LINE('',#2187,#2186);
#2189=DIRECTION('',(-3.481553119114E-1,-8.703882797785E-1,-3.481553119114E-1));
#2190=VECTOR('',#2189,5.744562646538E-1);
#2191=CARTESIAN_POINT('',(-7.745E0,4.52E0,1.145E0));
#2192=LINE('',#2191,#2190);
#2193=DIRECTION('',(-1.E0,0.E0,0.E0));
#2194=VECTOR('',#2193,6.5E-1);
#2195=CARTESIAN_POINT('',(-7.295E0,4.02E0,9.45E-1));
#2196=LINE('',#2195,#2194);
#2197=DIRECTION('',(0.E0,-1.E0,0.E0));
#2198=VECTOR('',#2197,6.25E0);
#2199=CARTESIAN_POINT('',(-7.945E0,4.02E0,9.45E-1));
#2200=LINE('',#2199,#2198);
#2201=DIRECTION('',(0.E0,-1.E0,0.E0));
#2202=VECTOR('',#2201,2.52E0);
#2203=CARTESIAN_POINT('',(7.945E0,-4.6E0,-9.45E-1));
#2204=LINE('',#2203,#2202);
#2205=DIRECTION('',(1.E0,0.E0,0.E0));
#2206=VECTOR('',#2205,6.5E-1);
#2207=CARTESIAN_POINT('',(7.295E0,4.02E0,-9.45E-1));
#2208=LINE('',#2207,#2206);
#2209=DIRECTION('',(0.E0,-1.E0,0.E0));
#2210=VECTOR('',#2209,6.25E0);
#2211=CARTESIAN_POINT('',(7.945E0,4.02E0,-9.45E-1));
#2212=LINE('',#2211,#2210);
#2213=DIRECTION('',(0.E0,1.E0,0.E0));
#2214=VECTOR('',#2213,6.5E-1);
#2215=CARTESIAN_POINT('',(7.945E0,-7.953E0,7.275E0));
#2216=LINE('',#2215,#2214);
#2217=DIRECTION('',(0.E0,-1.E0,0.E0));
#2218=VECTOR('',#2217,2.52E0);
#2219=CARTESIAN_POINT('',(7.945E0,-4.6E0,-1.595E0));
#2220=LINE('',#2219,#2218);
#2221=CARTESIAN_POINT('',(7.945E0,-7.12E0,-7.62E-1));
#2222=DIRECTION('',(-1.E0,0.E0,0.E0));
#2223=DIRECTION('',(0.E0,0.E0,-1.E0));
#2224=AXIS2_PLACEMENT_3D('',#2221,#2222,#2223);
#2226=DIRECTION('',(0.E0,0.E0,1.E0));
#2227=VECTOR('',#2226,8.037E0);
#2228=CARTESIAN_POINT('',(7.945E0,-7.953E0,-7.62E-1));
#2229=LINE('',#2228,#2227);
#2230=DIRECTION('',(0.E0,0.E0,-1.E0));
#2231=VECTOR('',#2230,6.5E-1);
#2232=CARTESIAN_POINT('',(7.945E0,4.02E0,-9.45E-1));
#2233=LINE('',#2232,#2231);
#2234=DIRECTION('',(0.E0,-1.E0,0.E0));
#2235=VECTOR('',#2234,6.25E0);
#2236=CARTESIAN_POINT('',(7.945E0,4.02E0,-1.595E0));
#2237=LINE('',#2236,#2235);
#2238=DIRECTION('',(3.481553119114E-1,3.481553119114E-1,8.703882797785E-1));
#2239=VECTOR('',#2238,5.744562646538E-1);
#2240=CARTESIAN_POINT('',(7.295E0,-7.953E0,7.275E0));
#2241=LINE('',#2240,#2239);
#2242=DIRECTION('',(3.481553119114E-1,-3.481553119114E-1,-8.703882797785E-1));
#2243=VECTOR('',#2242,5.744562646538E-1);
#2244=CARTESIAN_POINT('',(7.745E0,-7.753E0,7.775E0));
#2245=LINE('',#2244,#2243);
#2246=DIRECTION('',(1.E0,0.E0,0.E0));
#2247=VECTOR('',#2246,6.5E-1);
#2248=CARTESIAN_POINT('',(7.295E0,-7.953E0,7.275E0));
#2249=LINE('',#2248,#2247);
#2250=DIRECTION('',(1.E0,0.E0,0.E0));
#2251=VECTOR('',#2250,6.5E-1);
#2252=CARTESIAN_POINT('',(7.295E0,-7.953E0,-7.62E-1));
#2253=LINE('',#2252,#2251);
#2254=DIRECTION('',(0.E0,0.E0,1.E0));
#2255=VECTOR('',#2254,8.037E0);
#2256=CARTESIAN_POINT('',(7.295E0,-7.953E0,-7.62E-1));
#2257=LINE('',#2256,#2255);
#2258=DIRECTION('',(1.E0,0.E0,0.E0));
#2259=VECTOR('',#2258,6.5E-1);
#2260=CARTESIAN_POINT('',(7.295E0,-7.12E0,-1.595E0));
#2261=LINE('',#2260,#2259);
#2262=CARTESIAN_POINT('',(7.295E0,-7.12E0,-7.62E-1));
#2263=DIRECTION('',(-1.E0,0.E0,0.E0));
#2264=DIRECTION('',(0.E0,0.E0,-1.E0));
#2265=AXIS2_PLACEMENT_3D('',#2262,#2263,#2264);
#2267=DIRECTION('',(0.E0,-1.E0,0.E0));
#2268=VECTOR('',#2267,2.52E0);
#2269=CARTESIAN_POINT('',(7.295E0,-4.6E0,-1.595E0));
#2270=LINE('',#2269,#2268);
#2271=DIRECTION('',(-1.E0,0.E0,0.E0));
#2272=VECTOR('',#2271,6.5E-1);
#2273=CARTESIAN_POINT('',(7.945E0,4.02E0,-1.595E0));
#2274=LINE('',#2273,#2272);
#2275=DIRECTION('',(0.E0,-1.E0,0.E0));
#2276=VECTOR('',#2275,6.25E0);
#2277=CARTESIAN_POINT('',(7.295E0,4.02E0,-1.595E0));
#2278=LINE('',#2277,#2276);
#2279=DIRECTION('',(0.E0,-1.E0,0.E0));
#2280=VECTOR('',#2279,6.5E-1);
#2281=CARTESIAN_POINT('',(7.295E0,-7.303E0,7.275E0));
#2282=LINE('',#2281,#2280);
#2283=DIRECTION('',(0.E0,-1.E0,0.E0));
#2284=VECTOR('',#2283,2.52E0);
#2285=CARTESIAN_POINT('',(7.295E0,-4.6E0,-9.45E-1));
#2286=LINE('',#2285,#2284);
#2287=CARTESIAN_POINT('',(7.295E0,-7.12E0,-7.62E-1));
#2288=DIRECTION('',(-1.E0,0.E0,0.E0));
#2289=DIRECTION('',(0.E0,0.E0,-1.E0));
#2290=AXIS2_PLACEMENT_3D('',#2287,#2288,#2289);
#2292=DIRECTION('',(0.E0,0.E0,1.E0));
#2293=VECTOR('',#2292,8.037E0);
#2294=CARTESIAN_POINT('',(7.295E0,-7.303E0,-7.62E-1));
#2295=LINE('',#2294,#2293);
#2296=DIRECTION('',(0.E0,0.E0,1.E0));
#2297=VECTOR('',#2296,6.5E-1);
#2298=CARTESIAN_POINT('',(7.295E0,4.02E0,-1.595E0));
#2299=LINE('',#2298,#2297);
#2300=DIRECTION('',(0.E0,-1.E0,0.E0));
#2301=VECTOR('',#2300,6.25E0);
#2302=CARTESIAN_POINT('',(7.295E0,4.02E0,-9.45E-1));
#2303=LINE('',#2302,#2301);
#2304=DIRECTION('',(0.E0,1.E0,0.E0));
#2305=VECTOR('',#2304,2.5E-1);
#2306=CARTESIAN_POINT('',(7.745E0,-7.753E0,7.775E0));
#2307=LINE('',#2306,#2305);
#2308=DIRECTION('',(1.E0,0.E0,0.E0));
#2309=VECTOR('',#2308,2.5E-1);
#2310=CARTESIAN_POINT('',(7.495E0,-7.753E0,7.775E0));
#2311=LINE('',#2310,#2309);
#2312=DIRECTION('',(0.E0,-1.E0,0.E0));
#2313=VECTOR('',#2312,2.5E-1);
#2314=CARTESIAN_POINT('',(7.495E0,-7.503E0,7.775E0));
#2315=LINE('',#2314,#2313);
#2316=DIRECTION('',(-1.E0,0.E0,0.E0));
#2317=VECTOR('',#2316,2.5E-1);
#2318=CARTESIAN_POINT('',(7.745E0,-7.503E0,7.775E0));
#2319=LINE('',#2318,#2317);
#2320=DIRECTION('',(-3.481553119114E-1,-3.481553119114E-1,8.703882797785E-1));
#2321=VECTOR('',#2320,5.744562646538E-1);
#2322=CARTESIAN_POINT('',(7.945E0,-7.303E0,7.275E0));
#2323=LINE('',#2322,#2321);
#2324=DIRECTION('',(-3.481553119114E-1,3.481553119114E-1,-8.703882797785E-1));
#2325=VECTOR('',#2324,5.744562646538E-1);
#2326=CARTESIAN_POINT('',(7.495E0,-7.503E0,7.775E0));
#2327=LINE('',#2326,#2325);
#2328=DIRECTION('',(-1.E0,0.E0,0.E0));
#2329=VECTOR('',#2328,6.5E-1);
#2330=CARTESIAN_POINT('',(7.945E0,-7.303E0,7.275E0));
#2331=LINE('',#2330,#2329);
#2332=DIRECTION('',(-1.E0,0.E0,0.E0));
#2333=VECTOR('',#2332,6.5E-1);
#2334=CARTESIAN_POINT('',(7.945E0,-7.303E0,-7.62E-1));
#2335=LINE('',#2334,#2333);
#2336=DIRECTION('',(0.E0,0.E0,1.E0));
#2337=VECTOR('',#2336,8.037E0);
#2338=CARTESIAN_POINT('',(7.945E0,-7.303E0,-7.62E-1));
#2339=LINE('',#2338,#2337);
#2340=DIRECTION('',(-1.E0,0.E0,0.E0));
#2341=VECTOR('',#2340,6.5E-1);
#2342=CARTESIAN_POINT('',(7.945E0,-7.12E0,-9.45E-1));
#2343=LINE('',#2342,#2341);
#2344=CARTESIAN_POINT('',(7.945E0,-7.12E0,-7.62E-1));
#2345=DIRECTION('',(-1.E0,0.E0,0.E0));
#2346=DIRECTION('',(0.E0,0.E0,-1.E0));
#2347=AXIS2_PLACEMENT_3D('',#2344,#2345,#2346);
#2349=DIRECTION('',(-3.481553119114E-1,-8.703882797785E-1,3.481553119114E-1));
#2350=VECTOR('',#2349,5.744562646538E-1);
#2351=CARTESIAN_POINT('',(7.495E0,4.52E0,-1.145E0));
#2352=LINE('',#2351,#2350);
#2353=DIRECTION('',(-3.481553119114E-1,-8.703882797785E-1,-3.481553119114E-1));
#2354=VECTOR('',#2353,5.744562646538E-1);
#2355=CARTESIAN_POINT('',(7.495E0,4.52E0,-1.395E0));
#2356=LINE('',#2355,#2354);
#2357=DIRECTION('',(1.E0,0.E0,0.E0));
#2358=VECTOR('',#2357,2.5E-1);
#2359=CARTESIAN_POINT('',(7.495E0,4.52E0,-1.145E0));
#2360=LINE('',#2359,#2358);
#2361=DIRECTION('',(0.E0,0.E0,1.E0));
#2362=VECTOR('',#2361,2.5E-1);
#2363=CARTESIAN_POINT('',(7.495E0,4.52E0,-1.395E0));
#2364=LINE('',#2363,#2362);
#2365=DIRECTION('',(-1.E0,0.E0,0.E0));
#2366=VECTOR('',#2365,2.5E-1);
#2367=CARTESIAN_POINT('',(7.745E0,4.52E0,-1.395E0));
#2368=LINE('',#2367,#2366);
#2369=DIRECTION('',(0.E0,0.E0,-1.E0));
#2370=VECTOR('',#2369,2.5E-1);
#2371=CARTESIAN_POINT('',(7.745E0,4.52E0,-1.145E0));
#2372=LINE('',#2371,#2370);
#2373=DIRECTION('',(3.481553119114E-1,-8.703882797785E-1,3.481553119114E-1));
#2374=VECTOR('',#2373,5.744562646538E-1);
#2375=CARTESIAN_POINT('',(7.745E0,4.52E0,-1.145E0));
#2376=LINE('',#2375,#2374);
#2377=DIRECTION('',(3.481553119114E-1,-8.703882797785E-1,-3.481553119114E-1));
#2378=VECTOR('',#2377,5.744562646538E-1);
#2379=CARTESIAN_POINT('',(7.745E0,4.52E0,-1.395E0));
#2380=LINE('',#2379,#2378);
#2381=DIRECTION('',(0.E0,-1.E0,0.E0));
#2382=VECTOR('',#2381,2.52E0);
#2383=CARTESIAN_POINT('',(5.405E0,-4.6E0,-9.45E-1));
#2384=LINE('',#2383,#2382);
#2385=DIRECTION('',(1.E0,0.E0,0.E0));
#2386=VECTOR('',#2385,6.5E-1);
#2387=CARTESIAN_POINT('',(4.755E0,4.02E0,-9.45E-1));
#2388=LINE('',#2387,#2386);
#2389=DIRECTION('',(0.E0,-1.E0,0.E0));
#2390=VECTOR('',#2389,6.25E0);
#2391=CARTESIAN_POINT('',(5.405E0,4.02E0,-9.45E-1));
#2392=LINE('',#2391,#2390);
#2393=DIRECTION('',(0.E0,1.E0,0.E0));
#2394=VECTOR('',#2393,6.5E-1);
#2395=CARTESIAN_POINT('',(5.405E0,-7.953E0,7.275E0));
#2396=LINE('',#2395,#2394);
#2397=DIRECTION('',(0.E0,-1.E0,0.E0));
#2398=VECTOR('',#2397,2.52E0);
#2399=CARTESIAN_POINT('',(5.405E0,-4.6E0,-1.595E0));
#2400=LINE('',#2399,#2398);
#2401=CARTESIAN_POINT('',(5.405E0,-7.12E0,-7.62E-1));
#2402=DIRECTION('',(-1.E0,0.E0,0.E0));
#2403=DIRECTION('',(0.E0,0.E0,-1.E0));
#2404=AXIS2_PLACEMENT_3D('',#2401,#2402,#2403);
#2406=DIRECTION('',(0.E0,0.E0,1.E0));
#2407=VECTOR('',#2406,8.037E0);
#2408=CARTESIAN_POINT('',(5.405E0,-7.953E0,-7.62E-1));
#2409=LINE('',#2408,#2407);
#2410=DIRECTION('',(0.E0,0.E0,-1.E0));
#2411=VECTOR('',#2410,6.5E-1);
#2412=CARTESIAN_POINT('',(5.405E0,4.02E0,-9.45E-1));
#2413=LINE('',#2412,#2411);
#2414=DIRECTION('',(0.E0,-1.E0,0.E0));
#2415=VECTOR('',#2414,6.25E0);
#2416=CARTESIAN_POINT('',(5.405E0,4.02E0,-1.595E0));
#2417=LINE('',#2416,#2415);
#2418=DIRECTION('',(3.481553119114E-1,3.481553119114E-1,8.703882797785E-1));
#2419=VECTOR('',#2418,5.744562646538E-1);
#2420=CARTESIAN_POINT('',(4.755E0,-7.953E0,7.275E0));
#2421=LINE('',#2420,#2419);
#2422=DIRECTION('',(3.481553119114E-1,-3.481553119114E-1,-8.703882797785E-1));
#2423=VECTOR('',#2422,5.744562646538E-1);
#2424=CARTESIAN_POINT('',(5.205E0,-7.753E0,7.775E0));
#2425=LINE('',#2424,#2423);
#2426=DIRECTION('',(1.E0,0.E0,0.E0));
#2427=VECTOR('',#2426,6.5E-1);
#2428=CARTESIAN_POINT('',(4.755E0,-7.953E0,7.275E0));
#2429=LINE('',#2428,#2427);
#2430=DIRECTION('',(1.E0,0.E0,0.E0));
#2431=VECTOR('',#2430,6.5E-1);
#2432=CARTESIAN_POINT('',(4.755E0,-7.953E0,-7.62E-1));
#2433=LINE('',#2432,#2431);
#2434=DIRECTION('',(0.E0,0.E0,1.E0));
#2435=VECTOR('',#2434,8.037E0);
#2436=CARTESIAN_POINT('',(4.755E0,-7.953E0,-7.62E-1));
#2437=LINE('',#2436,#2435);
#2438=DIRECTION('',(1.E0,0.E0,0.E0));
#2439=VECTOR('',#2438,6.5E-1);
#2440=CARTESIAN_POINT('',(4.755E0,-7.12E0,-1.595E0));
#2441=LINE('',#2440,#2439);
#2442=CARTESIAN_POINT('',(4.755E0,-7.12E0,-7.62E-1));
#2443=DIRECTION('',(-1.E0,0.E0,0.E0));
#2444=DIRECTION('',(0.E0,0.E0,-1.E0));
#2445=AXIS2_PLACEMENT_3D('',#2442,#2443,#2444);
#2447=DIRECTION('',(0.E0,-1.E0,0.E0));
#2448=VECTOR('',#2447,2.52E0);
#2449=CARTESIAN_POINT('',(4.755E0,-4.6E0,-1.595E0));
#2450=LINE('',#2449,#2448);
#2451=DIRECTION('',(-1.E0,0.E0,0.E0));
#2452=VECTOR('',#2451,6.5E-1);
#2453=CARTESIAN_POINT('',(5.405E0,4.02E0,-1.595E0));
#2454=LINE('',#2453,#2452);
#2455=DIRECTION('',(0.E0,-1.E0,0.E0));
#2456=VECTOR('',#2455,6.25E0);
#2457=CARTESIAN_POINT('',(4.755E0,4.02E0,-1.595E0));
#2458=LINE('',#2457,#2456);
#2459=DIRECTION('',(0.E0,-1.E0,0.E0));
#2460=VECTOR('',#2459,6.5E-1);
#2461=CARTESIAN_POINT('',(4.755E0,-7.303E0,7.275E0));
#2462=LINE('',#2461,#2460);
#2463=DIRECTION('',(0.E0,-1.E0,0.E0));
#2464=VECTOR('',#2463,2.52E0);
#2465=CARTESIAN_POINT('',(4.755E0,-4.6E0,-9.45E-1));
#2466=LINE('',#2465,#2464);
#2467=CARTESIAN_POINT('',(4.755E0,-7.12E0,-7.62E-1));
#2468=DIRECTION('',(-1.E0,0.E0,0.E0));
#2469=DIRECTION('',(0.E0,0.E0,-1.E0));
#2470=AXIS2_PLACEMENT_3D('',#2467,#2468,#2469);
#2472=DIRECTION('',(0.E0,0.E0,1.E0));
#2473=VECTOR('',#2472,8.037E0);
#2474=CARTESIAN_POINT('',(4.755E0,-7.303E0,-7.62E-1));
#2475=LINE('',#2474,#2473);
#2476=DIRECTION('',(0.E0,0.E0,1.E0));
#2477=VECTOR('',#2476,6.5E-1);
#2478=CARTESIAN_POINT('',(4.755E0,4.02E0,-1.595E0));
#2479=LINE('',#2478,#2477);
#2480=DIRECTION('',(0.E0,-1.E0,0.E0));
#2481=VECTOR('',#2480,6.25E0);
#2482=CARTESIAN_POINT('',(4.755E0,4.02E0,-9.45E-1));
#2483=LINE('',#2482,#2481);
#2484=DIRECTION('',(0.E0,1.E0,0.E0));
#2485=VECTOR('',#2484,2.5E-1);
#2486=CARTESIAN_POINT('',(5.205E0,-7.753E0,7.775E0));
#2487=LINE('',#2486,#2485);
#2488=DIRECTION('',(1.E0,0.E0,0.E0));
#2489=VECTOR('',#2488,2.5E-1);
#2490=CARTESIAN_POINT('',(4.955E0,-7.753E0,7.775E0));
#2491=LINE('',#2490,#2489);
#2492=DIRECTION('',(0.E0,-1.E0,0.E0));
#2493=VECTOR('',#2492,2.5E-1);
#2494=CARTESIAN_POINT('',(4.955E0,-7.503E0,7.775E0));
#2495=LINE('',#2494,#2493);
#2496=DIRECTION('',(-1.E0,0.E0,0.E0));
#2497=VECTOR('',#2496,2.5E-1);
#2498=CARTESIAN_POINT('',(5.205E0,-7.503E0,7.775E0));
#2499=LINE('',#2498,#2497);
#2500=DIRECTION('',(-3.481553119114E-1,-3.481553119114E-1,8.703882797785E-1));
#2501=VECTOR('',#2500,5.744562646538E-1);
#2502=CARTESIAN_POINT('',(5.405E0,-7.303E0,7.275E0));
#2503=LINE('',#2502,#2501);
#2504=DIRECTION('',(-3.481553119114E-1,3.481553119114E-1,-8.703882797785E-1));
#2505=VECTOR('',#2504,5.744562646538E-1);
#2506=CARTESIAN_POINT('',(4.955E0,-7.503E0,7.775E0));
#2507=LINE('',#2506,#2505);
#2508=DIRECTION('',(-1.E0,0.E0,0.E0));
#2509=VECTOR('',#2508,6.5E-1);
#2510=CARTESIAN_POINT('',(5.405E0,-7.303E0,7.275E0));
#2511=LINE('',#2510,#2509);
#2512=DIRECTION('',(-1.E0,0.E0,0.E0));
#2513=VECTOR('',#2512,6.5E-1);
#2514=CARTESIAN_POINT('',(5.405E0,-7.303E0,-7.62E-1));
#2515=LINE('',#2514,#2513);
#2516=DIRECTION('',(0.E0,0.E0,1.E0));
#2517=VECTOR('',#2516,8.037E0);
#2518=CARTESIAN_POINT('',(5.405E0,-7.303E0,-7.62E-1));
#2519=LINE('',#2518,#2517);
#2520=DIRECTION('',(-1.E0,0.E0,0.E0));
#2521=VECTOR('',#2520,6.5E-1);
#2522=CARTESIAN_POINT('',(5.405E0,-7.12E0,-9.45E-1));
#2523=LINE('',#2522,#2521);
#2524=CARTESIAN_POINT('',(5.405E0,-7.12E0,-7.62E-1));
#2525=DIRECTION('',(-1.E0,0.E0,0.E0));
#2526=DIRECTION('',(0.E0,0.E0,-1.E0));
#2527=AXIS2_PLACEMENT_3D('',#2524,#2525,#2526);
#2529=DIRECTION('',(-3.481553119114E-1,-8.703882797785E-1,3.481553119114E-1));
#2530=VECTOR('',#2529,5.744562646538E-1);
#2531=CARTESIAN_POINT('',(4.955E0,4.52E0,-1.145E0));
#2532=LINE('',#2531,#2530);
#2533=DIRECTION('',(-3.481553119114E-1,-8.703882797785E-1,-3.481553119114E-1));
#2534=VECTOR('',#2533,5.744562646538E-1);
#2535=CARTESIAN_POINT('',(4.955E0,4.52E0,-1.395E0));
#2536=LINE('',#2535,#2534);
#2537=DIRECTION('',(1.E0,0.E0,0.E0));
#2538=VECTOR('',#2537,2.5E-1);
#2539=CARTESIAN_POINT('',(4.955E0,4.52E0,-1.145E0));
#2540=LINE('',#2539,#2538);
#2541=DIRECTION('',(0.E0,0.E0,1.E0));
#2542=VECTOR('',#2541,2.5E-1);
#2543=CARTESIAN_POINT('',(4.955E0,4.52E0,-1.395E0));
#2544=LINE('',#2543,#2542);
#2545=DIRECTION('',(-1.E0,0.E0,0.E0));
#2546=VECTOR('',#2545,2.5E-1);
#2547=CARTESIAN_POINT('',(5.205E0,4.52E0,-1.395E0));
#2548=LINE('',#2547,#2546);
#2549=DIRECTION('',(0.E0,0.E0,-1.E0));
#2550=VECTOR('',#2549,2.5E-1);
#2551=CARTESIAN_POINT('',(5.205E0,4.52E0,-1.145E0));
#2552=LINE('',#2551,#2550);
#2553=DIRECTION('',(3.481553119114E-1,-8.703882797785E-1,3.481553119114E-1));
#2554=VECTOR('',#2553,5.744562646538E-1);
#2555=CARTESIAN_POINT('',(5.205E0,4.52E0,-1.145E0));
#2556=LINE('',#2555,#2554);
#2557=DIRECTION('',(3.481553119114E-1,-8.703882797785E-1,-3.481553119114E-1));
#2558=VECTOR('',#2557,5.744562646538E-1);
#2559=CARTESIAN_POINT('',(5.205E0,4.52E0,-1.395E0));
#2560=LINE('',#2559,#2558);
#2561=DIRECTION('',(0.E0,-1.E0,0.E0));
#2562=VECTOR('',#2561,2.52E0);
#2563=CARTESIAN_POINT('',(2.865E0,-4.6E0,-9.45E-1));
#2564=LINE('',#2563,#2562);
#2565=DIRECTION('',(1.E0,0.E0,0.E0));
#2566=VECTOR('',#2565,6.5E-1);
#2567=CARTESIAN_POINT('',(2.215E0,4.02E0,-9.45E-1));
#2568=LINE('',#2567,#2566);
#2569=DIRECTION('',(0.E0,-1.E0,0.E0));
#2570=VECTOR('',#2569,6.25E0);
#2571=CARTESIAN_POINT('',(2.865E0,4.02E0,-9.45E-1));
#2572=LINE('',#2571,#2570);
#2573=DIRECTION('',(0.E0,1.E0,0.E0));
#2574=VECTOR('',#2573,6.5E-1);
#2575=CARTESIAN_POINT('',(2.865E0,-7.953E0,7.275E0));
#2576=LINE('',#2575,#2574);
#2577=DIRECTION('',(0.E0,-1.E0,0.E0));
#2578=VECTOR('',#2577,2.52E0);
#2579=CARTESIAN_POINT('',(2.865E0,-4.6E0,-1.595E0));
#2580=LINE('',#2579,#2578);
#2581=CARTESIAN_POINT('',(2.865E0,-7.12E0,-7.62E-1));
#2582=DIRECTION('',(-1.E0,0.E0,0.E0));
#2583=DIRECTION('',(0.E0,0.E0,-1.E0));
#2584=AXIS2_PLACEMENT_3D('',#2581,#2582,#2583);
#2586=DIRECTION('',(0.E0,0.E0,1.E0));
#2587=VECTOR('',#2586,8.037E0);
#2588=CARTESIAN_POINT('',(2.865E0,-7.953E0,-7.62E-1));
#2589=LINE('',#2588,#2587);
#2590=DIRECTION('',(0.E0,0.E0,-1.E0));
#2591=VECTOR('',#2590,6.5E-1);
#2592=CARTESIAN_POINT('',(2.865E0,4.02E0,-9.45E-1));
#2593=LINE('',#2592,#2591);
#2594=DIRECTION('',(0.E0,-1.E0,0.E0));
#2595=VECTOR('',#2594,6.25E0);
#2596=CARTESIAN_POINT('',(2.865E0,4.02E0,-1.595E0));
#2597=LINE('',#2596,#2595);
#2598=DIRECTION('',(3.481553119114E-1,3.481553119114E-1,8.703882797785E-1));
#2599=VECTOR('',#2598,5.744562646538E-1);
#2600=CARTESIAN_POINT('',(2.215E0,-7.953E0,7.275E0));
#2601=LINE('',#2600,#2599);
#2602=DIRECTION('',(3.481553119114E-1,-3.481553119114E-1,-8.703882797785E-1));
#2603=VECTOR('',#2602,5.744562646538E-1);
#2604=CARTESIAN_POINT('',(2.665E0,-7.753E0,7.775E0));
#2605=LINE('',#2604,#2603);
#2606=DIRECTION('',(1.E0,0.E0,0.E0));
#2607=VECTOR('',#2606,6.5E-1);
#2608=CARTESIAN_POINT('',(2.215E0,-7.953E0,7.275E0));
#2609=LINE('',#2608,#2607);
#2610=DIRECTION('',(1.E0,0.E0,0.E0));
#2611=VECTOR('',#2610,6.5E-1);
#2612=CARTESIAN_POINT('',(2.215E0,-7.953E0,-7.62E-1));
#2613=LINE('',#2612,#2611);
#2614=DIRECTION('',(0.E0,0.E0,1.E0));
#2615=VECTOR('',#2614,8.037E0);
#2616=CARTESIAN_POINT('',(2.215E0,-7.953E0,-7.62E-1));
#2617=LINE('',#2616,#2615);
#2618=DIRECTION('',(1.E0,0.E0,0.E0));
#2619=VECTOR('',#2618,6.5E-1);
#2620=CARTESIAN_POINT('',(2.215E0,-7.12E0,-1.595E0));
#2621=LINE('',#2620,#2619);
#2622=CARTESIAN_POINT('',(2.215E0,-7.12E0,-7.62E-1));
#2623=DIRECTION('',(-1.E0,0.E0,0.E0));
#2624=DIRECTION('',(0.E0,0.E0,-1.E0));
#2625=AXIS2_PLACEMENT_3D('',#2622,#2623,#2624);
#2627=DIRECTION('',(0.E0,-1.E0,0.E0));
#2628=VECTOR('',#2627,2.52E0);
#2629=CARTESIAN_POINT('',(2.215E0,-4.6E0,-1.595E0));
#2630=LINE('',#2629,#2628);
#2631=DIRECTION('',(-1.E0,0.E0,0.E0));
#2632=VECTOR('',#2631,6.5E-1);
#2633=CARTESIAN_POINT('',(2.865E0,4.02E0,-1.595E0));
#2634=LINE('',#2633,#2632);
#2635=DIRECTION('',(0.E0,-1.E0,0.E0));
#2636=VECTOR('',#2635,6.25E0);
#2637=CARTESIAN_POINT('',(2.215E0,4.02E0,-1.595E0));
#2638=LINE('',#2637,#2636);
#2639=DIRECTION('',(0.E0,-1.E0,0.E0));
#2640=VECTOR('',#2639,6.5E-1);
#2641=CARTESIAN_POINT('',(2.215E0,-7.303E0,7.275E0));
#2642=LINE('',#2641,#2640);
#2643=DIRECTION('',(0.E0,-1.E0,0.E0));
#2644=VECTOR('',#2643,2.52E0);
#2645=CARTESIAN_POINT('',(2.215E0,-4.6E0,-9.45E-1));
#2646=LINE('',#2645,#2644);
#2647=CARTESIAN_POINT('',(2.215E0,-7.12E0,-7.62E-1));
#2648=DIRECTION('',(-1.E0,0.E0,0.E0));
#2649=DIRECTION('',(0.E0,0.E0,-1.E0));
#2650=AXIS2_PLACEMENT_3D('',#2647,#2648,#2649);
#2652=DIRECTION('',(0.E0,0.E0,1.E0));
#2653=VECTOR('',#2652,8.037E0);
#2654=CARTESIAN_POINT('',(2.215E0,-7.303E0,-7.62E-1));
#2655=LINE('',#2654,#2653);
#2656=DIRECTION('',(0.E0,0.E0,1.E0));
#2657=VECTOR('',#2656,6.5E-1);
#2658=CARTESIAN_POINT('',(2.215E0,4.02E0,-1.595E0));
#2659=LINE('',#2658,#2657);
#2660=DIRECTION('',(0.E0,-1.E0,0.E0));
#2661=VECTOR('',#2660,6.25E0);
#2662=CARTESIAN_POINT('',(2.215E0,4.02E0,-9.45E-1));
#2663=LINE('',#2662,#2661);
#2664=DIRECTION('',(0.E0,1.E0,0.E0));
#2665=VECTOR('',#2664,2.5E-1);
#2666=CARTESIAN_POINT('',(2.665E0,-7.753E0,7.775E0));
#2667=LINE('',#2666,#2665);
#2668=DIRECTION('',(1.E0,0.E0,0.E0));
#2669=VECTOR('',#2668,2.5E-1);
#2670=CARTESIAN_POINT('',(2.415E0,-7.753E0,7.775E0));
#2671=LINE('',#2670,#2669);
#2672=DIRECTION('',(0.E0,-1.E0,0.E0));
#2673=VECTOR('',#2672,2.5E-1);
#2674=CARTESIAN_POINT('',(2.415E0,-7.503E0,7.775E0));
#2675=LINE('',#2674,#2673);
#2676=DIRECTION('',(-1.E0,0.E0,0.E0));
#2677=VECTOR('',#2676,2.5E-1);
#2678=CARTESIAN_POINT('',(2.665E0,-7.503E0,7.775E0));
#2679=LINE('',#2678,#2677);
#2680=DIRECTION('',(-3.481553119114E-1,-3.481553119114E-1,8.703882797785E-1));
#2681=VECTOR('',#2680,5.744562646538E-1);
#2682=CARTESIAN_POINT('',(2.865E0,-7.303E0,7.275E0));
#2683=LINE('',#2682,#2681);
#2684=DIRECTION('',(-3.481553119114E-1,3.481553119114E-1,-8.703882797785E-1));
#2685=VECTOR('',#2684,5.744562646538E-1);
#2686=CARTESIAN_POINT('',(2.415E0,-7.503E0,7.775E0));
#2687=LINE('',#2686,#2685);
#2688=DIRECTION('',(-1.E0,0.E0,0.E0));
#2689=VECTOR('',#2688,6.5E-1);
#2690=CARTESIAN_POINT('',(2.865E0,-7.303E0,7.275E0));
#2691=LINE('',#2690,#2689);
#2692=DIRECTION('',(-1.E0,0.E0,0.E0));
#2693=VECTOR('',#2692,6.5E-1);
#2694=CARTESIAN_POINT('',(2.865E0,-7.303E0,-7.62E-1));
#2695=LINE('',#2694,#2693);
#2696=DIRECTION('',(0.E0,0.E0,1.E0));
#2697=VECTOR('',#2696,8.037E0);
#2698=CARTESIAN_POINT('',(2.865E0,-7.303E0,-7.62E-1));
#2699=LINE('',#2698,#2697);
#2700=DIRECTION('',(-1.E0,0.E0,0.E0));
#2701=VECTOR('',#2700,6.5E-1);
#2702=CARTESIAN_POINT('',(2.865E0,-7.12E0,-9.45E-1));
#2703=LINE('',#2702,#2701);
#2704=CARTESIAN_POINT('',(2.865E0,-7.12E0,-7.62E-1));
#2705=DIRECTION('',(-1.E0,0.E0,0.E0));
#2706=DIRECTION('',(0.E0,0.E0,-1.E0));
#2707=AXIS2_PLACEMENT_3D('',#2704,#2705,#2706);
#2709=DIRECTION('',(-3.481553119114E-1,-8.703882797785E-1,3.481553119114E-1));
#2710=VECTOR('',#2709,5.744562646538E-1);
#2711=CARTESIAN_POINT('',(2.415E0,4.52E0,-1.145E0));
#2712=LINE('',#2711,#2710);
#2713=DIRECTION('',(-3.481553119114E-1,-8.703882797785E-1,-3.481553119114E-1));
#2714=VECTOR('',#2713,5.744562646538E-1);
#2715=CARTESIAN_POINT('',(2.415E0,4.52E0,-1.395E0));
#2716=LINE('',#2715,#2714);
#2717=DIRECTION('',(1.E0,0.E0,0.E0));
#2718=VECTOR('',#2717,2.5E-1);
#2719=CARTESIAN_POINT('',(2.415E0,4.52E0,-1.145E0));
#2720=LINE('',#2719,#2718);
#2721=DIRECTION('',(0.E0,0.E0,1.E0));
#2722=VECTOR('',#2721,2.5E-1);
#2723=CARTESIAN_POINT('',(2.415E0,4.52E0,-1.395E0));
#2724=LINE('',#2723,#2722);
#2725=DIRECTION('',(-1.E0,0.E0,0.E0));
#2726=VECTOR('',#2725,2.5E-1);
#2727=CARTESIAN_POINT('',(2.665E0,4.52E0,-1.395E0));
#2728=LINE('',#2727,#2726);
#2729=DIRECTION('',(0.E0,0.E0,-1.E0));
#2730=VECTOR('',#2729,2.5E-1);
#2731=CARTESIAN_POINT('',(2.665E0,4.52E0,-1.145E0));
#2732=LINE('',#2731,#2730);
#2733=DIRECTION('',(3.481553119114E-1,-8.703882797785E-1,3.481553119114E-1));
#2734=VECTOR('',#2733,5.744562646538E-1);
#2735=CARTESIAN_POINT('',(2.665E0,4.52E0,-1.145E0));
#2736=LINE('',#2735,#2734);
#2737=DIRECTION('',(3.481553119114E-1,-8.703882797785E-1,-3.481553119114E-1));
#2738=VECTOR('',#2737,5.744562646538E-1);
#2739=CARTESIAN_POINT('',(2.665E0,4.52E0,-1.395E0));
#2740=LINE('',#2739,#2738);
#2741=DIRECTION('',(0.E0,-1.E0,0.E0));
#2742=VECTOR('',#2741,2.52E0);
#2743=CARTESIAN_POINT('',(3.25E-1,-4.6E0,-9.45E-1));
#2744=LINE('',#2743,#2742);
#2745=DIRECTION('',(1.E0,0.E0,0.E0));
#2746=VECTOR('',#2745,6.5E-1);
#2747=CARTESIAN_POINT('',(-3.25E-1,4.02E0,-9.45E-1));
#2748=LINE('',#2747,#2746);
#2749=DIRECTION('',(0.E0,-1.E0,0.E0));
#2750=VECTOR('',#2749,6.25E0);
#2751=CARTESIAN_POINT('',(3.25E-1,4.02E0,-9.45E-1));
#2752=LINE('',#2751,#2750);
#2753=DIRECTION('',(0.E0,1.E0,0.E0));
#2754=VECTOR('',#2753,6.5E-1);
#2755=CARTESIAN_POINT('',(3.25E-1,-7.953E0,7.275E0));
#2756=LINE('',#2755,#2754);
#2757=DIRECTION('',(0.E0,-1.E0,0.E0));
#2758=VECTOR('',#2757,2.52E0);
#2759=CARTESIAN_POINT('',(3.25E-1,-4.6E0,-1.595E0));
#2760=LINE('',#2759,#2758);
#2761=CARTESIAN_POINT('',(3.25E-1,-7.12E0,-7.62E-1));
#2762=DIRECTION('',(-1.E0,0.E0,0.E0));
#2763=DIRECTION('',(0.E0,0.E0,-1.E0));
#2764=AXIS2_PLACEMENT_3D('',#2761,#2762,#2763);
#2766=DIRECTION('',(0.E0,0.E0,1.E0));
#2767=VECTOR('',#2766,8.037E0);
#2768=CARTESIAN_POINT('',(3.25E-1,-7.953E0,-7.62E-1));
#2769=LINE('',#2768,#2767);
#2770=DIRECTION('',(0.E0,0.E0,-1.E0));
#2771=VECTOR('',#2770,6.5E-1);
#2772=CARTESIAN_POINT('',(3.25E-1,4.02E0,-9.45E-1));
#2773=LINE('',#2772,#2771);
#2774=DIRECTION('',(0.E0,-1.E0,0.E0));
#2775=VECTOR('',#2774,6.25E0);
#2776=CARTESIAN_POINT('',(3.25E-1,4.02E0,-1.595E0));
#2777=LINE('',#2776,#2775);
#2778=DIRECTION('',(3.481553119114E-1,3.481553119114E-1,8.703882797785E-1));
#2779=VECTOR('',#2778,5.744562646538E-1);
#2780=CARTESIAN_POINT('',(-3.25E-1,-7.953E0,7.275E0));
#2781=LINE('',#2780,#2779);
#2782=DIRECTION('',(3.481553119114E-1,-3.481553119114E-1,-8.703882797785E-1));
#2783=VECTOR('',#2782,5.744562646538E-1);
#2784=CARTESIAN_POINT('',(1.25E-1,-7.753E0,7.775E0));
#2785=LINE('',#2784,#2783);
#2786=DIRECTION('',(1.E0,0.E0,0.E0));
#2787=VECTOR('',#2786,6.5E-1);
#2788=CARTESIAN_POINT('',(-3.25E-1,-7.953E0,7.275E0));
#2789=LINE('',#2788,#2787);
#2790=DIRECTION('',(1.E0,0.E0,0.E0));
#2791=VECTOR('',#2790,6.5E-1);
#2792=CARTESIAN_POINT('',(-3.25E-1,-7.953E0,-7.62E-1));
#2793=LINE('',#2792,#2791);
#2794=DIRECTION('',(0.E0,0.E0,1.E0));
#2795=VECTOR('',#2794,8.037E0);
#2796=CARTESIAN_POINT('',(-3.25E-1,-7.953E0,-7.62E-1));
#2797=LINE('',#2796,#2795);
#2798=DIRECTION('',(1.E0,0.E0,0.E0));
#2799=VECTOR('',#2798,6.5E-1);
#2800=CARTESIAN_POINT('',(-3.25E-1,-7.12E0,-1.595E0));
#2801=LINE('',#2800,#2799);
#2802=CARTESIAN_POINT('',(-3.25E-1,-7.12E0,-7.62E-1));
#2803=DIRECTION('',(-1.E0,0.E0,0.E0));
#2804=DIRECTION('',(0.E0,0.E0,-1.E0));
#2805=AXIS2_PLACEMENT_3D('',#2802,#2803,#2804);
#2807=DIRECTION('',(0.E0,-1.E0,0.E0));
#2808=VECTOR('',#2807,2.52E0);
#2809=CARTESIAN_POINT('',(-3.25E-1,-4.6E0,-1.595E0));
#2810=LINE('',#2809,#2808);
#2811=DIRECTION('',(-1.E0,0.E0,0.E0));
#2812=VECTOR('',#2811,6.5E-1);
#2813=CARTESIAN_POINT('',(3.25E-1,4.02E0,-1.595E0));
#2814=LINE('',#2813,#2812);
#2815=DIRECTION('',(0.E0,-1.E0,0.E0));
#2816=VECTOR('',#2815,6.25E0);
#2817=CARTESIAN_POINT('',(-3.25E-1,4.02E0,-1.595E0));
#2818=LINE('',#2817,#2816);
#2819=DIRECTION('',(0.E0,-1.E0,0.E0));
#2820=VECTOR('',#2819,6.5E-1);
#2821=CARTESIAN_POINT('',(-3.25E-1,-7.303E0,7.275E0));
#2822=LINE('',#2821,#2820);
#2823=DIRECTION('',(0.E0,-1.E0,0.E0));
#2824=VECTOR('',#2823,2.52E0);
#2825=CARTESIAN_POINT('',(-3.25E-1,-4.6E0,-9.45E-1));
#2826=LINE('',#2825,#2824);
#2827=CARTESIAN_POINT('',(-3.25E-1,-7.12E0,-7.62E-1));
#2828=DIRECTION('',(-1.E0,0.E0,0.E0));
#2829=DIRECTION('',(0.E0,0.E0,-1.E0));
#2830=AXIS2_PLACEMENT_3D('',#2827,#2828,#2829);
#2832=DIRECTION('',(0.E0,0.E0,1.E0));
#2833=VECTOR('',#2832,8.037E0);
#2834=CARTESIAN_POINT('',(-3.25E-1,-7.303E0,-7.62E-1));
#2835=LINE('',#2834,#2833);
#2836=DIRECTION('',(0.E0,0.E0,1.E0));
#2837=VECTOR('',#2836,6.5E-1);
#2838=CARTESIAN_POINT('',(-3.25E-1,4.02E0,-1.595E0));
#2839=LINE('',#2838,#2837);
#2840=DIRECTION('',(0.E0,-1.E0,0.E0));
#2841=VECTOR('',#2840,6.25E0);
#2842=CARTESIAN_POINT('',(-3.25E-1,4.02E0,-9.45E-1));
#2843=LINE('',#2842,#2841);
#2844=DIRECTION('',(0.E0,1.E0,0.E0));
#2845=VECTOR('',#2844,2.5E-1);
#2846=CARTESIAN_POINT('',(1.25E-1,-7.753E0,7.775E0));
#2847=LINE('',#2846,#2845);
#2848=DIRECTION('',(1.E0,0.E0,0.E0));
#2849=VECTOR('',#2848,2.5E-1);
#2850=CARTESIAN_POINT('',(-1.25E-1,-7.753E0,7.775E0));
#2851=LINE('',#2850,#2849);
#2852=DIRECTION('',(0.E0,-1.E0,0.E0));
#2853=VECTOR('',#2852,2.5E-1);
#2854=CARTESIAN_POINT('',(-1.25E-1,-7.503E0,7.775E0));
#2855=LINE('',#2854,#2853);
#2856=DIRECTION('',(-1.E0,0.E0,0.E0));
#2857=VECTOR('',#2856,2.5E-1);
#2858=CARTESIAN_POINT('',(1.25E-1,-7.503E0,7.775E0));
#2859=LINE('',#2858,#2857);
#2860=DIRECTION('',(-3.481553119114E-1,-3.481553119114E-1,8.703882797785E-1));
#2861=VECTOR('',#2860,5.744562646538E-1);
#2862=CARTESIAN_POINT('',(3.25E-1,-7.303E0,7.275E0));
#2863=LINE('',#2862,#2861);
#2864=DIRECTION('',(-3.481553119114E-1,3.481553119114E-1,-8.703882797785E-1));
#2865=VECTOR('',#2864,5.744562646538E-1);
#2866=CARTESIAN_POINT('',(-1.25E-1,-7.503E0,7.775E0));
#2867=LINE('',#2866,#2865);
#2868=DIRECTION('',(-1.E0,0.E0,0.E0));
#2869=VECTOR('',#2868,6.5E-1);
#2870=CARTESIAN_POINT('',(3.25E-1,-7.303E0,7.275E0));
#2871=LINE('',#2870,#2869);
#2872=DIRECTION('',(-1.E0,0.E0,0.E0));
#2873=VECTOR('',#2872,6.5E-1);
#2874=CARTESIAN_POINT('',(3.25E-1,-7.303E0,-7.62E-1));
#2875=LINE('',#2874,#2873);
#2876=DIRECTION('',(0.E0,0.E0,1.E0));
#2877=VECTOR('',#2876,8.037E0);
#2878=CARTESIAN_POINT('',(3.25E-1,-7.303E0,-7.62E-1));
#2879=LINE('',#2878,#2877);
#2880=DIRECTION('',(-1.E0,0.E0,0.E0));
#2881=VECTOR('',#2880,6.5E-1);
#2882=CARTESIAN_POINT('',(3.25E-1,-7.12E0,-9.45E-1));
#2883=LINE('',#2882,#2881);
#2884=CARTESIAN_POINT('',(3.25E-1,-7.12E0,-7.62E-1));
#2885=DIRECTION('',(-1.E0,0.E0,0.E0));
#2886=DIRECTION('',(0.E0,0.E0,-1.E0));
#2887=AXIS2_PLACEMENT_3D('',#2884,#2885,#2886);
#2889=DIRECTION('',(-3.481553119114E-1,-8.703882797785E-1,3.481553119114E-1));
#2890=VECTOR('',#2889,5.744562646538E-1);
#2891=CARTESIAN_POINT('',(-1.25E-1,4.52E0,-1.145E0));
#2892=LINE('',#2891,#2890);
#2893=DIRECTION('',(-3.481553119114E-1,-8.703882797785E-1,-3.481553119114E-1));
#2894=VECTOR('',#2893,5.744562646538E-1);
#2895=CARTESIAN_POINT('',(-1.25E-1,4.52E0,-1.395E0));
#2896=LINE('',#2895,#2894);
#2897=DIRECTION('',(1.E0,0.E0,0.E0));
#2898=VECTOR('',#2897,2.5E-1);
#2899=CARTESIAN_POINT('',(-1.25E-1,4.52E0,-1.145E0));
#2900=LINE('',#2899,#2898);
#2901=DIRECTION('',(0.E0,0.E0,1.E0));
#2902=VECTOR('',#2901,2.5E-1);
#2903=CARTESIAN_POINT('',(-1.25E-1,4.52E0,-1.395E0));
#2904=LINE('',#2903,#2902);
#2905=DIRECTION('',(-1.E0,0.E0,0.E0));
#2906=VECTOR('',#2905,2.5E-1);
#2907=CARTESIAN_POINT('',(1.25E-1,4.52E0,-1.395E0));
#2908=LINE('',#2907,#2906);
#2909=DIRECTION('',(0.E0,0.E0,-1.E0));
#2910=VECTOR('',#2909,2.5E-1);
#2911=CARTESIAN_POINT('',(1.25E-1,4.52E0,-1.145E0));
#2912=LINE('',#2911,#2910);
#2913=DIRECTION('',(3.481553119114E-1,-8.703882797785E-1,3.481553119114E-1));
#2914=VECTOR('',#2913,5.744562646538E-1);
#2915=CARTESIAN_POINT('',(1.25E-1,4.52E0,-1.145E0));
#2916=LINE('',#2915,#2914);
#2917=DIRECTION('',(3.481553119114E-1,-8.703882797785E-1,-3.481553119114E-1));
#2918=VECTOR('',#2917,5.744562646538E-1);
#2919=CARTESIAN_POINT('',(1.25E-1,4.52E0,-1.395E0));
#2920=LINE('',#2919,#2918);
#2921=DIRECTION('',(0.E0,-1.E0,0.E0));
#2922=VECTOR('',#2921,2.52E0);
#2923=CARTESIAN_POINT('',(-2.215E0,-4.6E0,-9.45E-1));
#2924=LINE('',#2923,#2922);
#2925=DIRECTION('',(1.E0,0.E0,0.E0));
#2926=VECTOR('',#2925,6.5E-1);
#2927=CARTESIAN_POINT('',(-2.865E0,4.02E0,-9.45E-1));
#2928=LINE('',#2927,#2926);
#2929=DIRECTION('',(0.E0,-1.E0,0.E0));
#2930=VECTOR('',#2929,6.25E0);
#2931=CARTESIAN_POINT('',(-2.215E0,4.02E0,-9.45E-1));
#2932=LINE('',#2931,#2930);
#2933=DIRECTION('',(0.E0,1.E0,0.E0));
#2934=VECTOR('',#2933,6.5E-1);
#2935=CARTESIAN_POINT('',(-2.215E0,-7.953E0,7.275E0));
#2936=LINE('',#2935,#2934);
#2937=DIRECTION('',(0.E0,-1.E0,0.E0));
#2938=VECTOR('',#2937,2.52E0);
#2939=CARTESIAN_POINT('',(-2.215E0,-4.6E0,-1.595E0));
#2940=LINE('',#2939,#2938);
#2941=CARTESIAN_POINT('',(-2.215E0,-7.12E0,-7.62E-1));
#2942=DIRECTION('',(-1.E0,0.E0,0.E0));
#2943=DIRECTION('',(0.E0,0.E0,-1.E0));
#2944=AXIS2_PLACEMENT_3D('',#2941,#2942,#2943);
#2946=DIRECTION('',(0.E0,0.E0,1.E0));
#2947=VECTOR('',#2946,8.037E0);
#2948=CARTESIAN_POINT('',(-2.215E0,-7.953E0,-7.62E-1));
#2949=LINE('',#2948,#2947);
#2950=DIRECTION('',(0.E0,0.E0,-1.E0));
#2951=VECTOR('',#2950,6.5E-1);
#2952=CARTESIAN_POINT('',(-2.215E0,4.02E0,-9.45E-1));
#2953=LINE('',#2952,#2951);
#2954=DIRECTION('',(0.E0,-1.E0,0.E0));
#2955=VECTOR('',#2954,6.25E0);
#2956=CARTESIAN_POINT('',(-2.215E0,4.02E0,-1.595E0));
#2957=LINE('',#2956,#2955);
#2958=DIRECTION('',(3.481553119114E-1,3.481553119114E-1,8.703882797785E-1));
#2959=VECTOR('',#2958,5.744562646538E-1);
#2960=CARTESIAN_POINT('',(-2.865E0,-7.953E0,7.275E0));
#2961=LINE('',#2960,#2959);
#2962=DIRECTION('',(3.481553119114E-1,-3.481553119114E-1,-8.703882797785E-1));
#2963=VECTOR('',#2962,5.744562646538E-1);
#2964=CARTESIAN_POINT('',(-2.415E0,-7.753E0,7.775E0));
#2965=LINE('',#2964,#2963);
#2966=DIRECTION('',(1.E0,0.E0,0.E0));
#2967=VECTOR('',#2966,6.5E-1);
#2968=CARTESIAN_POINT('',(-2.865E0,-7.953E0,7.275E0));
#2969=LINE('',#2968,#2967);
#2970=DIRECTION('',(1.E0,0.E0,0.E0));
#2971=VECTOR('',#2970,6.5E-1);
#2972=CARTESIAN_POINT('',(-2.865E0,-7.953E0,-7.62E-1));
#2973=LINE('',#2972,#2971);
#2974=DIRECTION('',(0.E0,0.E0,1.E0));
#2975=VECTOR('',#2974,8.037E0);
#2976=CARTESIAN_POINT('',(-2.865E0,-7.953E0,-7.62E-1));
#2977=LINE('',#2976,#2975);
#2978=DIRECTION('',(1.E0,0.E0,0.E0));
#2979=VECTOR('',#2978,6.5E-1);
#2980=CARTESIAN_POINT('',(-2.865E0,-7.12E0,-1.595E0));
#2981=LINE('',#2980,#2979);
#2982=CARTESIAN_POINT('',(-2.865E0,-7.12E0,-7.62E-1));
#2983=DIRECTION('',(-1.E0,0.E0,0.E0));
#2984=DIRECTION('',(0.E0,0.E0,-1.E0));
#2985=AXIS2_PLACEMENT_3D('',#2982,#2983,#2984);
#2987=DIRECTION('',(0.E0,-1.E0,0.E0));
#2988=VECTOR('',#2987,2.52E0);
#2989=CARTESIAN_POINT('',(-2.865E0,-4.6E0,-1.595E0));
#2990=LINE('',#2989,#2988);
#2991=DIRECTION('',(-1.E0,0.E0,0.E0));
#2992=VECTOR('',#2991,6.5E-1);
#2993=CARTESIAN_POINT('',(-2.215E0,4.02E0,-1.595E0));
#2994=LINE('',#2993,#2992);
#2995=DIRECTION('',(0.E0,-1.E0,0.E0));
#2996=VECTOR('',#2995,6.25E0);
#2997=CARTESIAN_POINT('',(-2.865E0,4.02E0,-1.595E0));
#2998=LINE('',#2997,#2996);
#2999=DIRECTION('',(0.E0,-1.E0,0.E0));
#3000=VECTOR('',#2999,6.5E-1);
#3001=CARTESIAN_POINT('',(-2.865E0,-7.303E0,7.275E0));
#3002=LINE('',#3001,#3000);
#3003=DIRECTION('',(0.E0,-1.E0,0.E0));
#3004=VECTOR('',#3003,2.52E0);
#3005=CARTESIAN_POINT('',(-2.865E0,-4.6E0,-9.45E-1));
#3006=LINE('',#3005,#3004);
#3007=CARTESIAN_POINT('',(-2.865E0,-7.12E0,-7.62E-1));
#3008=DIRECTION('',(-1.E0,0.E0,0.E0));
#3009=DIRECTION('',(0.E0,0.E0,-1.E0));
#3010=AXIS2_PLACEMENT_3D('',#3007,#3008,#3009);
#3012=DIRECTION('',(0.E0,0.E0,1.E0));
#3013=VECTOR('',#3012,8.037E0);
#3014=CARTESIAN_POINT('',(-2.865E0,-7.303E0,-7.62E-1));
#3015=LINE('',#3014,#3013);
#3016=DIRECTION('',(0.E0,0.E0,1.E0));
#3017=VECTOR('',#3016,6.5E-1);
#3018=CARTESIAN_POINT('',(-2.865E0,4.02E0,-1.595E0));
#3019=LINE('',#3018,#3017);
#3020=DIRECTION('',(0.E0,-1.E0,0.E0));
#3021=VECTOR('',#3020,6.25E0);
#3022=CARTESIAN_POINT('',(-2.865E0,4.02E0,-9.45E-1));
#3023=LINE('',#3022,#3021);
#3024=DIRECTION('',(0.E0,1.E0,0.E0));
#3025=VECTOR('',#3024,2.5E-1);
#3026=CARTESIAN_POINT('',(-2.415E0,-7.753E0,7.775E0));
#3027=LINE('',#3026,#3025);
#3028=DIRECTION('',(1.E0,0.E0,0.E0));
#3029=VECTOR('',#3028,2.5E-1);
#3030=CARTESIAN_POINT('',(-2.665E0,-7.753E0,7.775E0));
#3031=LINE('',#3030,#3029);
#3032=DIRECTION('',(0.E0,-1.E0,0.E0));
#3033=VECTOR('',#3032,2.5E-1);
#3034=CARTESIAN_POINT('',(-2.665E0,-7.503E0,7.775E0));
#3035=LINE('',#3034,#3033);
#3036=DIRECTION('',(-1.E0,0.E0,0.E0));
#3037=VECTOR('',#3036,2.5E-1);
#3038=CARTESIAN_POINT('',(-2.415E0,-7.503E0,7.775E0));
#3039=LINE('',#3038,#3037);
#3040=DIRECTION('',(-3.481553119114E-1,-3.481553119114E-1,8.703882797785E-1));
#3041=VECTOR('',#3040,5.744562646538E-1);
#3042=CARTESIAN_POINT('',(-2.215E0,-7.303E0,7.275E0));
#3043=LINE('',#3042,#3041);
#3044=DIRECTION('',(-3.481553119114E-1,3.481553119114E-1,-8.703882797785E-1));
#3045=VECTOR('',#3044,5.744562646538E-1);
#3046=CARTESIAN_POINT('',(-2.665E0,-7.503E0,7.775E0));
#3047=LINE('',#3046,#3045);
#3048=DIRECTION('',(-1.E0,0.E0,0.E0));
#3049=VECTOR('',#3048,6.5E-1);
#3050=CARTESIAN_POINT('',(-2.215E0,-7.303E0,7.275E0));
#3051=LINE('',#3050,#3049);
#3052=DIRECTION('',(-1.E0,0.E0,0.E0));
#3053=VECTOR('',#3052,6.5E-1);
#3054=CARTESIAN_POINT('',(-2.215E0,-7.303E0,-7.62E-1));
#3055=LINE('',#3054,#3053);
#3056=DIRECTION('',(0.E0,0.E0,1.E0));
#3057=VECTOR('',#3056,8.037E0);
#3058=CARTESIAN_POINT('',(-2.215E0,-7.303E0,-7.62E-1));
#3059=LINE('',#3058,#3057);
#3060=DIRECTION('',(-1.E0,0.E0,0.E0));
#3061=VECTOR('',#3060,6.5E-1);
#3062=CARTESIAN_POINT('',(-2.215E0,-7.12E0,-9.45E-1));
#3063=LINE('',#3062,#3061);
#3064=CARTESIAN_POINT('',(-2.215E0,-7.12E0,-7.62E-1));
#3065=DIRECTION('',(-1.E0,0.E0,0.E0));
#3066=DIRECTION('',(0.E0,0.E0,-1.E0));
#3067=AXIS2_PLACEMENT_3D('',#3064,#3065,#3066);
#3069=DIRECTION('',(-3.481553119114E-1,-8.703882797785E-1,3.481553119114E-1));
#3070=VECTOR('',#3069,5.744562646538E-1);
#3071=CARTESIAN_POINT('',(-2.665E0,4.52E0,-1.145E0));
#3072=LINE('',#3071,#3070);
#3073=DIRECTION('',(-3.481553119114E-1,-8.703882797785E-1,-3.481553119114E-1));
#3074=VECTOR('',#3073,5.744562646538E-1);
#3075=CARTESIAN_POINT('',(-2.665E0,4.52E0,-1.395E0));
#3076=LINE('',#3075,#3074);
#3077=DIRECTION('',(1.E0,0.E0,0.E0));
#3078=VECTOR('',#3077,2.5E-1);
#3079=CARTESIAN_POINT('',(-2.665E0,4.52E0,-1.145E0));
#3080=LINE('',#3079,#3078);
#3081=DIRECTION('',(0.E0,0.E0,1.E0));
#3082=VECTOR('',#3081,2.5E-1);
#3083=CARTESIAN_POINT('',(-2.665E0,4.52E0,-1.395E0));
#3084=LINE('',#3083,#3082);
#3085=DIRECTION('',(-1.E0,0.E0,0.E0));
#3086=VECTOR('',#3085,2.5E-1);
#3087=CARTESIAN_POINT('',(-2.415E0,4.52E0,-1.395E0));
#3088=LINE('',#3087,#3086);
#3089=DIRECTION('',(0.E0,0.E0,-1.E0));
#3090=VECTOR('',#3089,2.5E-1);
#3091=CARTESIAN_POINT('',(-2.415E0,4.52E0,-1.145E0));
#3092=LINE('',#3091,#3090);
#3093=DIRECTION('',(3.481553119114E-1,-8.703882797785E-1,3.481553119114E-1));
#3094=VECTOR('',#3093,5.744562646538E-1);
#3095=CARTESIAN_POINT('',(-2.415E0,4.52E0,-1.145E0));
#3096=LINE('',#3095,#3094);
#3097=DIRECTION('',(3.481553119114E-1,-8.703882797785E-1,-3.481553119114E-1));
#3098=VECTOR('',#3097,5.744562646538E-1);
#3099=CARTESIAN_POINT('',(-2.415E0,4.52E0,-1.395E0));
#3100=LINE('',#3099,#3098);
#3101=DIRECTION('',(0.E0,-1.E0,0.E0));
#3102=VECTOR('',#3101,2.52E0);
#3103=CARTESIAN_POINT('',(-4.755E0,-4.6E0,-9.45E-1));
#3104=LINE('',#3103,#3102);
#3105=DIRECTION('',(1.E0,0.E0,0.E0));
#3106=VECTOR('',#3105,6.5E-1);
#3107=CARTESIAN_POINT('',(-5.405E0,4.02E0,-9.45E-1));
#3108=LINE('',#3107,#3106);
#3109=DIRECTION('',(0.E0,-1.E0,0.E0));
#3110=VECTOR('',#3109,6.25E0);
#3111=CARTESIAN_POINT('',(-4.755E0,4.02E0,-9.45E-1));
#3112=LINE('',#3111,#3110);
#3113=DIRECTION('',(0.E0,1.E0,0.E0));
#3114=VECTOR('',#3113,6.5E-1);
#3115=CARTESIAN_POINT('',(-4.755E0,-7.953E0,7.275E0));
#3116=LINE('',#3115,#3114);
#3117=DIRECTION('',(0.E0,-1.E0,0.E0));
#3118=VECTOR('',#3117,2.52E0);
#3119=CARTESIAN_POINT('',(-4.755E0,-4.6E0,-1.595E0));
#3120=LINE('',#3119,#3118);
#3121=CARTESIAN_POINT('',(-4.755E0,-7.12E0,-7.62E-1));
#3122=DIRECTION('',(-1.E0,0.E0,0.E0));
#3123=DIRECTION('',(0.E0,0.E0,-1.E0));
#3124=AXIS2_PLACEMENT_3D('',#3121,#3122,#3123);
#3126=DIRECTION('',(0.E0,0.E0,1.E0));
#3127=VECTOR('',#3126,8.037E0);
#3128=CARTESIAN_POINT('',(-4.755E0,-7.953E0,-7.62E-1));
#3129=LINE('',#3128,#3127);
#3130=DIRECTION('',(0.E0,0.E0,-1.E0));
#3131=VECTOR('',#3130,6.5E-1);
#3132=CARTESIAN_POINT('',(-4.755E0,4.02E0,-9.45E-1));
#3133=LINE('',#3132,#3131);
#3134=DIRECTION('',(0.E0,-1.E0,0.E0));
#3135=VECTOR('',#3134,6.25E0);
#3136=CARTESIAN_POINT('',(-4.755E0,4.02E0,-1.595E0));
#3137=LINE('',#3136,#3135);
#3138=DIRECTION('',(3.481553119114E-1,3.481553119114E-1,8.703882797785E-1));
#3139=VECTOR('',#3138,5.744562646538E-1);
#3140=CARTESIAN_POINT('',(-5.405E0,-7.953E0,7.275E0));
#3141=LINE('',#3140,#3139);
#3142=DIRECTION('',(3.481553119114E-1,-3.481553119114E-1,-8.703882797785E-1));
#3143=VECTOR('',#3142,5.744562646538E-1);
#3144=CARTESIAN_POINT('',(-4.955E0,-7.753E0,7.775E0));
#3145=LINE('',#3144,#3143);
#3146=DIRECTION('',(1.E0,0.E0,0.E0));
#3147=VECTOR('',#3146,6.5E-1);
#3148=CARTESIAN_POINT('',(-5.405E0,-7.953E0,7.275E0));
#3149=LINE('',#3148,#3147);
#3150=DIRECTION('',(1.E0,0.E0,0.E0));
#3151=VECTOR('',#3150,6.5E-1);
#3152=CARTESIAN_POINT('',(-5.405E0,-7.953E0,-7.62E-1));
#3153=LINE('',#3152,#3151);
#3154=DIRECTION('',(0.E0,0.E0,1.E0));
#3155=VECTOR('',#3154,8.037E0);
#3156=CARTESIAN_POINT('',(-5.405E0,-7.953E0,-7.62E-1));
#3157=LINE('',#3156,#3155);
#3158=DIRECTION('',(1.E0,0.E0,0.E0));
#3159=VECTOR('',#3158,6.5E-1);
#3160=CARTESIAN_POINT('',(-5.405E0,-7.12E0,-1.595E0));
#3161=LINE('',#3160,#3159);
#3162=CARTESIAN_POINT('',(-5.405E0,-7.12E0,-7.62E-1));
#3163=DIRECTION('',(-1.E0,0.E0,0.E0));
#3164=DIRECTION('',(0.E0,0.E0,-1.E0));
#3165=AXIS2_PLACEMENT_3D('',#3162,#3163,#3164);
#3167=DIRECTION('',(0.E0,-1.E0,0.E0));
#3168=VECTOR('',#3167,2.52E0);
#3169=CARTESIAN_POINT('',(-5.405E0,-4.6E0,-1.595E0));
#3170=LINE('',#3169,#3168);
#3171=DIRECTION('',(-1.E0,0.E0,0.E0));
#3172=VECTOR('',#3171,6.5E-1);
#3173=CARTESIAN_POINT('',(-4.755E0,4.02E0,-1.595E0));
#3174=LINE('',#3173,#3172);
#3175=DIRECTION('',(0.E0,-1.E0,0.E0));
#3176=VECTOR('',#3175,6.25E0);
#3177=CARTESIAN_POINT('',(-5.405E0,4.02E0,-1.595E0));
#3178=LINE('',#3177,#3176);
#3179=DIRECTION('',(0.E0,-1.E0,0.E0));
#3180=VECTOR('',#3179,6.5E-1);
#3181=CARTESIAN_POINT('',(-5.405E0,-7.303E0,7.275E0));
#3182=LINE('',#3181,#3180);
#3183=DIRECTION('',(0.E0,-1.E0,0.E0));
#3184=VECTOR('',#3183,2.52E0);
#3185=CARTESIAN_POINT('',(-5.405E0,-4.6E0,-9.45E-1));
#3186=LINE('',#3185,#3184);
#3187=CARTESIAN_POINT('',(-5.405E0,-7.12E0,-7.62E-1));
#3188=DIRECTION('',(-1.E0,0.E0,0.E0));
#3189=DIRECTION('',(0.E0,0.E0,-1.E0));
#3190=AXIS2_PLACEMENT_3D('',#3187,#3188,#3189);
#3192=DIRECTION('',(0.E0,0.E0,1.E0));
#3193=VECTOR('',#3192,8.037E0);
#3194=CARTESIAN_POINT('',(-5.405E0,-7.303E0,-7.62E-1));
#3195=LINE('',#3194,#3193);
#3196=DIRECTION('',(0.E0,0.E0,1.E0));
#3197=VECTOR('',#3196,6.5E-1);
#3198=CARTESIAN_POINT('',(-5.405E0,4.02E0,-1.595E0));
#3199=LINE('',#3198,#3197);
#3200=DIRECTION('',(0.E0,-1.E0,0.E0));
#3201=VECTOR('',#3200,6.25E0);
#3202=CARTESIAN_POINT('',(-5.405E0,4.02E0,-9.45E-1));
#3203=LINE('',#3202,#3201);
#3204=DIRECTION('',(0.E0,1.E0,0.E0));
#3205=VECTOR('',#3204,2.5E-1);
#3206=CARTESIAN_POINT('',(-4.955E0,-7.753E0,7.775E0));
#3207=LINE('',#3206,#3205);
#3208=DIRECTION('',(1.E0,0.E0,0.E0));
#3209=VECTOR('',#3208,2.5E-1);
#3210=CARTESIAN_POINT('',(-5.205E0,-7.753E0,7.775E0));
#3211=LINE('',#3210,#3209);
#3212=DIRECTION('',(0.E0,-1.E0,0.E0));
#3213=VECTOR('',#3212,2.5E-1);
#3214=CARTESIAN_POINT('',(-5.205E0,-7.503E0,7.775E0));
#3215=LINE('',#3214,#3213);
#3216=DIRECTION('',(-1.E0,0.E0,0.E0));
#3217=VECTOR('',#3216,2.5E-1);
#3218=CARTESIAN_POINT('',(-4.955E0,-7.503E0,7.775E0));
#3219=LINE('',#3218,#3217);
#3220=DIRECTION('',(-3.481553119114E-1,-3.481553119114E-1,8.703882797785E-1));
#3221=VECTOR('',#3220,5.744562646538E-1);
#3222=CARTESIAN_POINT('',(-4.755E0,-7.303E0,7.275E0));
#3223=LINE('',#3222,#3221);
#3224=DIRECTION('',(-3.481553119114E-1,3.481553119114E-1,-8.703882797785E-1));
#3225=VECTOR('',#3224,5.744562646538E-1);
#3226=CARTESIAN_POINT('',(-5.205E0,-7.503E0,7.775E0));
#3227=LINE('',#3226,#3225);
#3228=DIRECTION('',(-1.E0,0.E0,0.E0));
#3229=VECTOR('',#3228,6.5E-1);
#3230=CARTESIAN_POINT('',(-4.755E0,-7.303E0,7.275E0));
#3231=LINE('',#3230,#3229);
#3232=DIRECTION('',(-1.E0,0.E0,0.E0));
#3233=VECTOR('',#3232,6.5E-1);
#3234=CARTESIAN_POINT('',(-4.755E0,-7.303E0,-7.62E-1));
#3235=LINE('',#3234,#3233);
#3236=DIRECTION('',(0.E0,0.E0,1.E0));
#3237=VECTOR('',#3236,8.037E0);
#3238=CARTESIAN_POINT('',(-4.755E0,-7.303E0,-7.62E-1));
#3239=LINE('',#3238,#3237);
#3240=DIRECTION('',(-1.E0,0.E0,0.E0));
#3241=VECTOR('',#3240,6.5E-1);
#3242=CARTESIAN_POINT('',(-4.755E0,-7.12E0,-9.45E-1));
#3243=LINE('',#3242,#3241);
#3244=CARTESIAN_POINT('',(-4.755E0,-7.12E0,-7.62E-1));
#3245=DIRECTION('',(-1.E0,0.E0,0.E0));
#3246=DIRECTION('',(0.E0,0.E0,-1.E0));
#3247=AXIS2_PLACEMENT_3D('',#3244,#3245,#3246);
#3249=DIRECTION('',(-3.481553119114E-1,-8.703882797785E-1,3.481553119114E-1));
#3250=VECTOR('',#3249,5.744562646538E-1);
#3251=CARTESIAN_POINT('',(-5.205E0,4.52E0,-1.145E0));
#3252=LINE('',#3251,#3250);
#3253=DIRECTION('',(-3.481553119114E-1,-8.703882797785E-1,-3.481553119114E-1));
#3254=VECTOR('',#3253,5.744562646538E-1);
#3255=CARTESIAN_POINT('',(-5.205E0,4.52E0,-1.395E0));
#3256=LINE('',#3255,#3254);
#3257=DIRECTION('',(1.E0,0.E0,0.E0));
#3258=VECTOR('',#3257,2.5E-1);
#3259=CARTESIAN_POINT('',(-5.205E0,4.52E0,-1.145E0));
#3260=LINE('',#3259,#3258);
#3261=DIRECTION('',(0.E0,0.E0,1.E0));
#3262=VECTOR('',#3261,2.5E-1);
#3263=CARTESIAN_POINT('',(-5.205E0,4.52E0,-1.395E0));
#3264=LINE('',#3263,#3262);
#3265=DIRECTION('',(-1.E0,0.E0,0.E0));
#3266=VECTOR('',#3265,2.5E-1);
#3267=CARTESIAN_POINT('',(-4.955E0,4.52E0,-1.395E0));
#3268=LINE('',#3267,#3266);
#3269=DIRECTION('',(0.E0,0.E0,-1.E0));
#3270=VECTOR('',#3269,2.5E-1);
#3271=CARTESIAN_POINT('',(-4.955E0,4.52E0,-1.145E0));
#3272=LINE('',#3271,#3270);
#3273=DIRECTION('',(3.481553119114E-1,-8.703882797785E-1,3.481553119114E-1));
#3274=VECTOR('',#3273,5.744562646538E-1);
#3275=CARTESIAN_POINT('',(-4.955E0,4.52E0,-1.145E0));
#3276=LINE('',#3275,#3274);
#3277=DIRECTION('',(3.481553119114E-1,-8.703882797785E-1,-3.481553119114E-1));
#3278=VECTOR('',#3277,5.744562646538E-1);
#3279=CARTESIAN_POINT('',(-4.955E0,4.52E0,-1.395E0));
#3280=LINE('',#3279,#3278);
#3281=DIRECTION('',(0.E0,-1.E0,0.E0));
#3282=VECTOR('',#3281,2.52E0);
#3283=CARTESIAN_POINT('',(-7.295E0,-4.6E0,-9.45E-1));
#3284=LINE('',#3283,#3282);
#3285=DIRECTION('',(1.E0,0.E0,0.E0));
#3286=VECTOR('',#3285,6.5E-1);
#3287=CARTESIAN_POINT('',(-7.945E0,4.02E0,-9.45E-1));
#3288=LINE('',#3287,#3286);
#3289=DIRECTION('',(0.E0,-1.E0,0.E0));
#3290=VECTOR('',#3289,6.25E0);
#3291=CARTESIAN_POINT('',(-7.295E0,4.02E0,-9.45E-1));
#3292=LINE('',#3291,#3290);
#3293=DIRECTION('',(0.E0,1.E0,0.E0));
#3294=VECTOR('',#3293,6.5E-1);
#3295=CARTESIAN_POINT('',(-7.295E0,-7.953E0,7.275E0));
#3296=LINE('',#3295,#3294);
#3297=DIRECTION('',(0.E0,-1.E0,0.E0));
#3298=VECTOR('',#3297,2.52E0);
#3299=CARTESIAN_POINT('',(-7.295E0,-4.6E0,-1.595E0));
#3300=LINE('',#3299,#3298);
#3301=CARTESIAN_POINT('',(-7.295E0,-7.12E0,-7.62E-1));
#3302=DIRECTION('',(-1.E0,0.E0,0.E0));
#3303=DIRECTION('',(0.E0,0.E0,-1.E0));
#3304=AXIS2_PLACEMENT_3D('',#3301,#3302,#3303);
#3306=DIRECTION('',(0.E0,0.E0,1.E0));
#3307=VECTOR('',#3306,8.037E0);
#3308=CARTESIAN_POINT('',(-7.295E0,-7.953E0,-7.62E-1));
#3309=LINE('',#3308,#3307);
#3310=DIRECTION('',(0.E0,0.E0,-1.E0));
#3311=VECTOR('',#3310,6.5E-1);
#3312=CARTESIAN_POINT('',(-7.295E0,4.02E0,-9.45E-1));
#3313=LINE('',#3312,#3311);
#3314=DIRECTION('',(0.E0,-1.E0,0.E0));
#3315=VECTOR('',#3314,6.25E0);
#3316=CARTESIAN_POINT('',(-7.295E0,4.02E0,-1.595E0));
#3317=LINE('',#3316,#3315);
#3318=DIRECTION('',(3.481553119114E-1,3.481553119114E-1,8.703882797785E-1));
#3319=VECTOR('',#3318,5.744562646538E-1);
#3320=CARTESIAN_POINT('',(-7.945E0,-7.953E0,7.275E0));
#3321=LINE('',#3320,#3319);
#3322=DIRECTION('',(3.481553119114E-1,-3.481553119114E-1,-8.703882797785E-1));
#3323=VECTOR('',#3322,5.744562646538E-1);
#3324=CARTESIAN_POINT('',(-7.495E0,-7.753E0,7.775E0));
#3325=LINE('',#3324,#3323);
#3326=DIRECTION('',(1.E0,0.E0,0.E0));
#3327=VECTOR('',#3326,6.5E-1);
#3328=CARTESIAN_POINT('',(-7.945E0,-7.953E0,7.275E0));
#3329=LINE('',#3328,#3327);
#3330=DIRECTION('',(1.E0,0.E0,0.E0));
#3331=VECTOR('',#3330,6.5E-1);
#3332=CARTESIAN_POINT('',(-7.945E0,-7.953E0,-7.62E-1));
#3333=LINE('',#3332,#3331);
#3334=DIRECTION('',(0.E0,0.E0,1.E0));
#3335=VECTOR('',#3334,8.037E0);
#3336=CARTESIAN_POINT('',(-7.945E0,-7.953E0,-7.62E-1));
#3337=LINE('',#3336,#3335);
#3338=DIRECTION('',(1.E0,0.E0,0.E0));
#3339=VECTOR('',#3338,6.5E-1);
#3340=CARTESIAN_POINT('',(-7.945E0,-7.12E0,-1.595E0));
#3341=LINE('',#3340,#3339);
#3342=CARTESIAN_POINT('',(-7.945E0,-7.12E0,-7.62E-1));
#3343=DIRECTION('',(-1.E0,0.E0,0.E0));
#3344=DIRECTION('',(0.E0,0.E0,-1.E0));
#3345=AXIS2_PLACEMENT_3D('',#3342,#3343,#3344);
#3347=DIRECTION('',(0.E0,-1.E0,0.E0));
#3348=VECTOR('',#3347,2.52E0);
#3349=CARTESIAN_POINT('',(-7.945E0,-4.6E0,-1.595E0));
#3350=LINE('',#3349,#3348);
#3351=DIRECTION('',(-1.E0,0.E0,0.E0));
#3352=VECTOR('',#3351,6.5E-1);
#3353=CARTESIAN_POINT('',(-7.295E0,4.02E0,-1.595E0));
#3354=LINE('',#3353,#3352);
#3355=DIRECTION('',(0.E0,-1.E0,0.E0));
#3356=VECTOR('',#3355,6.25E0);
#3357=CARTESIAN_POINT('',(-7.945E0,4.02E0,-1.595E0));
#3358=LINE('',#3357,#3356);
#3359=DIRECTION('',(0.E0,-1.E0,0.E0));
#3360=VECTOR('',#3359,6.5E-1);
#3361=CARTESIAN_POINT('',(-7.945E0,-7.303E0,7.275E0));
#3362=LINE('',#3361,#3360);
#3363=DIRECTION('',(0.E0,-1.E0,0.E0));
#3364=VECTOR('',#3363,2.52E0);
#3365=CARTESIAN_POINT('',(-7.945E0,-4.6E0,-9.45E-1));
#3366=LINE('',#3365,#3364);
#3367=CARTESIAN_POINT('',(-7.945E0,-7.12E0,-7.62E-1));
#3368=DIRECTION('',(-1.E0,0.E0,0.E0));
#3369=DIRECTION('',(0.E0,0.E0,-1.E0));
#3370=AXIS2_PLACEMENT_3D('',#3367,#3368,#3369);
#3372=DIRECTION('',(0.E0,0.E0,1.E0));
#3373=VECTOR('',#3372,8.037E0);
#3374=CARTESIAN_POINT('',(-7.945E0,-7.303E0,-7.62E-1));
#3375=LINE('',#3374,#3373);
#3376=DIRECTION('',(0.E0,0.E0,1.E0));
#3377=VECTOR('',#3376,6.5E-1);
#3378=CARTESIAN_POINT('',(-7.945E0,4.02E0,-1.595E0));
#3379=LINE('',#3378,#3377);
#3380=DIRECTION('',(0.E0,-1.E0,0.E0));
#3381=VECTOR('',#3380,6.25E0);
#3382=CARTESIAN_POINT('',(-7.945E0,4.02E0,-9.45E-1));
#3383=LINE('',#3382,#3381);
#3384=DIRECTION('',(0.E0,1.E0,0.E0));
#3385=VECTOR('',#3384,2.5E-1);
#3386=CARTESIAN_POINT('',(-7.495E0,-7.753E0,7.775E0));
#3387=LINE('',#3386,#3385);
#3388=DIRECTION('',(1.E0,0.E0,0.E0));
#3389=VECTOR('',#3388,2.5E-1);
#3390=CARTESIAN_POINT('',(-7.745E0,-7.753E0,7.775E0));
#3391=LINE('',#3390,#3389);
#3392=DIRECTION('',(0.E0,-1.E0,0.E0));
#3393=VECTOR('',#3392,2.5E-1);
#3394=CARTESIAN_POINT('',(-7.745E0,-7.503E0,7.775E0));
#3395=LINE('',#3394,#3393);
#3396=DIRECTION('',(-1.E0,0.E0,0.E0));
#3397=VECTOR('',#3396,2.5E-1);
#3398=CARTESIAN_POINT('',(-7.495E0,-7.503E0,7.775E0));
#3399=LINE('',#3398,#3397);
#3400=DIRECTION('',(-3.481553119114E-1,-3.481553119114E-1,8.703882797785E-1));
#3401=VECTOR('',#3400,5.744562646538E-1);
#3402=CARTESIAN_POINT('',(-7.295E0,-7.303E0,7.275E0));
#3403=LINE('',#3402,#3401);
#3404=DIRECTION('',(-3.481553119114E-1,3.481553119114E-1,-8.703882797785E-1));
#3405=VECTOR('',#3404,5.744562646538E-1);
#3406=CARTESIAN_POINT('',(-7.745E0,-7.503E0,7.775E0));
#3407=LINE('',#3406,#3405);
#3408=DIRECTION('',(-1.E0,0.E0,0.E0));
#3409=VECTOR('',#3408,6.5E-1);
#3410=CARTESIAN_POINT('',(-7.295E0,-7.303E0,7.275E0));
#3411=LINE('',#3410,#3409);
#3412=DIRECTION('',(-1.E0,0.E0,0.E0));
#3413=VECTOR('',#3412,6.5E-1);
#3414=CARTESIAN_POINT('',(-7.295E0,-7.303E0,-7.62E-1));
#3415=LINE('',#3414,#3413);
#3416=DIRECTION('',(0.E0,0.E0,1.E0));
#3417=VECTOR('',#3416,8.037E0);
#3418=CARTESIAN_POINT('',(-7.295E0,-7.303E0,-7.62E-1));
#3419=LINE('',#3418,#3417);
#3420=DIRECTION('',(-1.E0,0.E0,0.E0));
#3421=VECTOR('',#3420,6.5E-1);
#3422=CARTESIAN_POINT('',(-7.295E0,-7.12E0,-9.45E-1));
#3423=LINE('',#3422,#3421);
#3424=CARTESIAN_POINT('',(-7.295E0,-7.12E0,-7.62E-1));
#3425=DIRECTION('',(-1.E0,0.E0,0.E0));
#3426=DIRECTION('',(0.E0,0.E0,-1.E0));
#3427=AXIS2_PLACEMENT_3D('',#3424,#3425,#3426);
#3429=DIRECTION('',(-3.481553119114E-1,-8.703882797785E-1,3.481553119114E-1));
#3430=VECTOR('',#3429,5.744562646538E-1);
#3431=CARTESIAN_POINT('',(-7.745E0,4.52E0,-1.145E0));
#3432=LINE('',#3431,#3430);
#3433=DIRECTION('',(-3.481553119114E-1,-8.703882797785E-1,-3.481553119114E-1));
#3434=VECTOR('',#3433,5.744562646538E-1);
#3435=CARTESIAN_POINT('',(-7.745E0,4.52E0,-1.395E0));
#3436=LINE('',#3435,#3434);
#3437=DIRECTION('',(1.E0,0.E0,0.E0));
#3438=VECTOR('',#3437,2.5E-1);
#3439=CARTESIAN_POINT('',(-7.745E0,4.52E0,-1.145E0));
#3440=LINE('',#3439,#3438);
#3441=DIRECTION('',(0.E0,0.E0,1.E0));
#3442=VECTOR('',#3441,2.5E-1);
#3443=CARTESIAN_POINT('',(-7.745E0,4.52E0,-1.395E0));
#3444=LINE('',#3443,#3442);
#3445=DIRECTION('',(-1.E0,0.E0,0.E0));
#3446=VECTOR('',#3445,2.5E-1);
#3447=CARTESIAN_POINT('',(-7.495E0,4.52E0,-1.395E0));
#3448=LINE('',#3447,#3446);
#3449=DIRECTION('',(0.E0,0.E0,-1.E0));
#3450=VECTOR('',#3449,2.5E-1);
#3451=CARTESIAN_POINT('',(-7.495E0,4.52E0,-1.145E0));
#3452=LINE('',#3451,#3450);
#3453=DIRECTION('',(3.481553119114E-1,-8.703882797785E-1,3.481553119114E-1));
#3454=VECTOR('',#3453,5.744562646538E-1);
#3455=CARTESIAN_POINT('',(-7.495E0,4.52E0,-1.145E0));
#3456=LINE('',#3455,#3454);
#3457=DIRECTION('',(3.481553119114E-1,-8.703882797785E-1,-3.481553119114E-1));
#3458=VECTOR('',#3457,5.744562646538E-1);
#3459=CARTESIAN_POINT('',(-7.495E0,4.52E0,-1.395E0));
#3460=LINE('',#3459,#3458);
#3461=DIRECTION('',(2.588190451025E-1,0.E0,9.659258262891E-1));
#3462=VECTOR('',#3461,8.023390398178E-1);
#3463=CARTESIAN_POINT('',(2.825E0,2.47E0,-4.875E0));
#3464=LINE('',#3463,#3462);
#3465=CARTESIAN_POINT('',(-1.006E1,5.45E0,4.875E0));
#3466=CARTESIAN_POINT('',(-1.006E1,-5.45E0,4.875E0));
#3467=VERTEX_POINT('',#3465);
#3468=VERTEX_POINT('',#3466);
#3469=CARTESIAN_POINT('',(1.006E1,-5.45E0,4.875E0));
#3470=CARTESIAN_POINT('',(1.006E1,5.45E0,4.875E0));
#3471=VERTEX_POINT('',#3469);
#3472=VERTEX_POINT('',#3470);
#3473=CARTESIAN_POINT('',(-9.01E0,5.45E0,4.1E0));
#3474=CARTESIAN_POINT('',(-9.16E0,5.45E0,4.25E0));
#3475=VERTEX_POINT('',#3473);
#3476=VERTEX_POINT('',#3474);
#3477=CARTESIAN_POINT('',(-9.16E0,5.45E0,4.875E0));
#3478=VERTEX_POINT('',#3477);
#3479=CARTESIAN_POINT('',(9.16E0,5.45E0,4.875E0));
#3480=VERTEX_POINT('',#3479);
#3481=CARTESIAN_POINT('',(-9.16E0,-5.45E0,4.875E0));
#3482=VERTEX_POINT('',#3481);
#3483=CARTESIAN_POINT('',(9.16E0,-5.45E0,4.875E0));
#3484=VERTEX_POINT('',#3483);
#3485=CARTESIAN_POINT('',(-1.006E1,-5.45E0,-2.875E0));
#3486=CARTESIAN_POINT('',(-1.006E1,-4.6E0,-2.875E0));
#3487=VERTEX_POINT('',#3485);
#3488=VERTEX_POINT('',#3486);
#3489=CARTESIAN_POINT('',(-1.006E1,-4.6E0,2.825E0));
#3490=VERTEX_POINT('',#3489);
#3491=CARTESIAN_POINT('',(-1.006E1,-5.45E0,2.825E0));
#3492=VERTEX_POINT('',#3491);
#3493=CARTESIAN_POINT('',(-9.16E0,-5.45E0,-2.875E0));
#3494=VERTEX_POINT('',#3493);
#3495=CARTESIAN_POINT('',(9.16E0,-5.45E0,-2.875E0));
#3496=CARTESIAN_POINT('',(1.006E1,-5.45E0,-2.875E0));
#3497=VERTEX_POINT('',#3495);
#3498=VERTEX_POINT('',#3496);
#3499=CARTESIAN_POINT('',(-9.16E0,-5.45E0,2.825E0));
#3500=VERTEX_POINT('',#3499);
#3501=CARTESIAN_POINT('',(9.16E0,-5.45E0,2.825E0));
#3502=CARTESIAN_POINT('',(1.006E1,-5.45E0,2.825E0));
#3503=VERTEX_POINT('',#3501);
#3504=VERTEX_POINT('',#3502);
#3505=CARTESIAN_POINT('',(1.006E1,-4.6E0,-2.875E0));
#3506=VERTEX_POINT('',#3505);
#3507=CARTESIAN_POINT('',(1.006E1,-4.6E0,2.825E0));
#3508=VERTEX_POINT('',#3507);
#3509=CARTESIAN_POINT('',(9.16E0,-3.1E0,2.525E0));
#3510=CARTESIAN_POINT('',(-9.16E0,-3.1E0,2.525E0));
#3511=VERTEX_POINT('',#3509);
#3512=VERTEX_POINT('',#3510);
#3513=CARTESIAN_POINT('',(9.01E0,-3.1E0,4.1E0));
#3514=CARTESIAN_POINT('',(1.E0,-3.1E0,4.1E0));
#3515=VERTEX_POINT('',#3513);
#3516=VERTEX_POINT('',#3514);
#3517=CARTESIAN_POINT('',(-9.01E0,-3.1E0,4.1E0));
#3518=CARTESIAN_POINT('',(-9.16E0,-3.1E0,4.25E0));
#3519=VERTEX_POINT('',#3517);
#3520=VERTEX_POINT('',#3518);
#3521=CARTESIAN_POINT('',(-9.16E0,-4.6E0,2.825E0));
#3522=VERTEX_POINT('',#3521);
#3523=CARTESIAN_POINT('',(9.16E0,-4.6E0,2.825E0));
#3524=VERTEX_POINT('',#3523);
#3525=CARTESIAN_POINT('',(9.16E0,-3.1E0,4.25E0));
#3526=VERTEX_POINT('',#3525);
#3527=CARTESIAN_POINT('',(9.16E0,-3.1E0,-2.575E0));
#3528=CARTESIAN_POINT('',(-9.16E0,-3.1E0,-2.575E0));
#3529=VERTEX_POINT('',#3527);
#3530=VERTEX_POINT('',#3528);
#3531=CARTESIAN_POINT('',(-9.16E0,-4.6E0,-2.875E0));
#3532=VERTEX_POINT('',#3531);
#3533=CARTESIAN_POINT('',(9.16E0,-4.6E0,-2.875E0));
#3534=VERTEX_POINT('',#3533);
#3535=CARTESIAN_POINT('',(-9.16E0,-4.6E0,2.4488E0));
#3536=CARTESIAN_POINT('',(9.16E0,-4.6E0,2.4488E0));
#3537=VERTEX_POINT('',#3535);
#3538=VERTEX_POINT('',#3536);
#3539=CARTESIAN_POINT('',(-9.16E0,-4.5238E0,2.525E0));
#3540=CARTESIAN_POINT('',(9.16E0,-4.5238E0,2.525E0));
#3541=VERTEX_POINT('',#3539);
#3542=VERTEX_POINT('',#3540);
#3543=CARTESIAN_POINT('',(-9.16E0,-4.6E0,-2.4988E0));
#3544=CARTESIAN_POINT('',(9.16E0,-4.6E0,-2.4988E0));
#3545=VERTEX_POINT('',#3543);
#3546=VERTEX_POINT('',#3544);
#3547=CARTESIAN_POINT('',(-9.16E0,-4.5238E0,-2.575E0));
#3548=CARTESIAN_POINT('',(9.16E0,-4.5238E0,-2.575E0));
#3549=VERTEX_POINT('',#3547);
#3550=VERTEX_POINT('',#3548);
#3551=CARTESIAN_POINT('',(-9.14E0,-1.73E0,3.175E0));
#3552=CARTESIAN_POINT('',(9.14E0,-1.73E0,3.175E0));
#3553=VERTEX_POINT('',#3551);
#3554=VERTEX_POINT('',#3552);
#3555=CARTESIAN_POINT('',(9.14E0,-1.73E0,-3.175E0));
#3556=CARTESIAN_POINT('',(2.012488663526E0,-1.73E0,-3.175E0));
#3557=VERTEX_POINT('',#3555);
#3558=VERTEX_POINT('',#3556);
#3559=CARTESIAN_POINT('',(-2.012488663526E0,-1.73E0,-3.175E0));
#3560=CARTESIAN_POINT('',(-9.14E0,-1.73E0,-3.175E0));
#3561=VERTEX_POINT('',#3559);
#3562=VERTEX_POINT('',#3560);
#3563=CARTESIAN_POINT('',(-9.14E0,-2.23E0,-2.54E0));
#3564=CARTESIAN_POINT('',(-9.14E0,-2.23E0,2.54E0));
#3565=VERTEX_POINT('',#3563);
#3566=VERTEX_POINT('',#3564);
#3567=CARTESIAN_POINT('',(9.14E0,-2.23E0,2.54E0));
#3568=VERTEX_POINT('',#3567);
#3569=CARTESIAN_POINT('',(9.14E0,-2.23E0,-2.54E0));
#3570=VERTEX_POINT('',#3569);
#3571=CARTESIAN_POINT('',(-9.14E0,-1.73E0,2.54E0));
#3572=CARTESIAN_POINT('',(9.14E0,-1.73E0,2.54E0));
#3573=VERTEX_POINT('',#3571);
#3574=VERTEX_POINT('',#3572);
#3575=CARTESIAN_POINT('',(-9.14E0,-1.73E0,-2.54E0));
#3576=CARTESIAN_POINT('',(9.14E0,-1.73E0,-2.54E0));
#3577=VERTEX_POINT('',#3575);
#3578=VERTEX_POINT('',#3576);
#3579=CARTESIAN_POINT('',(-1.006E1,5.45E0,-4.1E0));
#3580=CARTESIAN_POINT('',(-1.006E1,-5.45E0,-4.1E0));
#3581=VERTEX_POINT('',#3579);
#3582=VERTEX_POINT('',#3580);
#3583=CARTESIAN_POINT('',(-9.16E0,-5.45E0,-4.1E0));
#3584=VERTEX_POINT('',#3583);
#3585=CARTESIAN_POINT('',(1.006E1,-5.45E0,-4.1E0));
#3586=CARTESIAN_POINT('',(9.16E0,-5.45E0,-4.1E0));
#3587=VERTEX_POINT('',#3585);
#3588=VERTEX_POINT('',#3586);
#3589=CARTESIAN_POINT('',(1.006E1,5.45E0,-4.1E0));
#3590=VERTEX_POINT('',#3589);
#3591=CARTESIAN_POINT('',(-3.032660624134E0,5.45E0,-4.1E0));
#3592=VERTEX_POINT('',#3591);
#3593=CARTESIAN_POINT('',(-2.825E0,5.45E0,-4.875E0));
#3594=VERTEX_POINT('',#3593);
#3595=CARTESIAN_POINT('',(2.825E0,5.45E0,-4.875E0));
#3596=CARTESIAN_POINT('',(3.032660624134E0,5.45E0,-4.1E0));
#3597=VERTEX_POINT('',#3595);
#3598=VERTEX_POINT('',#3596);
#3599=CARTESIAN_POINT('',(-9.16E0,-3.1E0,-4.1E0));
#3600=VERTEX_POINT('',#3599);
#3601=CARTESIAN_POINT('',(9.16E0,-3.1E0,-4.1E0));
#3602=VERTEX_POINT('',#3601);
#3603=CARTESIAN_POINT('',(-2.825E0,2.47E0,-4.875E0));
#3604=CARTESIAN_POINT('',(2.825E0,2.47E0,-4.875E0));
#3605=VERTEX_POINT('',#3603);
#3606=VERTEX_POINT('',#3604);
#3607=CARTESIAN_POINT('',(-1.931561649764E0,-1.73E0,-4.1E0));
#3608=CARTESIAN_POINT('',(1.931561649764E0,-1.73E0,-4.1E0));
#3609=VERTEX_POINT('',#3607);
#3610=VERTEX_POINT('',#3608);
#3611=CARTESIAN_POINT('',(1.925E0,2.47E0,-4.175E0));
#3612=CARTESIAN_POINT('',(1.931561649764E0,2.47E0,-4.1E0));
#3613=VERTEX_POINT('',#3611);
#3614=VERTEX_POINT('',#3612);
#3615=CARTESIAN_POINT('',(-1.925E0,2.47E0,-4.175E0));
#3616=VERTEX_POINT('',#3615);
#3617=CARTESIAN_POINT('',(-1.931561649764E0,2.47E0,-4.1E0));
#3618=VERTEX_POINT('',#3617);
#3619=CARTESIAN_POINT('',(-3.032660624134E0,2.47E0,-4.1E0));
#3620=VERTEX_POINT('',#3619);
#3621=CARTESIAN_POINT('',(3.032660624134E0,2.47E0,-4.1E0));
#3622=VERTEX_POINT('',#3621);
#3623=CARTESIAN_POINT('',(-9.44E0,5.45E0,-3.475E0));
#3624=CARTESIAN_POINT('',(-9.44E0,5.45E0,3.475E0));
#3625=VERTEX_POINT('',#3623);
#3626=VERTEX_POINT('',#3624);
#3627=CARTESIAN_POINT('',(-9.14E0,5.15E0,-3.175E0));
#3628=CARTESIAN_POINT('',(-9.14E0,5.15E0,3.175E0));
#3629=VERTEX_POINT('',#3627);
#3630=VERTEX_POINT('',#3628);
#3631=CARTESIAN_POINT('',(9.44E0,5.45E0,3.475E0));
#3632=VERTEX_POINT('',#3631);
#3633=CARTESIAN_POINT('',(9.14E0,5.15E0,3.175E0));
#3634=VERTEX_POINT('',#3633);
#3635=CARTESIAN_POINT('',(9.44E0,5.45E0,-3.475E0));
#3636=VERTEX_POINT('',#3635);
#3637=CARTESIAN_POINT('',(9.14E0,5.15E0,-3.175E0));
#3638=VERTEX_POINT('',#3637);
#3639=CARTESIAN_POINT('',(1.986242064468E0,5.45E0,-3.475E0));
#3640=VERTEX_POINT('',#3639);
#3641=CARTESIAN_POINT('',(2.012488663526E0,5.15E0,-3.175E0));
#3642=VERTEX_POINT('',#3641);
#3643=CARTESIAN_POINT('',(1.898753400942E0,5.45E0,-4.475E0));
#3644=CARTESIAN_POINT('',(-1.898753400942E0,5.45E0,-4.475E0));
#3645=VERTEX_POINT('',#3643);
#3646=VERTEX_POINT('',#3644);
#3647=CARTESIAN_POINT('',(1.925E0,5.15E0,-4.175E0));
#3648=CARTESIAN_POINT('',(-1.925E0,5.15E0,-4.175E0));
#3649=VERTEX_POINT('',#3647);
#3650=VERTEX_POINT('',#3648);
#3651=CARTESIAN_POINT('',(-1.986242064468E0,5.45E0,-3.475E0));
#3652=VERTEX_POINT('',#3651);
#3653=CARTESIAN_POINT('',(-2.012488663526E0,5.15E0,-3.175E0));
#3654=VERTEX_POINT('',#3653);
#3655=CARTESIAN_POINT('',(9.16E0,5.45E0,4.25E0));
#3656=VERTEX_POINT('',#3655);
#3657=CARTESIAN_POINT('',(9.01E0,5.45E0,4.1E0));
#3658=VERTEX_POINT('',#3657);
#3659=CARTESIAN_POINT('',(-9.E-1,5.45E0,4.2E0));
#3660=CARTESIAN_POINT('',(-9.E-1,5.45E0,4.875E0));
#3661=VERTEX_POINT('',#3659);
#3662=VERTEX_POINT('',#3660);
#3663=CARTESIAN_POINT('',(9.E-1,5.45E0,4.875E0));
#3664=VERTEX_POINT('',#3663);
#3665=CARTESIAN_POINT('',(9.E-1,5.45E0,4.2E0));
#3666=VERTEX_POINT('',#3665);
#3667=CARTESIAN_POINT('',(1.E0,5.45E0,4.1E0));
#3668=VERTEX_POINT('',#3667);
#3669=CARTESIAN_POINT('',(-1.E0,5.45E0,4.1E0));
#3670=VERTEX_POINT('',#3669);
#3671=CARTESIAN_POINT('',(-1.E0,-3.1E0,4.1E0));
#3672=VERTEX_POINT('',#3671);
#3673=CARTESIAN_POINT('',(-9.E-1,-3.1E0,4.2E0));
#3674=CARTESIAN_POINT('',(-9.E-1,-3.1E0,4.875E0));
#3675=VERTEX_POINT('',#3673);
#3676=VERTEX_POINT('',#3674);
#3677=CARTESIAN_POINT('',(9.E-1,-3.1E0,4.875E0));
#3678=VERTEX_POINT('',#3677);
#3679=CARTESIAN_POINT('',(9.E-1,-3.1E0,4.2E0));
#3680=VERTEX_POINT('',#3679);
#3681=CARTESIAN_POINT('',(7.945E0,-4.763E0,1.778E0));
#3682=CARTESIAN_POINT('',(7.295E0,-4.763E0,1.778E0));
#3683=VERTEX_POINT('',#3681);
#3684=VERTEX_POINT('',#3682);
#3685=CARTESIAN_POINT('',(7.295E0,-5.413E0,1.778E0));
#3686=CARTESIAN_POINT('',(7.945E0,-5.413E0,1.778E0));
#3687=VERTEX_POINT('',#3685);
#3688=VERTEX_POINT('',#3686);
#3689=CARTESIAN_POINT('',(7.295E0,-4.6E0,1.596096179259E0));
#3690=CARTESIAN_POINT('',(7.295E0,-4.6E0,9.452401306499E-1));
#3691=VERTEX_POINT('',#3689);
#3692=VERTEX_POINT('',#3690);
#3693=CARTESIAN_POINT('',(7.945E0,-4.6E0,1.596096179259E0));
#3694=CARTESIAN_POINT('',(7.945E0,-4.6E0,9.452401306499E-1));
#3695=VERTEX_POINT('',#3693);
#3696=VERTEX_POINT('',#3694);
#3697=CARTESIAN_POINT('',(7.945E0,-2.23E0,1.595E0));
#3698=CARTESIAN_POINT('',(7.295E0,-2.23E0,1.595E0));
#3699=VERTEX_POINT('',#3697);
#3700=VERTEX_POINT('',#3698);
#3701=CARTESIAN_POINT('',(7.295E0,-2.23E0,9.45E-1));
#3702=VERTEX_POINT('',#3701);
#3703=CARTESIAN_POINT('',(7.945E0,-2.23E0,9.45E-1));
#3704=VERTEX_POINT('',#3703);
#3705=CARTESIAN_POINT('',(7.945E0,-7.12E0,-9.45E-1));
#3706=CARTESIAN_POINT('',(7.295E0,-7.12E0,-9.45E-1));
#3707=VERTEX_POINT('',#3705);
#3708=VERTEX_POINT('',#3706);
#3709=CARTESIAN_POINT('',(7.295E0,-7.12E0,-1.595E0));
#3710=CARTESIAN_POINT('',(7.945E0,-7.12E0,-1.595E0));
#3711=VERTEX_POINT('',#3709);
#3712=VERTEX_POINT('',#3710);
#3713=CARTESIAN_POINT('',(7.945E0,-7.303E0,-7.62E-1));
#3714=CARTESIAN_POINT('',(7.295E0,-7.303E0,-7.62E-1));
#3715=VERTEX_POINT('',#3713);
#3716=VERTEX_POINT('',#3714);
#3717=CARTESIAN_POINT('',(7.295E0,-7.953E0,-7.62E-1));
#3718=CARTESIAN_POINT('',(7.945E0,-7.953E0,-7.62E-1));
#3719=VERTEX_POINT('',#3717);
#3720=VERTEX_POINT('',#3718);
#3721=CARTESIAN_POINT('',(7.945E0,-2.23E0,-9.45E-1));
#3722=CARTESIAN_POINT('',(7.295E0,-2.23E0,-9.45E-1));
#3723=VERTEX_POINT('',#3721);
#3724=VERTEX_POINT('',#3722);
#3725=CARTESIAN_POINT('',(7.295E0,-2.23E0,-1.595E0));
#3726=VERTEX_POINT('',#3725);
#3727=CARTESIAN_POINT('',(7.945E0,-2.23E0,-1.595E0));
#3728=VERTEX_POINT('',#3727);
#3729=CARTESIAN_POINT('',(7.945E0,-4.6E0,-9.45E-1));
#3730=VERTEX_POINT('',#3729);
#3731=CARTESIAN_POINT('',(7.295E0,-4.6E0,-9.45E-1));
#3732=VERTEX_POINT('',#3731);
#3733=CARTESIAN_POINT('',(7.295E0,-4.6E0,-1.595E0));
#3734=VERTEX_POINT('',#3733);
#3735=CARTESIAN_POINT('',(7.945E0,-4.6E0,-1.595E0));
#3736=VERTEX_POINT('',#3735);
#3737=CARTESIAN_POINT('',(5.405E0,-4.763E0,1.778E0));
#3738=CARTESIAN_POINT('',(4.755E0,-4.763E0,1.778E0));
#3739=VERTEX_POINT('',#3737);
#3740=VERTEX_POINT('',#3738);
#3741=CARTESIAN_POINT('',(4.755E0,-5.413E0,1.778E0));
#3742=CARTESIAN_POINT('',(5.405E0,-5.413E0,1.778E0));
#3743=VERTEX_POINT('',#3741);
#3744=VERTEX_POINT('',#3742);
#3745=CARTESIAN_POINT('',(4.755E0,-4.6E0,9.452401306499E-1));
#3746=VERTEX_POINT('',#3745);
#3747=CARTESIAN_POINT('',(2.865E0,-4.763E0,1.778E0));
#3748=CARTESIAN_POINT('',(2.215E0,-4.763E0,1.778E0));
#3749=VERTEX_POINT('',#3747);
#3750=VERTEX_POINT('',#3748);
#3751=CARTESIAN_POINT('',(2.215E0,-5.413E0,1.778E0));
#3752=CARTESIAN_POINT('',(2.865E0,-5.413E0,1.778E0));
#3753=VERTEX_POINT('',#3751);
#3754=VERTEX_POINT('',#3752);
#3755=CARTESIAN_POINT('',(3.25E-1,-4.763E0,1.778E0));
#3756=CARTESIAN_POINT('',(-3.25E-1,-4.763E0,1.778E0));
#3757=VERTEX_POINT('',#3755);
#3758=VERTEX_POINT('',#3756);
#3759=CARTESIAN_POINT('',(-3.25E-1,-5.413E0,1.778E0));
#3760=CARTESIAN_POINT('',(3.25E-1,-5.413E0,1.778E0));
#3761=VERTEX_POINT('',#3759);
#3762=VERTEX_POINT('',#3760);
#3763=CARTESIAN_POINT('',(-2.215E0,-4.763E0,1.778E0));
#3764=CARTESIAN_POINT('',(-2.865E0,-4.763E0,1.778E0));
#3765=VERTEX_POINT('',#3763);
#3766=VERTEX_POINT('',#3764);
#3767=CARTESIAN_POINT('',(-2.865E0,-5.413E0,1.778E0));
#3768=CARTESIAN_POINT('',(-2.215E0,-5.413E0,1.778E0));
#3769=VERTEX_POINT('',#3767);
#3770=VERTEX_POINT('',#3768);
#3771=CARTESIAN_POINT('',(5.405E0,-2.23E0,1.595E0));
#3772=CARTESIAN_POINT('',(4.755E0,-2.23E0,1.595E0));
#3773=VERTEX_POINT('',#3771);
#3774=VERTEX_POINT('',#3772);
#3775=CARTESIAN_POINT('',(4.755E0,-2.23E0,9.45E-1));
#3776=VERTEX_POINT('',#3775);
#3777=CARTESIAN_POINT('',(5.405E0,-2.23E0,9.45E-1));
#3778=VERTEX_POINT('',#3777);
#3779=CARTESIAN_POINT('',(5.405E0,-4.6E0,9.452401306499E-1));
#3780=VERTEX_POINT('',#3779);
#3781=CARTESIAN_POINT('',(2.865E0,-2.23E0,1.595E0));
#3782=CARTESIAN_POINT('',(2.215E0,-2.23E0,1.595E0));
#3783=VERTEX_POINT('',#3781);
#3784=VERTEX_POINT('',#3782);
#3785=CARTESIAN_POINT('',(2.215E0,-2.23E0,9.45E-1));
#3786=VERTEX_POINT('',#3785);
#3787=CARTESIAN_POINT('',(2.865E0,-2.23E0,9.45E-1));
#3788=VERTEX_POINT('',#3787);
#3789=CARTESIAN_POINT('',(2.215E0,-4.6E0,9.452401306499E-1));
#3790=VERTEX_POINT('',#3789);
#3791=CARTESIAN_POINT('',(2.865E0,-4.6E0,9.452401306499E-1));
#3792=VERTEX_POINT('',#3791);
#3793=CARTESIAN_POINT('',(3.25E-1,-2.23E0,1.595E0));
#3794=CARTESIAN_POINT('',(-3.25E-1,-2.23E0,1.595E0));
#3795=VERTEX_POINT('',#3793);
#3796=VERTEX_POINT('',#3794);
#3797=CARTESIAN_POINT('',(-3.25E-1,-2.23E0,9.45E-1));
#3798=VERTEX_POINT('',#3797);
#3799=CARTESIAN_POINT('',(3.25E-1,-2.23E0,9.45E-1));
#3800=VERTEX_POINT('',#3799);
#3801=CARTESIAN_POINT('',(-3.25E-1,-4.6E0,9.452401306499E-1));
#3802=VERTEX_POINT('',#3801);
#3803=CARTESIAN_POINT('',(3.25E-1,-4.6E0,9.452401306499E-1));
#3804=VERTEX_POINT('',#3803);
#3805=CARTESIAN_POINT('',(-2.215E0,-2.23E0,1.595E0));
#3806=CARTESIAN_POINT('',(-2.865E0,-2.23E0,1.595E0));
#3807=VERTEX_POINT('',#3805);
#3808=VERTEX_POINT('',#3806);
#3809=CARTESIAN_POINT('',(-2.865E0,-2.23E0,9.45E-1));
#3810=VERTEX_POINT('',#3809);
#3811=CARTESIAN_POINT('',(-2.215E0,-2.23E0,9.45E-1));
#3812=VERTEX_POINT('',#3811);
#3813=CARTESIAN_POINT('',(-2.865E0,-4.6E0,9.452401306499E-1));
#3814=VERTEX_POINT('',#3813);
#3815=CARTESIAN_POINT('',(-2.215E0,-4.6E0,9.452401306499E-1));
#3816=VERTEX_POINT('',#3815);
#3817=CARTESIAN_POINT('',(4.755E0,-4.6E0,1.596096179259E0));
#3818=VERTEX_POINT('',#3817);
#3819=CARTESIAN_POINT('',(5.405E0,-4.6E0,1.596096179259E0));
#3820=VERTEX_POINT('',#3819);
#3821=CARTESIAN_POINT('',(2.215E0,-4.6E0,1.596096179259E0));
#3822=VERTEX_POINT('',#3821);
#3823=CARTESIAN_POINT('',(2.865E0,-4.6E0,1.596096179259E0));
#3824=VERTEX_POINT('',#3823);
#3825=CARTESIAN_POINT('',(-3.25E-1,-4.6E0,1.596096179259E0));
#3826=VERTEX_POINT('',#3825);
#3827=CARTESIAN_POINT('',(3.25E-1,-4.6E0,1.596096179259E0));
#3828=VERTEX_POINT('',#3827);
#3829=CARTESIAN_POINT('',(-2.865E0,-4.6E0,1.596096179259E0));
#3830=VERTEX_POINT('',#3829);
#3831=CARTESIAN_POINT('',(-2.215E0,-4.6E0,1.596096179259E0));
#3832=VERTEX_POINT('',#3831);
#3833=CARTESIAN_POINT('',(-4.755E0,-4.763E0,1.778E0));
#3834=CARTESIAN_POINT('',(-5.405E0,-4.763E0,1.778E0));
#3835=VERTEX_POINT('',#3833);
#3836=VERTEX_POINT('',#3834);
#3837=CARTESIAN_POINT('',(-5.405E0,-5.413E0,1.778E0));
#3838=CARTESIAN_POINT('',(-4.755E0,-5.413E0,1.778E0));
#3839=VERTEX_POINT('',#3837);
#3840=VERTEX_POINT('',#3838);
#3841=CARTESIAN_POINT('',(-5.405E0,-4.6E0,1.596096179259E0));
#3842=CARTESIAN_POINT('',(-5.405E0,-4.6E0,9.452401306499E-1));
#3843=VERTEX_POINT('',#3841);
#3844=VERTEX_POINT('',#3842);
#3845=CARTESIAN_POINT('',(-4.755E0,-4.6E0,1.596096179259E0));
#3846=CARTESIAN_POINT('',(-4.755E0,-4.6E0,9.452401306499E-1));
#3847=VERTEX_POINT('',#3845);
#3848=VERTEX_POINT('',#3846);
#3849=CARTESIAN_POINT('',(-4.755E0,-2.23E0,1.595E0));
#3850=CARTESIAN_POINT('',(-5.405E0,-2.23E0,1.595E0));
#3851=VERTEX_POINT('',#3849);
#3852=VERTEX_POINT('',#3850);
#3853=CARTESIAN_POINT('',(-5.405E0,-2.23E0,9.45E-1));
#3854=VERTEX_POINT('',#3853);
#3855=CARTESIAN_POINT('',(-4.755E0,-2.23E0,9.45E-1));
#3856=VERTEX_POINT('',#3855);
#3857=CARTESIAN_POINT('',(-7.295E0,-4.763E0,1.778E0));
#3858=CARTESIAN_POINT('',(-7.945E0,-4.763E0,1.778E0));
#3859=VERTEX_POINT('',#3857);
#3860=VERTEX_POINT('',#3858);
#3861=CARTESIAN_POINT('',(-7.945E0,-5.413E0,1.778E0));
#3862=CARTESIAN_POINT('',(-7.295E0,-5.413E0,1.778E0));
#3863=VERTEX_POINT('',#3861);
#3864=VERTEX_POINT('',#3862);
#3865=CARTESIAN_POINT('',(-7.945E0,-4.6E0,1.596096179259E0));
#3866=CARTESIAN_POINT('',(-7.945E0,-4.6E0,9.452401306499E-1));
#3867=VERTEX_POINT('',#3865);
#3868=VERTEX_POINT('',#3866);
#3869=CARTESIAN_POINT('',(-7.295E0,-4.6E0,1.596096179259E0));
#3870=CARTESIAN_POINT('',(-7.295E0,-4.6E0,9.452401306499E-1));
#3871=VERTEX_POINT('',#3869);
#3872=VERTEX_POINT('',#3870);
#3873=CARTESIAN_POINT('',(-7.295E0,-2.23E0,1.595E0));
#3874=CARTESIAN_POINT('',(-7.945E0,-2.23E0,1.595E0));
#3875=VERTEX_POINT('',#3873);
#3876=VERTEX_POINT('',#3874);
#3877=CARTESIAN_POINT('',(-7.945E0,-2.23E0,9.45E-1));
#3878=VERTEX_POINT('',#3877);
#3879=CARTESIAN_POINT('',(-7.295E0,-2.23E0,9.45E-1));
#3880=VERTEX_POINT('',#3879);
#3881=CARTESIAN_POINT('',(7.945E0,-7.953E0,7.275E0));
#3882=CARTESIAN_POINT('',(7.945E0,-7.303E0,7.275E0));
#3883=VERTEX_POINT('',#3881);
#3884=VERTEX_POINT('',#3882);
#3885=CARTESIAN_POINT('',(7.745E0,-7.753E0,7.775E0));
#3886=CARTESIAN_POINT('',(7.745E0,-7.503E0,7.775E0));
#3887=VERTEX_POINT('',#3885);
#3888=VERTEX_POINT('',#3886);
#3889=CARTESIAN_POINT('',(7.295E0,-7.303E0,7.275E0));
#3890=VERTEX_POINT('',#3889);
#3891=CARTESIAN_POINT('',(7.495E0,-7.503E0,7.775E0));
#3892=VERTEX_POINT('',#3891);
#3893=CARTESIAN_POINT('',(7.495E0,-7.753E0,7.775E0));
#3894=VERTEX_POINT('',#3893);
#3895=CARTESIAN_POINT('',(7.295E0,-7.953E0,7.275E0));
#3896=VERTEX_POINT('',#3895);
#3897=CARTESIAN_POINT('',(7.295E0,4.02E0,-9.45E-1));
#3898=CARTESIAN_POINT('',(7.945E0,4.02E0,-9.45E-1));
#3899=VERTEX_POINT('',#3897);
#3900=VERTEX_POINT('',#3898);
#3901=CARTESIAN_POINT('',(7.495E0,4.52E0,-1.145E0));
#3902=CARTESIAN_POINT('',(7.745E0,4.52E0,-1.145E0));
#3903=VERTEX_POINT('',#3901);
#3904=VERTEX_POINT('',#3902);
#3905=CARTESIAN_POINT('',(7.745E0,4.52E0,-1.395E0));
#3906=VERTEX_POINT('',#3905);
#3907=CARTESIAN_POINT('',(7.945E0,4.02E0,-1.595E0));
#3908=VERTEX_POINT('',#3907);
#3909=CARTESIAN_POINT('',(7.495E0,4.52E0,-1.395E0));
#3910=VERTEX_POINT('',#3909);
#3911=CARTESIAN_POINT('',(7.295E0,4.02E0,-1.595E0));
#3912=VERTEX_POINT('',#3911);
#3913=CARTESIAN_POINT('',(7.945E0,-5.413E0,7.275E0));
#3914=CARTESIAN_POINT('',(7.945E0,-4.763E0,7.275E0));
#3915=VERTEX_POINT('',#3913);
#3916=VERTEX_POINT('',#3914);
#3917=CARTESIAN_POINT('',(7.745E0,-5.213E0,7.775E0));
#3918=CARTESIAN_POINT('',(7.745E0,-4.963E0,7.775E0));
#3919=VERTEX_POINT('',#3917);
#3920=VERTEX_POINT('',#3918);
#3921=CARTESIAN_POINT('',(7.295E0,-4.763E0,7.275E0));
#3922=VERTEX_POINT('',#3921);
#3923=CARTESIAN_POINT('',(7.495E0,-4.963E0,7.775E0));
#3924=VERTEX_POINT('',#3923);
#3925=CARTESIAN_POINT('',(7.495E0,-5.213E0,7.775E0));
#3926=VERTEX_POINT('',#3925);
#3927=CARTESIAN_POINT('',(7.295E0,-5.413E0,7.275E0));
#3928=VERTEX_POINT('',#3927);
#3929=CARTESIAN_POINT('',(7.295E0,4.02E0,1.595E0));
#3930=CARTESIAN_POINT('',(7.945E0,4.02E0,1.595E0));
#3931=VERTEX_POINT('',#3929);
#3932=VERTEX_POINT('',#3930);
#3933=CARTESIAN_POINT('',(7.495E0,4.52E0,1.395E0));
#3934=CARTESIAN_POINT('',(7.745E0,4.52E0,1.395E0));
#3935=VERTEX_POINT('',#3933);
#3936=VERTEX_POINT('',#3934);
#3937=CARTESIAN_POINT('',(7.745E0,4.52E0,1.145E0));
#3938=VERTEX_POINT('',#3937);
#3939=CARTESIAN_POINT('',(7.945E0,4.02E0,9.45E-1));
#3940=VERTEX_POINT('',#3939);
#3941=CARTESIAN_POINT('',(7.495E0,4.52E0,1.145E0));
#3942=VERTEX_POINT('',#3941);
#3943=CARTESIAN_POINT('',(7.295E0,4.02E0,9.45E-1));
#3944=VERTEX_POINT('',#3943);
#3945=CARTESIAN_POINT('',(5.405E0,-5.413E0,7.275E0));
#3946=CARTESIAN_POINT('',(5.405E0,-4.763E0,7.275E0));
#3947=VERTEX_POINT('',#3945);
#3948=VERTEX_POINT('',#3946);
#3949=CARTESIAN_POINT('',(5.205E0,-5.213E0,7.775E0));
#3950=CARTESIAN_POINT('',(5.205E0,-4.963E0,7.775E0));
#3951=VERTEX_POINT('',#3949);
#3952=VERTEX_POINT('',#3950);
#3953=CARTESIAN_POINT('',(4.755E0,-4.763E0,7.275E0));
#3954=VERTEX_POINT('',#3953);
#3955=CARTESIAN_POINT('',(4.955E0,-4.963E0,7.775E0));
#3956=VERTEX_POINT('',#3955);
#3957=CARTESIAN_POINT('',(4.955E0,-5.213E0,7.775E0));
#3958=VERTEX_POINT('',#3957);
#3959=CARTESIAN_POINT('',(4.755E0,-5.413E0,7.275E0));
#3960=VERTEX_POINT('',#3959);
#3961=CARTESIAN_POINT('',(4.755E0,4.02E0,1.595E0));
#3962=CARTESIAN_POINT('',(5.405E0,4.02E0,1.595E0));
#3963=VERTEX_POINT('',#3961);
#3964=VERTEX_POINT('',#3962);
#3965=CARTESIAN_POINT('',(4.955E0,4.52E0,1.395E0));
#3966=CARTESIAN_POINT('',(5.205E0,4.52E0,1.395E0));
#3967=VERTEX_POINT('',#3965);
#3968=VERTEX_POINT('',#3966);
#3969=CARTESIAN_POINT('',(5.205E0,4.52E0,1.145E0));
#3970=VERTEX_POINT('',#3969);
#3971=CARTESIAN_POINT('',(5.405E0,4.02E0,9.45E-1));
#3972=VERTEX_POINT('',#3971);
#3973=CARTESIAN_POINT('',(4.955E0,4.52E0,1.145E0));
#3974=VERTEX_POINT('',#3973);
#3975=CARTESIAN_POINT('',(4.755E0,4.02E0,9.45E-1));
#3976=VERTEX_POINT('',#3975);
#3977=CARTESIAN_POINT('',(2.865E0,-5.413E0,7.275E0));
#3978=CARTESIAN_POINT('',(2.865E0,-4.763E0,7.275E0));
#3979=VERTEX_POINT('',#3977);
#3980=VERTEX_POINT('',#3978);
#3981=CARTESIAN_POINT('',(2.665E0,-5.213E0,7.775E0));
#3982=CARTESIAN_POINT('',(2.665E0,-4.963E0,7.775E0));
#3983=VERTEX_POINT('',#3981);
#3984=VERTEX_POINT('',#3982);
#3985=CARTESIAN_POINT('',(2.215E0,-4.763E0,7.275E0));
#3986=VERTEX_POINT('',#3985);
#3987=CARTESIAN_POINT('',(2.415E0,-4.963E0,7.775E0));
#3988=VERTEX_POINT('',#3987);
#3989=CARTESIAN_POINT('',(2.415E0,-5.213E0,7.775E0));
#3990=VERTEX_POINT('',#3989);
#3991=CARTESIAN_POINT('',(2.215E0,-5.413E0,7.275E0));
#3992=VERTEX_POINT('',#3991);
#3993=CARTESIAN_POINT('',(2.215E0,4.02E0,1.595E0));
#3994=CARTESIAN_POINT('',(2.865E0,4.02E0,1.595E0));
#3995=VERTEX_POINT('',#3993);
#3996=VERTEX_POINT('',#3994);
#3997=CARTESIAN_POINT('',(2.415E0,4.52E0,1.395E0));
#3998=CARTESIAN_POINT('',(2.665E0,4.52E0,1.395E0));
#3999=VERTEX_POINT('',#3997);
#4000=VERTEX_POINT('',#3998);
#4001=CARTESIAN_POINT('',(2.665E0,4.52E0,1.145E0));
#4002=VERTEX_POINT('',#4001);
#4003=CARTESIAN_POINT('',(2.865E0,4.02E0,9.45E-1));
#4004=VERTEX_POINT('',#4003);
#4005=CARTESIAN_POINT('',(2.415E0,4.52E0,1.145E0));
#4006=VERTEX_POINT('',#4005);
#4007=CARTESIAN_POINT('',(2.215E0,4.02E0,9.45E-1));
#4008=VERTEX_POINT('',#4007);
#4009=CARTESIAN_POINT('',(3.25E-1,-5.413E0,7.275E0));
#4010=CARTESIAN_POINT('',(3.25E-1,-4.763E0,7.275E0));
#4011=VERTEX_POINT('',#4009);
#4012=VERTEX_POINT('',#4010);
#4013=CARTESIAN_POINT('',(1.25E-1,-5.213E0,7.775E0));
#4014=CARTESIAN_POINT('',(1.25E-1,-4.963E0,7.775E0));
#4015=VERTEX_POINT('',#4013);
#4016=VERTEX_POINT('',#4014);
#4017=CARTESIAN_POINT('',(-3.25E-1,-4.763E0,7.275E0));
#4018=VERTEX_POINT('',#4017);
#4019=CARTESIAN_POINT('',(-1.25E-1,-4.963E0,7.775E0));
#4020=VERTEX_POINT('',#4019);
#4021=CARTESIAN_POINT('',(-1.25E-1,-5.213E0,7.775E0));
#4022=VERTEX_POINT('',#4021);
#4023=CARTESIAN_POINT('',(-3.25E-1,-5.413E0,7.275E0));
#4024=VERTEX_POINT('',#4023);
#4025=CARTESIAN_POINT('',(-3.25E-1,4.02E0,1.595E0));
#4026=CARTESIAN_POINT('',(3.25E-1,4.02E0,1.595E0));
#4027=VERTEX_POINT('',#4025);
#4028=VERTEX_POINT('',#4026);
#4029=CARTESIAN_POINT('',(-1.25E-1,4.52E0,1.395E0));
#4030=CARTESIAN_POINT('',(1.25E-1,4.52E0,1.395E0));
#4031=VERTEX_POINT('',#4029);
#4032=VERTEX_POINT('',#4030);
#4033=CARTESIAN_POINT('',(1.25E-1,4.52E0,1.145E0));
#4034=VERTEX_POINT('',#4033);
#4035=CARTESIAN_POINT('',(3.25E-1,4.02E0,9.45E-1));
#4036=VERTEX_POINT('',#4035);
#4037=CARTESIAN_POINT('',(-1.25E-1,4.52E0,1.145E0));
#4038=VERTEX_POINT('',#4037);
#4039=CARTESIAN_POINT('',(-3.25E-1,4.02E0,9.45E-1));
#4040=VERTEX_POINT('',#4039);
#4041=CARTESIAN_POINT('',(-2.215E0,-5.413E0,7.275E0));
#4042=CARTESIAN_POINT('',(-2.215E0,-4.763E0,7.275E0));
#4043=VERTEX_POINT('',#4041);
#4044=VERTEX_POINT('',#4042);
#4045=CARTESIAN_POINT('',(-2.415E0,-5.213E0,7.775E0));
#4046=CARTESIAN_POINT('',(-2.415E0,-4.963E0,7.775E0));
#4047=VERTEX_POINT('',#4045);
#4048=VERTEX_POINT('',#4046);
#4049=CARTESIAN_POINT('',(-2.865E0,-4.763E0,7.275E0));
#4050=VERTEX_POINT('',#4049);
#4051=CARTESIAN_POINT('',(-2.665E0,-4.963E0,7.775E0));
#4052=VERTEX_POINT('',#4051);
#4053=CARTESIAN_POINT('',(-2.665E0,-5.213E0,7.775E0));
#4054=VERTEX_POINT('',#4053);
#4055=CARTESIAN_POINT('',(-2.865E0,-5.413E0,7.275E0));
#4056=VERTEX_POINT('',#4055);
#4057=CARTESIAN_POINT('',(-2.865E0,4.02E0,1.595E0));
#4058=CARTESIAN_POINT('',(-2.215E0,4.02E0,1.595E0));
#4059=VERTEX_POINT('',#4057);
#4060=VERTEX_POINT('',#4058);
#4061=CARTESIAN_POINT('',(-2.665E0,4.52E0,1.395E0));
#4062=CARTESIAN_POINT('',(-2.415E0,4.52E0,1.395E0));
#4063=VERTEX_POINT('',#4061);
#4064=VERTEX_POINT('',#4062);
#4065=CARTESIAN_POINT('',(-2.415E0,4.52E0,1.145E0));
#4066=VERTEX_POINT('',#4065);
#4067=CARTESIAN_POINT('',(-2.215E0,4.02E0,9.45E-1));
#4068=VERTEX_POINT('',#4067);
#4069=CARTESIAN_POINT('',(-2.665E0,4.52E0,1.145E0));
#4070=VERTEX_POINT('',#4069);
#4071=CARTESIAN_POINT('',(-2.865E0,4.02E0,9.45E-1));
#4072=VERTEX_POINT('',#4071);
#4073=CARTESIAN_POINT('',(-4.755E0,-5.413E0,7.275E0));
#4074=CARTESIAN_POINT('',(-4.755E0,-4.763E0,7.275E0));
#4075=VERTEX_POINT('',#4073);
#4076=VERTEX_POINT('',#4074);
#4077=CARTESIAN_POINT('',(-4.955E0,-5.213E0,7.775E0));
#4078=CARTESIAN_POINT('',(-4.955E0,-4.963E0,7.775E0));
#4079=VERTEX_POINT('',#4077);
#4080=VERTEX_POINT('',#4078);
#4081=CARTESIAN_POINT('',(-5.405E0,-4.763E0,7.275E0));
#4082=VERTEX_POINT('',#4081);
#4083=CARTESIAN_POINT('',(-5.205E0,-4.963E0,7.775E0));
#4084=VERTEX_POINT('',#4083);
#4085=CARTESIAN_POINT('',(-5.205E0,-5.213E0,7.775E0));
#4086=VERTEX_POINT('',#4085);
#4087=CARTESIAN_POINT('',(-5.405E0,-5.413E0,7.275E0));
#4088=VERTEX_POINT('',#4087);
#4089=CARTESIAN_POINT('',(-5.405E0,4.02E0,1.595E0));
#4090=CARTESIAN_POINT('',(-4.755E0,4.02E0,1.595E0));
#4091=VERTEX_POINT('',#4089);
#4092=VERTEX_POINT('',#4090);
#4093=CARTESIAN_POINT('',(-5.205E0,4.52E0,1.395E0));
#4094=CARTESIAN_POINT('',(-4.955E0,4.52E0,1.395E0));
#4095=VERTEX_POINT('',#4093);
#4096=VERTEX_POINT('',#4094);
#4097=CARTESIAN_POINT('',(-4.955E0,4.52E0,1.145E0));
#4098=VERTEX_POINT('',#4097);
#4099=CARTESIAN_POINT('',(-4.755E0,4.02E0,9.45E-1));
#4100=VERTEX_POINT('',#4099);
#4101=CARTESIAN_POINT('',(-5.205E0,4.52E0,1.145E0));
#4102=VERTEX_POINT('',#4101);
#4103=CARTESIAN_POINT('',(-5.405E0,4.02E0,9.45E-1));
#4104=VERTEX_POINT('',#4103);
#4105=CARTESIAN_POINT('',(-7.295E0,-5.413E0,7.275E0));
#4106=CARTESIAN_POINT('',(-7.295E0,-4.763E0,7.275E0));
#4107=VERTEX_POINT('',#4105);
#4108=VERTEX_POINT('',#4106);
#4109=CARTESIAN_POINT('',(-7.495E0,-5.213E0,7.775E0));
#4110=CARTESIAN_POINT('',(-7.495E0,-4.963E0,7.775E0));
#4111=VERTEX_POINT('',#4109);
#4112=VERTEX_POINT('',#4110);
#4113=CARTESIAN_POINT('',(-7.945E0,-4.763E0,7.275E0));
#4114=VERTEX_POINT('',#4113);
#4115=CARTESIAN_POINT('',(-7.745E0,-4.963E0,7.775E0));
#4116=VERTEX_POINT('',#4115);
#4117=CARTESIAN_POINT('',(-7.745E0,-5.213E0,7.775E0));
#4118=VERTEX_POINT('',#4117);
#4119=CARTESIAN_POINT('',(-7.945E0,-5.413E0,7.275E0));
#4120=VERTEX_POINT('',#4119);
#4121=CARTESIAN_POINT('',(-7.945E0,4.02E0,1.595E0));
#4122=CARTESIAN_POINT('',(-7.295E0,4.02E0,1.595E0));
#4123=VERTEX_POINT('',#4121);
#4124=VERTEX_POINT('',#4122);
#4125=CARTESIAN_POINT('',(-7.745E0,4.52E0,1.395E0));
#4126=CARTESIAN_POINT('',(-7.495E0,4.52E0,1.395E0));
#4127=VERTEX_POINT('',#4125);
#4128=VERTEX_POINT('',#4126);
#4129=CARTESIAN_POINT('',(-7.495E0,4.52E0,1.145E0));
#4130=VERTEX_POINT('',#4129);
#4131=CARTESIAN_POINT('',(-7.295E0,4.02E0,9.45E-1));
#4132=VERTEX_POINT('',#4131);
#4133=CARTESIAN_POINT('',(-7.745E0,4.52E0,1.145E0));
#4134=VERTEX_POINT('',#4133);
#4135=CARTESIAN_POINT('',(-7.945E0,4.02E0,9.45E-1));
#4136=VERTEX_POINT('',#4135);
#4137=CARTESIAN_POINT('',(5.405E0,-7.12E0,-9.45E-1));
#4138=CARTESIAN_POINT('',(4.755E0,-7.12E0,-9.45E-1));
#4139=VERTEX_POINT('',#4137);
#4140=VERTEX_POINT('',#4138);
#4141=CARTESIAN_POINT('',(4.755E0,-7.12E0,-1.595E0));
#4142=CARTESIAN_POINT('',(5.405E0,-7.12E0,-1.595E0));
#4143=VERTEX_POINT('',#4141);
#4144=VERTEX_POINT('',#4142);
#4145=CARTESIAN_POINT('',(5.405E0,-7.303E0,-7.62E-1));
#4146=CARTESIAN_POINT('',(4.755E0,-7.303E0,-7.62E-1));
#4147=VERTEX_POINT('',#4145);
#4148=VERTEX_POINT('',#4146);
#4149=CARTESIAN_POINT('',(4.755E0,-7.953E0,-7.62E-1));
#4150=CARTESIAN_POINT('',(5.405E0,-7.953E0,-7.62E-1));
#4151=VERTEX_POINT('',#4149);
#4152=VERTEX_POINT('',#4150);
#4153=CARTESIAN_POINT('',(5.405E0,-4.6E0,-9.45E-1));
#4154=CARTESIAN_POINT('',(4.755E0,-4.6E0,-9.45E-1));
#4155=VERTEX_POINT('',#4153);
#4156=VERTEX_POINT('',#4154);
#4157=CARTESIAN_POINT('',(4.755E0,-4.6E0,-1.595E0));
#4158=VERTEX_POINT('',#4157);
#4159=CARTESIAN_POINT('',(5.405E0,-4.6E0,-1.595E0));
#4160=VERTEX_POINT('',#4159);
#4161=CARTESIAN_POINT('',(5.405E0,-2.23E0,-9.45E-1));
#4162=CARTESIAN_POINT('',(4.755E0,-2.23E0,-9.45E-1));
#4163=VERTEX_POINT('',#4161);
#4164=VERTEX_POINT('',#4162);
#4165=CARTESIAN_POINT('',(4.755E0,-2.23E0,-1.595E0));
#4166=VERTEX_POINT('',#4165);
#4167=CARTESIAN_POINT('',(5.405E0,-2.23E0,-1.595E0));
#4168=VERTEX_POINT('',#4167);
#4169=CARTESIAN_POINT('',(2.865E0,-7.12E0,-9.45E-1));
#4170=CARTESIAN_POINT('',(2.215E0,-7.12E0,-9.45E-1));
#4171=VERTEX_POINT('',#4169);
#4172=VERTEX_POINT('',#4170);
#4173=CARTESIAN_POINT('',(2.215E0,-7.12E0,-1.595E0));
#4174=CARTESIAN_POINT('',(2.865E0,-7.12E0,-1.595E0));
#4175=VERTEX_POINT('',#4173);
#4176=VERTEX_POINT('',#4174);
#4177=CARTESIAN_POINT('',(2.865E0,-7.303E0,-7.62E-1));
#4178=CARTESIAN_POINT('',(2.215E0,-7.303E0,-7.62E-1));
#4179=VERTEX_POINT('',#4177);
#4180=VERTEX_POINT('',#4178);
#4181=CARTESIAN_POINT('',(2.215E0,-7.953E0,-7.62E-1));
#4182=CARTESIAN_POINT('',(2.865E0,-7.953E0,-7.62E-1));
#4183=VERTEX_POINT('',#4181);
#4184=VERTEX_POINT('',#4182);
#4185=CARTESIAN_POINT('',(2.865E0,-4.6E0,-9.45E-1));
#4186=CARTESIAN_POINT('',(2.215E0,-4.6E0,-9.45E-1));
#4187=VERTEX_POINT('',#4185);
#4188=VERTEX_POINT('',#4186);
#4189=CARTESIAN_POINT('',(2.215E0,-4.6E0,-1.595E0));
#4190=VERTEX_POINT('',#4189);
#4191=CARTESIAN_POINT('',(2.865E0,-4.6E0,-1.595E0));
#4192=VERTEX_POINT('',#4191);
#4193=CARTESIAN_POINT('',(2.865E0,-2.23E0,-9.45E-1));
#4194=CARTESIAN_POINT('',(2.215E0,-2.23E0,-9.45E-1));
#4195=VERTEX_POINT('',#4193);
#4196=VERTEX_POINT('',#4194);
#4197=CARTESIAN_POINT('',(2.215E0,-2.23E0,-1.595E0));
#4198=VERTEX_POINT('',#4197);
#4199=CARTESIAN_POINT('',(2.865E0,-2.23E0,-1.595E0));
#4200=VERTEX_POINT('',#4199);
#4201=CARTESIAN_POINT('',(3.25E-1,-7.12E0,-9.45E-1));
#4202=CARTESIAN_POINT('',(-3.25E-1,-7.12E0,-9.45E-1));
#4203=VERTEX_POINT('',#4201);
#4204=VERTEX_POINT('',#4202);
#4205=CARTESIAN_POINT('',(-3.25E-1,-7.12E0,-1.595E0));
#4206=CARTESIAN_POINT('',(3.25E-1,-7.12E0,-1.595E0));
#4207=VERTEX_POINT('',#4205);
#4208=VERTEX_POINT('',#4206);
#4209=CARTESIAN_POINT('',(3.25E-1,-7.303E0,-7.62E-1));
#4210=CARTESIAN_POINT('',(-3.25E-1,-7.303E0,-7.62E-1));
#4211=VERTEX_POINT('',#4209);
#4212=VERTEX_POINT('',#4210);
#4213=CARTESIAN_POINT('',(-3.25E-1,-7.953E0,-7.62E-1));
#4214=CARTESIAN_POINT('',(3.25E-1,-7.953E0,-7.62E-1));
#4215=VERTEX_POINT('',#4213);
#4216=VERTEX_POINT('',#4214);
#4217=CARTESIAN_POINT('',(3.25E-1,-4.6E0,-9.45E-1));
#4218=CARTESIAN_POINT('',(-3.25E-1,-4.6E0,-9.45E-1));
#4219=VERTEX_POINT('',#4217);
#4220=VERTEX_POINT('',#4218);
#4221=CARTESIAN_POINT('',(-3.25E-1,-4.6E0,-1.595E0));
#4222=VERTEX_POINT('',#4221);
#4223=CARTESIAN_POINT('',(3.25E-1,-4.6E0,-1.595E0));
#4224=VERTEX_POINT('',#4223);
#4225=CARTESIAN_POINT('',(3.25E-1,-2.23E0,-9.45E-1));
#4226=CARTESIAN_POINT('',(-3.25E-1,-2.23E0,-9.45E-1));
#4227=VERTEX_POINT('',#4225);
#4228=VERTEX_POINT('',#4226);
#4229=CARTESIAN_POINT('',(-3.25E-1,-2.23E0,-1.595E0));
#4230=VERTEX_POINT('',#4229);
#4231=CARTESIAN_POINT('',(3.25E-1,-2.23E0,-1.595E0));
#4232=VERTEX_POINT('',#4231);
#4233=CARTESIAN_POINT('',(-2.215E0,-7.12E0,-9.45E-1));
#4234=CARTESIAN_POINT('',(-2.865E0,-7.12E0,-9.45E-1));
#4235=VERTEX_POINT('',#4233);
#4236=VERTEX_POINT('',#4234);
#4237=CARTESIAN_POINT('',(-2.865E0,-7.12E0,-1.595E0));
#4238=CARTESIAN_POINT('',(-2.215E0,-7.12E0,-1.595E0));
#4239=VERTEX_POINT('',#4237);
#4240=VERTEX_POINT('',#4238);
#4241=CARTESIAN_POINT('',(-2.215E0,-7.303E0,-7.62E-1));
#4242=CARTESIAN_POINT('',(-2.865E0,-7.303E0,-7.62E-1));
#4243=VERTEX_POINT('',#4241);
#4244=VERTEX_POINT('',#4242);
#4245=CARTESIAN_POINT('',(-2.865E0,-7.953E0,-7.62E-1));
#4246=CARTESIAN_POINT('',(-2.215E0,-7.953E0,-7.62E-1));
#4247=VERTEX_POINT('',#4245);
#4248=VERTEX_POINT('',#4246);
#4249=CARTESIAN_POINT('',(-2.215E0,-4.6E0,-9.45E-1));
#4250=CARTESIAN_POINT('',(-2.865E0,-4.6E0,-9.45E-1));
#4251=VERTEX_POINT('',#4249);
#4252=VERTEX_POINT('',#4250);
#4253=CARTESIAN_POINT('',(-2.865E0,-4.6E0,-1.595E0));
#4254=VERTEX_POINT('',#4253);
#4255=CARTESIAN_POINT('',(-2.215E0,-4.6E0,-1.595E0));
#4256=VERTEX_POINT('',#4255);
#4257=CARTESIAN_POINT('',(-2.215E0,-2.23E0,-9.45E-1));
#4258=CARTESIAN_POINT('',(-2.865E0,-2.23E0,-9.45E-1));
#4259=VERTEX_POINT('',#4257);
#4260=VERTEX_POINT('',#4258);
#4261=CARTESIAN_POINT('',(-2.865E0,-2.23E0,-1.595E0));
#4262=VERTEX_POINT('',#4261);
#4263=CARTESIAN_POINT('',(-2.215E0,-2.23E0,-1.595E0));
#4264=VERTEX_POINT('',#4263);
#4265=CARTESIAN_POINT('',(-4.755E0,-7.12E0,-9.45E-1));
#4266=CARTESIAN_POINT('',(-5.405E0,-7.12E0,-9.45E-1));
#4267=VERTEX_POINT('',#4265);
#4268=VERTEX_POINT('',#4266);
#4269=CARTESIAN_POINT('',(-5.405E0,-7.12E0,-1.595E0));
#4270=CARTESIAN_POINT('',(-4.755E0,-7.12E0,-1.595E0));
#4271=VERTEX_POINT('',#4269);
#4272=VERTEX_POINT('',#4270);
#4273=CARTESIAN_POINT('',(-4.755E0,-7.303E0,-7.62E-1));
#4274=CARTESIAN_POINT('',(-5.405E0,-7.303E0,-7.62E-1));
#4275=VERTEX_POINT('',#4273);
#4276=VERTEX_POINT('',#4274);
#4277=CARTESIAN_POINT('',(-5.405E0,-7.953E0,-7.62E-1));
#4278=CARTESIAN_POINT('',(-4.755E0,-7.953E0,-7.62E-1));
#4279=VERTEX_POINT('',#4277);
#4280=VERTEX_POINT('',#4278);
#4281=CARTESIAN_POINT('',(-4.755E0,-4.6E0,-9.45E-1));
#4282=CARTESIAN_POINT('',(-5.405E0,-4.6E0,-9.45E-1));
#4283=VERTEX_POINT('',#4281);
#4284=VERTEX_POINT('',#4282);
#4285=CARTESIAN_POINT('',(-5.405E0,-4.6E0,-1.595E0));
#4286=VERTEX_POINT('',#4285);
#4287=CARTESIAN_POINT('',(-4.755E0,-4.6E0,-1.595E0));
#4288=VERTEX_POINT('',#4287);
#4289=CARTESIAN_POINT('',(-4.755E0,-2.23E0,-9.45E-1));
#4290=CARTESIAN_POINT('',(-5.405E0,-2.23E0,-9.45E-1));
#4291=VERTEX_POINT('',#4289);
#4292=VERTEX_POINT('',#4290);
#4293=CARTESIAN_POINT('',(-5.405E0,-2.23E0,-1.595E0));
#4294=VERTEX_POINT('',#4293);
#4295=CARTESIAN_POINT('',(-4.755E0,-2.23E0,-1.595E0));
#4296=VERTEX_POINT('',#4295);
#4297=CARTESIAN_POINT('',(-7.295E0,-7.12E0,-9.45E-1));
#4298=CARTESIAN_POINT('',(-7.945E0,-7.12E0,-9.45E-1));
#4299=VERTEX_POINT('',#4297);
#4300=VERTEX_POINT('',#4298);
#4301=CARTESIAN_POINT('',(-7.945E0,-7.12E0,-1.595E0));
#4302=CARTESIAN_POINT('',(-7.295E0,-7.12E0,-1.595E0));
#4303=VERTEX_POINT('',#4301);
#4304=VERTEX_POINT('',#4302);
#4305=CARTESIAN_POINT('',(-7.295E0,-7.303E0,-7.62E-1));
#4306=CARTESIAN_POINT('',(-7.945E0,-7.303E0,-7.62E-1));
#4307=VERTEX_POINT('',#4305);
#4308=VERTEX_POINT('',#4306);
#4309=CARTESIAN_POINT('',(-7.945E0,-7.953E0,-7.62E-1));
#4310=CARTESIAN_POINT('',(-7.295E0,-7.953E0,-7.62E-1));
#4311=VERTEX_POINT('',#4309);
#4312=VERTEX_POINT('',#4310);
#4313=CARTESIAN_POINT('',(-7.295E0,-4.6E0,-9.45E-1));
#4314=CARTESIAN_POINT('',(-7.945E0,-4.6E0,-9.45E-1));
#4315=VERTEX_POINT('',#4313);
#4316=VERTEX_POINT('',#4314);
#4317=CARTESIAN_POINT('',(-7.945E0,-4.6E0,-1.595E0));
#4318=VERTEX_POINT('',#4317);
#4319=CARTESIAN_POINT('',(-7.295E0,-4.6E0,-1.595E0));
#4320=VERTEX_POINT('',#4319);
#4321=CARTESIAN_POINT('',(-7.295E0,-2.23E0,-9.45E-1));
#4322=CARTESIAN_POINT('',(-7.945E0,-2.23E0,-9.45E-1));
#4323=VERTEX_POINT('',#4321);
#4324=VERTEX_POINT('',#4322);
#4325=CARTESIAN_POINT('',(-7.945E0,-2.23E0,-1.595E0));
#4326=VERTEX_POINT('',#4325);
#4327=CARTESIAN_POINT('',(-7.295E0,-2.23E0,-1.595E0));
#4328=VERTEX_POINT('',#4327);
#4329=CARTESIAN_POINT('',(5.405E0,-7.953E0,7.275E0));
#4330=CARTESIAN_POINT('',(5.405E0,-7.303E0,7.275E0));
#4331=VERTEX_POINT('',#4329);
#4332=VERTEX_POINT('',#4330);
#4333=CARTESIAN_POINT('',(5.205E0,-7.753E0,7.775E0));
#4334=CARTESIAN_POINT('',(5.205E0,-7.503E0,7.775E0));
#4335=VERTEX_POINT('',#4333);
#4336=VERTEX_POINT('',#4334);
#4337=CARTESIAN_POINT('',(4.755E0,-7.303E0,7.275E0));
#4338=VERTEX_POINT('',#4337);
#4339=CARTESIAN_POINT('',(4.955E0,-7.503E0,7.775E0));
#4340=VERTEX_POINT('',#4339);
#4341=CARTESIAN_POINT('',(4.955E0,-7.753E0,7.775E0));
#4342=VERTEX_POINT('',#4341);
#4343=CARTESIAN_POINT('',(4.755E0,-7.953E0,7.275E0));
#4344=VERTEX_POINT('',#4343);
#4345=CARTESIAN_POINT('',(4.755E0,4.02E0,-9.45E-1));
#4346=CARTESIAN_POINT('',(5.405E0,4.02E0,-9.45E-1));
#4347=VERTEX_POINT('',#4345);
#4348=VERTEX_POINT('',#4346);
#4349=CARTESIAN_POINT('',(4.955E0,4.52E0,-1.145E0));
#4350=CARTESIAN_POINT('',(5.205E0,4.52E0,-1.145E0));
#4351=VERTEX_POINT('',#4349);
#4352=VERTEX_POINT('',#4350);
#4353=CARTESIAN_POINT('',(5.205E0,4.52E0,-1.395E0));
#4354=VERTEX_POINT('',#4353);
#4355=CARTESIAN_POINT('',(5.405E0,4.02E0,-1.595E0));
#4356=VERTEX_POINT('',#4355);
#4357=CARTESIAN_POINT('',(4.955E0,4.52E0,-1.395E0));
#4358=VERTEX_POINT('',#4357);
#4359=CARTESIAN_POINT('',(4.755E0,4.02E0,-1.595E0));
#4360=VERTEX_POINT('',#4359);
#4361=CARTESIAN_POINT('',(2.865E0,-7.953E0,7.275E0));
#4362=CARTESIAN_POINT('',(2.865E0,-7.303E0,7.275E0));
#4363=VERTEX_POINT('',#4361);
#4364=VERTEX_POINT('',#4362);
#4365=CARTESIAN_POINT('',(2.665E0,-7.753E0,7.775E0));
#4366=CARTESIAN_POINT('',(2.665E0,-7.503E0,7.775E0));
#4367=VERTEX_POINT('',#4365);
#4368=VERTEX_POINT('',#4366);
#4369=CARTESIAN_POINT('',(2.215E0,-7.303E0,7.275E0));
#4370=VERTEX_POINT('',#4369);
#4371=CARTESIAN_POINT('',(2.415E0,-7.503E0,7.775E0));
#4372=VERTEX_POINT('',#4371);
#4373=CARTESIAN_POINT('',(2.415E0,-7.753E0,7.775E0));
#4374=VERTEX_POINT('',#4373);
#4375=CARTESIAN_POINT('',(2.215E0,-7.953E0,7.275E0));
#4376=VERTEX_POINT('',#4375);
#4377=CARTESIAN_POINT('',(2.215E0,4.02E0,-9.45E-1));
#4378=CARTESIAN_POINT('',(2.865E0,4.02E0,-9.45E-1));
#4379=VERTEX_POINT('',#4377);
#4380=VERTEX_POINT('',#4378);
#4381=CARTESIAN_POINT('',(2.415E0,4.52E0,-1.145E0));
#4382=CARTESIAN_POINT('',(2.665E0,4.52E0,-1.145E0));
#4383=VERTEX_POINT('',#4381);
#4384=VERTEX_POINT('',#4382);
#4385=CARTESIAN_POINT('',(2.665E0,4.52E0,-1.395E0));
#4386=VERTEX_POINT('',#4385);
#4387=CARTESIAN_POINT('',(2.865E0,4.02E0,-1.595E0));
#4388=VERTEX_POINT('',#4387);
#4389=CARTESIAN_POINT('',(2.415E0,4.52E0,-1.395E0));
#4390=VERTEX_POINT('',#4389);
#4391=CARTESIAN_POINT('',(2.215E0,4.02E0,-1.595E0));
#4392=VERTEX_POINT('',#4391);
#4393=CARTESIAN_POINT('',(3.25E-1,-7.953E0,7.275E0));
#4394=CARTESIAN_POINT('',(3.25E-1,-7.303E0,7.275E0));
#4395=VERTEX_POINT('',#4393);
#4396=VERTEX_POINT('',#4394);
#4397=CARTESIAN_POINT('',(1.25E-1,-7.753E0,7.775E0));
#4398=CARTESIAN_POINT('',(1.25E-1,-7.503E0,7.775E0));
#4399=VERTEX_POINT('',#4397);
#4400=VERTEX_POINT('',#4398);
#4401=CARTESIAN_POINT('',(-3.25E-1,-7.303E0,7.275E0));
#4402=VERTEX_POINT('',#4401);
#4403=CARTESIAN_POINT('',(-1.25E-1,-7.503E0,7.775E0));
#4404=VERTEX_POINT('',#4403);
#4405=CARTESIAN_POINT('',(-1.25E-1,-7.753E0,7.775E0));
#4406=VERTEX_POINT('',#4405);
#4407=CARTESIAN_POINT('',(-3.25E-1,-7.953E0,7.275E0));
#4408=VERTEX_POINT('',#4407);
#4409=CARTESIAN_POINT('',(-3.25E-1,4.02E0,-9.45E-1));
#4410=CARTESIAN_POINT('',(3.25E-1,4.02E0,-9.45E-1));
#4411=VERTEX_POINT('',#4409);
#4412=VERTEX_POINT('',#4410);
#4413=CARTESIAN_POINT('',(-1.25E-1,4.52E0,-1.145E0));
#4414=CARTESIAN_POINT('',(1.25E-1,4.52E0,-1.145E0));
#4415=VERTEX_POINT('',#4413);
#4416=VERTEX_POINT('',#4414);
#4417=CARTESIAN_POINT('',(1.25E-1,4.52E0,-1.395E0));
#4418=VERTEX_POINT('',#4417);
#4419=CARTESIAN_POINT('',(3.25E-1,4.02E0,-1.595E0));
#4420=VERTEX_POINT('',#4419);
#4421=CARTESIAN_POINT('',(-1.25E-1,4.52E0,-1.395E0));
#4422=VERTEX_POINT('',#4421);
#4423=CARTESIAN_POINT('',(-3.25E-1,4.02E0,-1.595E0));
#4424=VERTEX_POINT('',#4423);
#4425=CARTESIAN_POINT('',(-2.215E0,-7.953E0,7.275E0));
#4426=CARTESIAN_POINT('',(-2.215E0,-7.303E0,7.275E0));
#4427=VERTEX_POINT('',#4425);
#4428=VERTEX_POINT('',#4426);
#4429=CARTESIAN_POINT('',(-2.415E0,-7.753E0,7.775E0));
#4430=CARTESIAN_POINT('',(-2.415E0,-7.503E0,7.775E0));
#4431=VERTEX_POINT('',#4429);
#4432=VERTEX_POINT('',#4430);
#4433=CARTESIAN_POINT('',(-2.865E0,-7.303E0,7.275E0));
#4434=VERTEX_POINT('',#4433);
#4435=CARTESIAN_POINT('',(-2.665E0,-7.503E0,7.775E0));
#4436=VERTEX_POINT('',#4435);
#4437=CARTESIAN_POINT('',(-2.665E0,-7.753E0,7.775E0));
#4438=VERTEX_POINT('',#4437);
#4439=CARTESIAN_POINT('',(-2.865E0,-7.953E0,7.275E0));
#4440=VERTEX_POINT('',#4439);
#4441=CARTESIAN_POINT('',(-2.865E0,4.02E0,-9.45E-1));
#4442=CARTESIAN_POINT('',(-2.215E0,4.02E0,-9.45E-1));
#4443=VERTEX_POINT('',#4441);
#4444=VERTEX_POINT('',#4442);
#4445=CARTESIAN_POINT('',(-2.665E0,4.52E0,-1.145E0));
#4446=CARTESIAN_POINT('',(-2.415E0,4.52E0,-1.145E0));
#4447=VERTEX_POINT('',#4445);
#4448=VERTEX_POINT('',#4446);
#4449=CARTESIAN_POINT('',(-2.415E0,4.52E0,-1.395E0));
#4450=VERTEX_POINT('',#4449);
#4451=CARTESIAN_POINT('',(-2.215E0,4.02E0,-1.595E0));
#4452=VERTEX_POINT('',#4451);
#4453=CARTESIAN_POINT('',(-2.665E0,4.52E0,-1.395E0));
#4454=VERTEX_POINT('',#4453);
#4455=CARTESIAN_POINT('',(-2.865E0,4.02E0,-1.595E0));
#4456=VERTEX_POINT('',#4455);
#4457=CARTESIAN_POINT('',(-4.755E0,-7.953E0,7.275E0));
#4458=CARTESIAN_POINT('',(-4.755E0,-7.303E0,7.275E0));
#4459=VERTEX_POINT('',#4457);
#4460=VERTEX_POINT('',#4458);
#4461=CARTESIAN_POINT('',(-4.955E0,-7.753E0,7.775E0));
#4462=CARTESIAN_POINT('',(-4.955E0,-7.503E0,7.775E0));
#4463=VERTEX_POINT('',#4461);
#4464=VERTEX_POINT('',#4462);
#4465=CARTESIAN_POINT('',(-5.405E0,-7.303E0,7.275E0));
#4466=VERTEX_POINT('',#4465);
#4467=CARTESIAN_POINT('',(-5.205E0,-7.503E0,7.775E0));
#4468=VERTEX_POINT('',#4467);
#4469=CARTESIAN_POINT('',(-5.205E0,-7.753E0,7.775E0));
#4470=VERTEX_POINT('',#4469);
#4471=CARTESIAN_POINT('',(-5.405E0,-7.953E0,7.275E0));
#4472=VERTEX_POINT('',#4471);
#4473=CARTESIAN_POINT('',(-5.405E0,4.02E0,-9.45E-1));
#4474=CARTESIAN_POINT('',(-4.755E0,4.02E0,-9.45E-1));
#4475=VERTEX_POINT('',#4473);
#4476=VERTEX_POINT('',#4474);
#4477=CARTESIAN_POINT('',(-5.205E0,4.52E0,-1.145E0));
#4478=CARTESIAN_POINT('',(-4.955E0,4.52E0,-1.145E0));
#4479=VERTEX_POINT('',#4477);
#4480=VERTEX_POINT('',#4478);
#4481=CARTESIAN_POINT('',(-4.955E0,4.52E0,-1.395E0));
#4482=VERTEX_POINT('',#4481);
#4483=CARTESIAN_POINT('',(-4.755E0,4.02E0,-1.595E0));
#4484=VERTEX_POINT('',#4483);
#4485=CARTESIAN_POINT('',(-5.205E0,4.52E0,-1.395E0));
#4486=VERTEX_POINT('',#4485);
#4487=CARTESIAN_POINT('',(-5.405E0,4.02E0,-1.595E0));
#4488=VERTEX_POINT('',#4487);
#4489=CARTESIAN_POINT('',(-7.295E0,-7.953E0,7.275E0));
#4490=CARTESIAN_POINT('',(-7.295E0,-7.303E0,7.275E0));
#4491=VERTEX_POINT('',#4489);
#4492=VERTEX_POINT('',#4490);
#4493=CARTESIAN_POINT('',(-7.495E0,-7.753E0,7.775E0));
#4494=CARTESIAN_POINT('',(-7.495E0,-7.503E0,7.775E0));
#4495=VERTEX_POINT('',#4493);
#4496=VERTEX_POINT('',#4494);
#4497=CARTESIAN_POINT('',(-7.945E0,-7.303E0,7.275E0));
#4498=VERTEX_POINT('',#4497);
#4499=CARTESIAN_POINT('',(-7.745E0,-7.503E0,7.775E0));
#4500=VERTEX_POINT('',#4499);
#4501=CARTESIAN_POINT('',(-7.745E0,-7.753E0,7.775E0));
#4502=VERTEX_POINT('',#4501);
#4503=CARTESIAN_POINT('',(-7.945E0,-7.953E0,7.275E0));
#4504=VERTEX_POINT('',#4503);
#4505=CARTESIAN_POINT('',(-7.945E0,4.02E0,-9.45E-1));
#4506=CARTESIAN_POINT('',(-7.295E0,4.02E0,-9.45E-1));
#4507=VERTEX_POINT('',#4505);
#4508=VERTEX_POINT('',#4506);
#4509=CARTESIAN_POINT('',(-7.745E0,4.52E0,-1.145E0));
#4510=CARTESIAN_POINT('',(-7.495E0,4.52E0,-1.145E0));
#4511=VERTEX_POINT('',#4509);
#4512=VERTEX_POINT('',#4510);
#4513=CARTESIAN_POINT('',(-7.495E0,4.52E0,-1.395E0));
#4514=VERTEX_POINT('',#4513);
#4515=CARTESIAN_POINT('',(-7.295E0,4.02E0,-1.595E0));
#4516=VERTEX_POINT('',#4515);
#4517=CARTESIAN_POINT('',(-7.745E0,4.52E0,-1.395E0));
#4518=VERTEX_POINT('',#4517);
#4519=CARTESIAN_POINT('',(-7.945E0,4.02E0,-1.595E0));
#4520=VERTEX_POINT('',#4519);
#4521=CARTESIAN_POINT('',(0.E0,0.E0,-4.875E0));
#4522=DIRECTION('',(0.E0,0.E0,1.E0));
#4523=DIRECTION('',(1.E0,0.E0,0.E0));
#4524=AXIS2_PLACEMENT_3D('',#4521,#4522,#4523);
#4525=PLANE('',#4524);
#4527=ORIENTED_EDGE('',*,*,#4526,.T.);
#4529=ORIENTED_EDGE('',*,*,#4528,.T.);
#4531=ORIENTED_EDGE('',*,*,#4530,.T.);
#4533=ORIENTED_EDGE('',*,*,#4532,.F.);
#4534=EDGE_LOOP('',(#4527,#4529,#4531,#4533));
#4535=FACE_OUTER_BOUND('',#4534,.F.);
#4536=ADVANCED_FACE('',(#4535),#4525,.F.);
#4537=CARTESIAN_POINT('',(1.006E1,2.47E0,-4.875E0));
#4538=DIRECTION('',(0.E0,1.E0,0.E0));
#4539=DIRECTION('',(0.E0,0.E0,1.E0));
#4540=AXIS2_PLACEMENT_3D('',#4537,#4538,#4539);
#4541=PLANE('',#4540);
#4542=ORIENTED_EDGE('',*,*,#4526,.F.);
#4544=ORIENTED_EDGE('',*,*,#4543,.F.);
#4546=ORIENTED_EDGE('',*,*,#4545,.F.);
#4548=ORIENTED_EDGE('',*,*,#4547,.F.);
#4550=ORIENTED_EDGE('',*,*,#4549,.F.);
#4552=ORIENTED_EDGE('',*,*,#4551,.T.);
#4554=ORIENTED_EDGE('',*,*,#4553,.F.);
#4556=ORIENTED_EDGE('',*,*,#4555,.F.);
#4557=EDGE_LOOP('',(#4542,#4544,#4546,#4548,#4550,#4552,#4554,#4556));
#4558=FACE_OUTER_BOUND('',#4557,.F.);
#4559=ADVANCED_FACE('',(#4558),#4541,.F.);
#4560=CARTESIAN_POINT('',(-3.032660624134E0,5.45E0,-4.1E0));
#4561=DIRECTION('',(9.659258262891E-1,0.E0,2.588190451025E-1));
#4562=DIRECTION('',(2.588190451025E-1,0.E0,-9.659258262891E-1));
#4563=AXIS2_PLACEMENT_3D('',#4560,#4561,#4562);
#4564=PLANE('',#4563);
#4565=ORIENTED_EDGE('',*,*,#4543,.T.);
#4566=ORIENTED_EDGE('',*,*,#4532,.T.);
#4568=ORIENTED_EDGE('',*,*,#4567,.F.);
#4570=ORIENTED_EDGE('',*,*,#4569,.T.);
#4571=EDGE_LOOP('',(#4565,#4566,#4568,#4570));
#4572=FACE_OUTER_BOUND('',#4571,.F.);
#4573=ADVANCED_FACE('',(#4572),#4564,.F.);
#4574=CARTESIAN_POINT('',(1.006E1,5.45E0,-4.875E0));
#4575=DIRECTION('',(0.E0,1.E0,0.E0));
#4576=DIRECTION('',(-1.E0,0.E0,0.E0));
#4577=AXIS2_PLACEMENT_3D('',#4574,#4575,#4576);
#4578=PLANE('',#4577);
#4580=ORIENTED_EDGE('',*,*,#4579,.T.);
#4581=ORIENTED_EDGE('',*,*,#4567,.T.);
#4582=ORIENTED_EDGE('',*,*,#4530,.F.);
#4584=ORIENTED_EDGE('',*,*,#4583,.T.);
#4586=ORIENTED_EDGE('',*,*,#4585,.F.);
#4588=ORIENTED_EDGE('',*,*,#4587,.T.);
#4590=ORIENTED_EDGE('',*,*,#4589,.T.);
#4592=ORIENTED_EDGE('',*,*,#4591,.T.);
#4594=ORIENTED_EDGE('',*,*,#4593,.T.);
#4596=ORIENTED_EDGE('',*,*,#4595,.T.);
#4598=ORIENTED_EDGE('',*,*,#4597,.F.);
#4600=ORIENTED_EDGE('',*,*,#4599,.F.);
#4602=ORIENTED_EDGE('',*,*,#4601,.F.);
#4604=ORIENTED_EDGE('',*,*,#4603,.F.);
#4606=ORIENTED_EDGE('',*,*,#4605,.F.);
#4608=ORIENTED_EDGE('',*,*,#4607,.T.);
#4610=ORIENTED_EDGE('',*,*,#4609,.T.);
#4612=ORIENTED_EDGE('',*,*,#4611,.F.);
#4614=ORIENTED_EDGE('',*,*,#4613,.T.);
#4616=ORIENTED_EDGE('',*,*,#4615,.F.);
#4617=EDGE_LOOP('',(#4580,#4581,#4582,#4584,#4586,#4588,#4590,#4592,#4594,#4596,
#4598,#4600,#4602,#4604,#4606,#4608,#4610,#4612,#4614,#4616));
#4618=FACE_OUTER_BOUND('',#4617,.F.);
#4620=ORIENTED_EDGE('',*,*,#4619,.T.);
#4622=ORIENTED_EDGE('',*,*,#4621,.T.);
#4624=ORIENTED_EDGE('',*,*,#4623,.T.);
#4626=ORIENTED_EDGE('',*,*,#4625,.T.);
#4628=ORIENTED_EDGE('',*,*,#4627,.T.);
#4630=ORIENTED_EDGE('',*,*,#4629,.T.);
#4632=ORIENTED_EDGE('',*,*,#4631,.T.);
#4634=ORIENTED_EDGE('',*,*,#4633,.T.);
#4635=EDGE_LOOP('',(#4620,#4622,#4624,#4626,#4628,#4630,#4632,#4634));
#4636=FACE_BOUND('',#4635,.F.);
#4637=ADVANCED_FACE('',(#4618,#4636),#4578,.T.);
#4638=CARTESIAN_POINT('',(-9.14E0,5.45E0,3.475E0));
#4639=DIRECTION('',(0.E0,7.071067811865E-1,-7.071067811865E-1));
#4640=DIRECTION('',(1.E0,0.E0,0.E0));
#4641=AXIS2_PLACEMENT_3D('',#4638,#4639,#4640);
#4642=PLANE('',#4641);
#4643=ORIENTED_EDGE('',*,*,#4619,.F.);
#4645=ORIENTED_EDGE('',*,*,#4644,.T.);
#4647=ORIENTED_EDGE('',*,*,#4646,.T.);
#4649=ORIENTED_EDGE('',*,*,#4648,.F.);
#4650=EDGE_LOOP('',(#4643,#4645,#4647,#4649));
#4651=FACE_OUTER_BOUND('',#4650,.F.);
#4652=ADVANCED_FACE('',(#4651),#4642,.T.);
#4653=CARTESIAN_POINT('',(-9.44E0,5.45E0,-3.175E0));
#4654=DIRECTION('',(7.071067811865E-1,7.071067811865E-1,0.E0));
#4655=DIRECTION('',(0.E0,0.E0,1.E0));
#4656=AXIS2_PLACEMENT_3D('',#4653,#4654,#4655);
#4657=PLANE('',#4656);
#4658=ORIENTED_EDGE('',*,*,#4633,.F.);
#4660=ORIENTED_EDGE('',*,*,#4659,.T.);
#4662=ORIENTED_EDGE('',*,*,#4661,.T.);
#4663=ORIENTED_EDGE('',*,*,#4644,.F.);
#4664=EDGE_LOOP('',(#4658,#4660,#4662,#4663));
#4665=FACE_OUTER_BOUND('',#4664,.F.);
#4666=ADVANCED_FACE('',(#4665),#4657,.T.);
#4667=CARTESIAN_POINT('',(-1.986242064468E0,5.45E0,-3.475E0));
#4668=DIRECTION('',(0.E0,7.071067811865E-1,7.071067811865E-1));
#4669=DIRECTION('',(-1.E0,0.E0,0.E0));
#4670=AXIS2_PLACEMENT_3D('',#4667,#4668,#4669);
#4671=PLANE('',#4670);
#4672=ORIENTED_EDGE('',*,*,#4631,.F.);
#4674=ORIENTED_EDGE('',*,*,#4673,.T.);
#4676=ORIENTED_EDGE('',*,*,#4675,.T.);
#4677=ORIENTED_EDGE('',*,*,#4659,.F.);
#4678=EDGE_LOOP('',(#4672,#4674,#4676,#4677));
#4679=FACE_OUTER_BOUND('',#4678,.F.);
#4680=ADVANCED_FACE('',(#4679),#4671,.T.);
#4681=CARTESIAN_POINT('',(-1.925E0,5.45E0,-4.175E0));
#4682=DIRECTION('',(-9.961946980917E-1,0.E0,-8.715574274766E-2));
#4683=DIRECTION('',(-8.715574274766E-2,0.E0,9.961946980917E-1));
#4684=AXIS2_PLACEMENT_3D('',#4681,#4682,#4683);
#4685=PLANE('',#4684);
#4686=ORIENTED_EDGE('',*,*,#4547,.T.);
#4688=ORIENTED_EDGE('',*,*,#4687,.F.);
#4690=ORIENTED_EDGE('',*,*,#4689,.T.);
#4692=ORIENTED_EDGE('',*,*,#4691,.F.);
#4693=ORIENTED_EDGE('',*,*,#4673,.F.);
#4694=ORIENTED_EDGE('',*,*,#4629,.F.);
#4696=ORIENTED_EDGE('',*,*,#4695,.T.);
#4698=ORIENTED_EDGE('',*,*,#4697,.T.);
#4699=EDGE_LOOP('',(#4686,#4688,#4690,#4692,#4693,#4694,#4696,#4698));
#4700=FACE_OUTER_BOUND('',#4699,.F.);
#4701=ADVANCED_FACE('',(#4700),#4685,.F.);
#4702=CARTESIAN_POINT('',(-1.006E1,5.45E0,-4.1E0));
#4703=DIRECTION('',(0.E0,0.E0,1.E0));
#4704=DIRECTION('',(1.E0,0.E0,0.E0));
#4705=AXIS2_PLACEMENT_3D('',#4702,#4703,#4704);
#4706=PLANE('',#4705);
#4708=ORIENTED_EDGE('',*,*,#4707,.T.);
#4710=ORIENTED_EDGE('',*,*,#4709,.F.);
#4712=ORIENTED_EDGE('',*,*,#4711,.F.);
#4714=ORIENTED_EDGE('',*,*,#4713,.T.);
#4715=ORIENTED_EDGE('',*,*,#4585,.T.);
#4717=ORIENTED_EDGE('',*,*,#4716,.T.);
#4718=ORIENTED_EDGE('',*,*,#4553,.T.);
#4720=ORIENTED_EDGE('',*,*,#4719,.F.);
#4722=ORIENTED_EDGE('',*,*,#4721,.F.);
#4723=ORIENTED_EDGE('',*,*,#4687,.T.);
#4724=ORIENTED_EDGE('',*,*,#4545,.T.);
#4725=ORIENTED_EDGE('',*,*,#4569,.F.);
#4726=ORIENTED_EDGE('',*,*,#4579,.F.);
#4728=ORIENTED_EDGE('',*,*,#4727,.T.);
#4730=ORIENTED_EDGE('',*,*,#4729,.T.);
#4732=ORIENTED_EDGE('',*,*,#4731,.T.);
#4733=EDGE_LOOP('',(#4708,#4710,#4712,#4714,#4715,#4717,#4718,#4720,#4722,#4723,
#4724,#4725,#4726,#4728,#4730,#4732));
#4734=FACE_OUTER_BOUND('',#4733,.F.);
#4735=ADVANCED_FACE('',(#4734),#4706,.F.);
#4736=CARTESIAN_POINT('',(9.16E0,-3.1E0,-4.875E0));
#4737=DIRECTION('',(0.E0,1.E0,0.E0));
#4738=DIRECTION('',(0.E0,0.E0,1.E0));
#4739=AXIS2_PLACEMENT_3D('',#4736,#4737,#4738);
#4740=PLANE('',#4739);
#4741=ORIENTED_EDGE('',*,*,#4707,.F.);
#4743=ORIENTED_EDGE('',*,*,#4742,.T.);
#4745=ORIENTED_EDGE('',*,*,#4744,.F.);
#4747=ORIENTED_EDGE('',*,*,#4746,.F.);
#4748=EDGE_LOOP('',(#4741,#4743,#4745,#4747));
#4749=FACE_OUTER_BOUND('',#4748,.F.);
#4750=ADVANCED_FACE('',(#4749),#4740,.F.);
#4751=CARTESIAN_POINT('',(-9.16E0,5.45E0,4.25E0));
#4752=DIRECTION('',(-1.E0,0.E0,0.E0));
#4753=DIRECTION('',(0.E0,0.E0,1.E0));
#4754=AXIS2_PLACEMENT_3D('',#4751,#4752,#4753);
#4755=PLANE('',#4754);
#4757=ORIENTED_EDGE('',*,*,#4756,.T.);
#4759=ORIENTED_EDGE('',*,*,#4758,.F.);
#4761=ORIENTED_EDGE('',*,*,#4760,.F.);
#4763=ORIENTED_EDGE('',*,*,#4762,.F.);
#4765=ORIENTED_EDGE('',*,*,#4764,.F.);
#4767=ORIENTED_EDGE('',*,*,#4766,.F.);
#4769=ORIENTED_EDGE('',*,*,#4768,.T.);
#4771=ORIENTED_EDGE('',*,*,#4770,.T.);
#4772=ORIENTED_EDGE('',*,*,#4611,.T.);
#4773=EDGE_LOOP('',(#4757,#4759,#4761,#4763,#4765,#4767,#4769,#4771,#4772));
#4774=FACE_OUTER_BOUND('',#4773,.F.);
#4775=ADVANCED_FACE('',(#4774),#4755,.F.);
#4776=CARTESIAN_POINT('',(-9.16E0,5.45E0,4.25E0));
#4777=DIRECTION('',(-1.E0,0.E0,0.E0));
#4778=DIRECTION('',(0.E0,0.E0,1.E0));
#4779=AXIS2_PLACEMENT_3D('',#4776,#4777,#4778);
#4780=PLANE('',#4779);
#4781=ORIENTED_EDGE('',*,*,#4731,.F.);
#4783=ORIENTED_EDGE('',*,*,#4782,.T.);
#4785=ORIENTED_EDGE('',*,*,#4784,.T.);
#4787=ORIENTED_EDGE('',*,*,#4786,.T.);
#4789=ORIENTED_EDGE('',*,*,#4788,.T.);
#4791=ORIENTED_EDGE('',*,*,#4790,.F.);
#4792=ORIENTED_EDGE('',*,*,#4742,.F.);
#4793=EDGE_LOOP('',(#4781,#4783,#4785,#4787,#4789,#4791,#4792));
#4794=FACE_OUTER_BOUND('',#4793,.F.);
#4795=ADVANCED_FACE('',(#4794),#4780,.F.);
#4796=CARTESIAN_POINT('',(-9.01E0,5.45E0,4.25E0));
#4797=DIRECTION('',(0.E0,1.E0,0.E0));
#4798=DIRECTION('',(1.E0,0.E0,0.E0));
#4799=AXIS2_PLACEMENT_3D('',#4796,#4797,#4798);
#4800=CYLINDRICAL_SURFACE('',#4799,1.5E-1);
#4802=ORIENTED_EDGE('',*,*,#4801,.T.);
#4803=ORIENTED_EDGE('',*,*,#4756,.F.);
#4804=ORIENTED_EDGE('',*,*,#4609,.F.);
#4806=ORIENTED_EDGE('',*,*,#4805,.T.);
#4807=EDGE_LOOP('',(#4802,#4803,#4804,#4806));
#4808=FACE_OUTER_BOUND('',#4807,.F.);
#4809=ADVANCED_FACE('',(#4808),#4800,.F.);
#4810=CARTESIAN_POINT('',(9.16E0,-3.1E0,2.525E0));
#4811=DIRECTION('',(0.E0,1.E0,0.E0));
#4812=DIRECTION('',(0.E0,0.E0,1.E0));
#4813=AXIS2_PLACEMENT_3D('',#4810,#4811,#4812);
#4814=PLANE('',#4813);
#4816=ORIENTED_EDGE('',*,*,#4815,.F.);
#4818=ORIENTED_EDGE('',*,*,#4817,.F.);
#4820=ORIENTED_EDGE('',*,*,#4819,.F.);
#4822=ORIENTED_EDGE('',*,*,#4821,.T.);
#4823=ORIENTED_EDGE('',*,*,#4758,.T.);
#4824=ORIENTED_EDGE('',*,*,#4801,.F.);
#4826=ORIENTED_EDGE('',*,*,#4825,.F.);
#4828=ORIENTED_EDGE('',*,*,#4827,.F.);
#4830=ORIENTED_EDGE('',*,*,#4829,.T.);
#4832=ORIENTED_EDGE('',*,*,#4831,.T.);
#4834=ORIENTED_EDGE('',*,*,#4833,.T.);
#4836=ORIENTED_EDGE('',*,*,#4835,.F.);
#4837=EDGE_LOOP('',(#4816,#4818,#4820,#4822,#4823,#4824,#4826,#4828,#4830,#4832,
#4834,#4836));
#4838=FACE_OUTER_BOUND('',#4837,.F.);
#4839=ADVANCED_FACE('',(#4838),#4814,.F.);
#4840=CARTESIAN_POINT('',(9.01E0,5.45E0,4.1E0));
#4841=DIRECTION('',(0.E0,0.E0,-1.E0));
#4842=DIRECTION('',(-1.E0,0.E0,0.E0));
#4843=AXIS2_PLACEMENT_3D('',#4840,#4841,#4842);
#4844=PLANE('',#4843);
#4845=ORIENTED_EDGE('',*,*,#4815,.T.);
#4847=ORIENTED_EDGE('',*,*,#4846,.T.);
#4848=ORIENTED_EDGE('',*,*,#4595,.F.);
#4850=ORIENTED_EDGE('',*,*,#4849,.T.);
#4851=EDGE_LOOP('',(#4845,#4847,#4848,#4850));
#4852=FACE_OUTER_BOUND('',#4851,.F.);
#4853=ADVANCED_FACE('',(#4852),#4844,.F.);
#4854=CARTESIAN_POINT('',(9.01E0,5.45E0,4.1E0));
#4855=DIRECTION('',(0.E0,0.E0,-1.E0));
#4856=DIRECTION('',(-1.E0,0.E0,0.E0));
#4857=AXIS2_PLACEMENT_3D('',#4854,#4855,#4856);
#4858=PLANE('',#4857);
#4859=ORIENTED_EDGE('',*,*,#4805,.F.);
#4860=ORIENTED_EDGE('',*,*,#4607,.F.);
#4862=ORIENTED_EDGE('',*,*,#4861,.F.);
#4863=ORIENTED_EDGE('',*,*,#4825,.T.);
#4864=EDGE_LOOP('',(#4859,#4860,#4862,#4863));
#4865=FACE_OUTER_BOUND('',#4864,.F.);
#4866=ADVANCED_FACE('',(#4865),#4858,.F.);
#4867=CARTESIAN_POINT('',(1.E0,5.45E0,4.2E0));
#4868=DIRECTION('',(0.E0,1.E0,0.E0));
#4869=DIRECTION('',(1.E0,0.E0,0.E0));
#4870=AXIS2_PLACEMENT_3D('',#4867,#4868,#4869);
#4871=CYLINDRICAL_SURFACE('',#4870,1.E-1);
#4872=ORIENTED_EDGE('',*,*,#4835,.T.);
#4874=ORIENTED_EDGE('',*,*,#4873,.F.);
#4875=ORIENTED_EDGE('',*,*,#4597,.T.);
#4876=ORIENTED_EDGE('',*,*,#4846,.F.);
#4877=EDGE_LOOP('',(#4872,#4874,#4875,#4876));
#4878=FACE_OUTER_BOUND('',#4877,.F.);
#4879=ADVANCED_FACE('',(#4878),#4871,.F.);
#4880=CARTESIAN_POINT('',(9.E-1,5.45E0,4.875E0));
#4881=DIRECTION('',(1.E0,0.E0,0.E0));
#4882=DIRECTION('',(0.E0,0.E0,-1.E0));
#4883=AXIS2_PLACEMENT_3D('',#4880,#4881,#4882);
#4884=PLANE('',#4883);
#4885=ORIENTED_EDGE('',*,*,#4833,.F.);
#4887=ORIENTED_EDGE('',*,*,#4886,.F.);
#4888=ORIENTED_EDGE('',*,*,#4599,.T.);
#4889=ORIENTED_EDGE('',*,*,#4873,.T.);
#4890=EDGE_LOOP('',(#4885,#4887,#4888,#4889));
#4891=FACE_OUTER_BOUND('',#4890,.F.);
#4892=ADVANCED_FACE('',(#4891),#4884,.T.);
#4893=CARTESIAN_POINT('',(-9.E-1,5.45E0,4.875E0));
#4894=DIRECTION('',(0.E0,0.E0,1.E0));
#4895=DIRECTION('',(1.E0,0.E0,0.E0));
#4896=AXIS2_PLACEMENT_3D('',#4893,#4894,#4895);
#4897=PLANE('',#4896);
#4898=ORIENTED_EDGE('',*,*,#4831,.F.);
#4900=ORIENTED_EDGE('',*,*,#4899,.F.);
#4901=ORIENTED_EDGE('',*,*,#4601,.T.);
#4902=ORIENTED_EDGE('',*,*,#4886,.T.);
#4903=EDGE_LOOP('',(#4898,#4900,#4901,#4902));
#4904=FACE_OUTER_BOUND('',#4903,.F.);
#4905=ADVANCED_FACE('',(#4904),#4897,.T.);
#4906=CARTESIAN_POINT('',(-9.E-1,5.45E0,4.2E0));
#4907=DIRECTION('',(-1.E0,0.E0,0.E0));
#4908=DIRECTION('',(0.E0,0.E0,1.E0));
#4909=AXIS2_PLACEMENT_3D('',#4906,#4907,#4908);
#4910=PLANE('',#4909);
#4911=ORIENTED_EDGE('',*,*,#4829,.F.);
#4913=ORIENTED_EDGE('',*,*,#4912,.F.);
#4914=ORIENTED_EDGE('',*,*,#4603,.T.);
#4915=ORIENTED_EDGE('',*,*,#4899,.T.);
#4916=EDGE_LOOP('',(#4911,#4913,#4914,#4915));
#4917=FACE_OUTER_BOUND('',#4916,.F.);
#4918=ADVANCED_FACE('',(#4917),#4910,.T.);
#4919=CARTESIAN_POINT('',(-1.E0,5.45E0,4.2E0));
#4920=DIRECTION('',(0.E0,1.E0,0.E0));
#4921=DIRECTION('',(1.E0,0.E0,0.E0));
#4922=AXIS2_PLACEMENT_3D('',#4919,#4920,#4921);
#4923=CYLINDRICAL_SURFACE('',#4922,1.E-1);
#4924=ORIENTED_EDGE('',*,*,#4827,.T.);
#4925=ORIENTED_EDGE('',*,*,#4861,.T.);
#4926=ORIENTED_EDGE('',*,*,#4605,.T.);
#4927=ORIENTED_EDGE('',*,*,#4912,.T.);
#4928=EDGE_LOOP('',(#4924,#4925,#4926,#4927));
#4929=FACE_OUTER_BOUND('',#4928,.F.);
#4930=ADVANCED_FACE('',(#4929),#4923,.F.);
#4931=CARTESIAN_POINT('',(9.01E0,5.45E0,4.25E0));
#4932=DIRECTION('',(0.E0,1.E0,0.E0));
#4933=DIRECTION('',(1.E0,0.E0,0.E0));
#4934=AXIS2_PLACEMENT_3D('',#4931,#4932,#4933);
#4935=CYLINDRICAL_SURFACE('',#4934,1.5E-1);
#4936=ORIENTED_EDGE('',*,*,#4817,.T.);
#4937=ORIENTED_EDGE('',*,*,#4849,.F.);
#4938=ORIENTED_EDGE('',*,*,#4593,.F.);
#4940=ORIENTED_EDGE('',*,*,#4939,.T.);
#4941=EDGE_LOOP('',(#4936,#4937,#4938,#4940));
#4942=FACE_OUTER_BOUND('',#4941,.F.);
#4943=ADVANCED_FACE('',(#4942),#4935,.F.);
#4944=CARTESIAN_POINT('',(9.16E0,5.45E0,4.875E0));
#4945=DIRECTION('',(1.E0,0.E0,0.E0));
#4946=DIRECTION('',(0.E0,0.E0,-1.E0));
#4947=AXIS2_PLACEMENT_3D('',#4944,#4945,#4946);
#4948=PLANE('',#4947);
#4950=ORIENTED_EDGE('',*,*,#4949,.T.);
#4952=ORIENTED_EDGE('',*,*,#4951,.F.);
#4954=ORIENTED_EDGE('',*,*,#4953,.T.);
#4956=ORIENTED_EDGE('',*,*,#4955,.T.);
#4957=ORIENTED_EDGE('',*,*,#4819,.T.);
#4958=ORIENTED_EDGE('',*,*,#4939,.F.);
#4959=ORIENTED_EDGE('',*,*,#4591,.F.);
#4961=ORIENTED_EDGE('',*,*,#4960,.T.);
#4963=ORIENTED_EDGE('',*,*,#4962,.F.);
#4964=EDGE_LOOP('',(#4950,#4952,#4954,#4956,#4957,#4958,#4959,#4961,#4963));
#4965=FACE_OUTER_BOUND('',#4964,.F.);
#4966=ADVANCED_FACE('',(#4965),#4948,.F.);
#4967=CARTESIAN_POINT('',(9.16E0,5.45E0,4.875E0));
#4968=DIRECTION('',(1.E0,0.E0,0.E0));
#4969=DIRECTION('',(0.E0,0.E0,-1.E0));
#4970=AXIS2_PLACEMENT_3D('',#4967,#4968,#4969);
#4971=PLANE('',#4970);
#4973=ORIENTED_EDGE('',*,*,#4972,.F.);
#4974=ORIENTED_EDGE('',*,*,#4709,.T.);
#4975=ORIENTED_EDGE('',*,*,#4746,.T.);
#4977=ORIENTED_EDGE('',*,*,#4976,.T.);
#4979=ORIENTED_EDGE('',*,*,#4978,.F.);
#4981=ORIENTED_EDGE('',*,*,#4980,.F.);
#4983=ORIENTED_EDGE('',*,*,#4982,.F.);
#4984=EDGE_LOOP('',(#4973,#4974,#4975,#4977,#4979,#4981,#4983));
#4985=FACE_OUTER_BOUND('',#4984,.F.);
#4986=ADVANCED_FACE('',(#4985),#4971,.F.);
#4987=CARTESIAN_POINT('',(1.006E1,-4.6E0,2.825E0));
#4988=DIRECTION('',(0.E0,0.E0,1.E0));
#4989=DIRECTION('',(0.E0,-1.E0,0.E0));
#4990=AXIS2_PLACEMENT_3D('',#4987,#4988,#4989);
#4991=PLANE('',#4990);
#4992=ORIENTED_EDGE('',*,*,#4766,.T.);
#4994=ORIENTED_EDGE('',*,*,#4993,.T.);
#4996=ORIENTED_EDGE('',*,*,#4995,.F.);
#4998=ORIENTED_EDGE('',*,*,#4997,.T.);
#4999=EDGE_LOOP('',(#4992,#4994,#4996,#4998));
#5000=FACE_OUTER_BOUND('',#4999,.F.);
#5001=ADVANCED_FACE('',(#5000),#4991,.F.);
#5002=CARTESIAN_POINT('',(1.006E1,-4.6E0,2.825E0));
#5003=DIRECTION('',(0.E0,0.E0,1.E0));
#5004=DIRECTION('',(0.E0,-1.E0,0.E0));
#5005=AXIS2_PLACEMENT_3D('',#5002,#5003,#5004);
#5006=PLANE('',#5005);
#5008=ORIENTED_EDGE('',*,*,#5007,.T.);
#5009=ORIENTED_EDGE('',*,*,#4949,.F.);
#5011=ORIENTED_EDGE('',*,*,#5010,.T.);
#5013=ORIENTED_EDGE('',*,*,#5012,.T.);
#5014=EDGE_LOOP('',(#5008,#5009,#5011,#5013));
#5015=FACE_OUTER_BOUND('',#5014,.F.);
#5016=ADVANCED_FACE('',(#5015),#5006,.F.);
#5017=CARTESIAN_POINT('',(9.16E0,-4.6E0,4.875E0));
#5018=DIRECTION('',(0.E0,1.E0,0.E0));
#5019=DIRECTION('',(-1.E0,0.E0,0.E0));
#5020=AXIS2_PLACEMENT_3D('',#5017,#5018,#5019);
#5021=PLANE('',#5020);
#5023=ORIENTED_EDGE('',*,*,#5022,.T.);
#5024=ORIENTED_EDGE('',*,*,#4951,.T.);
#5025=ORIENTED_EDGE('',*,*,#5007,.F.);
#5027=ORIENTED_EDGE('',*,*,#5026,.F.);
#5029=ORIENTED_EDGE('',*,*,#5028,.T.);
#5030=ORIENTED_EDGE('',*,*,#4980,.T.);
#5032=ORIENTED_EDGE('',*,*,#5031,.F.);
#5033=ORIENTED_EDGE('',*,*,#4786,.F.);
#5035=ORIENTED_EDGE('',*,*,#5034,.T.);
#5037=ORIENTED_EDGE('',*,*,#5036,.T.);
#5038=ORIENTED_EDGE('',*,*,#4993,.F.);
#5039=ORIENTED_EDGE('',*,*,#4764,.T.);
#5040=EDGE_LOOP('',(#5023,#5024,#5025,#5027,#5029,#5030,#5032,#5033,#5035,#5037,
#5038,#5039));
#5041=FACE_OUTER_BOUND('',#5040,.F.);
#5043=ORIENTED_EDGE('',*,*,#5042,.T.);
#5045=ORIENTED_EDGE('',*,*,#5044,.F.);
#5047=ORIENTED_EDGE('',*,*,#5046,.F.);
#5049=ORIENTED_EDGE('',*,*,#5048,.T.);
#5050=EDGE_LOOP('',(#5043,#5045,#5047,#5049));
#5051=FACE_BOUND('',#5050,.F.);
#5053=ORIENTED_EDGE('',*,*,#5052,.T.);
#5055=ORIENTED_EDGE('',*,*,#5054,.F.);
#5057=ORIENTED_EDGE('',*,*,#5056,.F.);
#5059=ORIENTED_EDGE('',*,*,#5058,.T.);
#5060=EDGE_LOOP('',(#5053,#5055,#5057,#5059));
#5061=FACE_BOUND('',#5060,.F.);
#5063=ORIENTED_EDGE('',*,*,#5062,.T.);
#5065=ORIENTED_EDGE('',*,*,#5064,.F.);
#5067=ORIENTED_EDGE('',*,*,#5066,.F.);
#5069=ORIENTED_EDGE('',*,*,#5068,.T.);
#5070=EDGE_LOOP('',(#5063,#5065,#5067,#5069));
#5071=FACE_BOUND('',#5070,.F.);
#5073=ORIENTED_EDGE('',*,*,#5072,.T.);
#5075=ORIENTED_EDGE('',*,*,#5074,.F.);
#5077=ORIENTED_EDGE('',*,*,#5076,.F.);
#5079=ORIENTED_EDGE('',*,*,#5078,.T.);
#5080=EDGE_LOOP('',(#5073,#5075,#5077,#5079));
#5081=FACE_BOUND('',#5080,.F.);
#5083=ORIENTED_EDGE('',*,*,#5082,.T.);
#5085=ORIENTED_EDGE('',*,*,#5084,.F.);
#5087=ORIENTED_EDGE('',*,*,#5086,.F.);
#5089=ORIENTED_EDGE('',*,*,#5088,.T.);
#5090=EDGE_LOOP('',(#5083,#5085,#5087,#5089));
#5091=FACE_BOUND('',#5090,.F.);
#5093=ORIENTED_EDGE('',*,*,#5092,.T.);
#5095=ORIENTED_EDGE('',*,*,#5094,.F.);
#5097=ORIENTED_EDGE('',*,*,#5096,.F.);
#5099=ORIENTED_EDGE('',*,*,#5098,.T.);
#5100=EDGE_LOOP('',(#5093,#5095,#5097,#5099));
#5101=FACE_BOUND('',#5100,.F.);
#5103=ORIENTED_EDGE('',*,*,#5102,.T.);
#5105=ORIENTED_EDGE('',*,*,#5104,.F.);
#5107=ORIENTED_EDGE('',*,*,#5106,.F.);
#5109=ORIENTED_EDGE('',*,*,#5108,.T.);
#5110=EDGE_LOOP('',(#5103,#5105,#5107,#5109));
#5111=FACE_BOUND('',#5110,.F.);
#5113=ORIENTED_EDGE('',*,*,#5112,.T.);
#5115=ORIENTED_EDGE('',*,*,#5114,.T.);
#5117=ORIENTED_EDGE('',*,*,#5116,.T.);
#5119=ORIENTED_EDGE('',*,*,#5118,.F.);
#5120=EDGE_LOOP('',(#5113,#5115,#5117,#5119));
#5121=FACE_BOUND('',#5120,.F.);
#5123=ORIENTED_EDGE('',*,*,#5122,.T.);
#5125=ORIENTED_EDGE('',*,*,#5124,.T.);
#5127=ORIENTED_EDGE('',*,*,#5126,.T.);
#5129=ORIENTED_EDGE('',*,*,#5128,.F.);
#5130=EDGE_LOOP('',(#5123,#5125,#5127,#5129));
#5131=FACE_BOUND('',#5130,.F.);
#5133=ORIENTED_EDGE('',*,*,#5132,.T.);
#5135=ORIENTED_EDGE('',*,*,#5134,.T.);
#5137=ORIENTED_EDGE('',*,*,#5136,.T.);
#5139=ORIENTED_EDGE('',*,*,#5138,.F.);
#5140=EDGE_LOOP('',(#5133,#5135,#5137,#5139));
#5141=FACE_BOUND('',#5140,.F.);
#5143=ORIENTED_EDGE('',*,*,#5142,.T.);
#5145=ORIENTED_EDGE('',*,*,#5144,.T.);
#5147=ORIENTED_EDGE('',*,*,#5146,.T.);
#5149=ORIENTED_EDGE('',*,*,#5148,.F.);
#5150=EDGE_LOOP('',(#5143,#5145,#5147,#5149));
#5151=FACE_BOUND('',#5150,.F.);
#5153=ORIENTED_EDGE('',*,*,#5152,.T.);
#5155=ORIENTED_EDGE('',*,*,#5154,.T.);
#5157=ORIENTED_EDGE('',*,*,#5156,.T.);
#5159=ORIENTED_EDGE('',*,*,#5158,.F.);
#5160=EDGE_LOOP('',(#5153,#5155,#5157,#5159));
#5161=FACE_BOUND('',#5160,.F.);
#5163=ORIENTED_EDGE('',*,*,#5162,.T.);
#5165=ORIENTED_EDGE('',*,*,#5164,.T.);
#5167=ORIENTED_EDGE('',*,*,#5166,.T.);
#5169=ORIENTED_EDGE('',*,*,#5168,.F.);
#5170=EDGE_LOOP('',(#5163,#5165,#5167,#5169));
#5171=FACE_BOUND('',#5170,.F.);
#5173=ORIENTED_EDGE('',*,*,#5172,.T.);
#5175=ORIENTED_EDGE('',*,*,#5174,.T.);
#5177=ORIENTED_EDGE('',*,*,#5176,.T.);
#5179=ORIENTED_EDGE('',*,*,#5178,.F.);
#5180=EDGE_LOOP('',(#5173,#5175,#5177,#5179));
#5181=FACE_BOUND('',#5180,.F.);
#5182=ADVANCED_FACE('',(#5041,#5051,#5061,#5071,#5081,#5091,#5101,#5111,#5121,
#5131,#5141,#5151,#5161,#5171,#5181),#5021,.F.);
#5183=CARTESIAN_POINT('',(-9.16E0,-4.6E0,2.4488E0));
#5184=DIRECTION('',(0.E0,-7.071067811865E-1,7.071067811865E-1));
#5185=DIRECTION('',(1.E0,0.E0,0.E0));
#5186=AXIS2_PLACEMENT_3D('',#5183,#5184,#5185);
#5187=PLANE('',#5186);
#5188=ORIENTED_EDGE('',*,*,#5022,.F.);
#5189=ORIENTED_EDGE('',*,*,#4762,.T.);
#5191=ORIENTED_EDGE('',*,*,#5190,.T.);
#5192=ORIENTED_EDGE('',*,*,#4953,.F.);
#5193=EDGE_LOOP('',(#5188,#5189,#5191,#5192));
#5194=FACE_OUTER_BOUND('',#5193,.F.);
#5195=ADVANCED_FACE('',(#5194),#5187,.T.);
#5196=CARTESIAN_POINT('',(9.16E0,-4.6E0,2.525E0));
#5197=DIRECTION('',(0.E0,0.E0,-1.E0));
#5198=DIRECTION('',(0.E0,1.E0,0.E0));
#5199=AXIS2_PLACEMENT_3D('',#5196,#5197,#5198);
#5200=PLANE('',#5199);
#5201=ORIENTED_EDGE('',*,*,#5190,.F.);
#5202=ORIENTED_EDGE('',*,*,#4760,.T.);
#5203=ORIENTED_EDGE('',*,*,#4821,.F.);
#5204=ORIENTED_EDGE('',*,*,#4955,.F.);
#5205=EDGE_LOOP('',(#5201,#5202,#5203,#5204));
#5206=FACE_OUTER_BOUND('',#5205,.F.);
#5207=ADVANCED_FACE('',(#5206),#5200,.F.);
#5208=CARTESIAN_POINT('',(1.006E1,-5.45E0,-4.875E0));
#5209=DIRECTION('',(1.E0,0.E0,0.E0));
#5210=DIRECTION('',(0.E0,1.E0,0.E0));
#5211=AXIS2_PLACEMENT_3D('',#5208,#5209,#5210);
#5212=PLANE('',#5211);
#5213=ORIENTED_EDGE('',*,*,#4713,.F.);
#5215=ORIENTED_EDGE('',*,*,#5214,.T.);
#5217=ORIENTED_EDGE('',*,*,#5216,.T.);
#5218=ORIENTED_EDGE('',*,*,#5026,.T.);
#5219=ORIENTED_EDGE('',*,*,#5012,.F.);
#5221=ORIENTED_EDGE('',*,*,#5220,.T.);
#5223=ORIENTED_EDGE('',*,*,#5222,.T.);
#5224=ORIENTED_EDGE('',*,*,#4587,.F.);
#5225=EDGE_LOOP('',(#5213,#5215,#5217,#5218,#5219,#5221,#5223,#5224));
#5226=FACE_OUTER_BOUND('',#5225,.F.);
#5227=ADVANCED_FACE('',(#5226),#5212,.T.);
#5228=CARTESIAN_POINT('',(-1.006E1,-5.45E0,-4.875E0));
#5229=DIRECTION('',(0.E0,-1.E0,0.E0));
#5230=DIRECTION('',(1.E0,0.E0,0.E0));
#5231=AXIS2_PLACEMENT_3D('',#5228,#5229,#5230);
#5232=PLANE('',#5231);
#5233=ORIENTED_EDGE('',*,*,#4997,.F.);
#5235=ORIENTED_EDGE('',*,*,#5234,.T.);
#5237=ORIENTED_EDGE('',*,*,#5236,.T.);
#5238=ORIENTED_EDGE('',*,*,#4768,.F.);
#5239=EDGE_LOOP('',(#5233,#5235,#5237,#5238));
#5240=FACE_OUTER_BOUND('',#5239,.F.);
#5241=ADVANCED_FACE('',(#5240),#5232,.T.);
#5242=CARTESIAN_POINT('',(-1.006E1,-5.45E0,-4.875E0));
#5243=DIRECTION('',(0.E0,-1.E0,0.E0));
#5244=DIRECTION('',(1.E0,0.E0,0.E0));
#5245=AXIS2_PLACEMENT_3D('',#5242,#5243,#5244);
#5246=PLANE('',#5245);
#5247=ORIENTED_EDGE('',*,*,#5010,.F.);
#5248=ORIENTED_EDGE('',*,*,#4962,.T.);
#5250=ORIENTED_EDGE('',*,*,#5249,.T.);
#5251=ORIENTED_EDGE('',*,*,#5220,.F.);
#5252=EDGE_LOOP('',(#5247,#5248,#5250,#5251));
#5253=FACE_OUTER_BOUND('',#5252,.F.);
#5254=ADVANCED_FACE('',(#5253),#5246,.T.);
#5255=CARTESIAN_POINT('',(-1.006E1,-5.45E0,-4.875E0));
#5256=DIRECTION('',(0.E0,-1.E0,0.E0));
#5257=DIRECTION('',(1.E0,0.E0,0.E0));
#5258=AXIS2_PLACEMENT_3D('',#5255,#5256,#5257);
#5259=PLANE('',#5258);
#5260=ORIENTED_EDGE('',*,*,#4729,.F.);
#5262=ORIENTED_EDGE('',*,*,#5261,.T.);
#5264=ORIENTED_EDGE('',*,*,#5263,.T.);
#5265=ORIENTED_EDGE('',*,*,#4782,.F.);
#5266=EDGE_LOOP('',(#5260,#5262,#5264,#5265));
#5267=FACE_OUTER_BOUND('',#5266,.F.);
#5268=ADVANCED_FACE('',(#5267),#5259,.T.);
#5269=CARTESIAN_POINT('',(-1.006E1,-5.45E0,-4.875E0));
#5270=DIRECTION('',(0.E0,-1.E0,0.E0));
#5271=DIRECTION('',(1.E0,0.E0,0.E0));
#5272=AXIS2_PLACEMENT_3D('',#5269,#5270,#5271);
#5273=PLANE('',#5272);
#5274=ORIENTED_EDGE('',*,*,#4711,.T.);
#5275=ORIENTED_EDGE('',*,*,#4972,.T.);
#5277=ORIENTED_EDGE('',*,*,#5276,.T.);
#5278=ORIENTED_EDGE('',*,*,#5214,.F.);
#5279=EDGE_LOOP('',(#5274,#5275,#5277,#5278));
#5280=FACE_OUTER_BOUND('',#5279,.F.);
#5281=ADVANCED_FACE('',(#5280),#5273,.T.);
#5282=CARTESIAN_POINT('',(-1.006E1,5.45E0,-4.875E0));
#5283=DIRECTION('',(-1.E0,0.E0,0.E0));
#5284=DIRECTION('',(0.E0,-1.E0,0.E0));
#5285=AXIS2_PLACEMENT_3D('',#5282,#5283,#5284);
#5286=PLANE('',#5285);
#5287=ORIENTED_EDGE('',*,*,#4727,.F.);
#5288=ORIENTED_EDGE('',*,*,#4615,.T.);
#5290=ORIENTED_EDGE('',*,*,#5289,.T.);
#5291=ORIENTED_EDGE('',*,*,#5234,.F.);
#5292=ORIENTED_EDGE('',*,*,#4995,.T.);
#5293=ORIENTED_EDGE('',*,*,#5036,.F.);
#5295=ORIENTED_EDGE('',*,*,#5294,.F.);
#5296=ORIENTED_EDGE('',*,*,#5261,.F.);
#5297=EDGE_LOOP('',(#5287,#5288,#5290,#5291,#5292,#5293,#5295,#5296));
#5298=FACE_OUTER_BOUND('',#5297,.F.);
#5299=ADVANCED_FACE('',(#5298),#5286,.T.);
#5300=CARTESIAN_POINT('',(0.E0,0.E0,4.875E0));
#5301=DIRECTION('',(0.E0,0.E0,1.E0));
#5302=DIRECTION('',(1.E0,0.E0,0.E0));
#5303=AXIS2_PLACEMENT_3D('',#5300,#5301,#5302);
#5304=PLANE('',#5303);
#5305=ORIENTED_EDGE('',*,*,#4770,.F.);
#5306=ORIENTED_EDGE('',*,*,#5236,.F.);
#5307=ORIENTED_EDGE('',*,*,#5289,.F.);
#5308=ORIENTED_EDGE('',*,*,#4613,.F.);
#5309=EDGE_LOOP('',(#5305,#5306,#5307,#5308));
#5310=FACE_OUTER_BOUND('',#5309,.F.);
#5311=ADVANCED_FACE('',(#5310),#5304,.T.);
#5312=CARTESIAN_POINT('',(0.E0,0.E0,4.875E0));
#5313=DIRECTION('',(0.E0,0.E0,1.E0));
#5314=DIRECTION('',(1.E0,0.E0,0.E0));
#5315=AXIS2_PLACEMENT_3D('',#5312,#5313,#5314);
#5316=PLANE('',#5315);
#5317=ORIENTED_EDGE('',*,*,#4589,.F.);
#5318=ORIENTED_EDGE('',*,*,#5222,.F.);
#5319=ORIENTED_EDGE('',*,*,#5249,.F.);
#5320=ORIENTED_EDGE('',*,*,#4960,.F.);
#5321=EDGE_LOOP('',(#5317,#5318,#5319,#5320));
#5322=FACE_OUTER_BOUND('',#5321,.F.);
#5323=ADVANCED_FACE('',(#5322),#5316,.T.);
#5324=CARTESIAN_POINT('',(1.006E1,-5.45E0,-2.875E0));
#5325=DIRECTION('',(0.E0,0.E0,-1.E0));
#5326=DIRECTION('',(0.E0,1.E0,0.E0));
#5327=AXIS2_PLACEMENT_3D('',#5324,#5325,#5326);
#5328=PLANE('',#5327);
#5329=ORIENTED_EDGE('',*,*,#4784,.F.);
#5330=ORIENTED_EDGE('',*,*,#5263,.F.);
#5331=ORIENTED_EDGE('',*,*,#5294,.T.);
#5332=ORIENTED_EDGE('',*,*,#5034,.F.);
#5333=EDGE_LOOP('',(#5329,#5330,#5331,#5332));
#5334=FACE_OUTER_BOUND('',#5333,.F.);
#5335=ADVANCED_FACE('',(#5334),#5328,.F.);
#5336=CARTESIAN_POINT('',(1.006E1,-5.45E0,-2.875E0));
#5337=DIRECTION('',(0.E0,0.E0,-1.E0));
#5338=DIRECTION('',(0.E0,1.E0,0.E0));
#5339=AXIS2_PLACEMENT_3D('',#5336,#5337,#5338);
#5340=PLANE('',#5339);
#5341=ORIENTED_EDGE('',*,*,#5028,.F.);
#5342=ORIENTED_EDGE('',*,*,#5216,.F.);
#5343=ORIENTED_EDGE('',*,*,#5276,.F.);
#5344=ORIENTED_EDGE('',*,*,#4982,.T.);
#5345=EDGE_LOOP('',(#5341,#5342,#5343,#5344));
#5346=FACE_OUTER_BOUND('',#5345,.F.);
#5347=ADVANCED_FACE('',(#5346),#5340,.F.);
#5348=CARTESIAN_POINT('',(-9.16E0,-4.6E0,-2.4988E0));
#5349=DIRECTION('',(0.E0,7.071067811865E-1,7.071067811865E-1));
#5350=DIRECTION('',(1.E0,0.E0,0.E0));
#5351=AXIS2_PLACEMENT_3D('',#5348,#5349,#5350);
#5352=PLANE('',#5351);
#5353=ORIENTED_EDGE('',*,*,#5031,.T.);
#5354=ORIENTED_EDGE('',*,*,#4978,.T.);
#5356=ORIENTED_EDGE('',*,*,#5355,.F.);
#5357=ORIENTED_EDGE('',*,*,#4788,.F.);
#5358=EDGE_LOOP('',(#5353,#5354,#5356,#5357));
#5359=FACE_OUTER_BOUND('',#5358,.F.);
#5360=ADVANCED_FACE('',(#5359),#5352,.F.);
#5361=CARTESIAN_POINT('',(9.16E0,-3.1E0,-2.575E0));
#5362=DIRECTION('',(0.E0,0.E0,1.E0));
#5363=DIRECTION('',(0.E0,-1.E0,0.E0));
#5364=AXIS2_PLACEMENT_3D('',#5361,#5362,#5363);
#5365=PLANE('',#5364);
#5366=ORIENTED_EDGE('',*,*,#5355,.T.);
#5367=ORIENTED_EDGE('',*,*,#4976,.F.);
#5368=ORIENTED_EDGE('',*,*,#4744,.T.);
#5369=ORIENTED_EDGE('',*,*,#4790,.T.);
#5370=EDGE_LOOP('',(#5366,#5367,#5368,#5369));
#5371=FACE_OUTER_BOUND('',#5370,.F.);
#5372=ADVANCED_FACE('',(#5371),#5365,.F.);
#5373=CARTESIAN_POINT('',(7.295E0,4.52E0,1.595E0));
#5374=DIRECTION('',(-1.E0,0.E0,0.E0));
#5375=DIRECTION('',(0.E0,0.E0,-1.E0));
#5376=AXIS2_PLACEMENT_3D('',#5373,#5374,#5375);
#5377=PLANE('',#5376);
#5379=ORIENTED_EDGE('',*,*,#5378,.T.);
#5381=ORIENTED_EDGE('',*,*,#5380,.F.);
#5383=ORIENTED_EDGE('',*,*,#5382,.F.);
#5384=ORIENTED_EDGE('',*,*,#5042,.F.);
#5386=ORIENTED_EDGE('',*,*,#5385,.T.);
#5388=ORIENTED_EDGE('',*,*,#5387,.T.);
#5389=EDGE_LOOP('',(#5379,#5381,#5383,#5384,#5386,#5388));
#5390=FACE_OUTER_BOUND('',#5389,.F.);
#5391=ADVANCED_FACE('',(#5390),#5377,.T.);
#5392=CARTESIAN_POINT('',(7.295E0,4.52E0,1.595E0));
#5393=DIRECTION('',(-1.E0,0.E0,0.E0));
#5394=DIRECTION('',(0.E0,0.E0,-1.E0));
#5395=AXIS2_PLACEMENT_3D('',#5392,#5393,#5394);
#5396=PLANE('',#5395);
#5398=ORIENTED_EDGE('',*,*,#5397,.T.);
#5400=ORIENTED_EDGE('',*,*,#5399,.T.);
#5402=ORIENTED_EDGE('',*,*,#5401,.T.);
#5404=ORIENTED_EDGE('',*,*,#5403,.F.);
#5405=EDGE_LOOP('',(#5398,#5400,#5402,#5404));
#5406=FACE_OUTER_BOUND('',#5405,.F.);
#5407=ADVANCED_FACE('',(#5406),#5396,.T.);
#5408=CARTESIAN_POINT('',(7.395E0,-5.088E0,7.525E0));
#5409=DIRECTION('',(-9.284766908853E-1,0.E0,3.713906763541E-1));
#5410=DIRECTION('',(0.E0,-1.E0,0.E0));
#5411=AXIS2_PLACEMENT_3D('',#5408,#5409,#5410);
#5412=PLANE('',#5411);
#5414=ORIENTED_EDGE('',*,*,#5413,.T.);
#5416=ORIENTED_EDGE('',*,*,#5415,.F.);
#5417=ORIENTED_EDGE('',*,*,#5378,.F.);
#5419=ORIENTED_EDGE('',*,*,#5418,.F.);
#5420=EDGE_LOOP('',(#5414,#5416,#5417,#5419));
#5421=FACE_OUTER_BOUND('',#5420,.F.);
#5422=ADVANCED_FACE('',(#5421),#5412,.T.);
#5423=CARTESIAN_POINT('',(7.62E0,-5.088E0,7.775E0));
#5424=DIRECTION('',(0.E0,0.E0,1.E0));
#5425=DIRECTION('',(0.E0,-1.E0,0.E0));
#5426=AXIS2_PLACEMENT_3D('',#5423,#5424,#5425);
#5427=PLANE('',#5426);
#5429=ORIENTED_EDGE('',*,*,#5428,.F.);
#5431=ORIENTED_EDGE('',*,*,#5430,.F.);
#5432=ORIENTED_EDGE('',*,*,#5413,.F.);
#5434=ORIENTED_EDGE('',*,*,#5433,.F.);
#5435=EDGE_LOOP('',(#5429,#5431,#5432,#5434));
#5436=FACE_OUTER_BOUND('',#5435,.F.);
#5437=ADVANCED_FACE('',(#5436),#5427,.T.);
#5438=CARTESIAN_POINT('',(7.845E0,-5.088E0,7.525E0));
#5439=DIRECTION('',(9.284766908853E-1,0.E0,3.713906763541E-1));
#5440=DIRECTION('',(0.E0,-1.E0,0.E0));
#5441=AXIS2_PLACEMENT_3D('',#5438,#5439,#5440);
#5442=PLANE('',#5441);
#5444=ORIENTED_EDGE('',*,*,#5443,.F.);
#5446=ORIENTED_EDGE('',*,*,#5445,.F.);
#5447=ORIENTED_EDGE('',*,*,#5428,.T.);
#5449=ORIENTED_EDGE('',*,*,#5448,.F.);
#5450=EDGE_LOOP('',(#5444,#5446,#5447,#5449));
#5451=FACE_OUTER_BOUND('',#5450,.F.);
#5452=ADVANCED_FACE('',(#5451),#5442,.T.);
#5453=CARTESIAN_POINT('',(7.945E0,4.52E0,9.45E-1));
#5454=DIRECTION('',(1.E0,0.E0,0.E0));
#5455=DIRECTION('',(0.E0,0.E0,1.E0));
#5456=AXIS2_PLACEMENT_3D('',#5453,#5454,#5455);
#5457=PLANE('',#5456);
#5458=ORIENTED_EDGE('',*,*,#5443,.T.);
#5460=ORIENTED_EDGE('',*,*,#5459,.F.);
#5462=ORIENTED_EDGE('',*,*,#5461,.F.);
#5463=ORIENTED_EDGE('',*,*,#5046,.T.);
#5465=ORIENTED_EDGE('',*,*,#5464,.T.);
#5467=ORIENTED_EDGE('',*,*,#5466,.T.);
#5468=EDGE_LOOP('',(#5458,#5460,#5462,#5463,#5465,#5467));
#5469=FACE_OUTER_BOUND('',#5468,.F.);
#5470=ADVANCED_FACE('',(#5469),#5457,.T.);
#5471=CARTESIAN_POINT('',(7.945E0,4.52E0,9.45E-1));
#5472=DIRECTION('',(1.E0,0.E0,0.E0));
#5473=DIRECTION('',(0.E0,0.E0,1.E0));
#5474=AXIS2_PLACEMENT_3D('',#5471,#5472,#5473);
#5475=PLANE('',#5474);
#5477=ORIENTED_EDGE('',*,*,#5476,.T.);
#5479=ORIENTED_EDGE('',*,*,#5478,.T.);
#5481=ORIENTED_EDGE('',*,*,#5480,.F.);
#5483=ORIENTED_EDGE('',*,*,#5482,.F.);
#5484=EDGE_LOOP('',(#5477,#5479,#5481,#5483));
#5485=FACE_OUTER_BOUND('',#5484,.F.);
#5486=ADVANCED_FACE('',(#5485),#5475,.T.);
#5487=CARTESIAN_POINT('',(7.945E0,-4.763E0,1.778E0));
#5488=DIRECTION('',(0.E0,1.E0,0.E0));
#5489=DIRECTION('',(-1.E0,0.E0,0.E0));
#5490=AXIS2_PLACEMENT_3D('',#5487,#5488,#5489);
#5491=PLANE('',#5490);
#5493=ORIENTED_EDGE('',*,*,#5492,.T.);
#5494=ORIENTED_EDGE('',*,*,#5387,.F.);
#5496=ORIENTED_EDGE('',*,*,#5495,.F.);
#5497=ORIENTED_EDGE('',*,*,#5459,.T.);
#5498=EDGE_LOOP('',(#5493,#5494,#5496,#5497));
#5499=FACE_OUTER_BOUND('',#5498,.F.);
#5500=ADVANCED_FACE('',(#5499),#5491,.T.);
#5501=CARTESIAN_POINT('',(7.62E0,-4.863E0,7.525E0));
#5502=DIRECTION('',(0.E0,9.284766908853E-1,3.713906763541E-1));
#5503=DIRECTION('',(-1.E0,0.E0,0.E0));
#5504=AXIS2_PLACEMENT_3D('',#5501,#5502,#5503);
#5505=PLANE('',#5504);
#5506=ORIENTED_EDGE('',*,*,#5492,.F.);
#5507=ORIENTED_EDGE('',*,*,#5448,.T.);
#5508=ORIENTED_EDGE('',*,*,#5433,.T.);
#5509=ORIENTED_EDGE('',*,*,#5418,.T.);
#5510=EDGE_LOOP('',(#5506,#5507,#5508,#5509));
#5511=FACE_OUTER_BOUND('',#5510,.F.);
#5512=ADVANCED_FACE('',(#5511),#5505,.T.);
#5513=CARTESIAN_POINT('',(8.62E0,-4.58E0,1.778E0));
#5514=DIRECTION('',(-1.E0,0.E0,0.E0));
#5515=DIRECTION('',(0.E0,0.E0,1.E0));
#5516=AXIS2_PLACEMENT_3D('',#5513,#5514,#5515);
#5517=CYLINDRICAL_SURFACE('',#5516,1.83E-1);
#5518=ORIENTED_EDGE('',*,*,#5048,.F.);
#5519=ORIENTED_EDGE('',*,*,#5461,.T.);
#5520=ORIENTED_EDGE('',*,*,#5495,.T.);
#5521=ORIENTED_EDGE('',*,*,#5385,.F.);
#5522=EDGE_LOOP('',(#5518,#5519,#5520,#5521));
#5523=FACE_OUTER_BOUND('',#5522,.F.);
#5524=ADVANCED_FACE('',(#5523),#5517,.F.);
#5525=CARTESIAN_POINT('',(8.62E0,-4.58E0,1.778E0));
#5526=DIRECTION('',(-1.E0,0.E0,0.E0));
#5527=DIRECTION('',(0.E0,0.E0,1.E0));
#5528=AXIS2_PLACEMENT_3D('',#5525,#5526,#5527);
#5529=CYLINDRICAL_SURFACE('',#5528,8.33E-1);
#5530=ORIENTED_EDGE('',*,*,#5044,.T.);
#5531=ORIENTED_EDGE('',*,*,#5382,.T.);
#5533=ORIENTED_EDGE('',*,*,#5532,.T.);
#5534=ORIENTED_EDGE('',*,*,#5464,.F.);
#5535=EDGE_LOOP('',(#5530,#5531,#5533,#5534));
#5536=FACE_OUTER_BOUND('',#5535,.F.);
#5537=ADVANCED_FACE('',(#5536),#5529,.T.);
#5538=CARTESIAN_POINT('',(7.295E0,-5.413E0,1.778E0));
#5539=DIRECTION('',(0.E0,-1.E0,0.E0));
#5540=DIRECTION('',(1.E0,0.E0,0.E0));
#5541=AXIS2_PLACEMENT_3D('',#5538,#5539,#5540);
#5542=PLANE('',#5541);
#5544=ORIENTED_EDGE('',*,*,#5543,.T.);
#5545=ORIENTED_EDGE('',*,*,#5466,.F.);
#5546=ORIENTED_EDGE('',*,*,#5532,.F.);
#5547=ORIENTED_EDGE('',*,*,#5380,.T.);
#5548=EDGE_LOOP('',(#5544,#5545,#5546,#5547));
#5549=FACE_OUTER_BOUND('',#5548,.F.);
#5550=ADVANCED_FACE('',(#5549),#5542,.T.);
#5551=CARTESIAN_POINT('',(7.62E0,-5.313E0,7.525E0));
#5552=DIRECTION('',(0.E0,-9.284766908853E-1,3.713906763541E-1));
#5553=DIRECTION('',(-1.E0,0.E0,0.E0));
#5554=AXIS2_PLACEMENT_3D('',#5551,#5552,#5553);
#5555=PLANE('',#5554);
#5556=ORIENTED_EDGE('',*,*,#5543,.F.);
#5557=ORIENTED_EDGE('',*,*,#5415,.T.);
#5558=ORIENTED_EDGE('',*,*,#5430,.T.);
#5559=ORIENTED_EDGE('',*,*,#5445,.T.);
#5560=EDGE_LOOP('',(#5556,#5557,#5558,#5559));
#5561=FACE_OUTER_BOUND('',#5560,.F.);
#5562=ADVANCED_FACE('',(#5561),#5555,.T.);
#5563=CARTESIAN_POINT('',(7.845E0,4.27E0,1.27E0));
#5564=DIRECTION('',(9.284766908853E-1,3.713906763541E-1,0.E0));
#5565=DIRECTION('',(0.E0,0.E0,-1.E0));
#5566=AXIS2_PLACEMENT_3D('',#5563,#5564,#5565);
#5567=PLANE('',#5566);
#5569=ORIENTED_EDGE('',*,*,#5568,.T.);
#5571=ORIENTED_EDGE('',*,*,#5570,.T.);
#5572=ORIENTED_EDGE('',*,*,#5476,.F.);
#5574=ORIENTED_EDGE('',*,*,#5573,.F.);
#5575=EDGE_LOOP('',(#5569,#5571,#5572,#5574));
#5576=FACE_OUTER_BOUND('',#5575,.F.);
#5577=ADVANCED_FACE('',(#5576),#5567,.T.);
#5578=CARTESIAN_POINT('',(7.62E0,4.52E0,1.27E0));
#5579=DIRECTION('',(0.E0,-1.E0,0.E0));
#5580=DIRECTION('',(0.E0,0.E0,-1.E0));
#5581=AXIS2_PLACEMENT_3D('',#5578,#5579,#5580);
#5582=PLANE('',#5581);
#5584=ORIENTED_EDGE('',*,*,#5583,.F.);
#5586=ORIENTED_EDGE('',*,*,#5585,.F.);
#5588=ORIENTED_EDGE('',*,*,#5587,.F.);
#5589=ORIENTED_EDGE('',*,*,#5568,.F.);
#5590=EDGE_LOOP('',(#5584,#5586,#5588,#5589));
#5591=FACE_OUTER_BOUND('',#5590,.F.);
#5592=ADVANCED_FACE('',(#5591),#5582,.F.);
#5593=CARTESIAN_POINT('',(7.62E0,4.27E0,1.495E0));
#5594=DIRECTION('',(0.E0,3.713906763541E-1,9.284766908853E-1));
#5595=DIRECTION('',(-1.E0,0.E0,0.E0));
#5596=AXIS2_PLACEMENT_3D('',#5593,#5594,#5595);
#5597=PLANE('',#5596);
#5599=ORIENTED_EDGE('',*,*,#5598,.F.);
#5601=ORIENTED_EDGE('',*,*,#5600,.F.);
#5602=ORIENTED_EDGE('',*,*,#5583,.T.);
#5603=ORIENTED_EDGE('',*,*,#5573,.T.);
#5604=EDGE_LOOP('',(#5599,#5601,#5602,#5603));
#5605=FACE_OUTER_BOUND('',#5604,.F.);
#5606=ADVANCED_FACE('',(#5605),#5597,.T.);
#5607=CARTESIAN_POINT('',(7.945E0,4.52E0,1.595E0));
#5608=DIRECTION('',(0.E0,0.E0,1.E0));
#5609=DIRECTION('',(-1.E0,0.E0,0.E0));
#5610=AXIS2_PLACEMENT_3D('',#5607,#5608,#5609);
#5611=PLANE('',#5610);
#5612=ORIENTED_EDGE('',*,*,#5598,.T.);
#5613=ORIENTED_EDGE('',*,*,#5482,.T.);
#5615=ORIENTED_EDGE('',*,*,#5614,.T.);
#5616=ORIENTED_EDGE('',*,*,#5399,.F.);
#5617=EDGE_LOOP('',(#5612,#5613,#5615,#5616));
#5618=FACE_OUTER_BOUND('',#5617,.F.);
#5619=ADVANCED_FACE('',(#5618),#5611,.T.);
#5620=CARTESIAN_POINT('',(1.006E1,-2.23E0,-4.875E0));
#5621=DIRECTION('',(0.E0,1.E0,0.E0));
#5622=DIRECTION('',(1.E0,0.E0,0.E0));
#5623=AXIS2_PLACEMENT_3D('',#5620,#5621,#5622);
#5624=PLANE('',#5623);
#5626=ORIENTED_EDGE('',*,*,#5625,.F.);
#5628=ORIENTED_EDGE('',*,*,#5627,.F.);
#5630=ORIENTED_EDGE('',*,*,#5629,.F.);
#5632=ORIENTED_EDGE('',*,*,#5631,.F.);
#5633=EDGE_LOOP('',(#5626,#5628,#5630,#5632));
#5634=FACE_OUTER_BOUND('',#5633,.F.);
#5635=ORIENTED_EDGE('',*,*,#5614,.F.);
#5636=ORIENTED_EDGE('',*,*,#5480,.T.);
#5638=ORIENTED_EDGE('',*,*,#5637,.F.);
#5639=ORIENTED_EDGE('',*,*,#5401,.F.);
#5640=EDGE_LOOP('',(#5635,#5636,#5638,#5639));
#5641=FACE_BOUND('',#5640,.F.);
#5643=ORIENTED_EDGE('',*,*,#5642,.F.);
#5645=ORIENTED_EDGE('',*,*,#5644,.T.);
#5647=ORIENTED_EDGE('',*,*,#5646,.F.);
#5649=ORIENTED_EDGE('',*,*,#5648,.F.);
#5650=EDGE_LOOP('',(#5643,#5645,#5647,#5649));
#5651=FACE_BOUND('',#5650,.F.);
#5653=ORIENTED_EDGE('',*,*,#5652,.F.);
#5655=ORIENTED_EDGE('',*,*,#5654,.T.);
#5657=ORIENTED_EDGE('',*,*,#5656,.F.);
#5659=ORIENTED_EDGE('',*,*,#5658,.F.);
#5660=EDGE_LOOP('',(#5653,#5655,#5657,#5659));
#5661=FACE_BOUND('',#5660,.F.);
#5663=ORIENTED_EDGE('',*,*,#5662,.F.);
#5665=ORIENTED_EDGE('',*,*,#5664,.T.);
#5667=ORIENTED_EDGE('',*,*,#5666,.F.);
#5669=ORIENTED_EDGE('',*,*,#5668,.F.);
#5670=EDGE_LOOP('',(#5663,#5665,#5667,#5669));
#5671=FACE_BOUND('',#5670,.F.);
#5673=ORIENTED_EDGE('',*,*,#5672,.F.);
#5675=ORIENTED_EDGE('',*,*,#5674,.T.);
#5677=ORIENTED_EDGE('',*,*,#5676,.F.);
#5679=ORIENTED_EDGE('',*,*,#5678,.F.);
#5680=EDGE_LOOP('',(#5673,#5675,#5677,#5679));
#5681=FACE_BOUND('',#5680,.F.);
#5683=ORIENTED_EDGE('',*,*,#5682,.F.);
#5685=ORIENTED_EDGE('',*,*,#5684,.T.);
#5687=ORIENTED_EDGE('',*,*,#5686,.F.);
#5689=ORIENTED_EDGE('',*,*,#5688,.F.);
#5690=EDGE_LOOP('',(#5683,#5685,#5687,#5689));
#5691=FACE_BOUND('',#5690,.F.);
#5693=ORIENTED_EDGE('',*,*,#5692,.F.);
#5695=ORIENTED_EDGE('',*,*,#5694,.T.);
#5697=ORIENTED_EDGE('',*,*,#5696,.F.);
#5699=ORIENTED_EDGE('',*,*,#5698,.F.);
#5700=EDGE_LOOP('',(#5693,#5695,#5697,#5699));
#5701=FACE_BOUND('',#5700,.F.);
#5703=ORIENTED_EDGE('',*,*,#5702,.F.);
#5705=ORIENTED_EDGE('',*,*,#5704,.T.);
#5707=ORIENTED_EDGE('',*,*,#5706,.F.);
#5709=ORIENTED_EDGE('',*,*,#5708,.F.);
#5710=EDGE_LOOP('',(#5703,#5705,#5707,#5709));
#5711=FACE_BOUND('',#5710,.F.);
#5713=ORIENTED_EDGE('',*,*,#5712,.F.);
#5715=ORIENTED_EDGE('',*,*,#5714,.T.);
#5717=ORIENTED_EDGE('',*,*,#5716,.F.);
#5719=ORIENTED_EDGE('',*,*,#5718,.F.);
#5720=EDGE_LOOP('',(#5713,#5715,#5717,#5719));
#5721=FACE_BOUND('',#5720,.F.);
#5723=ORIENTED_EDGE('',*,*,#5722,.F.);
#5725=ORIENTED_EDGE('',*,*,#5724,.T.);
#5727=ORIENTED_EDGE('',*,*,#5726,.F.);
#5729=ORIENTED_EDGE('',*,*,#5728,.F.);
#5730=EDGE_LOOP('',(#5723,#5725,#5727,#5729));
#5731=FACE_BOUND('',#5730,.F.);
#5733=ORIENTED_EDGE('',*,*,#5732,.F.);
#5735=ORIENTED_EDGE('',*,*,#5734,.T.);
#5737=ORIENTED_EDGE('',*,*,#5736,.F.);
#5739=ORIENTED_EDGE('',*,*,#5738,.F.);
#5740=EDGE_LOOP('',(#5733,#5735,#5737,#5739));
#5741=FACE_BOUND('',#5740,.F.);
#5743=ORIENTED_EDGE('',*,*,#5742,.F.);
#5745=ORIENTED_EDGE('',*,*,#5744,.T.);
#5747=ORIENTED_EDGE('',*,*,#5746,.F.);
#5749=ORIENTED_EDGE('',*,*,#5748,.F.);
#5750=EDGE_LOOP('',(#5743,#5745,#5747,#5749));
#5751=FACE_BOUND('',#5750,.F.);
#5753=ORIENTED_EDGE('',*,*,#5752,.F.);
#5755=ORIENTED_EDGE('',*,*,#5754,.T.);
#5757=ORIENTED_EDGE('',*,*,#5756,.F.);
#5759=ORIENTED_EDGE('',*,*,#5758,.F.);
#5760=EDGE_LOOP('',(#5753,#5755,#5757,#5759));
#5761=FACE_BOUND('',#5760,.F.);
#5763=ORIENTED_EDGE('',*,*,#5762,.F.);
#5765=ORIENTED_EDGE('',*,*,#5764,.T.);
#5767=ORIENTED_EDGE('',*,*,#5766,.F.);
#5769=ORIENTED_EDGE('',*,*,#5768,.F.);
#5770=EDGE_LOOP('',(#5763,#5765,#5767,#5769));
#5771=FACE_BOUND('',#5770,.F.);
#5772=ADVANCED_FACE('',(#5634,#5641,#5651,#5661,#5671,#5681,#5691,#5701,#5711,
#5721,#5731,#5741,#5751,#5761,#5771),#5624,.T.);
#5773=CARTESIAN_POINT('',(-9.14E0,5.45E0,-3.175E0));
#5774=DIRECTION('',(-1.E0,0.E0,0.E0));
#5775=DIRECTION('',(0.E0,0.E0,1.E0));
#5776=AXIS2_PLACEMENT_3D('',#5773,#5774,#5775);
#5777=PLANE('',#5776);
#5779=ORIENTED_EDGE('',*,*,#5778,.T.);
#5781=ORIENTED_EDGE('',*,*,#5780,.T.);
#5782=ORIENTED_EDGE('',*,*,#5625,.T.);
#5784=ORIENTED_EDGE('',*,*,#5783,.F.);
#5786=ORIENTED_EDGE('',*,*,#5785,.T.);
#5788=ORIENTED_EDGE('',*,*,#5787,.F.);
#5789=ORIENTED_EDGE('',*,*,#4661,.F.);
#5791=ORIENTED_EDGE('',*,*,#5790,.T.);
#5792=EDGE_LOOP('',(#5779,#5781,#5782,#5784,#5786,#5788,#5789,#5791));
#5793=FACE_OUTER_BOUND('',#5792,.F.);
#5794=ADVANCED_FACE('',(#5793),#5777,.F.);
#5795=CARTESIAN_POINT('',(1.006E1,-1.73E0,-4.875E0));
#5796=DIRECTION('',(0.E0,1.E0,0.E0));
#5797=DIRECTION('',(1.E0,0.E0,0.E0));
#5798=AXIS2_PLACEMENT_3D('',#5795,#5796,#5797);
#5799=PLANE('',#5798);
#5801=ORIENTED_EDGE('',*,*,#5800,.T.);
#5803=ORIENTED_EDGE('',*,*,#5802,.F.);
#5805=ORIENTED_EDGE('',*,*,#5804,.F.);
#5806=ORIENTED_EDGE('',*,*,#5785,.F.);
#5807=EDGE_LOOP('',(#5801,#5803,#5805,#5806));
#5808=FACE_OUTER_BOUND('',#5807,.F.);
#5809=ADVANCED_FACE('',(#5808),#5799,.T.);
#5810=CARTESIAN_POINT('',(1.006E1,-1.73E0,-4.875E0));
#5811=DIRECTION('',(0.E0,1.E0,0.E0));
#5812=DIRECTION('',(1.E0,0.E0,0.E0));
#5813=AXIS2_PLACEMENT_3D('',#5810,#5811,#5812);
#5814=PLANE('',#5813);
#5815=ORIENTED_EDGE('',*,*,#4721,.T.);
#5817=ORIENTED_EDGE('',*,*,#5816,.F.);
#5819=ORIENTED_EDGE('',*,*,#5818,.F.);
#5821=ORIENTED_EDGE('',*,*,#5820,.F.);
#5823=ORIENTED_EDGE('',*,*,#5822,.F.);
#5824=ORIENTED_EDGE('',*,*,#5778,.F.);
#5826=ORIENTED_EDGE('',*,*,#5825,.F.);
#5827=ORIENTED_EDGE('',*,*,#4689,.F.);
#5828=EDGE_LOOP('',(#5815,#5817,#5819,#5821,#5823,#5824,#5826,#5827));
#5829=FACE_OUTER_BOUND('',#5828,.F.);
#5830=ADVANCED_FACE('',(#5829),#5814,.T.);
#5831=CARTESIAN_POINT('',(-9.14E0,-1.73E0,2.54E0));
#5832=DIRECTION('',(0.E0,0.E0,1.E0));
#5833=DIRECTION('',(1.E0,0.E0,0.E0));
#5834=AXIS2_PLACEMENT_3D('',#5831,#5832,#5833);
#5835=PLANE('',#5834);
#5836=ORIENTED_EDGE('',*,*,#5800,.F.);
#5837=ORIENTED_EDGE('',*,*,#5783,.T.);
#5838=ORIENTED_EDGE('',*,*,#5631,.T.);
#5840=ORIENTED_EDGE('',*,*,#5839,.F.);
#5841=EDGE_LOOP('',(#5836,#5837,#5838,#5840));
#5842=FACE_OUTER_BOUND('',#5841,.F.);
#5843=ADVANCED_FACE('',(#5842),#5835,.F.);
#5844=CARTESIAN_POINT('',(9.14E0,5.45E0,3.175E0));
#5845=DIRECTION('',(1.E0,0.E0,0.E0));
#5846=DIRECTION('',(0.E0,0.E0,-1.E0));
#5847=AXIS2_PLACEMENT_3D('',#5844,#5845,#5846);
#5848=PLANE('',#5847);
#5849=ORIENTED_EDGE('',*,*,#5802,.T.);
#5850=ORIENTED_EDGE('',*,*,#5839,.T.);
#5851=ORIENTED_EDGE('',*,*,#5629,.T.);
#5853=ORIENTED_EDGE('',*,*,#5852,.F.);
#5854=ORIENTED_EDGE('',*,*,#5820,.T.);
#5856=ORIENTED_EDGE('',*,*,#5855,.F.);
#5858=ORIENTED_EDGE('',*,*,#5857,.F.);
#5860=ORIENTED_EDGE('',*,*,#5859,.T.);
#5861=EDGE_LOOP('',(#5849,#5850,#5851,#5853,#5854,#5856,#5858,#5860));
#5862=FACE_OUTER_BOUND('',#5861,.F.);
#5863=ADVANCED_FACE('',(#5862),#5848,.F.);
#5864=CARTESIAN_POINT('',(9.14E0,-1.73E0,-2.54E0));
#5865=DIRECTION('',(0.E0,0.E0,-1.E0));
#5866=DIRECTION('',(-1.E0,0.E0,0.E0));
#5867=AXIS2_PLACEMENT_3D('',#5864,#5865,#5866);
#5868=PLANE('',#5867);
#5869=ORIENTED_EDGE('',*,*,#5822,.T.);
#5870=ORIENTED_EDGE('',*,*,#5852,.T.);
#5871=ORIENTED_EDGE('',*,*,#5627,.T.);
#5872=ORIENTED_EDGE('',*,*,#5780,.F.);
#5873=EDGE_LOOP('',(#5869,#5870,#5871,#5872));
#5874=FACE_OUTER_BOUND('',#5873,.F.);
#5875=ADVANCED_FACE('',(#5874),#5868,.F.);
#5876=CARTESIAN_POINT('',(9.14E0,5.45E0,-3.175E0));
#5877=DIRECTION('',(0.E0,0.E0,-1.E0));
#5878=DIRECTION('',(-1.E0,0.E0,0.E0));
#5879=AXIS2_PLACEMENT_3D('',#5876,#5877,#5878);
#5880=PLANE('',#5879);
#5882=ORIENTED_EDGE('',*,*,#5881,.F.);
#5883=ORIENTED_EDGE('',*,*,#5855,.T.);
#5884=ORIENTED_EDGE('',*,*,#5818,.T.);
#5886=ORIENTED_EDGE('',*,*,#5885,.F.);
#5887=EDGE_LOOP('',(#5882,#5883,#5884,#5886));
#5888=FACE_OUTER_BOUND('',#5887,.F.);
#5889=ADVANCED_FACE('',(#5888),#5880,.F.);
#5890=CARTESIAN_POINT('',(9.14E0,5.45E0,-3.475E0));
#5891=DIRECTION('',(0.E0,7.071067811865E-1,7.071067811865E-1));
#5892=DIRECTION('',(-1.E0,0.E0,0.E0));
#5893=AXIS2_PLACEMENT_3D('',#5890,#5891,#5892);
#5894=PLANE('',#5893);
#5895=ORIENTED_EDGE('',*,*,#4623,.F.);
#5897=ORIENTED_EDGE('',*,*,#5896,.T.);
#5898=ORIENTED_EDGE('',*,*,#5881,.T.);
#5900=ORIENTED_EDGE('',*,*,#5899,.F.);
#5901=EDGE_LOOP('',(#5895,#5897,#5898,#5900));
#5902=FACE_OUTER_BOUND('',#5901,.F.);
#5903=ADVANCED_FACE('',(#5902),#5894,.T.);
#5904=CARTESIAN_POINT('',(9.44E0,5.45E0,3.175E0));
#5905=DIRECTION('',(-7.071067811865E-1,7.071067811865E-1,0.E0));
#5906=DIRECTION('',(0.E0,0.E0,-1.E0));
#5907=AXIS2_PLACEMENT_3D('',#5904,#5905,#5906);
#5908=PLANE('',#5907);
#5909=ORIENTED_EDGE('',*,*,#4621,.F.);
#5910=ORIENTED_EDGE('',*,*,#4648,.T.);
#5911=ORIENTED_EDGE('',*,*,#5857,.T.);
#5912=ORIENTED_EDGE('',*,*,#5896,.F.);
#5913=EDGE_LOOP('',(#5909,#5910,#5911,#5912));
#5914=FACE_OUTER_BOUND('',#5913,.F.);
#5915=ADVANCED_FACE('',(#5914),#5908,.T.);
#5916=CARTESIAN_POINT('',(2.012488663526E0,5.45E0,-3.175E0));
#5917=DIRECTION('',(9.961946980917E-1,0.E0,-8.715574274766E-2));
#5918=DIRECTION('',(-8.715574274766E-2,0.E0,-9.961946980917E-1));
#5919=AXIS2_PLACEMENT_3D('',#5916,#5917,#5918);
#5920=PLANE('',#5919);
#5921=ORIENTED_EDGE('',*,*,#4551,.F.);
#5923=ORIENTED_EDGE('',*,*,#5922,.F.);
#5925=ORIENTED_EDGE('',*,*,#5924,.F.);
#5926=ORIENTED_EDGE('',*,*,#4625,.F.);
#5927=ORIENTED_EDGE('',*,*,#5899,.T.);
#5928=ORIENTED_EDGE('',*,*,#5885,.T.);
#5929=ORIENTED_EDGE('',*,*,#5816,.T.);
#5930=ORIENTED_EDGE('',*,*,#4719,.T.);
#5931=EDGE_LOOP('',(#5921,#5923,#5925,#5926,#5927,#5928,#5929,#5930));
#5932=FACE_OUTER_BOUND('',#5931,.F.);
#5933=ADVANCED_FACE('',(#5932),#5920,.F.);
#5934=CARTESIAN_POINT('',(1.925E0,5.45E0,-4.175E0));
#5935=DIRECTION('',(0.E0,0.E0,-1.E0));
#5936=DIRECTION('',(-1.E0,0.E0,0.E0));
#5937=AXIS2_PLACEMENT_3D('',#5934,#5935,#5936);
#5938=PLANE('',#5937);
#5939=ORIENTED_EDGE('',*,*,#4549,.T.);
#5940=ORIENTED_EDGE('',*,*,#4697,.F.);
#5942=ORIENTED_EDGE('',*,*,#5941,.F.);
#5943=ORIENTED_EDGE('',*,*,#5922,.T.);
#5944=EDGE_LOOP('',(#5939,#5940,#5942,#5943));
#5945=FACE_OUTER_BOUND('',#5944,.F.);
#5946=ADVANCED_FACE('',(#5945),#5938,.F.);
#5947=CARTESIAN_POINT('',(1.898753400942E0,5.45E0,-4.475E0));
#5948=DIRECTION('',(0.E0,7.071067811865E-1,7.071067811865E-1));
#5949=DIRECTION('',(-1.E0,0.E0,0.E0));
#5950=AXIS2_PLACEMENT_3D('',#5947,#5948,#5949);
#5951=PLANE('',#5950);
#5952=ORIENTED_EDGE('',*,*,#4627,.F.);
#5953=ORIENTED_EDGE('',*,*,#5924,.T.);
#5954=ORIENTED_EDGE('',*,*,#5941,.T.);
#5955=ORIENTED_EDGE('',*,*,#4695,.F.);
#5956=EDGE_LOOP('',(#5952,#5953,#5954,#5955));
#5957=FACE_OUTER_BOUND('',#5956,.F.);
#5958=ADVANCED_FACE('',(#5957),#5951,.T.);
#5959=CARTESIAN_POINT('',(-9.14E0,5.45E0,3.175E0));
#5960=DIRECTION('',(0.E0,0.E0,1.E0));
#5961=DIRECTION('',(1.E0,0.E0,0.E0));
#5962=AXIS2_PLACEMENT_3D('',#5959,#5960,#5961);
#5963=PLANE('',#5962);
#5964=ORIENTED_EDGE('',*,*,#4646,.F.);
#5965=ORIENTED_EDGE('',*,*,#5787,.T.);
#5966=ORIENTED_EDGE('',*,*,#5804,.T.);
#5967=ORIENTED_EDGE('',*,*,#5859,.F.);
#5968=EDGE_LOOP('',(#5964,#5965,#5966,#5967));
#5969=FACE_OUTER_BOUND('',#5968,.F.);
#5970=ADVANCED_FACE('',(#5969),#5963,.F.);
#5971=CARTESIAN_POINT('',(-2.012488663526E0,5.45E0,-3.175E0));
#5972=DIRECTION('',(0.E0,0.E0,-1.E0));
#5973=DIRECTION('',(-1.E0,0.E0,0.E0));
#5974=AXIS2_PLACEMENT_3D('',#5971,#5972,#5973);
#5975=PLANE('',#5974);
#5976=ORIENTED_EDGE('',*,*,#4675,.F.);
#5977=ORIENTED_EDGE('',*,*,#4691,.T.);
#5978=ORIENTED_EDGE('',*,*,#5825,.T.);
#5979=ORIENTED_EDGE('',*,*,#5790,.F.);
#5980=EDGE_LOOP('',(#5976,#5977,#5978,#5979));
#5981=FACE_OUTER_BOUND('',#5980,.F.);
#5982=ADVANCED_FACE('',(#5981),#5975,.F.);
#5983=CARTESIAN_POINT('',(7.295E0,4.52E0,9.45E-1));
#5984=DIRECTION('',(0.E0,0.E0,-1.E0));
#5985=DIRECTION('',(1.E0,0.E0,0.E0));
#5986=AXIS2_PLACEMENT_3D('',#5983,#5984,#5985);
#5987=PLANE('',#5986);
#5989=ORIENTED_EDGE('',*,*,#5988,.T.);
#5990=ORIENTED_EDGE('',*,*,#5403,.T.);
#5991=ORIENTED_EDGE('',*,*,#5637,.T.);
#5992=ORIENTED_EDGE('',*,*,#5478,.F.);
#5993=EDGE_LOOP('',(#5989,#5990,#5991,#5992));
#5994=FACE_OUTER_BOUND('',#5993,.F.);
#5995=ADVANCED_FACE('',(#5994),#5987,.T.);
#5996=CARTESIAN_POINT('',(7.62E0,4.27E0,1.045E0));
#5997=DIRECTION('',(0.E0,3.713906763541E-1,-9.284766908853E-1));
#5998=DIRECTION('',(-1.E0,0.E0,0.E0));
#5999=AXIS2_PLACEMENT_3D('',#5996,#5997,#5998);
#6000=PLANE('',#5999);
#6001=ORIENTED_EDGE('',*,*,#5587,.T.);
#6003=ORIENTED_EDGE('',*,*,#6002,.T.);
#6004=ORIENTED_EDGE('',*,*,#5988,.F.);
#6005=ORIENTED_EDGE('',*,*,#5570,.F.);
#6006=EDGE_LOOP('',(#6001,#6003,#6004,#6005));
#6007=FACE_OUTER_BOUND('',#6006,.F.);
#6008=ADVANCED_FACE('',(#6007),#6000,.T.);
#6009=CARTESIAN_POINT('',(7.395E0,4.27E0,1.27E0));
#6010=DIRECTION('',(-9.284766908853E-1,3.713906763541E-1,0.E0));
#6011=DIRECTION('',(0.E0,0.E0,-1.E0));
#6012=AXIS2_PLACEMENT_3D('',#6009,#6010,#6011);
#6013=PLANE('',#6012);
#6014=ORIENTED_EDGE('',*,*,#5397,.F.);
#6015=ORIENTED_EDGE('',*,*,#6002,.F.);
#6016=ORIENTED_EDGE('',*,*,#5585,.T.);
#6017=ORIENTED_EDGE('',*,*,#5600,.T.);
#6018=EDGE_LOOP('',(#6014,#6015,#6016,#6017));
#6019=FACE_OUTER_BOUND('',#6018,.F.);
#6020=ADVANCED_FACE('',(#6019),#6013,.T.);
#6021=CARTESIAN_POINT('',(5.405E0,4.52E0,1.595E0));
#6022=DIRECTION('',(0.E0,0.E0,1.E0));
#6023=DIRECTION('',(-1.E0,0.E0,0.E0));
#6024=AXIS2_PLACEMENT_3D('',#6021,#6022,#6023);
#6025=PLANE('',#6024);
#6027=ORIENTED_EDGE('',*,*,#6026,.T.);
#6029=ORIENTED_EDGE('',*,*,#6028,.T.);
#6030=ORIENTED_EDGE('',*,*,#5642,.T.);
#6032=ORIENTED_EDGE('',*,*,#6031,.F.);
#6033=EDGE_LOOP('',(#6027,#6029,#6030,#6032));
#6034=FACE_OUTER_BOUND('',#6033,.F.);
#6035=ADVANCED_FACE('',(#6034),#6025,.T.);
#6036=CARTESIAN_POINT('',(5.08E0,4.27E0,1.495E0));
#6037=DIRECTION('',(0.E0,3.713906763541E-1,9.284766908853E-1));
#6038=DIRECTION('',(-1.E0,0.E0,0.E0));
#6039=AXIS2_PLACEMENT_3D('',#6036,#6037,#6038);
#6040=PLANE('',#6039);
#6041=ORIENTED_EDGE('',*,*,#6026,.F.);
#6043=ORIENTED_EDGE('',*,*,#6042,.F.);
#6045=ORIENTED_EDGE('',*,*,#6044,.T.);
#6047=ORIENTED_EDGE('',*,*,#6046,.T.);
#6048=EDGE_LOOP('',(#6041,#6043,#6045,#6047));
#6049=FACE_OUTER_BOUND('',#6048,.F.);
#6050=ADVANCED_FACE('',(#6049),#6040,.T.);
#6051=CARTESIAN_POINT('',(4.855E0,4.27E0,1.27E0));
#6052=DIRECTION('',(-9.284766908853E-1,3.713906763541E-1,0.E0));
#6053=DIRECTION('',(0.E0,0.E0,-1.E0));
#6054=AXIS2_PLACEMENT_3D('',#6051,#6052,#6053);
#6055=PLANE('',#6054);
#6057=ORIENTED_EDGE('',*,*,#6056,.F.);
#6059=ORIENTED_EDGE('',*,*,#6058,.F.);
#6061=ORIENTED_EDGE('',*,*,#6060,.T.);
#6062=ORIENTED_EDGE('',*,*,#6042,.T.);
#6063=EDGE_LOOP('',(#6057,#6059,#6061,#6062));
#6064=FACE_OUTER_BOUND('',#6063,.F.);
#6065=ADVANCED_FACE('',(#6064),#6055,.T.);
#6066=CARTESIAN_POINT('',(4.755E0,4.52E0,1.595E0));
#6067=DIRECTION('',(-1.E0,0.E0,0.E0));
#6068=DIRECTION('',(0.E0,0.E0,-1.E0));
#6069=AXIS2_PLACEMENT_3D('',#6066,#6067,#6068);
#6070=PLANE('',#6069);
#6072=ORIENTED_EDGE('',*,*,#6071,.T.);
#6074=ORIENTED_EDGE('',*,*,#6073,.F.);
#6076=ORIENTED_EDGE('',*,*,#6075,.F.);
#6077=ORIENTED_EDGE('',*,*,#5052,.F.);
#6079=ORIENTED_EDGE('',*,*,#6078,.T.);
#6081=ORIENTED_EDGE('',*,*,#6080,.T.);
#6082=EDGE_LOOP('',(#6072,#6074,#6076,#6077,#6079,#6081));
#6083=FACE_OUTER_BOUND('',#6082,.F.);
#6084=ADVANCED_FACE('',(#6083),#6070,.T.);
#6085=CARTESIAN_POINT('',(4.755E0,4.52E0,1.595E0));
#6086=DIRECTION('',(-1.E0,0.E0,0.E0));
#6087=DIRECTION('',(0.E0,0.E0,-1.E0));
#6088=AXIS2_PLACEMENT_3D('',#6085,#6086,#6087);
#6089=PLANE('',#6088);
#6090=ORIENTED_EDGE('',*,*,#6056,.T.);
#6091=ORIENTED_EDGE('',*,*,#6031,.T.);
#6092=ORIENTED_EDGE('',*,*,#5648,.T.);
#6094=ORIENTED_EDGE('',*,*,#6093,.F.);
#6095=EDGE_LOOP('',(#6090,#6091,#6092,#6094));
#6096=FACE_OUTER_BOUND('',#6095,.F.);
#6097=ADVANCED_FACE('',(#6096),#6089,.T.);
#6098=CARTESIAN_POINT('',(4.855E0,-5.088E0,7.525E0));
#6099=DIRECTION('',(-9.284766908853E-1,0.E0,3.713906763541E-1));
#6100=DIRECTION('',(0.E0,-1.E0,0.E0));
#6101=AXIS2_PLACEMENT_3D('',#6098,#6099,#6100);
#6102=PLANE('',#6101);
#6104=ORIENTED_EDGE('',*,*,#6103,.T.);
#6106=ORIENTED_EDGE('',*,*,#6105,.F.);
#6107=ORIENTED_EDGE('',*,*,#6071,.F.);
#6109=ORIENTED_EDGE('',*,*,#6108,.F.);
#6110=EDGE_LOOP('',(#6104,#6106,#6107,#6109));
#6111=FACE_OUTER_BOUND('',#6110,.F.);
#6112=ADVANCED_FACE('',(#6111),#6102,.T.);
#6113=CARTESIAN_POINT('',(5.08E0,-5.088E0,7.775E0));
#6114=DIRECTION('',(0.E0,0.E0,1.E0));
#6115=DIRECTION('',(0.E0,-1.E0,0.E0));
#6116=AXIS2_PLACEMENT_3D('',#6113,#6114,#6115);
#6117=PLANE('',#6116);
#6119=ORIENTED_EDGE('',*,*,#6118,.F.);
#6121=ORIENTED_EDGE('',*,*,#6120,.F.);
#6122=ORIENTED_EDGE('',*,*,#6103,.F.);
#6124=ORIENTED_EDGE('',*,*,#6123,.F.);
#6125=EDGE_LOOP('',(#6119,#6121,#6122,#6124));
#6126=FACE_OUTER_BOUND('',#6125,.F.);
#6127=ADVANCED_FACE('',(#6126),#6117,.T.);
#6128=CARTESIAN_POINT('',(5.305E0,-5.088E0,7.525E0));
#6129=DIRECTION('',(9.284766908853E-1,0.E0,3.713906763541E-1));
#6130=DIRECTION('',(0.E0,-1.E0,0.E0));
#6131=AXIS2_PLACEMENT_3D('',#6128,#6129,#6130);
#6132=PLANE('',#6131);
#6134=ORIENTED_EDGE('',*,*,#6133,.F.);
#6136=ORIENTED_EDGE('',*,*,#6135,.F.);
#6137=ORIENTED_EDGE('',*,*,#6118,.T.);
#6139=ORIENTED_EDGE('',*,*,#6138,.F.);
#6140=EDGE_LOOP('',(#6134,#6136,#6137,#6139));
#6141=FACE_OUTER_BOUND('',#6140,.F.);
#6142=ADVANCED_FACE('',(#6141),#6132,.T.);
#6143=CARTESIAN_POINT('',(5.405E0,4.52E0,9.45E-1));
#6144=DIRECTION('',(1.E0,0.E0,0.E0));
#6145=DIRECTION('',(0.E0,0.E0,1.E0));
#6146=AXIS2_PLACEMENT_3D('',#6143,#6144,#6145);
#6147=PLANE('',#6146);
#6148=ORIENTED_EDGE('',*,*,#6133,.T.);
#6150=ORIENTED_EDGE('',*,*,#6149,.F.);
#6152=ORIENTED_EDGE('',*,*,#6151,.F.);
#6153=ORIENTED_EDGE('',*,*,#5056,.T.);
#6155=ORIENTED_EDGE('',*,*,#6154,.T.);
#6157=ORIENTED_EDGE('',*,*,#6156,.T.);
#6158=EDGE_LOOP('',(#6148,#6150,#6152,#6153,#6155,#6157));
#6159=FACE_OUTER_BOUND('',#6158,.F.);
#6160=ADVANCED_FACE('',(#6159),#6147,.T.);
#6161=CARTESIAN_POINT('',(5.405E0,4.52E0,9.45E-1));
#6162=DIRECTION('',(1.E0,0.E0,0.E0));
#6163=DIRECTION('',(0.E0,0.E0,1.E0));
#6164=AXIS2_PLACEMENT_3D('',#6161,#6162,#6163);
#6165=PLANE('',#6164);
#6167=ORIENTED_EDGE('',*,*,#6166,.T.);
#6169=ORIENTED_EDGE('',*,*,#6168,.T.);
#6170=ORIENTED_EDGE('',*,*,#5644,.F.);
#6171=ORIENTED_EDGE('',*,*,#6028,.F.);
#6172=EDGE_LOOP('',(#6167,#6169,#6170,#6171));
#6173=FACE_OUTER_BOUND('',#6172,.F.);
#6174=ADVANCED_FACE('',(#6173),#6165,.T.);
#6175=CARTESIAN_POINT('',(5.405E0,-4.763E0,1.778E0));
#6176=DIRECTION('',(0.E0,1.E0,0.E0));
#6177=DIRECTION('',(-1.E0,0.E0,0.E0));
#6178=AXIS2_PLACEMENT_3D('',#6175,#6176,#6177);
#6179=PLANE('',#6178);
#6181=ORIENTED_EDGE('',*,*,#6180,.T.);
#6182=ORIENTED_EDGE('',*,*,#6080,.F.);
#6184=ORIENTED_EDGE('',*,*,#6183,.F.);
#6185=ORIENTED_EDGE('',*,*,#6149,.T.);
#6186=EDGE_LOOP('',(#6181,#6182,#6184,#6185));
#6187=FACE_OUTER_BOUND('',#6186,.F.);
#6188=ADVANCED_FACE('',(#6187),#6179,.T.);
#6189=CARTESIAN_POINT('',(5.08E0,-4.863E0,7.525E0));
#6190=DIRECTION('',(0.E0,9.284766908853E-1,3.713906763541E-1));
#6191=DIRECTION('',(-1.E0,0.E0,0.E0));
#6192=AXIS2_PLACEMENT_3D('',#6189,#6190,#6191);
#6193=PLANE('',#6192);
#6194=ORIENTED_EDGE('',*,*,#6180,.F.);
#6195=ORIENTED_EDGE('',*,*,#6138,.T.);
#6196=ORIENTED_EDGE('',*,*,#6123,.T.);
#6197=ORIENTED_EDGE('',*,*,#6108,.T.);
#6198=EDGE_LOOP('',(#6194,#6195,#6196,#6197));
#6199=FACE_OUTER_BOUND('',#6198,.F.);
#6200=ADVANCED_FACE('',(#6199),#6193,.T.);
#6201=CARTESIAN_POINT('',(6.08E0,-4.58E0,1.778E0));
#6202=DIRECTION('',(-1.E0,0.E0,0.E0));
#6203=DIRECTION('',(0.E0,0.E0,1.E0));
#6204=AXIS2_PLACEMENT_3D('',#6201,#6202,#6203);
#6205=CYLINDRICAL_SURFACE('',#6204,1.83E-1);
#6206=ORIENTED_EDGE('',*,*,#5058,.F.);
#6207=ORIENTED_EDGE('',*,*,#6151,.T.);
#6208=ORIENTED_EDGE('',*,*,#6183,.T.);
#6209=ORIENTED_EDGE('',*,*,#6078,.F.);
#6210=EDGE_LOOP('',(#6206,#6207,#6208,#6209));
#6211=FACE_OUTER_BOUND('',#6210,.F.);
#6212=ADVANCED_FACE('',(#6211),#6205,.F.);
#6213=CARTESIAN_POINT('',(6.08E0,-4.58E0,1.778E0));
#6214=DIRECTION('',(-1.E0,0.E0,0.E0));
#6215=DIRECTION('',(0.E0,0.E0,1.E0));
#6216=AXIS2_PLACEMENT_3D('',#6213,#6214,#6215);
#6217=CYLINDRICAL_SURFACE('',#6216,8.33E-1);
#6218=ORIENTED_EDGE('',*,*,#6075,.T.);
#6220=ORIENTED_EDGE('',*,*,#6219,.T.);
#6221=ORIENTED_EDGE('',*,*,#6154,.F.);
#6222=ORIENTED_EDGE('',*,*,#5054,.T.);
#6223=EDGE_LOOP('',(#6218,#6220,#6221,#6222));
#6224=FACE_OUTER_BOUND('',#6223,.F.);
#6225=ADVANCED_FACE('',(#6224),#6217,.T.);
#6226=CARTESIAN_POINT('',(4.755E0,-5.413E0,1.778E0));
#6227=DIRECTION('',(0.E0,-1.E0,0.E0));
#6228=DIRECTION('',(1.E0,0.E0,0.E0));
#6229=AXIS2_PLACEMENT_3D('',#6226,#6227,#6228);
#6230=PLANE('',#6229);
#6232=ORIENTED_EDGE('',*,*,#6231,.T.);
#6233=ORIENTED_EDGE('',*,*,#6156,.F.);
#6234=ORIENTED_EDGE('',*,*,#6219,.F.);
#6235=ORIENTED_EDGE('',*,*,#6073,.T.);
#6236=EDGE_LOOP('',(#6232,#6233,#6234,#6235));
#6237=FACE_OUTER_BOUND('',#6236,.F.);
#6238=ADVANCED_FACE('',(#6237),#6230,.T.);
#6239=CARTESIAN_POINT('',(5.08E0,-5.313E0,7.525E0));
#6240=DIRECTION('',(0.E0,-9.284766908853E-1,3.713906763541E-1));
#6241=DIRECTION('',(-1.E0,0.E0,0.E0));
#6242=AXIS2_PLACEMENT_3D('',#6239,#6240,#6241);
#6243=PLANE('',#6242);
#6244=ORIENTED_EDGE('',*,*,#6231,.F.);
#6245=ORIENTED_EDGE('',*,*,#6105,.T.);
#6246=ORIENTED_EDGE('',*,*,#6120,.T.);
#6247=ORIENTED_EDGE('',*,*,#6135,.T.);
#6248=EDGE_LOOP('',(#6244,#6245,#6246,#6247));
#6249=FACE_OUTER_BOUND('',#6248,.F.);
#6250=ADVANCED_FACE('',(#6249),#6243,.T.);
#6251=CARTESIAN_POINT('',(5.305E0,4.27E0,1.27E0));
#6252=DIRECTION('',(9.284766908853E-1,3.713906763541E-1,0.E0));
#6253=DIRECTION('',(0.E0,0.E0,-1.E0));
#6254=AXIS2_PLACEMENT_3D('',#6251,#6252,#6253);
#6255=PLANE('',#6254);
#6257=ORIENTED_EDGE('',*,*,#6256,.T.);
#6259=ORIENTED_EDGE('',*,*,#6258,.T.);
#6260=ORIENTED_EDGE('',*,*,#6166,.F.);
#6261=ORIENTED_EDGE('',*,*,#6046,.F.);
#6262=EDGE_LOOP('',(#6257,#6259,#6260,#6261));
#6263=FACE_OUTER_BOUND('',#6262,.F.);
#6264=ADVANCED_FACE('',(#6263),#6255,.T.);
#6265=CARTESIAN_POINT('',(5.08E0,4.52E0,1.27E0));
#6266=DIRECTION('',(0.E0,-1.E0,0.E0));
#6267=DIRECTION('',(0.E0,0.E0,-1.E0));
#6268=AXIS2_PLACEMENT_3D('',#6265,#6266,#6267);
#6269=PLANE('',#6268);
#6270=ORIENTED_EDGE('',*,*,#6044,.F.);
#6271=ORIENTED_EDGE('',*,*,#6060,.F.);
#6273=ORIENTED_EDGE('',*,*,#6272,.F.);
#6274=ORIENTED_EDGE('',*,*,#6256,.F.);
#6275=EDGE_LOOP('',(#6270,#6271,#6273,#6274));
#6276=FACE_OUTER_BOUND('',#6275,.F.);
#6277=ADVANCED_FACE('',(#6276),#6269,.F.);
#6278=CARTESIAN_POINT('',(5.08E0,4.27E0,1.045E0));
#6279=DIRECTION('',(0.E0,3.713906763541E-1,-9.284766908853E-1));
#6280=DIRECTION('',(-1.E0,0.E0,0.E0));
#6281=AXIS2_PLACEMENT_3D('',#6278,#6279,#6280);
#6282=PLANE('',#6281);
#6283=ORIENTED_EDGE('',*,*,#6272,.T.);
#6284=ORIENTED_EDGE('',*,*,#6058,.T.);
#6286=ORIENTED_EDGE('',*,*,#6285,.F.);
#6287=ORIENTED_EDGE('',*,*,#6258,.F.);
#6288=EDGE_LOOP('',(#6283,#6284,#6286,#6287));
#6289=FACE_OUTER_BOUND('',#6288,.F.);
#6290=ADVANCED_FACE('',(#6289),#6282,.T.);
#6291=CARTESIAN_POINT('',(4.755E0,4.52E0,9.45E-1));
#6292=DIRECTION('',(0.E0,0.E0,-1.E0));
#6293=DIRECTION('',(1.E0,0.E0,0.E0));
#6294=AXIS2_PLACEMENT_3D('',#6291,#6292,#6293);
#6295=PLANE('',#6294);
#6296=ORIENTED_EDGE('',*,*,#6285,.T.);
#6297=ORIENTED_EDGE('',*,*,#6093,.T.);
#6298=ORIENTED_EDGE('',*,*,#5646,.T.);
#6299=ORIENTED_EDGE('',*,*,#6168,.F.);
#6300=EDGE_LOOP('',(#6296,#6297,#6298,#6299));
#6301=FACE_OUTER_BOUND('',#6300,.F.);
#6302=ADVANCED_FACE('',(#6301),#6295,.T.);
#6303=CARTESIAN_POINT('',(2.865E0,4.52E0,1.595E0));
#6304=DIRECTION('',(0.E0,0.E0,1.E0));
#6305=DIRECTION('',(-1.E0,0.E0,0.E0));
#6306=AXIS2_PLACEMENT_3D('',#6303,#6304,#6305);
#6307=PLANE('',#6306);
#6309=ORIENTED_EDGE('',*,*,#6308,.T.);
#6311=ORIENTED_EDGE('',*,*,#6310,.T.);
#6312=ORIENTED_EDGE('',*,*,#5652,.T.);
#6314=ORIENTED_EDGE('',*,*,#6313,.F.);
#6315=EDGE_LOOP('',(#6309,#6311,#6312,#6314));
#6316=FACE_OUTER_BOUND('',#6315,.F.);
#6317=ADVANCED_FACE('',(#6316),#6307,.T.);
#6318=CARTESIAN_POINT('',(2.54E0,4.27E0,1.495E0));
#6319=DIRECTION('',(0.E0,3.713906763541E-1,9.284766908853E-1));
#6320=DIRECTION('',(-1.E0,0.E0,0.E0));
#6321=AXIS2_PLACEMENT_3D('',#6318,#6319,#6320);
#6322=PLANE('',#6321);
#6323=ORIENTED_EDGE('',*,*,#6308,.F.);
#6325=ORIENTED_EDGE('',*,*,#6324,.F.);
#6327=ORIENTED_EDGE('',*,*,#6326,.T.);
#6329=ORIENTED_EDGE('',*,*,#6328,.T.);
#6330=EDGE_LOOP('',(#6323,#6325,#6327,#6329));
#6331=FACE_OUTER_BOUND('',#6330,.F.);
#6332=ADVANCED_FACE('',(#6331),#6322,.T.);
#6333=CARTESIAN_POINT('',(2.315E0,4.27E0,1.27E0));
#6334=DIRECTION('',(-9.284766908853E-1,3.713906763541E-1,0.E0));
#6335=DIRECTION('',(0.E0,0.E0,-1.E0));
#6336=AXIS2_PLACEMENT_3D('',#6333,#6334,#6335);
#6337=PLANE('',#6336);
#6339=ORIENTED_EDGE('',*,*,#6338,.F.);
#6341=ORIENTED_EDGE('',*,*,#6340,.F.);
#6343=ORIENTED_EDGE('',*,*,#6342,.T.);
#6344=ORIENTED_EDGE('',*,*,#6324,.T.);
#6345=EDGE_LOOP('',(#6339,#6341,#6343,#6344));
#6346=FACE_OUTER_BOUND('',#6345,.F.);
#6347=ADVANCED_FACE('',(#6346),#6337,.T.);
#6348=CARTESIAN_POINT('',(2.215E0,4.52E0,1.595E0));
#6349=DIRECTION('',(-1.E0,0.E0,0.E0));
#6350=DIRECTION('',(0.E0,0.E0,-1.E0));
#6351=AXIS2_PLACEMENT_3D('',#6348,#6349,#6350);
#6352=PLANE('',#6351);
#6354=ORIENTED_EDGE('',*,*,#6353,.T.);
#6356=ORIENTED_EDGE('',*,*,#6355,.F.);
#6358=ORIENTED_EDGE('',*,*,#6357,.F.);
#6359=ORIENTED_EDGE('',*,*,#5062,.F.);
#6361=ORIENTED_EDGE('',*,*,#6360,.T.);
#6363=ORIENTED_EDGE('',*,*,#6362,.T.);
#6364=EDGE_LOOP('',(#6354,#6356,#6358,#6359,#6361,#6363));
#6365=FACE_OUTER_BOUND('',#6364,.F.);
#6366=ADVANCED_FACE('',(#6365),#6352,.T.);
#6367=CARTESIAN_POINT('',(2.215E0,4.52E0,1.595E0));
#6368=DIRECTION('',(-1.E0,0.E0,0.E0));
#6369=DIRECTION('',(0.E0,0.E0,-1.E0));
#6370=AXIS2_PLACEMENT_3D('',#6367,#6368,#6369);
#6371=PLANE('',#6370);
#6372=ORIENTED_EDGE('',*,*,#6338,.T.);
#6373=ORIENTED_EDGE('',*,*,#6313,.T.);
#6374=ORIENTED_EDGE('',*,*,#5658,.T.);
#6376=ORIENTED_EDGE('',*,*,#6375,.F.);
#6377=EDGE_LOOP('',(#6372,#6373,#6374,#6376));
#6378=FACE_OUTER_BOUND('',#6377,.F.);
#6379=ADVANCED_FACE('',(#6378),#6371,.T.);
#6380=CARTESIAN_POINT('',(2.315E0,-5.088E0,7.525E0));
#6381=DIRECTION('',(-9.284766908853E-1,0.E0,3.713906763541E-1));
#6382=DIRECTION('',(0.E0,-1.E0,0.E0));
#6383=AXIS2_PLACEMENT_3D('',#6380,#6381,#6382);
#6384=PLANE('',#6383);
#6386=ORIENTED_EDGE('',*,*,#6385,.T.);
#6388=ORIENTED_EDGE('',*,*,#6387,.F.);
#6389=ORIENTED_EDGE('',*,*,#6353,.F.);
#6391=ORIENTED_EDGE('',*,*,#6390,.F.);
#6392=EDGE_LOOP('',(#6386,#6388,#6389,#6391));
#6393=FACE_OUTER_BOUND('',#6392,.F.);
#6394=ADVANCED_FACE('',(#6393),#6384,.T.);
#6395=CARTESIAN_POINT('',(2.54E0,-5.088E0,7.775E0));
#6396=DIRECTION('',(0.E0,0.E0,1.E0));
#6397=DIRECTION('',(0.E0,-1.E0,0.E0));
#6398=AXIS2_PLACEMENT_3D('',#6395,#6396,#6397);
#6399=PLANE('',#6398);
#6401=ORIENTED_EDGE('',*,*,#6400,.F.);
#6403=ORIENTED_EDGE('',*,*,#6402,.F.);
#6404=ORIENTED_EDGE('',*,*,#6385,.F.);
#6406=ORIENTED_EDGE('',*,*,#6405,.F.);
#6407=EDGE_LOOP('',(#6401,#6403,#6404,#6406));
#6408=FACE_OUTER_BOUND('',#6407,.F.);
#6409=ADVANCED_FACE('',(#6408),#6399,.T.);
#6410=CARTESIAN_POINT('',(2.765E0,-5.088E0,7.525E0));
#6411=DIRECTION('',(9.284766908853E-1,0.E0,3.713906763541E-1));
#6412=DIRECTION('',(0.E0,-1.E0,0.E0));
#6413=AXIS2_PLACEMENT_3D('',#6410,#6411,#6412);
#6414=PLANE('',#6413);
#6416=ORIENTED_EDGE('',*,*,#6415,.F.);
#6418=ORIENTED_EDGE('',*,*,#6417,.F.);
#6419=ORIENTED_EDGE('',*,*,#6400,.T.);
#6421=ORIENTED_EDGE('',*,*,#6420,.F.);
#6422=EDGE_LOOP('',(#6416,#6418,#6419,#6421));
#6423=FACE_OUTER_BOUND('',#6422,.F.);
#6424=ADVANCED_FACE('',(#6423),#6414,.T.);
#6425=CARTESIAN_POINT('',(2.865E0,4.52E0,9.45E-1));
#6426=DIRECTION('',(1.E0,0.E0,0.E0));
#6427=DIRECTION('',(0.E0,0.E0,1.E0));
#6428=AXIS2_PLACEMENT_3D('',#6425,#6426,#6427);
#6429=PLANE('',#6428);
#6430=ORIENTED_EDGE('',*,*,#6415,.T.);
#6432=ORIENTED_EDGE('',*,*,#6431,.F.);
#6434=ORIENTED_EDGE('',*,*,#6433,.F.);
#6435=ORIENTED_EDGE('',*,*,#5066,.T.);
#6437=ORIENTED_EDGE('',*,*,#6436,.T.);
#6439=ORIENTED_EDGE('',*,*,#6438,.T.);
#6440=EDGE_LOOP('',(#6430,#6432,#6434,#6435,#6437,#6439));
#6441=FACE_OUTER_BOUND('',#6440,.F.);
#6442=ADVANCED_FACE('',(#6441),#6429,.T.);
#6443=CARTESIAN_POINT('',(2.865E0,4.52E0,9.45E-1));
#6444=DIRECTION('',(1.E0,0.E0,0.E0));
#6445=DIRECTION('',(0.E0,0.E0,1.E0));
#6446=AXIS2_PLACEMENT_3D('',#6443,#6444,#6445);
#6447=PLANE('',#6446);
#6449=ORIENTED_EDGE('',*,*,#6448,.T.);
#6451=ORIENTED_EDGE('',*,*,#6450,.T.);
#6452=ORIENTED_EDGE('',*,*,#5654,.F.);
#6453=ORIENTED_EDGE('',*,*,#6310,.F.);
#6454=EDGE_LOOP('',(#6449,#6451,#6452,#6453));
#6455=FACE_OUTER_BOUND('',#6454,.F.);
#6456=ADVANCED_FACE('',(#6455),#6447,.T.);
#6457=CARTESIAN_POINT('',(2.865E0,-4.763E0,1.778E0));
#6458=DIRECTION('',(0.E0,1.E0,0.E0));
#6459=DIRECTION('',(-1.E0,0.E0,0.E0));
#6460=AXIS2_PLACEMENT_3D('',#6457,#6458,#6459);
#6461=PLANE('',#6460);
#6463=ORIENTED_EDGE('',*,*,#6462,.T.);
#6464=ORIENTED_EDGE('',*,*,#6362,.F.);
#6466=ORIENTED_EDGE('',*,*,#6465,.F.);
#6467=ORIENTED_EDGE('',*,*,#6431,.T.);
#6468=EDGE_LOOP('',(#6463,#6464,#6466,#6467));
#6469=FACE_OUTER_BOUND('',#6468,.F.);
#6470=ADVANCED_FACE('',(#6469),#6461,.T.);
#6471=CARTESIAN_POINT('',(2.54E0,-4.863E0,7.525E0));
#6472=DIRECTION('',(0.E0,9.284766908853E-1,3.713906763541E-1));
#6473=DIRECTION('',(-1.E0,0.E0,0.E0));
#6474=AXIS2_PLACEMENT_3D('',#6471,#6472,#6473);
#6475=PLANE('',#6474);
#6476=ORIENTED_EDGE('',*,*,#6462,.F.);
#6477=ORIENTED_EDGE('',*,*,#6420,.T.);
#6478=ORIENTED_EDGE('',*,*,#6405,.T.);
#6479=ORIENTED_EDGE('',*,*,#6390,.T.);
#6480=EDGE_LOOP('',(#6476,#6477,#6478,#6479));
#6481=FACE_OUTER_BOUND('',#6480,.F.);
#6482=ADVANCED_FACE('',(#6481),#6475,.T.);
#6483=CARTESIAN_POINT('',(3.54E0,-4.58E0,1.778E0));
#6484=DIRECTION('',(-1.E0,0.E0,0.E0));
#6485=DIRECTION('',(0.E0,0.E0,1.E0));
#6486=AXIS2_PLACEMENT_3D('',#6483,#6484,#6485);
#6487=CYLINDRICAL_SURFACE('',#6486,1.83E-1);
#6488=ORIENTED_EDGE('',*,*,#5068,.F.);
#6489=ORIENTED_EDGE('',*,*,#6433,.T.);
#6490=ORIENTED_EDGE('',*,*,#6465,.T.);
#6491=ORIENTED_EDGE('',*,*,#6360,.F.);
#6492=EDGE_LOOP('',(#6488,#6489,#6490,#6491));
#6493=FACE_OUTER_BOUND('',#6492,.F.);
#6494=ADVANCED_FACE('',(#6493),#6487,.F.);
#6495=CARTESIAN_POINT('',(3.54E0,-4.58E0,1.778E0));
#6496=DIRECTION('',(-1.E0,0.E0,0.E0));
#6497=DIRECTION('',(0.E0,0.E0,1.E0));
#6498=AXIS2_PLACEMENT_3D('',#6495,#6496,#6497);
#6499=CYLINDRICAL_SURFACE('',#6498,8.33E-1);
#6500=ORIENTED_EDGE('',*,*,#6357,.T.);
#6502=ORIENTED_EDGE('',*,*,#6501,.T.);
#6503=ORIENTED_EDGE('',*,*,#6436,.F.);
#6504=ORIENTED_EDGE('',*,*,#5064,.T.);
#6505=EDGE_LOOP('',(#6500,#6502,#6503,#6504));
#6506=FACE_OUTER_BOUND('',#6505,.F.);
#6507=ADVANCED_FACE('',(#6506),#6499,.T.);
#6508=CARTESIAN_POINT('',(2.215E0,-5.413E0,1.778E0));
#6509=DIRECTION('',(0.E0,-1.E0,0.E0));
#6510=DIRECTION('',(1.E0,0.E0,0.E0));
#6511=AXIS2_PLACEMENT_3D('',#6508,#6509,#6510);
#6512=PLANE('',#6511);
#6514=ORIENTED_EDGE('',*,*,#6513,.T.);
#6515=ORIENTED_EDGE('',*,*,#6438,.F.);
#6516=ORIENTED_EDGE('',*,*,#6501,.F.);
#6517=ORIENTED_EDGE('',*,*,#6355,.T.);
#6518=EDGE_LOOP('',(#6514,#6515,#6516,#6517));
#6519=FACE_OUTER_BOUND('',#6518,.F.);
#6520=ADVANCED_FACE('',(#6519),#6512,.T.);
#6521=CARTESIAN_POINT('',(2.54E0,-5.313E0,7.525E0));
#6522=DIRECTION('',(0.E0,-9.284766908853E-1,3.713906763541E-1));
#6523=DIRECTION('',(-1.E0,0.E0,0.E0));
#6524=AXIS2_PLACEMENT_3D('',#6521,#6522,#6523);
#6525=PLANE('',#6524);
#6526=ORIENTED_EDGE('',*,*,#6513,.F.);
#6527=ORIENTED_EDGE('',*,*,#6387,.T.);
#6528=ORIENTED_EDGE('',*,*,#6402,.T.);
#6529=ORIENTED_EDGE('',*,*,#6417,.T.);
#6530=EDGE_LOOP('',(#6526,#6527,#6528,#6529));
#6531=FACE_OUTER_BOUND('',#6530,.F.);
#6532=ADVANCED_FACE('',(#6531),#6525,.T.);
#6533=CARTESIAN_POINT('',(2.765E0,4.27E0,1.27E0));
#6534=DIRECTION('',(9.284766908853E-1,3.713906763541E-1,0.E0));
#6535=DIRECTION('',(0.E0,0.E0,-1.E0));
#6536=AXIS2_PLACEMENT_3D('',#6533,#6534,#6535);
#6537=PLANE('',#6536);
#6539=ORIENTED_EDGE('',*,*,#6538,.T.);
#6541=ORIENTED_EDGE('',*,*,#6540,.T.);
#6542=ORIENTED_EDGE('',*,*,#6448,.F.);
#6543=ORIENTED_EDGE('',*,*,#6328,.F.);
#6544=EDGE_LOOP('',(#6539,#6541,#6542,#6543));
#6545=FACE_OUTER_BOUND('',#6544,.F.);
#6546=ADVANCED_FACE('',(#6545),#6537,.T.);
#6547=CARTESIAN_POINT('',(2.54E0,4.52E0,1.27E0));
#6548=DIRECTION('',(0.E0,-1.E0,0.E0));
#6549=DIRECTION('',(0.E0,0.E0,-1.E0));
#6550=AXIS2_PLACEMENT_3D('',#6547,#6548,#6549);
#6551=PLANE('',#6550);
#6552=ORIENTED_EDGE('',*,*,#6326,.F.);
#6553=ORIENTED_EDGE('',*,*,#6342,.F.);
#6555=ORIENTED_EDGE('',*,*,#6554,.F.);
#6556=ORIENTED_EDGE('',*,*,#6538,.F.);
#6557=EDGE_LOOP('',(#6552,#6553,#6555,#6556));
#6558=FACE_OUTER_BOUND('',#6557,.F.);
#6559=ADVANCED_FACE('',(#6558),#6551,.F.);
#6560=CARTESIAN_POINT('',(2.54E0,4.27E0,1.045E0));
#6561=DIRECTION('',(0.E0,3.713906763541E-1,-9.284766908853E-1));
#6562=DIRECTION('',(-1.E0,0.E0,0.E0));
#6563=AXIS2_PLACEMENT_3D('',#6560,#6561,#6562);
#6564=PLANE('',#6563);
#6565=ORIENTED_EDGE('',*,*,#6554,.T.);
#6566=ORIENTED_EDGE('',*,*,#6340,.T.);
#6568=ORIENTED_EDGE('',*,*,#6567,.F.);
#6569=ORIENTED_EDGE('',*,*,#6540,.F.);
#6570=EDGE_LOOP('',(#6565,#6566,#6568,#6569));
#6571=FACE_OUTER_BOUND('',#6570,.F.);
#6572=ADVANCED_FACE('',(#6571),#6564,.T.);
#6573=CARTESIAN_POINT('',(2.215E0,4.52E0,9.45E-1));
#6574=DIRECTION('',(0.E0,0.E0,-1.E0));
#6575=DIRECTION('',(1.E0,0.E0,0.E0));
#6576=AXIS2_PLACEMENT_3D('',#6573,#6574,#6575);
#6577=PLANE('',#6576);
#6578=ORIENTED_EDGE('',*,*,#6567,.T.);
#6579=ORIENTED_EDGE('',*,*,#6375,.T.);
#6580=ORIENTED_EDGE('',*,*,#5656,.T.);
#6581=ORIENTED_EDGE('',*,*,#6450,.F.);
#6582=EDGE_LOOP('',(#6578,#6579,#6580,#6581));
#6583=FACE_OUTER_BOUND('',#6582,.F.);
#6584=ADVANCED_FACE('',(#6583),#6577,.T.);
#6585=CARTESIAN_POINT('',(3.25E-1,4.52E0,1.595E0));
#6586=DIRECTION('',(0.E0,0.E0,1.E0));
#6587=DIRECTION('',(-1.E0,0.E0,0.E0));
#6588=AXIS2_PLACEMENT_3D('',#6585,#6586,#6587);
#6589=PLANE('',#6588);
#6591=ORIENTED_EDGE('',*,*,#6590,.T.);
#6593=ORIENTED_EDGE('',*,*,#6592,.T.);
#6594=ORIENTED_EDGE('',*,*,#5662,.T.);
#6596=ORIENTED_EDGE('',*,*,#6595,.F.);
#6597=EDGE_LOOP('',(#6591,#6593,#6594,#6596));
#6598=FACE_OUTER_BOUND('',#6597,.F.);
#6599=ADVANCED_FACE('',(#6598),#6589,.T.);
#6600=CARTESIAN_POINT('',(0.E0,4.27E0,1.495E0));
#6601=DIRECTION('',(0.E0,3.713906763541E-1,9.284766908853E-1));
#6602=DIRECTION('',(-1.E0,0.E0,0.E0));
#6603=AXIS2_PLACEMENT_3D('',#6600,#6601,#6602);
#6604=PLANE('',#6603);
#6605=ORIENTED_EDGE('',*,*,#6590,.F.);
#6607=ORIENTED_EDGE('',*,*,#6606,.F.);
#6609=ORIENTED_EDGE('',*,*,#6608,.T.);
#6611=ORIENTED_EDGE('',*,*,#6610,.T.);
#6612=EDGE_LOOP('',(#6605,#6607,#6609,#6611));
#6613=FACE_OUTER_BOUND('',#6612,.F.);
#6614=ADVANCED_FACE('',(#6613),#6604,.T.);
#6615=CARTESIAN_POINT('',(-2.25E-1,4.27E0,1.27E0));
#6616=DIRECTION('',(-9.284766908853E-1,3.713906763541E-1,0.E0));
#6617=DIRECTION('',(0.E0,0.E0,-1.E0));
#6618=AXIS2_PLACEMENT_3D('',#6615,#6616,#6617);
#6619=PLANE('',#6618);
#6621=ORIENTED_EDGE('',*,*,#6620,.F.);
#6623=ORIENTED_EDGE('',*,*,#6622,.F.);
#6625=ORIENTED_EDGE('',*,*,#6624,.T.);
#6626=ORIENTED_EDGE('',*,*,#6606,.T.);
#6627=EDGE_LOOP('',(#6621,#6623,#6625,#6626));
#6628=FACE_OUTER_BOUND('',#6627,.F.);
#6629=ADVANCED_FACE('',(#6628),#6619,.T.);
#6630=CARTESIAN_POINT('',(-3.25E-1,4.52E0,1.595E0));
#6631=DIRECTION('',(-1.E0,0.E0,0.E0));
#6632=DIRECTION('',(0.E0,0.E0,-1.E0));
#6633=AXIS2_PLACEMENT_3D('',#6630,#6631,#6632);
#6634=PLANE('',#6633);
#6636=ORIENTED_EDGE('',*,*,#6635,.T.);
#6638=ORIENTED_EDGE('',*,*,#6637,.F.);
#6640=ORIENTED_EDGE('',*,*,#6639,.F.);
#6641=ORIENTED_EDGE('',*,*,#5072,.F.);
#6643=ORIENTED_EDGE('',*,*,#6642,.T.);
#6645=ORIENTED_EDGE('',*,*,#6644,.T.);
#6646=EDGE_LOOP('',(#6636,#6638,#6640,#6641,#6643,#6645));
#6647=FACE_OUTER_BOUND('',#6646,.F.);
#6648=ADVANCED_FACE('',(#6647),#6634,.T.);
#6649=CARTESIAN_POINT('',(-3.25E-1,4.52E0,1.595E0));
#6650=DIRECTION('',(-1.E0,0.E0,0.E0));
#6651=DIRECTION('',(0.E0,0.E0,-1.E0));
#6652=AXIS2_PLACEMENT_3D('',#6649,#6650,#6651);
#6653=PLANE('',#6652);
#6654=ORIENTED_EDGE('',*,*,#6620,.T.);
#6655=ORIENTED_EDGE('',*,*,#6595,.T.);
#6656=ORIENTED_EDGE('',*,*,#5668,.T.);
#6658=ORIENTED_EDGE('',*,*,#6657,.F.);
#6659=EDGE_LOOP('',(#6654,#6655,#6656,#6658));
#6660=FACE_OUTER_BOUND('',#6659,.F.);
#6661=ADVANCED_FACE('',(#6660),#6653,.T.);
#6662=CARTESIAN_POINT('',(-2.25E-1,-5.088E0,7.525E0));
#6663=DIRECTION('',(-9.284766908853E-1,0.E0,3.713906763541E-1));
#6664=DIRECTION('',(0.E0,-1.E0,0.E0));
#6665=AXIS2_PLACEMENT_3D('',#6662,#6663,#6664);
#6666=PLANE('',#6665);
#6668=ORIENTED_EDGE('',*,*,#6667,.T.);
#6670=ORIENTED_EDGE('',*,*,#6669,.F.);
#6671=ORIENTED_EDGE('',*,*,#6635,.F.);
#6673=ORIENTED_EDGE('',*,*,#6672,.F.);
#6674=EDGE_LOOP('',(#6668,#6670,#6671,#6673));
#6675=FACE_OUTER_BOUND('',#6674,.F.);
#6676=ADVANCED_FACE('',(#6675),#6666,.T.);
#6677=CARTESIAN_POINT('',(0.E0,-5.088E0,7.775E0));
#6678=DIRECTION('',(0.E0,0.E0,1.E0));
#6679=DIRECTION('',(0.E0,-1.E0,0.E0));
#6680=AXIS2_PLACEMENT_3D('',#6677,#6678,#6679);
#6681=PLANE('',#6680);
#6683=ORIENTED_EDGE('',*,*,#6682,.F.);
#6685=ORIENTED_EDGE('',*,*,#6684,.F.);
#6686=ORIENTED_EDGE('',*,*,#6667,.F.);
#6688=ORIENTED_EDGE('',*,*,#6687,.F.);
#6689=EDGE_LOOP('',(#6683,#6685,#6686,#6688));
#6690=FACE_OUTER_BOUND('',#6689,.F.);
#6691=ADVANCED_FACE('',(#6690),#6681,.T.);
#6692=CARTESIAN_POINT('',(2.25E-1,-5.088E0,7.525E0));
#6693=DIRECTION('',(9.284766908853E-1,0.E0,3.713906763541E-1));
#6694=DIRECTION('',(0.E0,-1.E0,0.E0));
#6695=AXIS2_PLACEMENT_3D('',#6692,#6693,#6694);
#6696=PLANE('',#6695);
#6698=ORIENTED_EDGE('',*,*,#6697,.F.);
#6700=ORIENTED_EDGE('',*,*,#6699,.F.);
#6701=ORIENTED_EDGE('',*,*,#6682,.T.);
#6703=ORIENTED_EDGE('',*,*,#6702,.F.);
#6704=EDGE_LOOP('',(#6698,#6700,#6701,#6703));
#6705=FACE_OUTER_BOUND('',#6704,.F.);
#6706=ADVANCED_FACE('',(#6705),#6696,.T.);
#6707=CARTESIAN_POINT('',(3.25E-1,4.52E0,9.45E-1));
#6708=DIRECTION('',(1.E0,0.E0,0.E0));
#6709=DIRECTION('',(0.E0,0.E0,1.E0));
#6710=AXIS2_PLACEMENT_3D('',#6707,#6708,#6709);
#6711=PLANE('',#6710);
#6712=ORIENTED_EDGE('',*,*,#6697,.T.);
#6714=ORIENTED_EDGE('',*,*,#6713,.F.);
#6716=ORIENTED_EDGE('',*,*,#6715,.F.);
#6717=ORIENTED_EDGE('',*,*,#5076,.T.);
#6719=ORIENTED_EDGE('',*,*,#6718,.T.);
#6721=ORIENTED_EDGE('',*,*,#6720,.T.);
#6722=EDGE_LOOP('',(#6712,#6714,#6716,#6717,#6719,#6721));
#6723=FACE_OUTER_BOUND('',#6722,.F.);
#6724=ADVANCED_FACE('',(#6723),#6711,.T.);
#6725=CARTESIAN_POINT('',(3.25E-1,4.52E0,9.45E-1));
#6726=DIRECTION('',(1.E0,0.E0,0.E0));
#6727=DIRECTION('',(0.E0,0.E0,1.E0));
#6728=AXIS2_PLACEMENT_3D('',#6725,#6726,#6727);
#6729=PLANE('',#6728);
#6731=ORIENTED_EDGE('',*,*,#6730,.T.);
#6733=ORIENTED_EDGE('',*,*,#6732,.T.);
#6734=ORIENTED_EDGE('',*,*,#5664,.F.);
#6735=ORIENTED_EDGE('',*,*,#6592,.F.);
#6736=EDGE_LOOP('',(#6731,#6733,#6734,#6735));
#6737=FACE_OUTER_BOUND('',#6736,.F.);
#6738=ADVANCED_FACE('',(#6737),#6729,.T.);
#6739=CARTESIAN_POINT('',(3.25E-1,-4.763E0,1.778E0));
#6740=DIRECTION('',(0.E0,1.E0,0.E0));
#6741=DIRECTION('',(-1.E0,0.E0,0.E0));
#6742=AXIS2_PLACEMENT_3D('',#6739,#6740,#6741);
#6743=PLANE('',#6742);
#6745=ORIENTED_EDGE('',*,*,#6744,.T.);
#6746=ORIENTED_EDGE('',*,*,#6644,.F.);
#6748=ORIENTED_EDGE('',*,*,#6747,.F.);
#6749=ORIENTED_EDGE('',*,*,#6713,.T.);
#6750=EDGE_LOOP('',(#6745,#6746,#6748,#6749));
#6751=FACE_OUTER_BOUND('',#6750,.F.);
#6752=ADVANCED_FACE('',(#6751),#6743,.T.);
#6753=CARTESIAN_POINT('',(0.E0,-4.863E0,7.525E0));
#6754=DIRECTION('',(0.E0,9.284766908853E-1,3.713906763541E-1));
#6755=DIRECTION('',(-1.E0,0.E0,0.E0));
#6756=AXIS2_PLACEMENT_3D('',#6753,#6754,#6755);
#6757=PLANE('',#6756);
#6758=ORIENTED_EDGE('',*,*,#6744,.F.);
#6759=ORIENTED_EDGE('',*,*,#6702,.T.);
#6760=ORIENTED_EDGE('',*,*,#6687,.T.);
#6761=ORIENTED_EDGE('',*,*,#6672,.T.);
#6762=EDGE_LOOP('',(#6758,#6759,#6760,#6761));
#6763=FACE_OUTER_BOUND('',#6762,.F.);
#6764=ADVANCED_FACE('',(#6763),#6757,.T.);
#6765=CARTESIAN_POINT('',(1.E0,-4.58E0,1.778E0));
#6766=DIRECTION('',(-1.E0,0.E0,0.E0));
#6767=DIRECTION('',(0.E0,0.E0,1.E0));
#6768=AXIS2_PLACEMENT_3D('',#6765,#6766,#6767);
#6769=CYLINDRICAL_SURFACE('',#6768,1.83E-1);
#6770=ORIENTED_EDGE('',*,*,#5078,.F.);
#6771=ORIENTED_EDGE('',*,*,#6715,.T.);
#6772=ORIENTED_EDGE('',*,*,#6747,.T.);
#6773=ORIENTED_EDGE('',*,*,#6642,.F.);
#6774=EDGE_LOOP('',(#6770,#6771,#6772,#6773));
#6775=FACE_OUTER_BOUND('',#6774,.F.);
#6776=ADVANCED_FACE('',(#6775),#6769,.F.);
#6777=CARTESIAN_POINT('',(1.E0,-4.58E0,1.778E0));
#6778=DIRECTION('',(-1.E0,0.E0,0.E0));
#6779=DIRECTION('',(0.E0,0.E0,1.E0));
#6780=AXIS2_PLACEMENT_3D('',#6777,#6778,#6779);
#6781=CYLINDRICAL_SURFACE('',#6780,8.33E-1);
#6782=ORIENTED_EDGE('',*,*,#6639,.T.);
#6784=ORIENTED_EDGE('',*,*,#6783,.T.);
#6785=ORIENTED_EDGE('',*,*,#6718,.F.);
#6786=ORIENTED_EDGE('',*,*,#5074,.T.);
#6787=EDGE_LOOP('',(#6782,#6784,#6785,#6786));
#6788=FACE_OUTER_BOUND('',#6787,.F.);
#6789=ADVANCED_FACE('',(#6788),#6781,.T.);
#6790=CARTESIAN_POINT('',(-3.25E-1,-5.413E0,1.778E0));
#6791=DIRECTION('',(0.E0,-1.E0,0.E0));
#6792=DIRECTION('',(1.E0,0.E0,0.E0));
#6793=AXIS2_PLACEMENT_3D('',#6790,#6791,#6792);
#6794=PLANE('',#6793);
#6796=ORIENTED_EDGE('',*,*,#6795,.T.);
#6797=ORIENTED_EDGE('',*,*,#6720,.F.);
#6798=ORIENTED_EDGE('',*,*,#6783,.F.);
#6799=ORIENTED_EDGE('',*,*,#6637,.T.);
#6800=EDGE_LOOP('',(#6796,#6797,#6798,#6799));
#6801=FACE_OUTER_BOUND('',#6800,.F.);
#6802=ADVANCED_FACE('',(#6801),#6794,.T.);
#6803=CARTESIAN_POINT('',(0.E0,-5.313E0,7.525E0));
#6804=DIRECTION('',(0.E0,-9.284766908853E-1,3.713906763541E-1));
#6805=DIRECTION('',(-1.E0,0.E0,0.E0));
#6806=AXIS2_PLACEMENT_3D('',#6803,#6804,#6805);
#6807=PLANE('',#6806);
#6808=ORIENTED_EDGE('',*,*,#6795,.F.);
#6809=ORIENTED_EDGE('',*,*,#6669,.T.);
#6810=ORIENTED_EDGE('',*,*,#6684,.T.);
#6811=ORIENTED_EDGE('',*,*,#6699,.T.);
#6812=EDGE_LOOP('',(#6808,#6809,#6810,#6811));
#6813=FACE_OUTER_BOUND('',#6812,.F.);
#6814=ADVANCED_FACE('',(#6813),#6807,.T.);
#6815=CARTESIAN_POINT('',(2.25E-1,4.27E0,1.27E0));
#6816=DIRECTION('',(9.284766908853E-1,3.713906763541E-1,0.E0));
#6817=DIRECTION('',(0.E0,0.E0,-1.E0));
#6818=AXIS2_PLACEMENT_3D('',#6815,#6816,#6817);
#6819=PLANE('',#6818);
#6821=ORIENTED_EDGE('',*,*,#6820,.T.);
#6823=ORIENTED_EDGE('',*,*,#6822,.T.);
#6824=ORIENTED_EDGE('',*,*,#6730,.F.);
#6825=ORIENTED_EDGE('',*,*,#6610,.F.);
#6826=EDGE_LOOP('',(#6821,#6823,#6824,#6825));
#6827=FACE_OUTER_BOUND('',#6826,.F.);
#6828=ADVANCED_FACE('',(#6827),#6819,.T.);
#6829=CARTESIAN_POINT('',(0.E0,4.52E0,1.27E0));
#6830=DIRECTION('',(0.E0,-1.E0,0.E0));
#6831=DIRECTION('',(0.E0,0.E0,-1.E0));
#6832=AXIS2_PLACEMENT_3D('',#6829,#6830,#6831);
#6833=PLANE('',#6832);
#6834=ORIENTED_EDGE('',*,*,#6608,.F.);
#6835=ORIENTED_EDGE('',*,*,#6624,.F.);
#6837=ORIENTED_EDGE('',*,*,#6836,.F.);
#6838=ORIENTED_EDGE('',*,*,#6820,.F.);
#6839=EDGE_LOOP('',(#6834,#6835,#6837,#6838));
#6840=FACE_OUTER_BOUND('',#6839,.F.);
#6841=ADVANCED_FACE('',(#6840),#6833,.F.);
#6842=CARTESIAN_POINT('',(0.E0,4.27E0,1.045E0));
#6843=DIRECTION('',(0.E0,3.713906763541E-1,-9.284766908853E-1));
#6844=DIRECTION('',(-1.E0,0.E0,0.E0));
#6845=AXIS2_PLACEMENT_3D('',#6842,#6843,#6844);
#6846=PLANE('',#6845);
#6847=ORIENTED_EDGE('',*,*,#6836,.T.);
#6848=ORIENTED_EDGE('',*,*,#6622,.T.);
#6850=ORIENTED_EDGE('',*,*,#6849,.F.);
#6851=ORIENTED_EDGE('',*,*,#6822,.F.);
#6852=EDGE_LOOP('',(#6847,#6848,#6850,#6851));
#6853=FACE_OUTER_BOUND('',#6852,.F.);
#6854=ADVANCED_FACE('',(#6853),#6846,.T.);
#6855=CARTESIAN_POINT('',(-3.25E-1,4.52E0,9.45E-1));
#6856=DIRECTION('',(0.E0,0.E0,-1.E0));
#6857=DIRECTION('',(1.E0,0.E0,0.E0));
#6858=AXIS2_PLACEMENT_3D('',#6855,#6856,#6857);
#6859=PLANE('',#6858);
#6860=ORIENTED_EDGE('',*,*,#6849,.T.);
#6861=ORIENTED_EDGE('',*,*,#6657,.T.);
#6862=ORIENTED_EDGE('',*,*,#5666,.T.);
#6863=ORIENTED_EDGE('',*,*,#6732,.F.);
#6864=EDGE_LOOP('',(#6860,#6861,#6862,#6863));
#6865=FACE_OUTER_BOUND('',#6864,.F.);
#6866=ADVANCED_FACE('',(#6865),#6859,.T.);
#6867=CARTESIAN_POINT('',(-2.215E0,4.52E0,1.595E0));
#6868=DIRECTION('',(0.E0,0.E0,1.E0));
#6869=DIRECTION('',(-1.E0,0.E0,0.E0));
#6870=AXIS2_PLACEMENT_3D('',#6867,#6868,#6869);
#6871=PLANE('',#6870);
#6873=ORIENTED_EDGE('',*,*,#6872,.T.);
#6875=ORIENTED_EDGE('',*,*,#6874,.T.);
#6876=ORIENTED_EDGE('',*,*,#5672,.T.);
#6878=ORIENTED_EDGE('',*,*,#6877,.F.);
#6879=EDGE_LOOP('',(#6873,#6875,#6876,#6878));
#6880=FACE_OUTER_BOUND('',#6879,.F.);
#6881=ADVANCED_FACE('',(#6880),#6871,.T.);
#6882=CARTESIAN_POINT('',(-2.54E0,4.27E0,1.495E0));
#6883=DIRECTION('',(0.E0,3.713906763541E-1,9.284766908853E-1));
#6884=DIRECTION('',(-1.E0,0.E0,0.E0));
#6885=AXIS2_PLACEMENT_3D('',#6882,#6883,#6884);
#6886=PLANE('',#6885);
#6887=ORIENTED_EDGE('',*,*,#6872,.F.);
#6889=ORIENTED_EDGE('',*,*,#6888,.F.);
#6891=ORIENTED_EDGE('',*,*,#6890,.T.);
#6893=ORIENTED_EDGE('',*,*,#6892,.T.);
#6894=EDGE_LOOP('',(#6887,#6889,#6891,#6893));
#6895=FACE_OUTER_BOUND('',#6894,.F.);
#6896=ADVANCED_FACE('',(#6895),#6886,.T.);
#6897=CARTESIAN_POINT('',(-2.765E0,4.27E0,1.27E0));
#6898=DIRECTION('',(-9.284766908853E-1,3.713906763541E-1,0.E0));
#6899=DIRECTION('',(0.E0,0.E0,-1.E0));
#6900=AXIS2_PLACEMENT_3D('',#6897,#6898,#6899);
#6901=PLANE('',#6900);
#6903=ORIENTED_EDGE('',*,*,#6902,.F.);
#6905=ORIENTED_EDGE('',*,*,#6904,.F.);
#6907=ORIENTED_EDGE('',*,*,#6906,.T.);
#6908=ORIENTED_EDGE('',*,*,#6888,.T.);
#6909=EDGE_LOOP('',(#6903,#6905,#6907,#6908));
#6910=FACE_OUTER_BOUND('',#6909,.F.);
#6911=ADVANCED_FACE('',(#6910),#6901,.T.);
#6912=CARTESIAN_POINT('',(-2.865E0,4.52E0,1.595E0));
#6913=DIRECTION('',(-1.E0,0.E0,0.E0));
#6914=DIRECTION('',(0.E0,0.E0,-1.E0));
#6915=AXIS2_PLACEMENT_3D('',#6912,#6913,#6914);
#6916=PLANE('',#6915);
#6918=ORIENTED_EDGE('',*,*,#6917,.T.);
#6920=ORIENTED_EDGE('',*,*,#6919,.F.);
#6922=ORIENTED_EDGE('',*,*,#6921,.F.);
#6923=ORIENTED_EDGE('',*,*,#5082,.F.);
#6925=ORIENTED_EDGE('',*,*,#6924,.T.);
#6927=ORIENTED_EDGE('',*,*,#6926,.T.);
#6928=EDGE_LOOP('',(#6918,#6920,#6922,#6923,#6925,#6927));
#6929=FACE_OUTER_BOUND('',#6928,.F.);
#6930=ADVANCED_FACE('',(#6929),#6916,.T.);
#6931=CARTESIAN_POINT('',(-2.865E0,4.52E0,1.595E0));
#6932=DIRECTION('',(-1.E0,0.E0,0.E0));
#6933=DIRECTION('',(0.E0,0.E0,-1.E0));
#6934=AXIS2_PLACEMENT_3D('',#6931,#6932,#6933);
#6935=PLANE('',#6934);
#6936=ORIENTED_EDGE('',*,*,#6902,.T.);
#6937=ORIENTED_EDGE('',*,*,#6877,.T.);
#6938=ORIENTED_EDGE('',*,*,#5678,.T.);
#6940=ORIENTED_EDGE('',*,*,#6939,.F.);
#6941=EDGE_LOOP('',(#6936,#6937,#6938,#6940));
#6942=FACE_OUTER_BOUND('',#6941,.F.);
#6943=ADVANCED_FACE('',(#6942),#6935,.T.);
#6944=CARTESIAN_POINT('',(-2.765E0,-5.088E0,7.525E0));
#6945=DIRECTION('',(-9.284766908853E-1,0.E0,3.713906763541E-1));
#6946=DIRECTION('',(0.E0,-1.E0,0.E0));
#6947=AXIS2_PLACEMENT_3D('',#6944,#6945,#6946);
#6948=PLANE('',#6947);
#6950=ORIENTED_EDGE('',*,*,#6949,.T.);
#6952=ORIENTED_EDGE('',*,*,#6951,.F.);
#6953=ORIENTED_EDGE('',*,*,#6917,.F.);
#6955=ORIENTED_EDGE('',*,*,#6954,.F.);
#6956=EDGE_LOOP('',(#6950,#6952,#6953,#6955));
#6957=FACE_OUTER_BOUND('',#6956,.F.);
#6958=ADVANCED_FACE('',(#6957),#6948,.T.);
#6959=CARTESIAN_POINT('',(-2.54E0,-5.088E0,7.775E0));
#6960=DIRECTION('',(0.E0,0.E0,1.E0));
#6961=DIRECTION('',(0.E0,-1.E0,0.E0));
#6962=AXIS2_PLACEMENT_3D('',#6959,#6960,#6961);
#6963=PLANE('',#6962);
#6965=ORIENTED_EDGE('',*,*,#6964,.F.);
#6967=ORIENTED_EDGE('',*,*,#6966,.F.);
#6968=ORIENTED_EDGE('',*,*,#6949,.F.);
#6970=ORIENTED_EDGE('',*,*,#6969,.F.);
#6971=EDGE_LOOP('',(#6965,#6967,#6968,#6970));
#6972=FACE_OUTER_BOUND('',#6971,.F.);
#6973=ADVANCED_FACE('',(#6972),#6963,.T.);
#6974=CARTESIAN_POINT('',(-2.315E0,-5.088E0,7.525E0));
#6975=DIRECTION('',(9.284766908853E-1,0.E0,3.713906763541E-1));
#6976=DIRECTION('',(0.E0,-1.E0,0.E0));
#6977=AXIS2_PLACEMENT_3D('',#6974,#6975,#6976);
#6978=PLANE('',#6977);
#6980=ORIENTED_EDGE('',*,*,#6979,.F.);
#6982=ORIENTED_EDGE('',*,*,#6981,.F.);
#6983=ORIENTED_EDGE('',*,*,#6964,.T.);
#6985=ORIENTED_EDGE('',*,*,#6984,.F.);
#6986=EDGE_LOOP('',(#6980,#6982,#6983,#6985));
#6987=FACE_OUTER_BOUND('',#6986,.F.);
#6988=ADVANCED_FACE('',(#6987),#6978,.T.);
#6989=CARTESIAN_POINT('',(-2.215E0,4.52E0,9.45E-1));
#6990=DIRECTION('',(1.E0,0.E0,0.E0));
#6991=DIRECTION('',(0.E0,0.E0,1.E0));
#6992=AXIS2_PLACEMENT_3D('',#6989,#6990,#6991);
#6993=PLANE('',#6992);
#6994=ORIENTED_EDGE('',*,*,#6979,.T.);
#6996=ORIENTED_EDGE('',*,*,#6995,.F.);
#6998=ORIENTED_EDGE('',*,*,#6997,.F.);
#6999=ORIENTED_EDGE('',*,*,#5086,.T.);
#7001=ORIENTED_EDGE('',*,*,#7000,.T.);
#7003=ORIENTED_EDGE('',*,*,#7002,.T.);
#7004=EDGE_LOOP('',(#6994,#6996,#6998,#6999,#7001,#7003));
#7005=FACE_OUTER_BOUND('',#7004,.F.);
#7006=ADVANCED_FACE('',(#7005),#6993,.T.);
#7007=CARTESIAN_POINT('',(-2.215E0,4.52E0,9.45E-1));
#7008=DIRECTION('',(1.E0,0.E0,0.E0));
#7009=DIRECTION('',(0.E0,0.E0,1.E0));
#7010=AXIS2_PLACEMENT_3D('',#7007,#7008,#7009);
#7011=PLANE('',#7010);
#7013=ORIENTED_EDGE('',*,*,#7012,.T.);
#7015=ORIENTED_EDGE('',*,*,#7014,.T.);
#7016=ORIENTED_EDGE('',*,*,#5674,.F.);
#7017=ORIENTED_EDGE('',*,*,#6874,.F.);
#7018=EDGE_LOOP('',(#7013,#7015,#7016,#7017));
#7019=FACE_OUTER_BOUND('',#7018,.F.);
#7020=ADVANCED_FACE('',(#7019),#7011,.T.);
#7021=CARTESIAN_POINT('',(-2.215E0,-4.763E0,1.778E0));
#7022=DIRECTION('',(0.E0,1.E0,0.E0));
#7023=DIRECTION('',(-1.E0,0.E0,0.E0));
#7024=AXIS2_PLACEMENT_3D('',#7021,#7022,#7023);
#7025=PLANE('',#7024);
#7027=ORIENTED_EDGE('',*,*,#7026,.T.);
#7028=ORIENTED_EDGE('',*,*,#6926,.F.);
#7030=ORIENTED_EDGE('',*,*,#7029,.F.);
#7031=ORIENTED_EDGE('',*,*,#6995,.T.);
#7032=EDGE_LOOP('',(#7027,#7028,#7030,#7031));
#7033=FACE_OUTER_BOUND('',#7032,.F.);
#7034=ADVANCED_FACE('',(#7033),#7025,.T.);
#7035=CARTESIAN_POINT('',(-2.54E0,-4.863E0,7.525E0));
#7036=DIRECTION('',(0.E0,9.284766908853E-1,3.713906763541E-1));
#7037=DIRECTION('',(-1.E0,0.E0,0.E0));
#7038=AXIS2_PLACEMENT_3D('',#7035,#7036,#7037);
#7039=PLANE('',#7038);
#7040=ORIENTED_EDGE('',*,*,#7026,.F.);
#7041=ORIENTED_EDGE('',*,*,#6984,.T.);
#7042=ORIENTED_EDGE('',*,*,#6969,.T.);
#7043=ORIENTED_EDGE('',*,*,#6954,.T.);
#7044=EDGE_LOOP('',(#7040,#7041,#7042,#7043));
#7045=FACE_OUTER_BOUND('',#7044,.F.);
#7046=ADVANCED_FACE('',(#7045),#7039,.T.);
#7047=CARTESIAN_POINT('',(-1.54E0,-4.58E0,1.778E0));
#7048=DIRECTION('',(-1.E0,0.E0,0.E0));
#7049=DIRECTION('',(0.E0,0.E0,1.E0));
#7050=AXIS2_PLACEMENT_3D('',#7047,#7048,#7049);
#7051=CYLINDRICAL_SURFACE('',#7050,1.83E-1);
#7052=ORIENTED_EDGE('',*,*,#5088,.F.);
#7053=ORIENTED_EDGE('',*,*,#6997,.T.);
#7054=ORIENTED_EDGE('',*,*,#7029,.T.);
#7055=ORIENTED_EDGE('',*,*,#6924,.F.);
#7056=EDGE_LOOP('',(#7052,#7053,#7054,#7055));
#7057=FACE_OUTER_BOUND('',#7056,.F.);
#7058=ADVANCED_FACE('',(#7057),#7051,.F.);
#7059=CARTESIAN_POINT('',(-1.54E0,-4.58E0,1.778E0));
#7060=DIRECTION('',(-1.E0,0.E0,0.E0));
#7061=DIRECTION('',(0.E0,0.E0,1.E0));
#7062=AXIS2_PLACEMENT_3D('',#7059,#7060,#7061);
#7063=CYLINDRICAL_SURFACE('',#7062,8.33E-1);
#7064=ORIENTED_EDGE('',*,*,#6921,.T.);
#7066=ORIENTED_EDGE('',*,*,#7065,.T.);
#7067=ORIENTED_EDGE('',*,*,#7000,.F.);
#7068=ORIENTED_EDGE('',*,*,#5084,.T.);
#7069=EDGE_LOOP('',(#7064,#7066,#7067,#7068));
#7070=FACE_OUTER_BOUND('',#7069,.F.);
#7071=ADVANCED_FACE('',(#7070),#7063,.T.);
#7072=CARTESIAN_POINT('',(-2.865E0,-5.413E0,1.778E0));
#7073=DIRECTION('',(0.E0,-1.E0,0.E0));
#7074=DIRECTION('',(1.E0,0.E0,0.E0));
#7075=AXIS2_PLACEMENT_3D('',#7072,#7073,#7074);
#7076=PLANE('',#7075);
#7078=ORIENTED_EDGE('',*,*,#7077,.T.);
#7079=ORIENTED_EDGE('',*,*,#7002,.F.);
#7080=ORIENTED_EDGE('',*,*,#7065,.F.);
#7081=ORIENTED_EDGE('',*,*,#6919,.T.);
#7082=EDGE_LOOP('',(#7078,#7079,#7080,#7081));
#7083=FACE_OUTER_BOUND('',#7082,.F.);
#7084=ADVANCED_FACE('',(#7083),#7076,.T.);
#7085=CARTESIAN_POINT('',(-2.54E0,-5.313E0,7.525E0));
#7086=DIRECTION('',(0.E0,-9.284766908853E-1,3.713906763541E-1));
#7087=DIRECTION('',(-1.E0,0.E0,0.E0));
#7088=AXIS2_PLACEMENT_3D('',#7085,#7086,#7087);
#7089=PLANE('',#7088);
#7090=ORIENTED_EDGE('',*,*,#7077,.F.);
#7091=ORIENTED_EDGE('',*,*,#6951,.T.);
#7092=ORIENTED_EDGE('',*,*,#6966,.T.);
#7093=ORIENTED_EDGE('',*,*,#6981,.T.);
#7094=EDGE_LOOP('',(#7090,#7091,#7092,#7093));
#7095=FACE_OUTER_BOUND('',#7094,.F.);
#7096=ADVANCED_FACE('',(#7095),#7089,.T.);
#7097=CARTESIAN_POINT('',(-2.315E0,4.27E0,1.27E0));
#7098=DIRECTION('',(9.284766908853E-1,3.713906763541E-1,0.E0));
#7099=DIRECTION('',(0.E0,0.E0,-1.E0));
#7100=AXIS2_PLACEMENT_3D('',#7097,#7098,#7099);
#7101=PLANE('',#7100);
#7103=ORIENTED_EDGE('',*,*,#7102,.T.);
#7105=ORIENTED_EDGE('',*,*,#7104,.T.);
#7106=ORIENTED_EDGE('',*,*,#7012,.F.);
#7107=ORIENTED_EDGE('',*,*,#6892,.F.);
#7108=EDGE_LOOP('',(#7103,#7105,#7106,#7107));
#7109=FACE_OUTER_BOUND('',#7108,.F.);
#7110=ADVANCED_FACE('',(#7109),#7101,.T.);
#7111=CARTESIAN_POINT('',(-2.54E0,4.52E0,1.27E0));
#7112=DIRECTION('',(0.E0,-1.E0,0.E0));
#7113=DIRECTION('',(0.E0,0.E0,-1.E0));
#7114=AXIS2_PLACEMENT_3D('',#7111,#7112,#7113);
#7115=PLANE('',#7114);
#7116=ORIENTED_EDGE('',*,*,#6890,.F.);
#7117=ORIENTED_EDGE('',*,*,#6906,.F.);
#7119=ORIENTED_EDGE('',*,*,#7118,.F.);
#7120=ORIENTED_EDGE('',*,*,#7102,.F.);
#7121=EDGE_LOOP('',(#7116,#7117,#7119,#7120));
#7122=FACE_OUTER_BOUND('',#7121,.F.);
#7123=ADVANCED_FACE('',(#7122),#7115,.F.);
#7124=CARTESIAN_POINT('',(-2.54E0,4.27E0,1.045E0));
#7125=DIRECTION('',(0.E0,3.713906763541E-1,-9.284766908853E-1));
#7126=DIRECTION('',(-1.E0,0.E0,0.E0));
#7127=AXIS2_PLACEMENT_3D('',#7124,#7125,#7126);
#7128=PLANE('',#7127);
#7129=ORIENTED_EDGE('',*,*,#7118,.T.);
#7130=ORIENTED_EDGE('',*,*,#6904,.T.);
#7132=ORIENTED_EDGE('',*,*,#7131,.F.);
#7133=ORIENTED_EDGE('',*,*,#7104,.F.);
#7134=EDGE_LOOP('',(#7129,#7130,#7132,#7133));
#7135=FACE_OUTER_BOUND('',#7134,.F.);
#7136=ADVANCED_FACE('',(#7135),#7128,.T.);
#7137=CARTESIAN_POINT('',(-2.865E0,4.52E0,9.45E-1));
#7138=DIRECTION('',(0.E0,0.E0,-1.E0));
#7139=DIRECTION('',(1.E0,0.E0,0.E0));
#7140=AXIS2_PLACEMENT_3D('',#7137,#7138,#7139);
#7141=PLANE('',#7140);
#7142=ORIENTED_EDGE('',*,*,#7131,.T.);
#7143=ORIENTED_EDGE('',*,*,#6939,.T.);
#7144=ORIENTED_EDGE('',*,*,#5676,.T.);
#7145=ORIENTED_EDGE('',*,*,#7014,.F.);
#7146=EDGE_LOOP('',(#7142,#7143,#7144,#7145));
#7147=FACE_OUTER_BOUND('',#7146,.F.);
#7148=ADVANCED_FACE('',(#7147),#7141,.T.);
#7149=CARTESIAN_POINT('',(-4.755E0,4.52E0,1.595E0));
#7150=DIRECTION('',(0.E0,0.E0,1.E0));
#7151=DIRECTION('',(-1.E0,0.E0,0.E0));
#7152=AXIS2_PLACEMENT_3D('',#7149,#7150,#7151);
#7153=PLANE('',#7152);
#7155=ORIENTED_EDGE('',*,*,#7154,.T.);
#7157=ORIENTED_EDGE('',*,*,#7156,.T.);
#7158=ORIENTED_EDGE('',*,*,#5682,.T.);
#7160=ORIENTED_EDGE('',*,*,#7159,.F.);
#7161=EDGE_LOOP('',(#7155,#7157,#7158,#7160));
#7162=FACE_OUTER_BOUND('',#7161,.F.);
#7163=ADVANCED_FACE('',(#7162),#7153,.T.);
#7164=CARTESIAN_POINT('',(-5.08E0,4.27E0,1.495E0));
#7165=DIRECTION('',(0.E0,3.713906763541E-1,9.284766908853E-1));
#7166=DIRECTION('',(-1.E0,0.E0,0.E0));
#7167=AXIS2_PLACEMENT_3D('',#7164,#7165,#7166);
#7168=PLANE('',#7167);
#7169=ORIENTED_EDGE('',*,*,#7154,.F.);
#7171=ORIENTED_EDGE('',*,*,#7170,.F.);
#7173=ORIENTED_EDGE('',*,*,#7172,.T.);
#7175=ORIENTED_EDGE('',*,*,#7174,.T.);
#7176=EDGE_LOOP('',(#7169,#7171,#7173,#7175));
#7177=FACE_OUTER_BOUND('',#7176,.F.);
#7178=ADVANCED_FACE('',(#7177),#7168,.T.);
#7179=CARTESIAN_POINT('',(-5.305E0,4.27E0,1.27E0));
#7180=DIRECTION('',(-9.284766908853E-1,3.713906763541E-1,0.E0));
#7181=DIRECTION('',(0.E0,0.E0,-1.E0));
#7182=AXIS2_PLACEMENT_3D('',#7179,#7180,#7181);
#7183=PLANE('',#7182);
#7185=ORIENTED_EDGE('',*,*,#7184,.F.);
#7187=ORIENTED_EDGE('',*,*,#7186,.F.);
#7189=ORIENTED_EDGE('',*,*,#7188,.T.);
#7190=ORIENTED_EDGE('',*,*,#7170,.T.);
#7191=EDGE_LOOP('',(#7185,#7187,#7189,#7190));
#7192=FACE_OUTER_BOUND('',#7191,.F.);
#7193=ADVANCED_FACE('',(#7192),#7183,.T.);
#7194=CARTESIAN_POINT('',(-5.405E0,4.52E0,1.595E0));
#7195=DIRECTION('',(-1.E0,0.E0,0.E0));
#7196=DIRECTION('',(0.E0,0.E0,-1.E0));
#7197=AXIS2_PLACEMENT_3D('',#7194,#7195,#7196);
#7198=PLANE('',#7197);
#7200=ORIENTED_EDGE('',*,*,#7199,.T.);
#7202=ORIENTED_EDGE('',*,*,#7201,.F.);
#7204=ORIENTED_EDGE('',*,*,#7203,.F.);
#7205=ORIENTED_EDGE('',*,*,#5092,.F.);
#7207=ORIENTED_EDGE('',*,*,#7206,.T.);
#7209=ORIENTED_EDGE('',*,*,#7208,.T.);
#7210=EDGE_LOOP('',(#7200,#7202,#7204,#7205,#7207,#7209));
#7211=FACE_OUTER_BOUND('',#7210,.F.);
#7212=ADVANCED_FACE('',(#7211),#7198,.T.);
#7213=CARTESIAN_POINT('',(-5.405E0,4.52E0,1.595E0));
#7214=DIRECTION('',(-1.E0,0.E0,0.E0));
#7215=DIRECTION('',(0.E0,0.E0,-1.E0));
#7216=AXIS2_PLACEMENT_3D('',#7213,#7214,#7215);
#7217=PLANE('',#7216);
#7218=ORIENTED_EDGE('',*,*,#7184,.T.);
#7219=ORIENTED_EDGE('',*,*,#7159,.T.);
#7220=ORIENTED_EDGE('',*,*,#5688,.T.);
#7222=ORIENTED_EDGE('',*,*,#7221,.F.);
#7223=EDGE_LOOP('',(#7218,#7219,#7220,#7222));
#7224=FACE_OUTER_BOUND('',#7223,.F.);
#7225=ADVANCED_FACE('',(#7224),#7217,.T.);
#7226=CARTESIAN_POINT('',(-5.305E0,-5.088E0,7.525E0));
#7227=DIRECTION('',(-9.284766908853E-1,0.E0,3.713906763541E-1));
#7228=DIRECTION('',(0.E0,-1.E0,0.E0));
#7229=AXIS2_PLACEMENT_3D('',#7226,#7227,#7228);
#7230=PLANE('',#7229);
#7232=ORIENTED_EDGE('',*,*,#7231,.T.);
#7234=ORIENTED_EDGE('',*,*,#7233,.F.);
#7235=ORIENTED_EDGE('',*,*,#7199,.F.);
#7237=ORIENTED_EDGE('',*,*,#7236,.F.);
#7238=EDGE_LOOP('',(#7232,#7234,#7235,#7237));
#7239=FACE_OUTER_BOUND('',#7238,.F.);
#7240=ADVANCED_FACE('',(#7239),#7230,.T.);
#7241=CARTESIAN_POINT('',(-5.08E0,-5.088E0,7.775E0));
#7242=DIRECTION('',(0.E0,0.E0,1.E0));
#7243=DIRECTION('',(0.E0,-1.E0,0.E0));
#7244=AXIS2_PLACEMENT_3D('',#7241,#7242,#7243);
#7245=PLANE('',#7244);
#7247=ORIENTED_EDGE('',*,*,#7246,.F.);
#7249=ORIENTED_EDGE('',*,*,#7248,.F.);
#7250=ORIENTED_EDGE('',*,*,#7231,.F.);
#7252=ORIENTED_EDGE('',*,*,#7251,.F.);
#7253=EDGE_LOOP('',(#7247,#7249,#7250,#7252));
#7254=FACE_OUTER_BOUND('',#7253,.F.);
#7255=ADVANCED_FACE('',(#7254),#7245,.T.);
#7256=CARTESIAN_POINT('',(-4.855E0,-5.088E0,7.525E0));
#7257=DIRECTION('',(9.284766908853E-1,0.E0,3.713906763541E-1));
#7258=DIRECTION('',(0.E0,-1.E0,0.E0));
#7259=AXIS2_PLACEMENT_3D('',#7256,#7257,#7258);
#7260=PLANE('',#7259);
#7262=ORIENTED_EDGE('',*,*,#7261,.F.);
#7264=ORIENTED_EDGE('',*,*,#7263,.F.);
#7265=ORIENTED_EDGE('',*,*,#7246,.T.);
#7267=ORIENTED_EDGE('',*,*,#7266,.F.);
#7268=EDGE_LOOP('',(#7262,#7264,#7265,#7267));
#7269=FACE_OUTER_BOUND('',#7268,.F.);
#7270=ADVANCED_FACE('',(#7269),#7260,.T.);
#7271=CARTESIAN_POINT('',(-4.755E0,4.52E0,9.45E-1));
#7272=DIRECTION('',(1.E0,0.E0,0.E0));
#7273=DIRECTION('',(0.E0,0.E0,1.E0));
#7274=AXIS2_PLACEMENT_3D('',#7271,#7272,#7273);
#7275=PLANE('',#7274);
#7276=ORIENTED_EDGE('',*,*,#7261,.T.);
#7278=ORIENTED_EDGE('',*,*,#7277,.F.);
#7280=ORIENTED_EDGE('',*,*,#7279,.F.);
#7281=ORIENTED_EDGE('',*,*,#5096,.T.);
#7283=ORIENTED_EDGE('',*,*,#7282,.T.);
#7285=ORIENTED_EDGE('',*,*,#7284,.T.);
#7286=EDGE_LOOP('',(#7276,#7278,#7280,#7281,#7283,#7285));
#7287=FACE_OUTER_BOUND('',#7286,.F.);
#7288=ADVANCED_FACE('',(#7287),#7275,.T.);
#7289=CARTESIAN_POINT('',(-4.755E0,4.52E0,9.45E-1));
#7290=DIRECTION('',(1.E0,0.E0,0.E0));
#7291=DIRECTION('',(0.E0,0.E0,1.E0));
#7292=AXIS2_PLACEMENT_3D('',#7289,#7290,#7291);
#7293=PLANE('',#7292);
#7295=ORIENTED_EDGE('',*,*,#7294,.T.);
#7297=ORIENTED_EDGE('',*,*,#7296,.T.);
#7298=ORIENTED_EDGE('',*,*,#5684,.F.);
#7299=ORIENTED_EDGE('',*,*,#7156,.F.);
#7300=EDGE_LOOP('',(#7295,#7297,#7298,#7299));
#7301=FACE_OUTER_BOUND('',#7300,.F.);
#7302=ADVANCED_FACE('',(#7301),#7293,.T.);
#7303=CARTESIAN_POINT('',(-4.755E0,-4.763E0,1.778E0));
#7304=DIRECTION('',(0.E0,1.E0,0.E0));
#7305=DIRECTION('',(-1.E0,0.E0,0.E0));
#7306=AXIS2_PLACEMENT_3D('',#7303,#7304,#7305);
#7307=PLANE('',#7306);
#7309=ORIENTED_EDGE('',*,*,#7308,.T.);
#7310=ORIENTED_EDGE('',*,*,#7208,.F.);
#7312=ORIENTED_EDGE('',*,*,#7311,.F.);
#7313=ORIENTED_EDGE('',*,*,#7277,.T.);
#7314=EDGE_LOOP('',(#7309,#7310,#7312,#7313));
#7315=FACE_OUTER_BOUND('',#7314,.F.);
#7316=ADVANCED_FACE('',(#7315),#7307,.T.);
#7317=CARTESIAN_POINT('',(-5.08E0,-4.863E0,7.525E0));
#7318=DIRECTION('',(0.E0,9.284766908853E-1,3.713906763541E-1));
#7319=DIRECTION('',(-1.E0,0.E0,0.E0));
#7320=AXIS2_PLACEMENT_3D('',#7317,#7318,#7319);
#7321=PLANE('',#7320);
#7322=ORIENTED_EDGE('',*,*,#7308,.F.);
#7323=ORIENTED_EDGE('',*,*,#7266,.T.);
#7324=ORIENTED_EDGE('',*,*,#7251,.T.);
#7325=ORIENTED_EDGE('',*,*,#7236,.T.);
#7326=EDGE_LOOP('',(#7322,#7323,#7324,#7325));
#7327=FACE_OUTER_BOUND('',#7326,.F.);
#7328=ADVANCED_FACE('',(#7327),#7321,.T.);
#7329=CARTESIAN_POINT('',(-4.08E0,-4.58E0,1.778E0));
#7330=DIRECTION('',(-1.E0,0.E0,0.E0));
#7331=DIRECTION('',(0.E0,0.E0,1.E0));
#7332=AXIS2_PLACEMENT_3D('',#7329,#7330,#7331);
#7333=CYLINDRICAL_SURFACE('',#7332,1.83E-1);
#7334=ORIENTED_EDGE('',*,*,#5098,.F.);
#7335=ORIENTED_EDGE('',*,*,#7279,.T.);
#7336=ORIENTED_EDGE('',*,*,#7311,.T.);
#7337=ORIENTED_EDGE('',*,*,#7206,.F.);
#7338=EDGE_LOOP('',(#7334,#7335,#7336,#7337));
#7339=FACE_OUTER_BOUND('',#7338,.F.);
#7340=ADVANCED_FACE('',(#7339),#7333,.F.);
#7341=CARTESIAN_POINT('',(-4.08E0,-4.58E0,1.778E0));
#7342=DIRECTION('',(-1.E0,0.E0,0.E0));
#7343=DIRECTION('',(0.E0,0.E0,1.E0));
#7344=AXIS2_PLACEMENT_3D('',#7341,#7342,#7343);
#7345=CYLINDRICAL_SURFACE('',#7344,8.33E-1);
#7346=ORIENTED_EDGE('',*,*,#5094,.T.);
#7347=ORIENTED_EDGE('',*,*,#7203,.T.);
#7349=ORIENTED_EDGE('',*,*,#7348,.T.);
#7350=ORIENTED_EDGE('',*,*,#7282,.F.);
#7351=EDGE_LOOP('',(#7346,#7347,#7349,#7350));
#7352=FACE_OUTER_BOUND('',#7351,.F.);
#7353=ADVANCED_FACE('',(#7352),#7345,.T.);
#7354=CARTESIAN_POINT('',(-5.405E0,-5.413E0,1.778E0));
#7355=DIRECTION('',(0.E0,-1.E0,0.E0));
#7356=DIRECTION('',(1.E0,0.E0,0.E0));
#7357=AXIS2_PLACEMENT_3D('',#7354,#7355,#7356);
#7358=PLANE('',#7357);
#7360=ORIENTED_EDGE('',*,*,#7359,.T.);
#7361=ORIENTED_EDGE('',*,*,#7284,.F.);
#7362=ORIENTED_EDGE('',*,*,#7348,.F.);
#7363=ORIENTED_EDGE('',*,*,#7201,.T.);
#7364=EDGE_LOOP('',(#7360,#7361,#7362,#7363));
#7365=FACE_OUTER_BOUND('',#7364,.F.);
#7366=ADVANCED_FACE('',(#7365),#7358,.T.);
#7367=CARTESIAN_POINT('',(-5.08E0,-5.313E0,7.525E0));
#7368=DIRECTION('',(0.E0,-9.284766908853E-1,3.713906763541E-1));
#7369=DIRECTION('',(-1.E0,0.E0,0.E0));
#7370=AXIS2_PLACEMENT_3D('',#7367,#7368,#7369);
#7371=PLANE('',#7370);
#7372=ORIENTED_EDGE('',*,*,#7359,.F.);
#7373=ORIENTED_EDGE('',*,*,#7233,.T.);
#7374=ORIENTED_EDGE('',*,*,#7248,.T.);
#7375=ORIENTED_EDGE('',*,*,#7263,.T.);
#7376=EDGE_LOOP('',(#7372,#7373,#7374,#7375));
#7377=FACE_OUTER_BOUND('',#7376,.F.);
#7378=ADVANCED_FACE('',(#7377),#7371,.T.);
#7379=CARTESIAN_POINT('',(-4.855E0,4.27E0,1.27E0));
#7380=DIRECTION('',(9.284766908853E-1,3.713906763541E-1,0.E0));
#7381=DIRECTION('',(0.E0,0.E0,-1.E0));
#7382=AXIS2_PLACEMENT_3D('',#7379,#7380,#7381);
#7383=PLANE('',#7382);
#7385=ORIENTED_EDGE('',*,*,#7384,.T.);
#7387=ORIENTED_EDGE('',*,*,#7386,.T.);
#7388=ORIENTED_EDGE('',*,*,#7294,.F.);
#7389=ORIENTED_EDGE('',*,*,#7174,.F.);
#7390=EDGE_LOOP('',(#7385,#7387,#7388,#7389));
#7391=FACE_OUTER_BOUND('',#7390,.F.);
#7392=ADVANCED_FACE('',(#7391),#7383,.T.);
#7393=CARTESIAN_POINT('',(-5.08E0,4.52E0,1.27E0));
#7394=DIRECTION('',(0.E0,-1.E0,0.E0));
#7395=DIRECTION('',(0.E0,0.E0,-1.E0));
#7396=AXIS2_PLACEMENT_3D('',#7393,#7394,#7395);
#7397=PLANE('',#7396);
#7398=ORIENTED_EDGE('',*,*,#7172,.F.);
#7399=ORIENTED_EDGE('',*,*,#7188,.F.);
#7401=ORIENTED_EDGE('',*,*,#7400,.F.);
#7402=ORIENTED_EDGE('',*,*,#7384,.F.);
#7403=EDGE_LOOP('',(#7398,#7399,#7401,#7402));
#7404=FACE_OUTER_BOUND('',#7403,.F.);
#7405=ADVANCED_FACE('',(#7404),#7397,.F.);
#7406=CARTESIAN_POINT('',(-5.08E0,4.27E0,1.045E0));
#7407=DIRECTION('',(0.E0,3.713906763541E-1,-9.284766908853E-1));
#7408=DIRECTION('',(-1.E0,0.E0,0.E0));
#7409=AXIS2_PLACEMENT_3D('',#7406,#7407,#7408);
#7410=PLANE('',#7409);
#7411=ORIENTED_EDGE('',*,*,#7400,.T.);
#7412=ORIENTED_EDGE('',*,*,#7186,.T.);
#7414=ORIENTED_EDGE('',*,*,#7413,.F.);
#7415=ORIENTED_EDGE('',*,*,#7386,.F.);
#7416=EDGE_LOOP('',(#7411,#7412,#7414,#7415));
#7417=FACE_OUTER_BOUND('',#7416,.F.);
#7418=ADVANCED_FACE('',(#7417),#7410,.T.);
#7419=CARTESIAN_POINT('',(-5.405E0,4.52E0,9.45E-1));
#7420=DIRECTION('',(0.E0,0.E0,-1.E0));
#7421=DIRECTION('',(1.E0,0.E0,0.E0));
#7422=AXIS2_PLACEMENT_3D('',#7419,#7420,#7421);
#7423=PLANE('',#7422);
#7424=ORIENTED_EDGE('',*,*,#7413,.T.);
#7425=ORIENTED_EDGE('',*,*,#7221,.T.);
#7426=ORIENTED_EDGE('',*,*,#5686,.T.);
#7427=ORIENTED_EDGE('',*,*,#7296,.F.);
#7428=EDGE_LOOP('',(#7424,#7425,#7426,#7427));
#7429=FACE_OUTER_BOUND('',#7428,.F.);
#7430=ADVANCED_FACE('',(#7429),#7423,.T.);
#7431=CARTESIAN_POINT('',(-7.295E0,4.52E0,1.595E0));
#7432=DIRECTION('',(0.E0,0.E0,1.E0));
#7433=DIRECTION('',(-1.E0,0.E0,0.E0));
#7434=AXIS2_PLACEMENT_3D('',#7431,#7432,#7433);
#7435=PLANE('',#7434);
#7437=ORIENTED_EDGE('',*,*,#7436,.T.);
#7439=ORIENTED_EDGE('',*,*,#7438,.T.);
#7440=ORIENTED_EDGE('',*,*,#5692,.T.);
#7442=ORIENTED_EDGE('',*,*,#7441,.F.);
#7443=EDGE_LOOP('',(#7437,#7439,#7440,#7442));
#7444=FACE_OUTER_BOUND('',#7443,.F.);
#7445=ADVANCED_FACE('',(#7444),#7435,.T.);
#7446=CARTESIAN_POINT('',(-7.62E0,4.27E0,1.495E0));
#7447=DIRECTION('',(0.E0,3.713906763541E-1,9.284766908853E-1));
#7448=DIRECTION('',(-1.E0,0.E0,0.E0));
#7449=AXIS2_PLACEMENT_3D('',#7446,#7447,#7448);
#7450=PLANE('',#7449);
#7451=ORIENTED_EDGE('',*,*,#7436,.F.);
#7453=ORIENTED_EDGE('',*,*,#7452,.F.);
#7455=ORIENTED_EDGE('',*,*,#7454,.T.);
#7457=ORIENTED_EDGE('',*,*,#7456,.T.);
#7458=EDGE_LOOP('',(#7451,#7453,#7455,#7457));
#7459=FACE_OUTER_BOUND('',#7458,.F.);
#7460=ADVANCED_FACE('',(#7459),#7450,.T.);
#7461=CARTESIAN_POINT('',(-7.845E0,4.27E0,1.27E0));
#7462=DIRECTION('',(-9.284766908853E-1,3.713906763541E-1,0.E0));
#7463=DIRECTION('',(0.E0,0.E0,-1.E0));
#7464=AXIS2_PLACEMENT_3D('',#7461,#7462,#7463);
#7465=PLANE('',#7464);
#7467=ORIENTED_EDGE('',*,*,#7466,.F.);
#7469=ORIENTED_EDGE('',*,*,#7468,.F.);
#7471=ORIENTED_EDGE('',*,*,#7470,.T.);
#7472=ORIENTED_EDGE('',*,*,#7452,.T.);
#7473=EDGE_LOOP('',(#7467,#7469,#7471,#7472));
#7474=FACE_OUTER_BOUND('',#7473,.F.);
#7475=ADVANCED_FACE('',(#7474),#7465,.T.);
#7476=CARTESIAN_POINT('',(-7.945E0,4.52E0,1.595E0));
#7477=DIRECTION('',(-1.E0,0.E0,0.E0));
#7478=DIRECTION('',(0.E0,0.E0,-1.E0));
#7479=AXIS2_PLACEMENT_3D('',#7476,#7477,#7478);
#7480=PLANE('',#7479);
#7482=ORIENTED_EDGE('',*,*,#7481,.T.);
#7484=ORIENTED_EDGE('',*,*,#7483,.F.);
#7486=ORIENTED_EDGE('',*,*,#7485,.F.);
#7487=ORIENTED_EDGE('',*,*,#5102,.F.);
#7489=ORIENTED_EDGE('',*,*,#7488,.T.);
#7491=ORIENTED_EDGE('',*,*,#7490,.T.);
#7492=EDGE_LOOP('',(#7482,#7484,#7486,#7487,#7489,#7491));
#7493=FACE_OUTER_BOUND('',#7492,.F.);
#7494=ADVANCED_FACE('',(#7493),#7480,.T.);
#7495=CARTESIAN_POINT('',(-7.945E0,4.52E0,1.595E0));
#7496=DIRECTION('',(-1.E0,0.E0,0.E0));
#7497=DIRECTION('',(0.E0,0.E0,-1.E0));
#7498=AXIS2_PLACEMENT_3D('',#7495,#7496,#7497);
#7499=PLANE('',#7498);
#7500=ORIENTED_EDGE('',*,*,#7466,.T.);
#7501=ORIENTED_EDGE('',*,*,#7441,.T.);
#7502=ORIENTED_EDGE('',*,*,#5698,.T.);
#7504=ORIENTED_EDGE('',*,*,#7503,.F.);
#7505=EDGE_LOOP('',(#7500,#7501,#7502,#7504));
#7506=FACE_OUTER_BOUND('',#7505,.F.);
#7507=ADVANCED_FACE('',(#7506),#7499,.T.);
#7508=CARTESIAN_POINT('',(-7.845E0,-5.088E0,7.525E0));
#7509=DIRECTION('',(-9.284766908853E-1,0.E0,3.713906763541E-1));
#7510=DIRECTION('',(0.E0,-1.E0,0.E0));
#7511=AXIS2_PLACEMENT_3D('',#7508,#7509,#7510);
#7512=PLANE('',#7511);
#7514=ORIENTED_EDGE('',*,*,#7513,.T.);
#7516=ORIENTED_EDGE('',*,*,#7515,.F.);
#7517=ORIENTED_EDGE('',*,*,#7481,.F.);
#7519=ORIENTED_EDGE('',*,*,#7518,.F.);
#7520=EDGE_LOOP('',(#7514,#7516,#7517,#7519));
#7521=FACE_OUTER_BOUND('',#7520,.F.);
#7522=ADVANCED_FACE('',(#7521),#7512,.T.);
#7523=CARTESIAN_POINT('',(-7.62E0,-5.088E0,7.775E0));
#7524=DIRECTION('',(0.E0,0.E0,1.E0));
#7525=DIRECTION('',(0.E0,-1.E0,0.E0));
#7526=AXIS2_PLACEMENT_3D('',#7523,#7524,#7525);
#7527=PLANE('',#7526);
#7529=ORIENTED_EDGE('',*,*,#7528,.F.);
#7531=ORIENTED_EDGE('',*,*,#7530,.F.);
#7532=ORIENTED_EDGE('',*,*,#7513,.F.);
#7534=ORIENTED_EDGE('',*,*,#7533,.F.);
#7535=EDGE_LOOP('',(#7529,#7531,#7532,#7534));
#7536=FACE_OUTER_BOUND('',#7535,.F.);
#7537=ADVANCED_FACE('',(#7536),#7527,.T.);
#7538=CARTESIAN_POINT('',(-7.395E0,-5.088E0,7.525E0));
#7539=DIRECTION('',(9.284766908853E-1,0.E0,3.713906763541E-1));
#7540=DIRECTION('',(0.E0,-1.E0,0.E0));
#7541=AXIS2_PLACEMENT_3D('',#7538,#7539,#7540);
#7542=PLANE('',#7541);
#7544=ORIENTED_EDGE('',*,*,#7543,.F.);
#7546=ORIENTED_EDGE('',*,*,#7545,.F.);
#7547=ORIENTED_EDGE('',*,*,#7528,.T.);
#7549=ORIENTED_EDGE('',*,*,#7548,.F.);
#7550=EDGE_LOOP('',(#7544,#7546,#7547,#7549));
#7551=FACE_OUTER_BOUND('',#7550,.F.);
#7552=ADVANCED_FACE('',(#7551),#7542,.T.);
#7553=CARTESIAN_POINT('',(-7.295E0,4.52E0,9.45E-1));
#7554=DIRECTION('',(1.E0,0.E0,0.E0));
#7555=DIRECTION('',(0.E0,0.E0,1.E0));
#7556=AXIS2_PLACEMENT_3D('',#7553,#7554,#7555);
#7557=PLANE('',#7556);
#7558=ORIENTED_EDGE('',*,*,#7543,.T.);
#7560=ORIENTED_EDGE('',*,*,#7559,.F.);
#7562=ORIENTED_EDGE('',*,*,#7561,.F.);
#7563=ORIENTED_EDGE('',*,*,#5106,.T.);
#7565=ORIENTED_EDGE('',*,*,#7564,.T.);
#7567=ORIENTED_EDGE('',*,*,#7566,.T.);
#7568=EDGE_LOOP('',(#7558,#7560,#7562,#7563,#7565,#7567));
#7569=FACE_OUTER_BOUND('',#7568,.F.);
#7570=ADVANCED_FACE('',(#7569),#7557,.T.);
#7571=CARTESIAN_POINT('',(-7.295E0,4.52E0,9.45E-1));
#7572=DIRECTION('',(1.E0,0.E0,0.E0));
#7573=DIRECTION('',(0.E0,0.E0,1.E0));
#7574=AXIS2_PLACEMENT_3D('',#7571,#7572,#7573);
#7575=PLANE('',#7574);
#7577=ORIENTED_EDGE('',*,*,#7576,.T.);
#7579=ORIENTED_EDGE('',*,*,#7578,.T.);
#7580=ORIENTED_EDGE('',*,*,#5694,.F.);
#7581=ORIENTED_EDGE('',*,*,#7438,.F.);
#7582=EDGE_LOOP('',(#7577,#7579,#7580,#7581));
#7583=FACE_OUTER_BOUND('',#7582,.F.);
#7584=ADVANCED_FACE('',(#7583),#7575,.T.);
#7585=CARTESIAN_POINT('',(-7.295E0,-4.763E0,1.778E0));
#7586=DIRECTION('',(0.E0,1.E0,0.E0));
#7587=DIRECTION('',(-1.E0,0.E0,0.E0));
#7588=AXIS2_PLACEMENT_3D('',#7585,#7586,#7587);
#7589=PLANE('',#7588);
#7591=ORIENTED_EDGE('',*,*,#7590,.T.);
#7592=ORIENTED_EDGE('',*,*,#7490,.F.);
#7594=ORIENTED_EDGE('',*,*,#7593,.F.);
#7595=ORIENTED_EDGE('',*,*,#7559,.T.);
#7596=EDGE_LOOP('',(#7591,#7592,#7594,#7595));
#7597=FACE_OUTER_BOUND('',#7596,.F.);
#7598=ADVANCED_FACE('',(#7597),#7589,.T.);
#7599=CARTESIAN_POINT('',(-7.62E0,-4.863E0,7.525E0));
#7600=DIRECTION('',(0.E0,9.284766908853E-1,3.713906763541E-1));
#7601=DIRECTION('',(-1.E0,0.E0,0.E0));
#7602=AXIS2_PLACEMENT_3D('',#7599,#7600,#7601);
#7603=PLANE('',#7602);
#7604=ORIENTED_EDGE('',*,*,#7590,.F.);
#7605=ORIENTED_EDGE('',*,*,#7548,.T.);
#7606=ORIENTED_EDGE('',*,*,#7533,.T.);
#7607=ORIENTED_EDGE('',*,*,#7518,.T.);
#7608=EDGE_LOOP('',(#7604,#7605,#7606,#7607));
#7609=FACE_OUTER_BOUND('',#7608,.F.);
#7610=ADVANCED_FACE('',(#7609),#7603,.T.);
#7611=CARTESIAN_POINT('',(-6.62E0,-4.58E0,1.778E0));
#7612=DIRECTION('',(-1.E0,0.E0,0.E0));
#7613=DIRECTION('',(0.E0,0.E0,1.E0));
#7614=AXIS2_PLACEMENT_3D('',#7611,#7612,#7613);
#7615=CYLINDRICAL_SURFACE('',#7614,1.83E-1);
#7616=ORIENTED_EDGE('',*,*,#5108,.F.);
#7617=ORIENTED_EDGE('',*,*,#7561,.T.);
#7618=ORIENTED_EDGE('',*,*,#7593,.T.);
#7619=ORIENTED_EDGE('',*,*,#7488,.F.);
#7620=EDGE_LOOP('',(#7616,#7617,#7618,#7619));
#7621=FACE_OUTER_BOUND('',#7620,.F.);
#7622=ADVANCED_FACE('',(#7621),#7615,.F.);
#7623=CARTESIAN_POINT('',(-6.62E0,-4.58E0,1.778E0));
#7624=DIRECTION('',(-1.E0,0.E0,0.E0));
#7625=DIRECTION('',(0.E0,0.E0,1.E0));
#7626=AXIS2_PLACEMENT_3D('',#7623,#7624,#7625);
#7627=CYLINDRICAL_SURFACE('',#7626,8.33E-1);
#7628=ORIENTED_EDGE('',*,*,#5104,.T.);
#7629=ORIENTED_EDGE('',*,*,#7485,.T.);
#7631=ORIENTED_EDGE('',*,*,#7630,.T.);
#7632=ORIENTED_EDGE('',*,*,#7564,.F.);
#7633=EDGE_LOOP('',(#7628,#7629,#7631,#7632));
#7634=FACE_OUTER_BOUND('',#7633,.F.);
#7635=ADVANCED_FACE('',(#7634),#7627,.T.);
#7636=CARTESIAN_POINT('',(-7.945E0,-5.413E0,1.778E0));
#7637=DIRECTION('',(0.E0,-1.E0,0.E0));
#7638=DIRECTION('',(1.E0,0.E0,0.E0));
#7639=AXIS2_PLACEMENT_3D('',#7636,#7637,#7638);
#7640=PLANE('',#7639);
#7642=ORIENTED_EDGE('',*,*,#7641,.T.);
#7643=ORIENTED_EDGE('',*,*,#7566,.F.);
#7644=ORIENTED_EDGE('',*,*,#7630,.F.);
#7645=ORIENTED_EDGE('',*,*,#7483,.T.);
#7646=EDGE_LOOP('',(#7642,#7643,#7644,#7645));
#7647=FACE_OUTER_BOUND('',#7646,.F.);
#7648=ADVANCED_FACE('',(#7647),#7640,.T.);
#7649=CARTESIAN_POINT('',(-7.62E0,-5.313E0,7.525E0));
#7650=DIRECTION('',(0.E0,-9.284766908853E-1,3.713906763541E-1));
#7651=DIRECTION('',(-1.E0,0.E0,0.E0));
#7652=AXIS2_PLACEMENT_3D('',#7649,#7650,#7651);
#7653=PLANE('',#7652);
#7654=ORIENTED_EDGE('',*,*,#7641,.F.);
#7655=ORIENTED_EDGE('',*,*,#7515,.T.);
#7656=ORIENTED_EDGE('',*,*,#7530,.T.);
#7657=ORIENTED_EDGE('',*,*,#7545,.T.);
#7658=EDGE_LOOP('',(#7654,#7655,#7656,#7657));
#7659=FACE_OUTER_BOUND('',#7658,.F.);
#7660=ADVANCED_FACE('',(#7659),#7653,.T.);
#7661=CARTESIAN_POINT('',(-7.395E0,4.27E0,1.27E0));
#7662=DIRECTION('',(9.284766908853E-1,3.713906763541E-1,0.E0));
#7663=DIRECTION('',(0.E0,0.E0,-1.E0));
#7664=AXIS2_PLACEMENT_3D('',#7661,#7662,#7663);
#7665=PLANE('',#7664);
#7667=ORIENTED_EDGE('',*,*,#7666,.T.);
#7669=ORIENTED_EDGE('',*,*,#7668,.T.);
#7670=ORIENTED_EDGE('',*,*,#7576,.F.);
#7671=ORIENTED_EDGE('',*,*,#7456,.F.);
#7672=EDGE_LOOP('',(#7667,#7669,#7670,#7671));
#7673=FACE_OUTER_BOUND('',#7672,.F.);
#7674=ADVANCED_FACE('',(#7673),#7665,.T.);
#7675=CARTESIAN_POINT('',(-7.62E0,4.52E0,1.27E0));
#7676=DIRECTION('',(0.E0,-1.E0,0.E0));
#7677=DIRECTION('',(0.E0,0.E0,-1.E0));
#7678=AXIS2_PLACEMENT_3D('',#7675,#7676,#7677);
#7679=PLANE('',#7678);
#7680=ORIENTED_EDGE('',*,*,#7454,.F.);
#7681=ORIENTED_EDGE('',*,*,#7470,.F.);
#7683=ORIENTED_EDGE('',*,*,#7682,.F.);
#7684=ORIENTED_EDGE('',*,*,#7666,.F.);
#7685=EDGE_LOOP('',(#7680,#7681,#7683,#7684));
#7686=FACE_OUTER_BOUND('',#7685,.F.);
#7687=ADVANCED_FACE('',(#7686),#7679,.F.);
#7688=CARTESIAN_POINT('',(-7.62E0,4.27E0,1.045E0));
#7689=DIRECTION('',(0.E0,3.713906763541E-1,-9.284766908853E-1));
#7690=DIRECTION('',(-1.E0,0.E0,0.E0));
#7691=AXIS2_PLACEMENT_3D('',#7688,#7689,#7690);
#7692=PLANE('',#7691);
#7693=ORIENTED_EDGE('',*,*,#7682,.T.);
#7694=ORIENTED_EDGE('',*,*,#7468,.T.);
#7696=ORIENTED_EDGE('',*,*,#7695,.F.);
#7697=ORIENTED_EDGE('',*,*,#7668,.F.);
#7698=EDGE_LOOP('',(#7693,#7694,#7696,#7697));
#7699=FACE_OUTER_BOUND('',#7698,.F.);
#7700=ADVANCED_FACE('',(#7699),#7692,.T.);
#7701=CARTESIAN_POINT('',(-7.945E0,4.52E0,9.45E-1));
#7702=DIRECTION('',(0.E0,0.E0,-1.E0));
#7703=DIRECTION('',(1.E0,0.E0,0.E0));
#7704=AXIS2_PLACEMENT_3D('',#7701,#7702,#7703);
#7705=PLANE('',#7704);
#7706=ORIENTED_EDGE('',*,*,#7695,.T.);
#7707=ORIENTED_EDGE('',*,*,#7503,.T.);
#7708=ORIENTED_EDGE('',*,*,#5696,.T.);
#7709=ORIENTED_EDGE('',*,*,#7578,.F.);
#7710=EDGE_LOOP('',(#7706,#7707,#7708,#7709));
#7711=FACE_OUTER_BOUND('',#7710,.F.);
#7712=ADVANCED_FACE('',(#7711),#7705,.T.);
#7713=CARTESIAN_POINT('',(7.945E0,4.52E0,-9.45E-1));
#7714=DIRECTION('',(0.E0,0.E0,1.E0));
#7715=DIRECTION('',(-1.E0,0.E0,0.E0));
#7716=AXIS2_PLACEMENT_3D('',#7713,#7714,#7715);
#7717=PLANE('',#7716);
#7719=ORIENTED_EDGE('',*,*,#7718,.T.);
#7721=ORIENTED_EDGE('',*,*,#7720,.T.);
#7723=ORIENTED_EDGE('',*,*,#7722,.F.);
#7724=ORIENTED_EDGE('',*,*,#5112,.F.);
#7725=EDGE_LOOP('',(#7719,#7721,#7723,#7724));
#7726=FACE_OUTER_BOUND('',#7725,.F.);
#7727=ADVANCED_FACE('',(#7726),#7717,.T.);
#7728=CARTESIAN_POINT('',(7.945E0,4.52E0,-9.45E-1));
#7729=DIRECTION('',(0.E0,0.E0,1.E0));
#7730=DIRECTION('',(-1.E0,0.E0,0.E0));
#7731=AXIS2_PLACEMENT_3D('',#7728,#7729,#7730);
#7732=PLANE('',#7731);
#7734=ORIENTED_EDGE('',*,*,#7733,.T.);
#7736=ORIENTED_EDGE('',*,*,#7735,.T.);
#7737=ORIENTED_EDGE('',*,*,#5702,.T.);
#7739=ORIENTED_EDGE('',*,*,#7738,.F.);
#7740=EDGE_LOOP('',(#7734,#7736,#7737,#7739));
#7741=FACE_OUTER_BOUND('',#7740,.F.);
#7742=ADVANCED_FACE('',(#7741),#7732,.T.);
#7743=CARTESIAN_POINT('',(7.945E0,4.52E0,-1.595E0));
#7744=DIRECTION('',(1.E0,0.E0,0.E0));
#7745=DIRECTION('',(0.E0,0.E0,1.E0));
#7746=AXIS2_PLACEMENT_3D('',#7743,#7744,#7745);
#7747=PLANE('',#7746);
#7749=ORIENTED_EDGE('',*,*,#7748,.T.);
#7751=ORIENTED_EDGE('',*,*,#7750,.F.);
#7753=ORIENTED_EDGE('',*,*,#7752,.F.);
#7754=ORIENTED_EDGE('',*,*,#7718,.F.);
#7755=ORIENTED_EDGE('',*,*,#5118,.T.);
#7757=ORIENTED_EDGE('',*,*,#7756,.T.);
#7759=ORIENTED_EDGE('',*,*,#7758,.T.);
#7761=ORIENTED_EDGE('',*,*,#7760,.T.);
#7762=EDGE_LOOP('',(#7749,#7751,#7753,#7754,#7755,#7757,#7759,#7761));
#7763=FACE_OUTER_BOUND('',#7762,.F.);
#7764=ADVANCED_FACE('',(#7763),#7747,.T.);
#7765=CARTESIAN_POINT('',(7.945E0,4.52E0,-1.595E0));
#7766=DIRECTION('',(1.E0,0.E0,0.E0));
#7767=DIRECTION('',(0.E0,0.E0,1.E0));
#7768=AXIS2_PLACEMENT_3D('',#7765,#7766,#7767);
#7769=PLANE('',#7768);
#7771=ORIENTED_EDGE('',*,*,#7770,.T.);
#7773=ORIENTED_EDGE('',*,*,#7772,.T.);
#7774=ORIENTED_EDGE('',*,*,#5704,.F.);
#7775=ORIENTED_EDGE('',*,*,#7735,.F.);
#7776=EDGE_LOOP('',(#7771,#7773,#7774,#7775));
#7777=FACE_OUTER_BOUND('',#7776,.F.);
#7778=ADVANCED_FACE('',(#7777),#7769,.T.);
#7779=CARTESIAN_POINT('',(7.845E0,-7.628E0,7.525E0));
#7780=DIRECTION('',(9.284766908853E-1,0.E0,3.713906763541E-1));
#7781=DIRECTION('',(0.E0,-1.E0,0.E0));
#7782=AXIS2_PLACEMENT_3D('',#7779,#7780,#7781);
#7783=PLANE('',#7782);
#7784=ORIENTED_EDGE('',*,*,#7748,.F.);
#7786=ORIENTED_EDGE('',*,*,#7785,.F.);
#7788=ORIENTED_EDGE('',*,*,#7787,.T.);
#7790=ORIENTED_EDGE('',*,*,#7789,.F.);
#7791=EDGE_LOOP('',(#7784,#7786,#7788,#7790));
#7792=FACE_OUTER_BOUND('',#7791,.F.);
#7793=ADVANCED_FACE('',(#7792),#7783,.T.);
#7794=CARTESIAN_POINT('',(7.62E0,-7.853E0,7.525E0));
#7795=DIRECTION('',(0.E0,-9.284766908853E-1,3.713906763541E-1));
#7796=DIRECTION('',(-1.E0,0.E0,0.E0));
#7797=AXIS2_PLACEMENT_3D('',#7794,#7795,#7796);
#7798=PLANE('',#7797);
#7800=ORIENTED_EDGE('',*,*,#7799,.F.);
#7802=ORIENTED_EDGE('',*,*,#7801,.T.);
#7804=ORIENTED_EDGE('',*,*,#7803,.T.);
#7805=ORIENTED_EDGE('',*,*,#7785,.T.);
#7806=EDGE_LOOP('',(#7800,#7802,#7804,#7805));
#7807=FACE_OUTER_BOUND('',#7806,.F.);
#7808=ADVANCED_FACE('',(#7807),#7798,.T.);
#7809=CARTESIAN_POINT('',(7.295E0,-7.953E0,-7.62E-1));
#7810=DIRECTION('',(0.E0,-1.E0,0.E0));
#7811=DIRECTION('',(1.E0,0.E0,0.E0));
#7812=AXIS2_PLACEMENT_3D('',#7809,#7810,#7811);
#7813=PLANE('',#7812);
#7814=ORIENTED_EDGE('',*,*,#7799,.T.);
#7815=ORIENTED_EDGE('',*,*,#7760,.F.);
#7817=ORIENTED_EDGE('',*,*,#7816,.F.);
#7819=ORIENTED_EDGE('',*,*,#7818,.T.);
#7820=EDGE_LOOP('',(#7814,#7815,#7817,#7819));
#7821=FACE_OUTER_BOUND('',#7820,.F.);
#7822=ADVANCED_FACE('',(#7821),#7813,.T.);
#7823=CARTESIAN_POINT('',(8.62E0,-7.12E0,-7.62E-1));
#7824=DIRECTION('',(-1.E0,0.E0,0.E0));
#7825=DIRECTION('',(0.E0,0.E0,1.E0));
#7826=AXIS2_PLACEMENT_3D('',#7823,#7824,#7825);
#7827=CYLINDRICAL_SURFACE('',#7826,8.33E-1);
#7829=ORIENTED_EDGE('',*,*,#7828,.F.);
#7831=ORIENTED_EDGE('',*,*,#7830,.T.);
#7832=ORIENTED_EDGE('',*,*,#7816,.T.);
#7833=ORIENTED_EDGE('',*,*,#7758,.F.);
#7834=EDGE_LOOP('',(#7829,#7831,#7832,#7833));
#7835=FACE_OUTER_BOUND('',#7834,.F.);
#7836=ADVANCED_FACE('',(#7835),#7827,.T.);
#7837=CARTESIAN_POINT('',(7.295E0,4.52E0,-1.595E0));
#7838=DIRECTION('',(0.E0,0.E0,-1.E0));
#7839=DIRECTION('',(1.E0,0.E0,0.E0));
#7840=AXIS2_PLACEMENT_3D('',#7837,#7838,#7839);
#7841=PLANE('',#7840);
#7843=ORIENTED_EDGE('',*,*,#7842,.T.);
#7844=ORIENTED_EDGE('',*,*,#7828,.T.);
#7845=ORIENTED_EDGE('',*,*,#7756,.F.);
#7846=ORIENTED_EDGE('',*,*,#5116,.F.);
#7847=EDGE_LOOP('',(#7843,#7844,#7845,#7846));
#7848=FACE_OUTER_BOUND('',#7847,.F.);
#7849=ADVANCED_FACE('',(#7848),#7841,.T.);
#7850=CARTESIAN_POINT('',(7.295E0,4.52E0,-1.595E0));
#7851=DIRECTION('',(0.E0,0.E0,-1.E0));
#7852=DIRECTION('',(1.E0,0.E0,0.E0));
#7853=AXIS2_PLACEMENT_3D('',#7850,#7851,#7852);
#7854=PLANE('',#7853);
#7856=ORIENTED_EDGE('',*,*,#7855,.T.);
#7858=ORIENTED_EDGE('',*,*,#7857,.T.);
#7859=ORIENTED_EDGE('',*,*,#5706,.T.);
#7860=ORIENTED_EDGE('',*,*,#7772,.F.);
#7861=EDGE_LOOP('',(#7856,#7858,#7859,#7860));
#7862=FACE_OUTER_BOUND('',#7861,.F.);
#7863=ADVANCED_FACE('',(#7862),#7854,.T.);
#7864=CARTESIAN_POINT('',(7.295E0,4.52E0,-9.45E-1));
#7865=DIRECTION('',(-1.E0,0.E0,0.E0));
#7866=DIRECTION('',(0.E0,0.E0,-1.E0));
#7867=AXIS2_PLACEMENT_3D('',#7864,#7865,#7866);
#7868=PLANE('',#7867);
#7870=ORIENTED_EDGE('',*,*,#7869,.T.);
#7871=ORIENTED_EDGE('',*,*,#7818,.F.);
#7872=ORIENTED_EDGE('',*,*,#7830,.F.);
#7873=ORIENTED_EDGE('',*,*,#7842,.F.);
#7874=ORIENTED_EDGE('',*,*,#5114,.F.);
#7875=ORIENTED_EDGE('',*,*,#7722,.T.);
#7877=ORIENTED_EDGE('',*,*,#7876,.T.);
#7879=ORIENTED_EDGE('',*,*,#7878,.T.);
#7880=EDGE_LOOP('',(#7870,#7871,#7872,#7873,#7874,#7875,#7877,#7879));
#7881=FACE_OUTER_BOUND('',#7880,.F.);
#7882=ADVANCED_FACE('',(#7881),#7868,.T.);
#7883=CARTESIAN_POINT('',(7.295E0,4.52E0,-9.45E-1));
#7884=DIRECTION('',(-1.E0,0.E0,0.E0));
#7885=DIRECTION('',(0.E0,0.E0,-1.E0));
#7886=AXIS2_PLACEMENT_3D('',#7883,#7884,#7885);
#7887=PLANE('',#7886);
#7889=ORIENTED_EDGE('',*,*,#7888,.T.);
#7890=ORIENTED_EDGE('',*,*,#7738,.T.);
#7891=ORIENTED_EDGE('',*,*,#5708,.T.);
#7892=ORIENTED_EDGE('',*,*,#7857,.F.);
#7893=EDGE_LOOP('',(#7889,#7890,#7891,#7892));
#7894=FACE_OUTER_BOUND('',#7893,.F.);
#7895=ADVANCED_FACE('',(#7894),#7887,.T.);
#7896=CARTESIAN_POINT('',(7.395E0,-7.628E0,7.525E0));
#7897=DIRECTION('',(-9.284766908853E-1,0.E0,3.713906763541E-1));
#7898=DIRECTION('',(0.E0,-1.E0,0.E0));
#7899=AXIS2_PLACEMENT_3D('',#7896,#7897,#7898);
#7900=PLANE('',#7899);
#7902=ORIENTED_EDGE('',*,*,#7901,.T.);
#7903=ORIENTED_EDGE('',*,*,#7801,.F.);
#7904=ORIENTED_EDGE('',*,*,#7869,.F.);
#7906=ORIENTED_EDGE('',*,*,#7905,.F.);
#7907=EDGE_LOOP('',(#7902,#7903,#7904,#7906));
#7908=FACE_OUTER_BOUND('',#7907,.F.);
#7909=ADVANCED_FACE('',(#7908),#7900,.T.);
#7910=CARTESIAN_POINT('',(7.62E0,-7.628E0,7.775E0));
#7911=DIRECTION('',(0.E0,0.E0,1.E0));
#7912=DIRECTION('',(0.E0,-1.E0,0.E0));
#7913=AXIS2_PLACEMENT_3D('',#7910,#7911,#7912);
#7914=PLANE('',#7913);
#7915=ORIENTED_EDGE('',*,*,#7787,.F.);
#7916=ORIENTED_EDGE('',*,*,#7803,.F.);
#7917=ORIENTED_EDGE('',*,*,#7901,.F.);
#7919=ORIENTED_EDGE('',*,*,#7918,.F.);
#7920=EDGE_LOOP('',(#7915,#7916,#7917,#7919));
#7921=FACE_OUTER_BOUND('',#7920,.F.);
#7922=ADVANCED_FACE('',(#7921),#7914,.T.);
#7923=CARTESIAN_POINT('',(7.62E0,-7.403E0,7.525E0));
#7924=DIRECTION('',(0.E0,9.284766908853E-1,3.713906763541E-1));
#7925=DIRECTION('',(-1.E0,0.E0,0.E0));
#7926=AXIS2_PLACEMENT_3D('',#7923,#7924,#7925);
#7927=PLANE('',#7926);
#7929=ORIENTED_EDGE('',*,*,#7928,.F.);
#7930=ORIENTED_EDGE('',*,*,#7789,.T.);
#7931=ORIENTED_EDGE('',*,*,#7918,.T.);
#7932=ORIENTED_EDGE('',*,*,#7905,.T.);
#7933=EDGE_LOOP('',(#7929,#7930,#7931,#7932));
#7934=FACE_OUTER_BOUND('',#7933,.F.);
#7935=ADVANCED_FACE('',(#7934),#7927,.T.);
#7936=CARTESIAN_POINT('',(7.945E0,-7.303E0,-7.62E-1));
#7937=DIRECTION('',(0.E0,1.E0,0.E0));
#7938=DIRECTION('',(-1.E0,0.E0,0.E0));
#7939=AXIS2_PLACEMENT_3D('',#7936,#7937,#7938);
#7940=PLANE('',#7939);
#7941=ORIENTED_EDGE('',*,*,#7928,.T.);
#7942=ORIENTED_EDGE('',*,*,#7878,.F.);
#7944=ORIENTED_EDGE('',*,*,#7943,.F.);
#7945=ORIENTED_EDGE('',*,*,#7750,.T.);
#7946=EDGE_LOOP('',(#7941,#7942,#7944,#7945));
#7947=FACE_OUTER_BOUND('',#7946,.F.);
#7948=ADVANCED_FACE('',(#7947),#7940,.T.);
#7949=CARTESIAN_POINT('',(8.62E0,-7.12E0,-7.62E-1));
#7950=DIRECTION('',(-1.E0,0.E0,0.E0));
#7951=DIRECTION('',(0.E0,0.E0,1.E0));
#7952=AXIS2_PLACEMENT_3D('',#7949,#7950,#7951);
#7953=CYLINDRICAL_SURFACE('',#7952,1.83E-1);
#7954=ORIENTED_EDGE('',*,*,#7720,.F.);
#7955=ORIENTED_EDGE('',*,*,#7752,.T.);
#7956=ORIENTED_EDGE('',*,*,#7943,.T.);
#7957=ORIENTED_EDGE('',*,*,#7876,.F.);
#7958=EDGE_LOOP('',(#7954,#7955,#7956,#7957));
#7959=FACE_OUTER_BOUND('',#7958,.F.);
#7960=ADVANCED_FACE('',(#7959),#7953,.F.);
#7961=CARTESIAN_POINT('',(7.395E0,4.27E0,-1.27E0));
#7962=DIRECTION('',(-9.284766908853E-1,3.713906763541E-1,0.E0));
#7963=DIRECTION('',(0.E0,0.E0,-1.E0));
#7964=AXIS2_PLACEMENT_3D('',#7961,#7962,#7963);
#7965=PLANE('',#7964);
#7966=ORIENTED_EDGE('',*,*,#7888,.F.);
#7968=ORIENTED_EDGE('',*,*,#7967,.F.);
#7970=ORIENTED_EDGE('',*,*,#7969,.T.);
#7972=ORIENTED_EDGE('',*,*,#7971,.T.);
#7973=EDGE_LOOP('',(#7966,#7968,#7970,#7972));
#7974=FACE_OUTER_BOUND('',#7973,.F.);
#7975=ADVANCED_FACE('',(#7974),#7965,.T.);
#7976=CARTESIAN_POINT('',(7.62E0,4.27E0,-1.495E0));
#7977=DIRECTION('',(0.E0,3.713906763541E-1,-9.284766908853E-1));
#7978=DIRECTION('',(-1.E0,0.E0,0.E0));
#7979=AXIS2_PLACEMENT_3D('',#7976,#7977,#7978);
#7980=PLANE('',#7979);
#7982=ORIENTED_EDGE('',*,*,#7981,.T.);
#7983=ORIENTED_EDGE('',*,*,#7967,.T.);
#7984=ORIENTED_EDGE('',*,*,#7855,.F.);
#7986=ORIENTED_EDGE('',*,*,#7985,.F.);
#7987=EDGE_LOOP('',(#7982,#7983,#7984,#7986));
#7988=FACE_OUTER_BOUND('',#7987,.F.);
#7989=ADVANCED_FACE('',(#7988),#7980,.T.);
#7990=CARTESIAN_POINT('',(7.62E0,4.52E0,-1.27E0));
#7991=DIRECTION('',(0.E0,-1.E0,0.E0));
#7992=DIRECTION('',(0.E0,0.E0,-1.E0));
#7993=AXIS2_PLACEMENT_3D('',#7990,#7991,#7992);
#7994=PLANE('',#7993);
#7996=ORIENTED_EDGE('',*,*,#7995,.F.);
#7997=ORIENTED_EDGE('',*,*,#7969,.F.);
#7998=ORIENTED_EDGE('',*,*,#7981,.F.);
#8000=ORIENTED_EDGE('',*,*,#7999,.F.);
#8001=EDGE_LOOP('',(#7996,#7997,#7998,#8000));
#8002=FACE_OUTER_BOUND('',#8001,.F.);
#8003=ADVANCED_FACE('',(#8002),#7994,.F.);
#8004=CARTESIAN_POINT('',(7.62E0,4.27E0,-1.045E0));
#8005=DIRECTION('',(0.E0,3.713906763541E-1,9.284766908853E-1));
#8006=DIRECTION('',(-1.E0,0.E0,0.E0));
#8007=AXIS2_PLACEMENT_3D('',#8004,#8005,#8006);
#8008=PLANE('',#8007);
#8009=ORIENTED_EDGE('',*,*,#7733,.F.);
#8010=ORIENTED_EDGE('',*,*,#7971,.F.);
#8011=ORIENTED_EDGE('',*,*,#7995,.T.);
#8013=ORIENTED_EDGE('',*,*,#8012,.T.);
#8014=EDGE_LOOP('',(#8009,#8010,#8011,#8013));
#8015=FACE_OUTER_BOUND('',#8014,.F.);
#8016=ADVANCED_FACE('',(#8015),#8008,.T.);
#8017=CARTESIAN_POINT('',(7.845E0,4.27E0,-1.27E0));
#8018=DIRECTION('',(9.284766908853E-1,3.713906763541E-1,0.E0));
#8019=DIRECTION('',(0.E0,0.E0,-1.E0));
#8020=AXIS2_PLACEMENT_3D('',#8017,#8018,#8019);
#8021=PLANE('',#8020);
#8022=ORIENTED_EDGE('',*,*,#7999,.T.);
#8023=ORIENTED_EDGE('',*,*,#7985,.T.);
#8024=ORIENTED_EDGE('',*,*,#7770,.F.);
#8025=ORIENTED_EDGE('',*,*,#8012,.F.);
#8026=EDGE_LOOP('',(#8022,#8023,#8024,#8025));
#8027=FACE_OUTER_BOUND('',#8026,.F.);
#8028=ADVANCED_FACE('',(#8027),#8021,.T.);
#8029=CARTESIAN_POINT('',(5.405E0,4.52E0,-9.45E-1));
#8030=DIRECTION('',(0.E0,0.E0,1.E0));
#8031=DIRECTION('',(-1.E0,0.E0,0.E0));
#8032=AXIS2_PLACEMENT_3D('',#8029,#8030,#8031);
#8033=PLANE('',#8032);
#8034=ORIENTED_EDGE('',*,*,#5122,.F.);
#8036=ORIENTED_EDGE('',*,*,#8035,.T.);
#8038=ORIENTED_EDGE('',*,*,#8037,.T.);
#8040=ORIENTED_EDGE('',*,*,#8039,.F.);
#8041=EDGE_LOOP('',(#8034,#8036,#8038,#8040));
#8042=FACE_OUTER_BOUND('',#8041,.F.);
#8043=ADVANCED_FACE('',(#8042),#8033,.T.);
#8044=CARTESIAN_POINT('',(5.405E0,4.52E0,-9.45E-1));
#8045=DIRECTION('',(0.E0,0.E0,1.E0));
#8046=DIRECTION('',(-1.E0,0.E0,0.E0));
#8047=AXIS2_PLACEMENT_3D('',#8044,#8045,#8046);
#8048=PLANE('',#8047);
#8050=ORIENTED_EDGE('',*,*,#8049,.T.);
#8052=ORIENTED_EDGE('',*,*,#8051,.T.);
#8053=ORIENTED_EDGE('',*,*,#5712,.T.);
#8055=ORIENTED_EDGE('',*,*,#8054,.F.);
#8056=EDGE_LOOP('',(#8050,#8052,#8053,#8055));
#8057=FACE_OUTER_BOUND('',#8056,.F.);
#8058=ADVANCED_FACE('',(#8057),#8048,.T.);
#8059=CARTESIAN_POINT('',(5.405E0,4.52E0,-1.595E0));
#8060=DIRECTION('',(1.E0,0.E0,0.E0));
#8061=DIRECTION('',(0.E0,0.E0,1.E0));
#8062=AXIS2_PLACEMENT_3D('',#8059,#8060,#8061);
#8063=PLANE('',#8062);
#8065=ORIENTED_EDGE('',*,*,#8064,.T.);
#8067=ORIENTED_EDGE('',*,*,#8066,.F.);
#8069=ORIENTED_EDGE('',*,*,#8068,.F.);
#8070=ORIENTED_EDGE('',*,*,#8035,.F.);
#8071=ORIENTED_EDGE('',*,*,#5128,.T.);
#8073=ORIENTED_EDGE('',*,*,#8072,.T.);
#8075=ORIENTED_EDGE('',*,*,#8074,.T.);
#8077=ORIENTED_EDGE('',*,*,#8076,.T.);
#8078=EDGE_LOOP('',(#8065,#8067,#8069,#8070,#8071,#8073,#8075,#8077));
#8079=FACE_OUTER_BOUND('',#8078,.F.);
#8080=ADVANCED_FACE('',(#8079),#8063,.T.);
#8081=CARTESIAN_POINT('',(5.405E0,4.52E0,-1.595E0));
#8082=DIRECTION('',(1.E0,0.E0,0.E0));
#8083=DIRECTION('',(0.E0,0.E0,1.E0));
#8084=AXIS2_PLACEMENT_3D('',#8081,#8082,#8083);
#8085=PLANE('',#8084);
#8087=ORIENTED_EDGE('',*,*,#8086,.T.);
#8089=ORIENTED_EDGE('',*,*,#8088,.T.);
#8090=ORIENTED_EDGE('',*,*,#5714,.F.);
#8091=ORIENTED_EDGE('',*,*,#8051,.F.);
#8092=EDGE_LOOP('',(#8087,#8089,#8090,#8091));
#8093=FACE_OUTER_BOUND('',#8092,.F.);
#8094=ADVANCED_FACE('',(#8093),#8085,.T.);
#8095=CARTESIAN_POINT('',(5.305E0,-7.628E0,7.525E0));
#8096=DIRECTION('',(9.284766908853E-1,0.E0,3.713906763541E-1));
#8097=DIRECTION('',(0.E0,-1.E0,0.E0));
#8098=AXIS2_PLACEMENT_3D('',#8095,#8096,#8097);
#8099=PLANE('',#8098);
#8100=ORIENTED_EDGE('',*,*,#8064,.F.);
#8102=ORIENTED_EDGE('',*,*,#8101,.F.);
#8104=ORIENTED_EDGE('',*,*,#8103,.T.);
#8106=ORIENTED_EDGE('',*,*,#8105,.F.);
#8107=EDGE_LOOP('',(#8100,#8102,#8104,#8106));
#8108=FACE_OUTER_BOUND('',#8107,.F.);
#8109=ADVANCED_FACE('',(#8108),#8099,.T.);
#8110=CARTESIAN_POINT('',(5.08E0,-7.853E0,7.525E0));
#8111=DIRECTION('',(0.E0,-9.284766908853E-1,3.713906763541E-1));
#8112=DIRECTION('',(-1.E0,0.E0,0.E0));
#8113=AXIS2_PLACEMENT_3D('',#8110,#8111,#8112);
#8114=PLANE('',#8113);
#8116=ORIENTED_EDGE('',*,*,#8115,.F.);
#8118=ORIENTED_EDGE('',*,*,#8117,.T.);
#8120=ORIENTED_EDGE('',*,*,#8119,.T.);
#8121=ORIENTED_EDGE('',*,*,#8101,.T.);
#8122=EDGE_LOOP('',(#8116,#8118,#8120,#8121));
#8123=FACE_OUTER_BOUND('',#8122,.F.);
#8124=ADVANCED_FACE('',(#8123),#8114,.T.);
#8125=CARTESIAN_POINT('',(4.755E0,-7.953E0,-7.62E-1));
#8126=DIRECTION('',(0.E0,-1.E0,0.E0));
#8127=DIRECTION('',(1.E0,0.E0,0.E0));
#8128=AXIS2_PLACEMENT_3D('',#8125,#8126,#8127);
#8129=PLANE('',#8128);
#8130=ORIENTED_EDGE('',*,*,#8115,.T.);
#8131=ORIENTED_EDGE('',*,*,#8076,.F.);
#8133=ORIENTED_EDGE('',*,*,#8132,.F.);
#8135=ORIENTED_EDGE('',*,*,#8134,.T.);
#8136=EDGE_LOOP('',(#8130,#8131,#8133,#8135));
#8137=FACE_OUTER_BOUND('',#8136,.F.);
#8138=ADVANCED_FACE('',(#8137),#8129,.T.);
#8139=CARTESIAN_POINT('',(6.08E0,-7.12E0,-7.62E-1));
#8140=DIRECTION('',(-1.E0,0.E0,0.E0));
#8141=DIRECTION('',(0.E0,0.E0,1.E0));
#8142=AXIS2_PLACEMENT_3D('',#8139,#8140,#8141);
#8143=CYLINDRICAL_SURFACE('',#8142,8.33E-1);
#8145=ORIENTED_EDGE('',*,*,#8144,.F.);
#8147=ORIENTED_EDGE('',*,*,#8146,.T.);
#8148=ORIENTED_EDGE('',*,*,#8132,.T.);
#8149=ORIENTED_EDGE('',*,*,#8074,.F.);
#8150=EDGE_LOOP('',(#8145,#8147,#8148,#8149));
#8151=FACE_OUTER_BOUND('',#8150,.F.);
#8152=ADVANCED_FACE('',(#8151),#8143,.T.);
#8153=CARTESIAN_POINT('',(4.755E0,4.52E0,-1.595E0));
#8154=DIRECTION('',(0.E0,0.E0,-1.E0));
#8155=DIRECTION('',(1.E0,0.E0,0.E0));
#8156=AXIS2_PLACEMENT_3D('',#8153,#8154,#8155);
#8157=PLANE('',#8156);
#8158=ORIENTED_EDGE('',*,*,#5126,.F.);
#8160=ORIENTED_EDGE('',*,*,#8159,.T.);
#8161=ORIENTED_EDGE('',*,*,#8144,.T.);
#8162=ORIENTED_EDGE('',*,*,#8072,.F.);
#8163=EDGE_LOOP('',(#8158,#8160,#8161,#8162));
#8164=FACE_OUTER_BOUND('',#8163,.F.);
#8165=ADVANCED_FACE('',(#8164),#8157,.T.);
#8166=CARTESIAN_POINT('',(4.755E0,4.52E0,-1.595E0));
#8167=DIRECTION('',(0.E0,0.E0,-1.E0));
#8168=DIRECTION('',(1.E0,0.E0,0.E0));
#8169=AXIS2_PLACEMENT_3D('',#8166,#8167,#8168);
#8170=PLANE('',#8169);
#8172=ORIENTED_EDGE('',*,*,#8171,.T.);
#8174=ORIENTED_EDGE('',*,*,#8173,.T.);
#8175=ORIENTED_EDGE('',*,*,#5716,.T.);
#8176=ORIENTED_EDGE('',*,*,#8088,.F.);
#8177=EDGE_LOOP('',(#8172,#8174,#8175,#8176));
#8178=FACE_OUTER_BOUND('',#8177,.F.);
#8179=ADVANCED_FACE('',(#8178),#8170,.T.);
#8180=CARTESIAN_POINT('',(4.755E0,4.52E0,-9.45E-1));
#8181=DIRECTION('',(-1.E0,0.E0,0.E0));
#8182=DIRECTION('',(0.E0,0.E0,-1.E0));
#8183=AXIS2_PLACEMENT_3D('',#8180,#8181,#8182);
#8184=PLANE('',#8183);
#8186=ORIENTED_EDGE('',*,*,#8185,.T.);
#8187=ORIENTED_EDGE('',*,*,#8134,.F.);
#8188=ORIENTED_EDGE('',*,*,#8146,.F.);
#8189=ORIENTED_EDGE('',*,*,#8159,.F.);
#8190=ORIENTED_EDGE('',*,*,#5124,.F.);
#8191=ORIENTED_EDGE('',*,*,#8039,.T.);
#8193=ORIENTED_EDGE('',*,*,#8192,.T.);
#8195=ORIENTED_EDGE('',*,*,#8194,.T.);
#8196=EDGE_LOOP('',(#8186,#8187,#8188,#8189,#8190,#8191,#8193,#8195));
#8197=FACE_OUTER_BOUND('',#8196,.F.);
#8198=ADVANCED_FACE('',(#8197),#8184,.T.);
#8199=CARTESIAN_POINT('',(4.755E0,4.52E0,-9.45E-1));
#8200=DIRECTION('',(-1.E0,0.E0,0.E0));
#8201=DIRECTION('',(0.E0,0.E0,-1.E0));
#8202=AXIS2_PLACEMENT_3D('',#8199,#8200,#8201);
#8203=PLANE('',#8202);
#8205=ORIENTED_EDGE('',*,*,#8204,.T.);
#8206=ORIENTED_EDGE('',*,*,#8054,.T.);
#8207=ORIENTED_EDGE('',*,*,#5718,.T.);
#8208=ORIENTED_EDGE('',*,*,#8173,.F.);
#8209=EDGE_LOOP('',(#8205,#8206,#8207,#8208));
#8210=FACE_OUTER_BOUND('',#8209,.F.);
#8211=ADVANCED_FACE('',(#8210),#8203,.T.);
#8212=CARTESIAN_POINT('',(4.855E0,-7.628E0,7.525E0));
#8213=DIRECTION('',(-9.284766908853E-1,0.E0,3.713906763541E-1));
#8214=DIRECTION('',(0.E0,-1.E0,0.E0));
#8215=AXIS2_PLACEMENT_3D('',#8212,#8213,#8214);
#8216=PLANE('',#8215);
#8218=ORIENTED_EDGE('',*,*,#8217,.T.);
#8219=ORIENTED_EDGE('',*,*,#8117,.F.);
#8220=ORIENTED_EDGE('',*,*,#8185,.F.);
#8222=ORIENTED_EDGE('',*,*,#8221,.F.);
#8223=EDGE_LOOP('',(#8218,#8219,#8220,#8222));
#8224=FACE_OUTER_BOUND('',#8223,.F.);
#8225=ADVANCED_FACE('',(#8224),#8216,.T.);
#8226=CARTESIAN_POINT('',(5.08E0,-7.628E0,7.775E0));
#8227=DIRECTION('',(0.E0,0.E0,1.E0));
#8228=DIRECTION('',(0.E0,-1.E0,0.E0));
#8229=AXIS2_PLACEMENT_3D('',#8226,#8227,#8228);
#8230=PLANE('',#8229);
#8231=ORIENTED_EDGE('',*,*,#8103,.F.);
#8232=ORIENTED_EDGE('',*,*,#8119,.F.);
#8233=ORIENTED_EDGE('',*,*,#8217,.F.);
#8235=ORIENTED_EDGE('',*,*,#8234,.F.);
#8236=EDGE_LOOP('',(#8231,#8232,#8233,#8235));
#8237=FACE_OUTER_BOUND('',#8236,.F.);
#8238=ADVANCED_FACE('',(#8237),#8230,.T.);
#8239=CARTESIAN_POINT('',(5.08E0,-7.403E0,7.525E0));
#8240=DIRECTION('',(0.E0,9.284766908853E-1,3.713906763541E-1));
#8241=DIRECTION('',(-1.E0,0.E0,0.E0));
#8242=AXIS2_PLACEMENT_3D('',#8239,#8240,#8241);
#8243=PLANE('',#8242);
#8245=ORIENTED_EDGE('',*,*,#8244,.F.);
#8246=ORIENTED_EDGE('',*,*,#8105,.T.);
#8247=ORIENTED_EDGE('',*,*,#8234,.T.);
#8248=ORIENTED_EDGE('',*,*,#8221,.T.);
#8249=EDGE_LOOP('',(#8245,#8246,#8247,#8248));
#8250=FACE_OUTER_BOUND('',#8249,.F.);
#8251=ADVANCED_FACE('',(#8250),#8243,.T.);
#8252=CARTESIAN_POINT('',(5.405E0,-7.303E0,-7.62E-1));
#8253=DIRECTION('',(0.E0,1.E0,0.E0));
#8254=DIRECTION('',(-1.E0,0.E0,0.E0));
#8255=AXIS2_PLACEMENT_3D('',#8252,#8253,#8254);
#8256=PLANE('',#8255);
#8257=ORIENTED_EDGE('',*,*,#8244,.T.);
#8258=ORIENTED_EDGE('',*,*,#8194,.F.);
#8260=ORIENTED_EDGE('',*,*,#8259,.F.);
#8261=ORIENTED_EDGE('',*,*,#8066,.T.);
#8262=EDGE_LOOP('',(#8257,#8258,#8260,#8261));
#8263=FACE_OUTER_BOUND('',#8262,.F.);
#8264=ADVANCED_FACE('',(#8263),#8256,.T.);
#8265=CARTESIAN_POINT('',(6.08E0,-7.12E0,-7.62E-1));
#8266=DIRECTION('',(-1.E0,0.E0,0.E0));
#8267=DIRECTION('',(0.E0,0.E0,1.E0));
#8268=AXIS2_PLACEMENT_3D('',#8265,#8266,#8267);
#8269=CYLINDRICAL_SURFACE('',#8268,1.83E-1);
#8270=ORIENTED_EDGE('',*,*,#8037,.F.);
#8271=ORIENTED_EDGE('',*,*,#8068,.T.);
#8272=ORIENTED_EDGE('',*,*,#8259,.T.);
#8273=ORIENTED_EDGE('',*,*,#8192,.F.);
#8274=EDGE_LOOP('',(#8270,#8271,#8272,#8273));
#8275=FACE_OUTER_BOUND('',#8274,.F.);
#8276=ADVANCED_FACE('',(#8275),#8269,.F.);
#8277=CARTESIAN_POINT('',(4.855E0,4.27E0,-1.27E0));
#8278=DIRECTION('',(-9.284766908853E-1,3.713906763541E-1,0.E0));
#8279=DIRECTION('',(0.E0,0.E0,-1.E0));
#8280=AXIS2_PLACEMENT_3D('',#8277,#8278,#8279);
#8281=PLANE('',#8280);
#8282=ORIENTED_EDGE('',*,*,#8204,.F.);
#8284=ORIENTED_EDGE('',*,*,#8283,.F.);
#8286=ORIENTED_EDGE('',*,*,#8285,.T.);
#8288=ORIENTED_EDGE('',*,*,#8287,.T.);
#8289=EDGE_LOOP('',(#8282,#8284,#8286,#8288));
#8290=FACE_OUTER_BOUND('',#8289,.F.);
#8291=ADVANCED_FACE('',(#8290),#8281,.T.);
#8292=CARTESIAN_POINT('',(5.08E0,4.27E0,-1.495E0));
#8293=DIRECTION('',(0.E0,3.713906763541E-1,-9.284766908853E-1));
#8294=DIRECTION('',(-1.E0,0.E0,0.E0));
#8295=AXIS2_PLACEMENT_3D('',#8292,#8293,#8294);
#8296=PLANE('',#8295);
#8298=ORIENTED_EDGE('',*,*,#8297,.T.);
#8299=ORIENTED_EDGE('',*,*,#8283,.T.);
#8300=ORIENTED_EDGE('',*,*,#8171,.F.);
#8302=ORIENTED_EDGE('',*,*,#8301,.F.);
#8303=EDGE_LOOP('',(#8298,#8299,#8300,#8302));
#8304=FACE_OUTER_BOUND('',#8303,.F.);
#8305=ADVANCED_FACE('',(#8304),#8296,.T.);
#8306=CARTESIAN_POINT('',(5.08E0,4.52E0,-1.27E0));
#8307=DIRECTION('',(0.E0,-1.E0,0.E0));
#8308=DIRECTION('',(0.E0,0.E0,-1.E0));
#8309=AXIS2_PLACEMENT_3D('',#8306,#8307,#8308);
#8310=PLANE('',#8309);
#8312=ORIENTED_EDGE('',*,*,#8311,.F.);
#8313=ORIENTED_EDGE('',*,*,#8285,.F.);
#8314=ORIENTED_EDGE('',*,*,#8297,.F.);
#8316=ORIENTED_EDGE('',*,*,#8315,.F.);
#8317=EDGE_LOOP('',(#8312,#8313,#8314,#8316));
#8318=FACE_OUTER_BOUND('',#8317,.F.);
#8319=ADVANCED_FACE('',(#8318),#8310,.F.);
#8320=CARTESIAN_POINT('',(5.08E0,4.27E0,-1.045E0));
#8321=DIRECTION('',(0.E0,3.713906763541E-1,9.284766908853E-1));
#8322=DIRECTION('',(-1.E0,0.E0,0.E0));
#8323=AXIS2_PLACEMENT_3D('',#8320,#8321,#8322);
#8324=PLANE('',#8323);
#8325=ORIENTED_EDGE('',*,*,#8049,.F.);
#8326=ORIENTED_EDGE('',*,*,#8287,.F.);
#8327=ORIENTED_EDGE('',*,*,#8311,.T.);
#8329=ORIENTED_EDGE('',*,*,#8328,.T.);
#8330=EDGE_LOOP('',(#8325,#8326,#8327,#8329));
#8331=FACE_OUTER_BOUND('',#8330,.F.);
#8332=ADVANCED_FACE('',(#8331),#8324,.T.);
#8333=CARTESIAN_POINT('',(5.305E0,4.27E0,-1.27E0));
#8334=DIRECTION('',(9.284766908853E-1,3.713906763541E-1,0.E0));
#8335=DIRECTION('',(0.E0,0.E0,-1.E0));
#8336=AXIS2_PLACEMENT_3D('',#8333,#8334,#8335);
#8337=PLANE('',#8336);
#8338=ORIENTED_EDGE('',*,*,#8315,.T.);
#8339=ORIENTED_EDGE('',*,*,#8301,.T.);
#8340=ORIENTED_EDGE('',*,*,#8086,.F.);
#8341=ORIENTED_EDGE('',*,*,#8328,.F.);
#8342=EDGE_LOOP('',(#8338,#8339,#8340,#8341));
#8343=FACE_OUTER_BOUND('',#8342,.F.);
#8344=ADVANCED_FACE('',(#8343),#8337,.T.);
#8345=CARTESIAN_POINT('',(2.865E0,4.52E0,-9.45E-1));
#8346=DIRECTION('',(0.E0,0.E0,1.E0));
#8347=DIRECTION('',(-1.E0,0.E0,0.E0));
#8348=AXIS2_PLACEMENT_3D('',#8345,#8346,#8347);
#8349=PLANE('',#8348);
#8350=ORIENTED_EDGE('',*,*,#5132,.F.);
#8352=ORIENTED_EDGE('',*,*,#8351,.T.);
#8354=ORIENTED_EDGE('',*,*,#8353,.T.);
#8356=ORIENTED_EDGE('',*,*,#8355,.F.);
#8357=EDGE_LOOP('',(#8350,#8352,#8354,#8356));
#8358=FACE_OUTER_BOUND('',#8357,.F.);
#8359=ADVANCED_FACE('',(#8358),#8349,.T.);
#8360=CARTESIAN_POINT('',(2.865E0,4.52E0,-9.45E-1));
#8361=DIRECTION('',(0.E0,0.E0,1.E0));
#8362=DIRECTION('',(-1.E0,0.E0,0.E0));
#8363=AXIS2_PLACEMENT_3D('',#8360,#8361,#8362);
#8364=PLANE('',#8363);
#8366=ORIENTED_EDGE('',*,*,#8365,.T.);
#8368=ORIENTED_EDGE('',*,*,#8367,.T.);
#8369=ORIENTED_EDGE('',*,*,#5722,.T.);
#8371=ORIENTED_EDGE('',*,*,#8370,.F.);
#8372=EDGE_LOOP('',(#8366,#8368,#8369,#8371));
#8373=FACE_OUTER_BOUND('',#8372,.F.);
#8374=ADVANCED_FACE('',(#8373),#8364,.T.);
#8375=CARTESIAN_POINT('',(2.865E0,4.52E0,-1.595E0));
#8376=DIRECTION('',(1.E0,0.E0,0.E0));
#8377=DIRECTION('',(0.E0,0.E0,1.E0));
#8378=AXIS2_PLACEMENT_3D('',#8375,#8376,#8377);
#8379=PLANE('',#8378);
#8381=ORIENTED_EDGE('',*,*,#8380,.T.);
#8383=ORIENTED_EDGE('',*,*,#8382,.F.);
#8385=ORIENTED_EDGE('',*,*,#8384,.F.);
#8386=ORIENTED_EDGE('',*,*,#8351,.F.);
#8387=ORIENTED_EDGE('',*,*,#5138,.T.);
#8389=ORIENTED_EDGE('',*,*,#8388,.T.);
#8391=ORIENTED_EDGE('',*,*,#8390,.T.);
#8393=ORIENTED_EDGE('',*,*,#8392,.T.);
#8394=EDGE_LOOP('',(#8381,#8383,#8385,#8386,#8387,#8389,#8391,#8393));
#8395=FACE_OUTER_BOUND('',#8394,.F.);
#8396=ADVANCED_FACE('',(#8395),#8379,.T.);
#8397=CARTESIAN_POINT('',(2.865E0,4.52E0,-1.595E0));
#8398=DIRECTION('',(1.E0,0.E0,0.E0));
#8399=DIRECTION('',(0.E0,0.E0,1.E0));
#8400=AXIS2_PLACEMENT_3D('',#8397,#8398,#8399);
#8401=PLANE('',#8400);
#8403=ORIENTED_EDGE('',*,*,#8402,.T.);
#8405=ORIENTED_EDGE('',*,*,#8404,.T.);
#8406=ORIENTED_EDGE('',*,*,#5724,.F.);
#8407=ORIENTED_EDGE('',*,*,#8367,.F.);
#8408=EDGE_LOOP('',(#8403,#8405,#8406,#8407));
#8409=FACE_OUTER_BOUND('',#8408,.F.);
#8410=ADVANCED_FACE('',(#8409),#8401,.T.);
#8411=CARTESIAN_POINT('',(2.765E0,-7.628E0,7.525E0));
#8412=DIRECTION('',(9.284766908853E-1,0.E0,3.713906763541E-1));
#8413=DIRECTION('',(0.E0,-1.E0,0.E0));
#8414=AXIS2_PLACEMENT_3D('',#8411,#8412,#8413);
#8415=PLANE('',#8414);
#8416=ORIENTED_EDGE('',*,*,#8380,.F.);
#8418=ORIENTED_EDGE('',*,*,#8417,.F.);
#8420=ORIENTED_EDGE('',*,*,#8419,.T.);
#8422=ORIENTED_EDGE('',*,*,#8421,.F.);
#8423=EDGE_LOOP('',(#8416,#8418,#8420,#8422));
#8424=FACE_OUTER_BOUND('',#8423,.F.);
#8425=ADVANCED_FACE('',(#8424),#8415,.T.);
#8426=CARTESIAN_POINT('',(2.54E0,-7.853E0,7.525E0));
#8427=DIRECTION('',(0.E0,-9.284766908853E-1,3.713906763541E-1));
#8428=DIRECTION('',(-1.E0,0.E0,0.E0));
#8429=AXIS2_PLACEMENT_3D('',#8426,#8427,#8428);
#8430=PLANE('',#8429);
#8432=ORIENTED_EDGE('',*,*,#8431,.F.);
#8434=ORIENTED_EDGE('',*,*,#8433,.T.);
#8436=ORIENTED_EDGE('',*,*,#8435,.T.);
#8437=ORIENTED_EDGE('',*,*,#8417,.T.);
#8438=EDGE_LOOP('',(#8432,#8434,#8436,#8437));
#8439=FACE_OUTER_BOUND('',#8438,.F.);
#8440=ADVANCED_FACE('',(#8439),#8430,.T.);
#8441=CARTESIAN_POINT('',(2.215E0,-7.953E0,-7.62E-1));
#8442=DIRECTION('',(0.E0,-1.E0,0.E0));
#8443=DIRECTION('',(1.E0,0.E0,0.E0));
#8444=AXIS2_PLACEMENT_3D('',#8441,#8442,#8443);
#8445=PLANE('',#8444);
#8446=ORIENTED_EDGE('',*,*,#8431,.T.);
#8447=ORIENTED_EDGE('',*,*,#8392,.F.);
#8449=ORIENTED_EDGE('',*,*,#8448,.F.);
#8451=ORIENTED_EDGE('',*,*,#8450,.T.);
#8452=EDGE_LOOP('',(#8446,#8447,#8449,#8451));
#8453=FACE_OUTER_BOUND('',#8452,.F.);
#8454=ADVANCED_FACE('',(#8453),#8445,.T.);
#8455=CARTESIAN_POINT('',(3.54E0,-7.12E0,-7.62E-1));
#8456=DIRECTION('',(-1.E0,0.E0,0.E0));
#8457=DIRECTION('',(0.E0,0.E0,1.E0));
#8458=AXIS2_PLACEMENT_3D('',#8455,#8456,#8457);
#8459=CYLINDRICAL_SURFACE('',#8458,8.33E-1);
#8461=ORIENTED_EDGE('',*,*,#8460,.F.);
#8463=ORIENTED_EDGE('',*,*,#8462,.T.);
#8464=ORIENTED_EDGE('',*,*,#8448,.T.);
#8465=ORIENTED_EDGE('',*,*,#8390,.F.);
#8466=EDGE_LOOP('',(#8461,#8463,#8464,#8465));
#8467=FACE_OUTER_BOUND('',#8466,.F.);
#8468=ADVANCED_FACE('',(#8467),#8459,.T.);
#8469=CARTESIAN_POINT('',(2.215E0,4.52E0,-1.595E0));
#8470=DIRECTION('',(0.E0,0.E0,-1.E0));
#8471=DIRECTION('',(1.E0,0.E0,0.E0));
#8472=AXIS2_PLACEMENT_3D('',#8469,#8470,#8471);
#8473=PLANE('',#8472);
#8474=ORIENTED_EDGE('',*,*,#5136,.F.);
#8476=ORIENTED_EDGE('',*,*,#8475,.T.);
#8477=ORIENTED_EDGE('',*,*,#8460,.T.);
#8478=ORIENTED_EDGE('',*,*,#8388,.F.);
#8479=EDGE_LOOP('',(#8474,#8476,#8477,#8478));
#8480=FACE_OUTER_BOUND('',#8479,.F.);
#8481=ADVANCED_FACE('',(#8480),#8473,.T.);
#8482=CARTESIAN_POINT('',(2.215E0,4.52E0,-1.595E0));
#8483=DIRECTION('',(0.E0,0.E0,-1.E0));
#8484=DIRECTION('',(1.E0,0.E0,0.E0));
#8485=AXIS2_PLACEMENT_3D('',#8482,#8483,#8484);
#8486=PLANE('',#8485);
#8488=ORIENTED_EDGE('',*,*,#8487,.T.);
#8490=ORIENTED_EDGE('',*,*,#8489,.T.);
#8491=ORIENTED_EDGE('',*,*,#5726,.T.);
#8492=ORIENTED_EDGE('',*,*,#8404,.F.);
#8493=EDGE_LOOP('',(#8488,#8490,#8491,#8492));
#8494=FACE_OUTER_BOUND('',#8493,.F.);
#8495=ADVANCED_FACE('',(#8494),#8486,.T.);
#8496=CARTESIAN_POINT('',(2.215E0,4.52E0,-9.45E-1));
#8497=DIRECTION('',(-1.E0,0.E0,0.E0));
#8498=DIRECTION('',(0.E0,0.E0,-1.E0));
#8499=AXIS2_PLACEMENT_3D('',#8496,#8497,#8498);
#8500=PLANE('',#8499);
#8502=ORIENTED_EDGE('',*,*,#8501,.T.);
#8503=ORIENTED_EDGE('',*,*,#8450,.F.);
#8504=ORIENTED_EDGE('',*,*,#8462,.F.);
#8505=ORIENTED_EDGE('',*,*,#8475,.F.);
#8506=ORIENTED_EDGE('',*,*,#5134,.F.);
#8507=ORIENTED_EDGE('',*,*,#8355,.T.);
#8509=ORIENTED_EDGE('',*,*,#8508,.T.);
#8511=ORIENTED_EDGE('',*,*,#8510,.T.);
#8512=EDGE_LOOP('',(#8502,#8503,#8504,#8505,#8506,#8507,#8509,#8511));
#8513=FACE_OUTER_BOUND('',#8512,.F.);
#8514=ADVANCED_FACE('',(#8513),#8500,.T.);
#8515=CARTESIAN_POINT('',(2.215E0,4.52E0,-9.45E-1));
#8516=DIRECTION('',(-1.E0,0.E0,0.E0));
#8517=DIRECTION('',(0.E0,0.E0,-1.E0));
#8518=AXIS2_PLACEMENT_3D('',#8515,#8516,#8517);
#8519=PLANE('',#8518);
#8521=ORIENTED_EDGE('',*,*,#8520,.T.);
#8522=ORIENTED_EDGE('',*,*,#8370,.T.);
#8523=ORIENTED_EDGE('',*,*,#5728,.T.);
#8524=ORIENTED_EDGE('',*,*,#8489,.F.);
#8525=EDGE_LOOP('',(#8521,#8522,#8523,#8524));
#8526=FACE_OUTER_BOUND('',#8525,.F.);
#8527=ADVANCED_FACE('',(#8526),#8519,.T.);
#8528=CARTESIAN_POINT('',(2.315E0,-7.628E0,7.525E0));
#8529=DIRECTION('',(-9.284766908853E-1,0.E0,3.713906763541E-1));
#8530=DIRECTION('',(0.E0,-1.E0,0.E0));
#8531=AXIS2_PLACEMENT_3D('',#8528,#8529,#8530);
#8532=PLANE('',#8531);
#8534=ORIENTED_EDGE('',*,*,#8533,.T.);
#8535=ORIENTED_EDGE('',*,*,#8433,.F.);
#8536=ORIENTED_EDGE('',*,*,#8501,.F.);
#8538=ORIENTED_EDGE('',*,*,#8537,.F.);
#8539=EDGE_LOOP('',(#8534,#8535,#8536,#8538));
#8540=FACE_OUTER_BOUND('',#8539,.F.);
#8541=ADVANCED_FACE('',(#8540),#8532,.T.);
#8542=CARTESIAN_POINT('',(2.54E0,-7.628E0,7.775E0));
#8543=DIRECTION('',(0.E0,0.E0,1.E0));
#8544=DIRECTION('',(0.E0,-1.E0,0.E0));
#8545=AXIS2_PLACEMENT_3D('',#8542,#8543,#8544);
#8546=PLANE('',#8545);
#8547=ORIENTED_EDGE('',*,*,#8419,.F.);
#8548=ORIENTED_EDGE('',*,*,#8435,.F.);
#8549=ORIENTED_EDGE('',*,*,#8533,.F.);
#8551=ORIENTED_EDGE('',*,*,#8550,.F.);
#8552=EDGE_LOOP('',(#8547,#8548,#8549,#8551));
#8553=FACE_OUTER_BOUND('',#8552,.F.);
#8554=ADVANCED_FACE('',(#8553),#8546,.T.);
#8555=CARTESIAN_POINT('',(2.54E0,-7.403E0,7.525E0));
#8556=DIRECTION('',(0.E0,9.284766908853E-1,3.713906763541E-1));
#8557=DIRECTION('',(-1.E0,0.E0,0.E0));
#8558=AXIS2_PLACEMENT_3D('',#8555,#8556,#8557);
#8559=PLANE('',#8558);
#8561=ORIENTED_EDGE('',*,*,#8560,.F.);
#8562=ORIENTED_EDGE('',*,*,#8421,.T.);
#8563=ORIENTED_EDGE('',*,*,#8550,.T.);
#8564=ORIENTED_EDGE('',*,*,#8537,.T.);
#8565=EDGE_LOOP('',(#8561,#8562,#8563,#8564));
#8566=FACE_OUTER_BOUND('',#8565,.F.);
#8567=ADVANCED_FACE('',(#8566),#8559,.T.);
#8568=CARTESIAN_POINT('',(2.865E0,-7.303E0,-7.62E-1));
#8569=DIRECTION('',(0.E0,1.E0,0.E0));
#8570=DIRECTION('',(-1.E0,0.E0,0.E0));
#8571=AXIS2_PLACEMENT_3D('',#8568,#8569,#8570);
#8572=PLANE('',#8571);
#8573=ORIENTED_EDGE('',*,*,#8560,.T.);
#8574=ORIENTED_EDGE('',*,*,#8510,.F.);
#8576=ORIENTED_EDGE('',*,*,#8575,.F.);
#8577=ORIENTED_EDGE('',*,*,#8382,.T.);
#8578=EDGE_LOOP('',(#8573,#8574,#8576,#8577));
#8579=FACE_OUTER_BOUND('',#8578,.F.);
#8580=ADVANCED_FACE('',(#8579),#8572,.T.);
#8581=CARTESIAN_POINT('',(3.54E0,-7.12E0,-7.62E-1));
#8582=DIRECTION('',(-1.E0,0.E0,0.E0));
#8583=DIRECTION('',(0.E0,0.E0,1.E0));
#8584=AXIS2_PLACEMENT_3D('',#8581,#8582,#8583);
#8585=CYLINDRICAL_SURFACE('',#8584,1.83E-1);
#8586=ORIENTED_EDGE('',*,*,#8353,.F.);
#8587=ORIENTED_EDGE('',*,*,#8384,.T.);
#8588=ORIENTED_EDGE('',*,*,#8575,.T.);
#8589=ORIENTED_EDGE('',*,*,#8508,.F.);
#8590=EDGE_LOOP('',(#8586,#8587,#8588,#8589));
#8591=FACE_OUTER_BOUND('',#8590,.F.);
#8592=ADVANCED_FACE('',(#8591),#8585,.F.);
#8593=CARTESIAN_POINT('',(2.315E0,4.27E0,-1.27E0));
#8594=DIRECTION('',(-9.284766908853E-1,3.713906763541E-1,0.E0));
#8595=DIRECTION('',(0.E0,0.E0,-1.E0));
#8596=AXIS2_PLACEMENT_3D('',#8593,#8594,#8595);
#8597=PLANE('',#8596);
#8598=ORIENTED_EDGE('',*,*,#8520,.F.);
#8600=ORIENTED_EDGE('',*,*,#8599,.F.);
#8602=ORIENTED_EDGE('',*,*,#8601,.T.);
#8604=ORIENTED_EDGE('',*,*,#8603,.T.);
#8605=EDGE_LOOP('',(#8598,#8600,#8602,#8604));
#8606=FACE_OUTER_BOUND('',#8605,.F.);
#8607=ADVANCED_FACE('',(#8606),#8597,.T.);
#8608=CARTESIAN_POINT('',(2.54E0,4.27E0,-1.495E0));
#8609=DIRECTION('',(0.E0,3.713906763541E-1,-9.284766908853E-1));
#8610=DIRECTION('',(-1.E0,0.E0,0.E0));
#8611=AXIS2_PLACEMENT_3D('',#8608,#8609,#8610);
#8612=PLANE('',#8611);
#8614=ORIENTED_EDGE('',*,*,#8613,.T.);
#8615=ORIENTED_EDGE('',*,*,#8599,.T.);
#8616=ORIENTED_EDGE('',*,*,#8487,.F.);
#8618=ORIENTED_EDGE('',*,*,#8617,.F.);
#8619=EDGE_LOOP('',(#8614,#8615,#8616,#8618));
#8620=FACE_OUTER_BOUND('',#8619,.F.);
#8621=ADVANCED_FACE('',(#8620),#8612,.T.);
#8622=CARTESIAN_POINT('',(2.54E0,4.52E0,-1.27E0));
#8623=DIRECTION('',(0.E0,-1.E0,0.E0));
#8624=DIRECTION('',(0.E0,0.E0,-1.E0));
#8625=AXIS2_PLACEMENT_3D('',#8622,#8623,#8624);
#8626=PLANE('',#8625);
#8628=ORIENTED_EDGE('',*,*,#8627,.F.);
#8629=ORIENTED_EDGE('',*,*,#8601,.F.);
#8630=ORIENTED_EDGE('',*,*,#8613,.F.);
#8632=ORIENTED_EDGE('',*,*,#8631,.F.);
#8633=EDGE_LOOP('',(#8628,#8629,#8630,#8632));
#8634=FACE_OUTER_BOUND('',#8633,.F.);
#8635=ADVANCED_FACE('',(#8634),#8626,.F.);
#8636=CARTESIAN_POINT('',(2.54E0,4.27E0,-1.045E0));
#8637=DIRECTION('',(0.E0,3.713906763541E-1,9.284766908853E-1));
#8638=DIRECTION('',(-1.E0,0.E0,0.E0));
#8639=AXIS2_PLACEMENT_3D('',#8636,#8637,#8638);
#8640=PLANE('',#8639);
#8641=ORIENTED_EDGE('',*,*,#8365,.F.);
#8642=ORIENTED_EDGE('',*,*,#8603,.F.);
#8643=ORIENTED_EDGE('',*,*,#8627,.T.);
#8645=ORIENTED_EDGE('',*,*,#8644,.T.);
#8646=EDGE_LOOP('',(#8641,#8642,#8643,#8645));
#8647=FACE_OUTER_BOUND('',#8646,.F.);
#8648=ADVANCED_FACE('',(#8647),#8640,.T.);
#8649=CARTESIAN_POINT('',(2.765E0,4.27E0,-1.27E0));
#8650=DIRECTION('',(9.284766908853E-1,3.713906763541E-1,0.E0));
#8651=DIRECTION('',(0.E0,0.E0,-1.E0));
#8652=AXIS2_PLACEMENT_3D('',#8649,#8650,#8651);
#8653=PLANE('',#8652);
#8654=ORIENTED_EDGE('',*,*,#8631,.T.);
#8655=ORIENTED_EDGE('',*,*,#8617,.T.);
#8656=ORIENTED_EDGE('',*,*,#8402,.F.);
#8657=ORIENTED_EDGE('',*,*,#8644,.F.);
#8658=EDGE_LOOP('',(#8654,#8655,#8656,#8657));
#8659=FACE_OUTER_BOUND('',#8658,.F.);
#8660=ADVANCED_FACE('',(#8659),#8653,.T.);
#8661=CARTESIAN_POINT('',(3.25E-1,4.52E0,-9.45E-1));
#8662=DIRECTION('',(0.E0,0.E0,1.E0));
#8663=DIRECTION('',(-1.E0,0.E0,0.E0));
#8664=AXIS2_PLACEMENT_3D('',#8661,#8662,#8663);
#8665=PLANE('',#8664);
#8666=ORIENTED_EDGE('',*,*,#5142,.F.);
#8668=ORIENTED_EDGE('',*,*,#8667,.T.);
#8670=ORIENTED_EDGE('',*,*,#8669,.T.);
#8672=ORIENTED_EDGE('',*,*,#8671,.F.);
#8673=EDGE_LOOP('',(#8666,#8668,#8670,#8672));
#8674=FACE_OUTER_BOUND('',#8673,.F.);
#8675=ADVANCED_FACE('',(#8674),#8665,.T.);
#8676=CARTESIAN_POINT('',(3.25E-1,4.52E0,-9.45E-1));
#8677=DIRECTION('',(0.E0,0.E0,1.E0));
#8678=DIRECTION('',(-1.E0,0.E0,0.E0));
#8679=AXIS2_PLACEMENT_3D('',#8676,#8677,#8678);
#8680=PLANE('',#8679);
#8682=ORIENTED_EDGE('',*,*,#8681,.T.);
#8684=ORIENTED_EDGE('',*,*,#8683,.T.);
#8685=ORIENTED_EDGE('',*,*,#5732,.T.);
#8687=ORIENTED_EDGE('',*,*,#8686,.F.);
#8688=EDGE_LOOP('',(#8682,#8684,#8685,#8687));
#8689=FACE_OUTER_BOUND('',#8688,.F.);
#8690=ADVANCED_FACE('',(#8689),#8680,.T.);
#8691=CARTESIAN_POINT('',(3.25E-1,4.52E0,-1.595E0));
#8692=DIRECTION('',(1.E0,0.E0,0.E0));
#8693=DIRECTION('',(0.E0,0.E0,1.E0));
#8694=AXIS2_PLACEMENT_3D('',#8691,#8692,#8693);
#8695=PLANE('',#8694);
#8697=ORIENTED_EDGE('',*,*,#8696,.T.);
#8699=ORIENTED_EDGE('',*,*,#8698,.F.);
#8701=ORIENTED_EDGE('',*,*,#8700,.F.);
#8702=ORIENTED_EDGE('',*,*,#8667,.F.);
#8703=ORIENTED_EDGE('',*,*,#5148,.T.);
#8705=ORIENTED_EDGE('',*,*,#8704,.T.);
#8707=ORIENTED_EDGE('',*,*,#8706,.T.);
#8709=ORIENTED_EDGE('',*,*,#8708,.T.);
#8710=EDGE_LOOP('',(#8697,#8699,#8701,#8702,#8703,#8705,#8707,#8709));
#8711=FACE_OUTER_BOUND('',#8710,.F.);
#8712=ADVANCED_FACE('',(#8711),#8695,.T.);
#8713=CARTESIAN_POINT('',(3.25E-1,4.52E0,-1.595E0));
#8714=DIRECTION('',(1.E0,0.E0,0.E0));
#8715=DIRECTION('',(0.E0,0.E0,1.E0));
#8716=AXIS2_PLACEMENT_3D('',#8713,#8714,#8715);
#8717=PLANE('',#8716);
#8719=ORIENTED_EDGE('',*,*,#8718,.T.);
#8721=ORIENTED_EDGE('',*,*,#8720,.T.);
#8722=ORIENTED_EDGE('',*,*,#5734,.F.);
#8723=ORIENTED_EDGE('',*,*,#8683,.F.);
#8724=EDGE_LOOP('',(#8719,#8721,#8722,#8723));
#8725=FACE_OUTER_BOUND('',#8724,.F.);
#8726=ADVANCED_FACE('',(#8725),#8717,.T.);
#8727=CARTESIAN_POINT('',(2.25E-1,-7.628E0,7.525E0));
#8728=DIRECTION('',(9.284766908853E-1,0.E0,3.713906763541E-1));
#8729=DIRECTION('',(0.E0,-1.E0,0.E0));
#8730=AXIS2_PLACEMENT_3D('',#8727,#8728,#8729);
#8731=PLANE('',#8730);
#8732=ORIENTED_EDGE('',*,*,#8696,.F.);
#8734=ORIENTED_EDGE('',*,*,#8733,.F.);
#8736=ORIENTED_EDGE('',*,*,#8735,.T.);
#8738=ORIENTED_EDGE('',*,*,#8737,.F.);
#8739=EDGE_LOOP('',(#8732,#8734,#8736,#8738));
#8740=FACE_OUTER_BOUND('',#8739,.F.);
#8741=ADVANCED_FACE('',(#8740),#8731,.T.);
#8742=CARTESIAN_POINT('',(0.E0,-7.853E0,7.525E0));
#8743=DIRECTION('',(0.E0,-9.284766908853E-1,3.713906763541E-1));
#8744=DIRECTION('',(-1.E0,0.E0,0.E0));
#8745=AXIS2_PLACEMENT_3D('',#8742,#8743,#8744);
#8746=PLANE('',#8745);
#8748=ORIENTED_EDGE('',*,*,#8747,.F.);
#8750=ORIENTED_EDGE('',*,*,#8749,.T.);
#8752=ORIENTED_EDGE('',*,*,#8751,.T.);
#8753=ORIENTED_EDGE('',*,*,#8733,.T.);
#8754=EDGE_LOOP('',(#8748,#8750,#8752,#8753));
#8755=FACE_OUTER_BOUND('',#8754,.F.);
#8756=ADVANCED_FACE('',(#8755),#8746,.T.);
#8757=CARTESIAN_POINT('',(-3.25E-1,-7.953E0,-7.62E-1));
#8758=DIRECTION('',(0.E0,-1.E0,0.E0));
#8759=DIRECTION('',(1.E0,0.E0,0.E0));
#8760=AXIS2_PLACEMENT_3D('',#8757,#8758,#8759);
#8761=PLANE('',#8760);
#8762=ORIENTED_EDGE('',*,*,#8747,.T.);
#8763=ORIENTED_EDGE('',*,*,#8708,.F.);
#8765=ORIENTED_EDGE('',*,*,#8764,.F.);
#8767=ORIENTED_EDGE('',*,*,#8766,.T.);
#8768=EDGE_LOOP('',(#8762,#8763,#8765,#8767));
#8769=FACE_OUTER_BOUND('',#8768,.F.);
#8770=ADVANCED_FACE('',(#8769),#8761,.T.);
#8771=CARTESIAN_POINT('',(1.E0,-7.12E0,-7.62E-1));
#8772=DIRECTION('',(-1.E0,0.E0,0.E0));
#8773=DIRECTION('',(0.E0,0.E0,1.E0));
#8774=AXIS2_PLACEMENT_3D('',#8771,#8772,#8773);
#8775=CYLINDRICAL_SURFACE('',#8774,8.33E-1);
#8777=ORIENTED_EDGE('',*,*,#8776,.F.);
#8779=ORIENTED_EDGE('',*,*,#8778,.T.);
#8780=ORIENTED_EDGE('',*,*,#8764,.T.);
#8781=ORIENTED_EDGE('',*,*,#8706,.F.);
#8782=EDGE_LOOP('',(#8777,#8779,#8780,#8781));
#8783=FACE_OUTER_BOUND('',#8782,.F.);
#8784=ADVANCED_FACE('',(#8783),#8775,.T.);
#8785=CARTESIAN_POINT('',(-3.25E-1,4.52E0,-1.595E0));
#8786=DIRECTION('',(0.E0,0.E0,-1.E0));
#8787=DIRECTION('',(1.E0,0.E0,0.E0));
#8788=AXIS2_PLACEMENT_3D('',#8785,#8786,#8787);
#8789=PLANE('',#8788);
#8790=ORIENTED_EDGE('',*,*,#5146,.F.);
#8792=ORIENTED_EDGE('',*,*,#8791,.T.);
#8793=ORIENTED_EDGE('',*,*,#8776,.T.);
#8794=ORIENTED_EDGE('',*,*,#8704,.F.);
#8795=EDGE_LOOP('',(#8790,#8792,#8793,#8794));
#8796=FACE_OUTER_BOUND('',#8795,.F.);
#8797=ADVANCED_FACE('',(#8796),#8789,.T.);
#8798=CARTESIAN_POINT('',(-3.25E-1,4.52E0,-1.595E0));
#8799=DIRECTION('',(0.E0,0.E0,-1.E0));
#8800=DIRECTION('',(1.E0,0.E0,0.E0));
#8801=AXIS2_PLACEMENT_3D('',#8798,#8799,#8800);
#8802=PLANE('',#8801);
#8804=ORIENTED_EDGE('',*,*,#8803,.T.);
#8806=ORIENTED_EDGE('',*,*,#8805,.T.);
#8807=ORIENTED_EDGE('',*,*,#5736,.T.);
#8808=ORIENTED_EDGE('',*,*,#8720,.F.);
#8809=EDGE_LOOP('',(#8804,#8806,#8807,#8808));
#8810=FACE_OUTER_BOUND('',#8809,.F.);
#8811=ADVANCED_FACE('',(#8810),#8802,.T.);
#8812=CARTESIAN_POINT('',(-3.25E-1,4.52E0,-9.45E-1));
#8813=DIRECTION('',(-1.E0,0.E0,0.E0));
#8814=DIRECTION('',(0.E0,0.E0,-1.E0));
#8815=AXIS2_PLACEMENT_3D('',#8812,#8813,#8814);
#8816=PLANE('',#8815);
#8818=ORIENTED_EDGE('',*,*,#8817,.T.);
#8819=ORIENTED_EDGE('',*,*,#8766,.F.);
#8820=ORIENTED_EDGE('',*,*,#8778,.F.);
#8821=ORIENTED_EDGE('',*,*,#8791,.F.);
#8822=ORIENTED_EDGE('',*,*,#5144,.F.);
#8823=ORIENTED_EDGE('',*,*,#8671,.T.);
#8825=ORIENTED_EDGE('',*,*,#8824,.T.);
#8827=ORIENTED_EDGE('',*,*,#8826,.T.);
#8828=EDGE_LOOP('',(#8818,#8819,#8820,#8821,#8822,#8823,#8825,#8827));
#8829=FACE_OUTER_BOUND('',#8828,.F.);
#8830=ADVANCED_FACE('',(#8829),#8816,.T.);
#8831=CARTESIAN_POINT('',(-3.25E-1,4.52E0,-9.45E-1));
#8832=DIRECTION('',(-1.E0,0.E0,0.E0));
#8833=DIRECTION('',(0.E0,0.E0,-1.E0));
#8834=AXIS2_PLACEMENT_3D('',#8831,#8832,#8833);
#8835=PLANE('',#8834);
#8837=ORIENTED_EDGE('',*,*,#8836,.T.);
#8838=ORIENTED_EDGE('',*,*,#8686,.T.);
#8839=ORIENTED_EDGE('',*,*,#5738,.T.);
#8840=ORIENTED_EDGE('',*,*,#8805,.F.);
#8841=EDGE_LOOP('',(#8837,#8838,#8839,#8840));
#8842=FACE_OUTER_BOUND('',#8841,.F.);
#8843=ADVANCED_FACE('',(#8842),#8835,.T.);
#8844=CARTESIAN_POINT('',(-2.25E-1,-7.628E0,7.525E0));
#8845=DIRECTION('',(-9.284766908853E-1,0.E0,3.713906763541E-1));
#8846=DIRECTION('',(0.E0,-1.E0,0.E0));
#8847=AXIS2_PLACEMENT_3D('',#8844,#8845,#8846);
#8848=PLANE('',#8847);
#8850=ORIENTED_EDGE('',*,*,#8849,.T.);
#8851=ORIENTED_EDGE('',*,*,#8749,.F.);
#8852=ORIENTED_EDGE('',*,*,#8817,.F.);
#8854=ORIENTED_EDGE('',*,*,#8853,.F.);
#8855=EDGE_LOOP('',(#8850,#8851,#8852,#8854));
#8856=FACE_OUTER_BOUND('',#8855,.F.);
#8857=ADVANCED_FACE('',(#8856),#8848,.T.);
#8858=CARTESIAN_POINT('',(0.E0,-7.628E0,7.775E0));
#8859=DIRECTION('',(0.E0,0.E0,1.E0));
#8860=DIRECTION('',(0.E0,-1.E0,0.E0));
#8861=AXIS2_PLACEMENT_3D('',#8858,#8859,#8860);
#8862=PLANE('',#8861);
#8863=ORIENTED_EDGE('',*,*,#8735,.F.);
#8864=ORIENTED_EDGE('',*,*,#8751,.F.);
#8865=ORIENTED_EDGE('',*,*,#8849,.F.);
#8867=ORIENTED_EDGE('',*,*,#8866,.F.);
#8868=EDGE_LOOP('',(#8863,#8864,#8865,#8867));
#8869=FACE_OUTER_BOUND('',#8868,.F.);
#8870=ADVANCED_FACE('',(#8869),#8862,.T.);
#8871=CARTESIAN_POINT('',(0.E0,-7.403E0,7.525E0));
#8872=DIRECTION('',(0.E0,9.284766908853E-1,3.713906763541E-1));
#8873=DIRECTION('',(-1.E0,0.E0,0.E0));
#8874=AXIS2_PLACEMENT_3D('',#8871,#8872,#8873);
#8875=PLANE('',#8874);
#8877=ORIENTED_EDGE('',*,*,#8876,.F.);
#8878=ORIENTED_EDGE('',*,*,#8737,.T.);
#8879=ORIENTED_EDGE('',*,*,#8866,.T.);
#8880=ORIENTED_EDGE('',*,*,#8853,.T.);
#8881=EDGE_LOOP('',(#8877,#8878,#8879,#8880));
#8882=FACE_OUTER_BOUND('',#8881,.F.);
#8883=ADVANCED_FACE('',(#8882),#8875,.T.);
#8884=CARTESIAN_POINT('',(3.25E-1,-7.303E0,-7.62E-1));
#8885=DIRECTION('',(0.E0,1.E0,0.E0));
#8886=DIRECTION('',(-1.E0,0.E0,0.E0));
#8887=AXIS2_PLACEMENT_3D('',#8884,#8885,#8886);
#8888=PLANE('',#8887);
#8889=ORIENTED_EDGE('',*,*,#8876,.T.);
#8890=ORIENTED_EDGE('',*,*,#8826,.F.);
#8892=ORIENTED_EDGE('',*,*,#8891,.F.);
#8893=ORIENTED_EDGE('',*,*,#8698,.T.);
#8894=EDGE_LOOP('',(#8889,#8890,#8892,#8893));
#8895=FACE_OUTER_BOUND('',#8894,.F.);
#8896=ADVANCED_FACE('',(#8895),#8888,.T.);
#8897=CARTESIAN_POINT('',(1.E0,-7.12E0,-7.62E-1));
#8898=DIRECTION('',(-1.E0,0.E0,0.E0));
#8899=DIRECTION('',(0.E0,0.E0,1.E0));
#8900=AXIS2_PLACEMENT_3D('',#8897,#8898,#8899);
#8901=CYLINDRICAL_SURFACE('',#8900,1.83E-1);
#8902=ORIENTED_EDGE('',*,*,#8669,.F.);
#8903=ORIENTED_EDGE('',*,*,#8700,.T.);
#8904=ORIENTED_EDGE('',*,*,#8891,.T.);
#8905=ORIENTED_EDGE('',*,*,#8824,.F.);
#8906=EDGE_LOOP('',(#8902,#8903,#8904,#8905));
#8907=FACE_OUTER_BOUND('',#8906,.F.);
#8908=ADVANCED_FACE('',(#8907),#8901,.F.);
#8909=CARTESIAN_POINT('',(-2.25E-1,4.27E0,-1.27E0));
#8910=DIRECTION('',(-9.284766908853E-1,3.713906763541E-1,0.E0));
#8911=DIRECTION('',(0.E0,0.E0,-1.E0));
#8912=AXIS2_PLACEMENT_3D('',#8909,#8910,#8911);
#8913=PLANE('',#8912);
#8914=ORIENTED_EDGE('',*,*,#8836,.F.);
#8916=ORIENTED_EDGE('',*,*,#8915,.F.);
#8918=ORIENTED_EDGE('',*,*,#8917,.T.);
#8920=ORIENTED_EDGE('',*,*,#8919,.T.);
#8921=EDGE_LOOP('',(#8914,#8916,#8918,#8920));
#8922=FACE_OUTER_BOUND('',#8921,.F.);
#8923=ADVANCED_FACE('',(#8922),#8913,.T.);
#8924=CARTESIAN_POINT('',(0.E0,4.27E0,-1.495E0));
#8925=DIRECTION('',(0.E0,3.713906763541E-1,-9.284766908853E-1));
#8926=DIRECTION('',(-1.E0,0.E0,0.E0));
#8927=AXIS2_PLACEMENT_3D('',#8924,#8925,#8926);
#8928=PLANE('',#8927);
#8930=ORIENTED_EDGE('',*,*,#8929,.T.);
#8931=ORIENTED_EDGE('',*,*,#8915,.T.);
#8932=ORIENTED_EDGE('',*,*,#8803,.F.);
#8934=ORIENTED_EDGE('',*,*,#8933,.F.);
#8935=EDGE_LOOP('',(#8930,#8931,#8932,#8934));
#8936=FACE_OUTER_BOUND('',#8935,.F.);
#8937=ADVANCED_FACE('',(#8936),#8928,.T.);
#8938=CARTESIAN_POINT('',(0.E0,4.52E0,-1.27E0));
#8939=DIRECTION('',(0.E0,-1.E0,0.E0));
#8940=DIRECTION('',(0.E0,0.E0,-1.E0));
#8941=AXIS2_PLACEMENT_3D('',#8938,#8939,#8940);
#8942=PLANE('',#8941);
#8944=ORIENTED_EDGE('',*,*,#8943,.F.);
#8945=ORIENTED_EDGE('',*,*,#8917,.F.);
#8946=ORIENTED_EDGE('',*,*,#8929,.F.);
#8948=ORIENTED_EDGE('',*,*,#8947,.F.);
#8949=EDGE_LOOP('',(#8944,#8945,#8946,#8948));
#8950=FACE_OUTER_BOUND('',#8949,.F.);
#8951=ADVANCED_FACE('',(#8950),#8942,.F.);
#8952=CARTESIAN_POINT('',(0.E0,4.27E0,-1.045E0));
#8953=DIRECTION('',(0.E0,3.713906763541E-1,9.284766908853E-1));
#8954=DIRECTION('',(-1.E0,0.E0,0.E0));
#8955=AXIS2_PLACEMENT_3D('',#8952,#8953,#8954);
#8956=PLANE('',#8955);
#8957=ORIENTED_EDGE('',*,*,#8681,.F.);
#8958=ORIENTED_EDGE('',*,*,#8919,.F.);
#8959=ORIENTED_EDGE('',*,*,#8943,.T.);
#8961=ORIENTED_EDGE('',*,*,#8960,.T.);
#8962=EDGE_LOOP('',(#8957,#8958,#8959,#8961));
#8963=FACE_OUTER_BOUND('',#8962,.F.);
#8964=ADVANCED_FACE('',(#8963),#8956,.T.);
#8965=CARTESIAN_POINT('',(2.25E-1,4.27E0,-1.27E0));
#8966=DIRECTION('',(9.284766908853E-1,3.713906763541E-1,0.E0));
#8967=DIRECTION('',(0.E0,0.E0,-1.E0));
#8968=AXIS2_PLACEMENT_3D('',#8965,#8966,#8967);
#8969=PLANE('',#8968);
#8970=ORIENTED_EDGE('',*,*,#8947,.T.);
#8971=ORIENTED_EDGE('',*,*,#8933,.T.);
#8972=ORIENTED_EDGE('',*,*,#8718,.F.);
#8973=ORIENTED_EDGE('',*,*,#8960,.F.);
#8974=EDGE_LOOP('',(#8970,#8971,#8972,#8973));
#8975=FACE_OUTER_BOUND('',#8974,.F.);
#8976=ADVANCED_FACE('',(#8975),#8969,.T.);
#8977=CARTESIAN_POINT('',(-2.215E0,4.52E0,-9.45E-1));
#8978=DIRECTION('',(0.E0,0.E0,1.E0));
#8979=DIRECTION('',(-1.E0,0.E0,0.E0));
#8980=AXIS2_PLACEMENT_3D('',#8977,#8978,#8979);
#8981=PLANE('',#8980);
#8982=ORIENTED_EDGE('',*,*,#5152,.F.);
#8984=ORIENTED_EDGE('',*,*,#8983,.T.);
#8986=ORIENTED_EDGE('',*,*,#8985,.T.);
#8988=ORIENTED_EDGE('',*,*,#8987,.F.);
#8989=EDGE_LOOP('',(#8982,#8984,#8986,#8988));
#8990=FACE_OUTER_BOUND('',#8989,.F.);
#8991=ADVANCED_FACE('',(#8990),#8981,.T.);
#8992=CARTESIAN_POINT('',(-2.215E0,4.52E0,-9.45E-1));
#8993=DIRECTION('',(0.E0,0.E0,1.E0));
#8994=DIRECTION('',(-1.E0,0.E0,0.E0));
#8995=AXIS2_PLACEMENT_3D('',#8992,#8993,#8994);
#8996=PLANE('',#8995);
#8998=ORIENTED_EDGE('',*,*,#8997,.T.);
#9000=ORIENTED_EDGE('',*,*,#8999,.T.);
#9001=ORIENTED_EDGE('',*,*,#5742,.T.);
#9003=ORIENTED_EDGE('',*,*,#9002,.F.);
#9004=EDGE_LOOP('',(#8998,#9000,#9001,#9003));
#9005=FACE_OUTER_BOUND('',#9004,.F.);
#9006=ADVANCED_FACE('',(#9005),#8996,.T.);
#9007=CARTESIAN_POINT('',(-2.215E0,4.52E0,-1.595E0));
#9008=DIRECTION('',(1.E0,0.E0,0.E0));
#9009=DIRECTION('',(0.E0,0.E0,1.E0));
#9010=AXIS2_PLACEMENT_3D('',#9007,#9008,#9009);
#9011=PLANE('',#9010);
#9013=ORIENTED_EDGE('',*,*,#9012,.T.);
#9015=ORIENTED_EDGE('',*,*,#9014,.F.);
#9017=ORIENTED_EDGE('',*,*,#9016,.F.);
#9018=ORIENTED_EDGE('',*,*,#8983,.F.);
#9019=ORIENTED_EDGE('',*,*,#5158,.T.);
#9021=ORIENTED_EDGE('',*,*,#9020,.T.);
#9023=ORIENTED_EDGE('',*,*,#9022,.T.);
#9025=ORIENTED_EDGE('',*,*,#9024,.T.);
#9026=EDGE_LOOP('',(#9013,#9015,#9017,#9018,#9019,#9021,#9023,#9025));
#9027=FACE_OUTER_BOUND('',#9026,.F.);
#9028=ADVANCED_FACE('',(#9027),#9011,.T.);
#9029=CARTESIAN_POINT('',(-2.215E0,4.52E0,-1.595E0));
#9030=DIRECTION('',(1.E0,0.E0,0.E0));
#9031=DIRECTION('',(0.E0,0.E0,1.E0));
#9032=AXIS2_PLACEMENT_3D('',#9029,#9030,#9031);
#9033=PLANE('',#9032);
#9035=ORIENTED_EDGE('',*,*,#9034,.T.);
#9037=ORIENTED_EDGE('',*,*,#9036,.T.);
#9038=ORIENTED_EDGE('',*,*,#5744,.F.);
#9039=ORIENTED_EDGE('',*,*,#8999,.F.);
#9040=EDGE_LOOP('',(#9035,#9037,#9038,#9039));
#9041=FACE_OUTER_BOUND('',#9040,.F.);
#9042=ADVANCED_FACE('',(#9041),#9033,.T.);
#9043=CARTESIAN_POINT('',(-2.315E0,-7.628E0,7.525E0));
#9044=DIRECTION('',(9.284766908853E-1,0.E0,3.713906763541E-1));
#9045=DIRECTION('',(0.E0,-1.E0,0.E0));
#9046=AXIS2_PLACEMENT_3D('',#9043,#9044,#9045);
#9047=PLANE('',#9046);
#9048=ORIENTED_EDGE('',*,*,#9012,.F.);
#9050=ORIENTED_EDGE('',*,*,#9049,.F.);
#9052=ORIENTED_EDGE('',*,*,#9051,.T.);
#9054=ORIENTED_EDGE('',*,*,#9053,.F.);
#9055=EDGE_LOOP('',(#9048,#9050,#9052,#9054));
#9056=FACE_OUTER_BOUND('',#9055,.F.);
#9057=ADVANCED_FACE('',(#9056),#9047,.T.);
#9058=CARTESIAN_POINT('',(-2.54E0,-7.853E0,7.525E0));
#9059=DIRECTION('',(0.E0,-9.284766908853E-1,3.713906763541E-1));
#9060=DIRECTION('',(-1.E0,0.E0,0.E0));
#9061=AXIS2_PLACEMENT_3D('',#9058,#9059,#9060);
#9062=PLANE('',#9061);
#9064=ORIENTED_EDGE('',*,*,#9063,.F.);
#9066=ORIENTED_EDGE('',*,*,#9065,.T.);
#9068=ORIENTED_EDGE('',*,*,#9067,.T.);
#9069=ORIENTED_EDGE('',*,*,#9049,.T.);
#9070=EDGE_LOOP('',(#9064,#9066,#9068,#9069));
#9071=FACE_OUTER_BOUND('',#9070,.F.);
#9072=ADVANCED_FACE('',(#9071),#9062,.T.);
#9073=CARTESIAN_POINT('',(-2.865E0,-7.953E0,-7.62E-1));
#9074=DIRECTION('',(0.E0,-1.E0,0.E0));
#9075=DIRECTION('',(1.E0,0.E0,0.E0));
#9076=AXIS2_PLACEMENT_3D('',#9073,#9074,#9075);
#9077=PLANE('',#9076);
#9078=ORIENTED_EDGE('',*,*,#9063,.T.);
#9079=ORIENTED_EDGE('',*,*,#9024,.F.);
#9081=ORIENTED_EDGE('',*,*,#9080,.F.);
#9083=ORIENTED_EDGE('',*,*,#9082,.T.);
#9084=EDGE_LOOP('',(#9078,#9079,#9081,#9083));
#9085=FACE_OUTER_BOUND('',#9084,.F.);
#9086=ADVANCED_FACE('',(#9085),#9077,.T.);
#9087=CARTESIAN_POINT('',(-1.54E0,-7.12E0,-7.62E-1));
#9088=DIRECTION('',(-1.E0,0.E0,0.E0));
#9089=DIRECTION('',(0.E0,0.E0,1.E0));
#9090=AXIS2_PLACEMENT_3D('',#9087,#9088,#9089);
#9091=CYLINDRICAL_SURFACE('',#9090,8.33E-1);
#9093=ORIENTED_EDGE('',*,*,#9092,.F.);
#9095=ORIENTED_EDGE('',*,*,#9094,.T.);
#9096=ORIENTED_EDGE('',*,*,#9080,.T.);
#9097=ORIENTED_EDGE('',*,*,#9022,.F.);
#9098=EDGE_LOOP('',(#9093,#9095,#9096,#9097));
#9099=FACE_OUTER_BOUND('',#9098,.F.);
#9100=ADVANCED_FACE('',(#9099),#9091,.T.);
#9101=CARTESIAN_POINT('',(-2.865E0,4.52E0,-1.595E0));
#9102=DIRECTION('',(0.E0,0.E0,-1.E0));
#9103=DIRECTION('',(1.E0,0.E0,0.E0));
#9104=AXIS2_PLACEMENT_3D('',#9101,#9102,#9103);
#9105=PLANE('',#9104);
#9106=ORIENTED_EDGE('',*,*,#5156,.F.);
#9108=ORIENTED_EDGE('',*,*,#9107,.T.);
#9109=ORIENTED_EDGE('',*,*,#9092,.T.);
#9110=ORIENTED_EDGE('',*,*,#9020,.F.);
#9111=EDGE_LOOP('',(#9106,#9108,#9109,#9110));
#9112=FACE_OUTER_BOUND('',#9111,.F.);
#9113=ADVANCED_FACE('',(#9112),#9105,.T.);
#9114=CARTESIAN_POINT('',(-2.865E0,4.52E0,-1.595E0));
#9115=DIRECTION('',(0.E0,0.E0,-1.E0));
#9116=DIRECTION('',(1.E0,0.E0,0.E0));
#9117=AXIS2_PLACEMENT_3D('',#9114,#9115,#9116);
#9118=PLANE('',#9117);
#9120=ORIENTED_EDGE('',*,*,#9119,.T.);
#9122=ORIENTED_EDGE('',*,*,#9121,.T.);
#9123=ORIENTED_EDGE('',*,*,#5746,.T.);
#9124=ORIENTED_EDGE('',*,*,#9036,.F.);
#9125=EDGE_LOOP('',(#9120,#9122,#9123,#9124));
#9126=FACE_OUTER_BOUND('',#9125,.F.);
#9127=ADVANCED_FACE('',(#9126),#9118,.T.);
#9128=CARTESIAN_POINT('',(-2.865E0,4.52E0,-9.45E-1));
#9129=DIRECTION('',(-1.E0,0.E0,0.E0));
#9130=DIRECTION('',(0.E0,0.E0,-1.E0));
#9131=AXIS2_PLACEMENT_3D('',#9128,#9129,#9130);
#9132=PLANE('',#9131);
#9134=ORIENTED_EDGE('',*,*,#9133,.T.);
#9135=ORIENTED_EDGE('',*,*,#9082,.F.);
#9136=ORIENTED_EDGE('',*,*,#9094,.F.);
#9137=ORIENTED_EDGE('',*,*,#9107,.F.);
#9138=ORIENTED_EDGE('',*,*,#5154,.F.);
#9139=ORIENTED_EDGE('',*,*,#8987,.T.);
#9141=ORIENTED_EDGE('',*,*,#9140,.T.);
#9143=ORIENTED_EDGE('',*,*,#9142,.T.);
#9144=EDGE_LOOP('',(#9134,#9135,#9136,#9137,#9138,#9139,#9141,#9143));
#9145=FACE_OUTER_BOUND('',#9144,.F.);
#9146=ADVANCED_FACE('',(#9145),#9132,.T.);
#9147=CARTESIAN_POINT('',(-2.865E0,4.52E0,-9.45E-1));
#9148=DIRECTION('',(-1.E0,0.E0,0.E0));
#9149=DIRECTION('',(0.E0,0.E0,-1.E0));
#9150=AXIS2_PLACEMENT_3D('',#9147,#9148,#9149);
#9151=PLANE('',#9150);
#9153=ORIENTED_EDGE('',*,*,#9152,.T.);
#9154=ORIENTED_EDGE('',*,*,#9002,.T.);
#9155=ORIENTED_EDGE('',*,*,#5748,.T.);
#9156=ORIENTED_EDGE('',*,*,#9121,.F.);
#9157=EDGE_LOOP('',(#9153,#9154,#9155,#9156));
#9158=FACE_OUTER_BOUND('',#9157,.F.);
#9159=ADVANCED_FACE('',(#9158),#9151,.T.);
#9160=CARTESIAN_POINT('',(-2.765E0,-7.628E0,7.525E0));
#9161=DIRECTION('',(-9.284766908853E-1,0.E0,3.713906763541E-1));
#9162=DIRECTION('',(0.E0,-1.E0,0.E0));
#9163=AXIS2_PLACEMENT_3D('',#9160,#9161,#9162);
#9164=PLANE('',#9163);
#9166=ORIENTED_EDGE('',*,*,#9165,.T.);
#9167=ORIENTED_EDGE('',*,*,#9065,.F.);
#9168=ORIENTED_EDGE('',*,*,#9133,.F.);
#9170=ORIENTED_EDGE('',*,*,#9169,.F.);
#9171=EDGE_LOOP('',(#9166,#9167,#9168,#9170));
#9172=FACE_OUTER_BOUND('',#9171,.F.);
#9173=ADVANCED_FACE('',(#9172),#9164,.T.);
#9174=CARTESIAN_POINT('',(-2.54E0,-7.628E0,7.775E0));
#9175=DIRECTION('',(0.E0,0.E0,1.E0));
#9176=DIRECTION('',(0.E0,-1.E0,0.E0));
#9177=AXIS2_PLACEMENT_3D('',#9174,#9175,#9176);
#9178=PLANE('',#9177);
#9179=ORIENTED_EDGE('',*,*,#9051,.F.);
#9180=ORIENTED_EDGE('',*,*,#9067,.F.);
#9181=ORIENTED_EDGE('',*,*,#9165,.F.);
#9183=ORIENTED_EDGE('',*,*,#9182,.F.);
#9184=EDGE_LOOP('',(#9179,#9180,#9181,#9183));
#9185=FACE_OUTER_BOUND('',#9184,.F.);
#9186=ADVANCED_FACE('',(#9185),#9178,.T.);
#9187=CARTESIAN_POINT('',(-2.54E0,-7.403E0,7.525E0));
#9188=DIRECTION('',(0.E0,9.284766908853E-1,3.713906763541E-1));
#9189=DIRECTION('',(-1.E0,0.E0,0.E0));
#9190=AXIS2_PLACEMENT_3D('',#9187,#9188,#9189);
#9191=PLANE('',#9190);
#9193=ORIENTED_EDGE('',*,*,#9192,.F.);
#9194=ORIENTED_EDGE('',*,*,#9053,.T.);
#9195=ORIENTED_EDGE('',*,*,#9182,.T.);
#9196=ORIENTED_EDGE('',*,*,#9169,.T.);
#9197=EDGE_LOOP('',(#9193,#9194,#9195,#9196));
#9198=FACE_OUTER_BOUND('',#9197,.F.);
#9199=ADVANCED_FACE('',(#9198),#9191,.T.);
#9200=CARTESIAN_POINT('',(-2.215E0,-7.303E0,-7.62E-1));
#9201=DIRECTION('',(0.E0,1.E0,0.E0));
#9202=DIRECTION('',(-1.E0,0.E0,0.E0));
#9203=AXIS2_PLACEMENT_3D('',#9200,#9201,#9202);
#9204=PLANE('',#9203);
#9205=ORIENTED_EDGE('',*,*,#9192,.T.);
#9206=ORIENTED_EDGE('',*,*,#9142,.F.);
#9208=ORIENTED_EDGE('',*,*,#9207,.F.);
#9209=ORIENTED_EDGE('',*,*,#9014,.T.);
#9210=EDGE_LOOP('',(#9205,#9206,#9208,#9209));
#9211=FACE_OUTER_BOUND('',#9210,.F.);
#9212=ADVANCED_FACE('',(#9211),#9204,.T.);
#9213=CARTESIAN_POINT('',(-1.54E0,-7.12E0,-7.62E-1));
#9214=DIRECTION('',(-1.E0,0.E0,0.E0));
#9215=DIRECTION('',(0.E0,0.E0,1.E0));
#9216=AXIS2_PLACEMENT_3D('',#9213,#9214,#9215);
#9217=CYLINDRICAL_SURFACE('',#9216,1.83E-1);
#9218=ORIENTED_EDGE('',*,*,#8985,.F.);
#9219=ORIENTED_EDGE('',*,*,#9016,.T.);
#9220=ORIENTED_EDGE('',*,*,#9207,.T.);
#9221=ORIENTED_EDGE('',*,*,#9140,.F.);
#9222=EDGE_LOOP('',(#9218,#9219,#9220,#9221));
#9223=FACE_OUTER_BOUND('',#9222,.F.);
#9224=ADVANCED_FACE('',(#9223),#9217,.F.);
#9225=CARTESIAN_POINT('',(-2.765E0,4.27E0,-1.27E0));
#9226=DIRECTION('',(-9.284766908853E-1,3.713906763541E-1,0.E0));
#9227=DIRECTION('',(0.E0,0.E0,-1.E0));
#9228=AXIS2_PLACEMENT_3D('',#9225,#9226,#9227);
#9229=PLANE('',#9228);
#9230=ORIENTED_EDGE('',*,*,#9152,.F.);
#9232=ORIENTED_EDGE('',*,*,#9231,.F.);
#9234=ORIENTED_EDGE('',*,*,#9233,.T.);
#9236=ORIENTED_EDGE('',*,*,#9235,.T.);
#9237=EDGE_LOOP('',(#9230,#9232,#9234,#9236));
#9238=FACE_OUTER_BOUND('',#9237,.F.);
#9239=ADVANCED_FACE('',(#9238),#9229,.T.);
#9240=CARTESIAN_POINT('',(-2.54E0,4.27E0,-1.495E0));
#9241=DIRECTION('',(0.E0,3.713906763541E-1,-9.284766908853E-1));
#9242=DIRECTION('',(-1.E0,0.E0,0.E0));
#9243=AXIS2_PLACEMENT_3D('',#9240,#9241,#9242);
#9244=PLANE('',#9243);
#9246=ORIENTED_EDGE('',*,*,#9245,.T.);
#9247=ORIENTED_EDGE('',*,*,#9231,.T.);
#9248=ORIENTED_EDGE('',*,*,#9119,.F.);
#9250=ORIENTED_EDGE('',*,*,#9249,.F.);
#9251=EDGE_LOOP('',(#9246,#9247,#9248,#9250));
#9252=FACE_OUTER_BOUND('',#9251,.F.);
#9253=ADVANCED_FACE('',(#9252),#9244,.T.);
#9254=CARTESIAN_POINT('',(-2.54E0,4.52E0,-1.27E0));
#9255=DIRECTION('',(0.E0,-1.E0,0.E0));
#9256=DIRECTION('',(0.E0,0.E0,-1.E0));
#9257=AXIS2_PLACEMENT_3D('',#9254,#9255,#9256);
#9258=PLANE('',#9257);
#9260=ORIENTED_EDGE('',*,*,#9259,.F.);
#9261=ORIENTED_EDGE('',*,*,#9233,.F.);
#9262=ORIENTED_EDGE('',*,*,#9245,.F.);
#9264=ORIENTED_EDGE('',*,*,#9263,.F.);
#9265=EDGE_LOOP('',(#9260,#9261,#9262,#9264));
#9266=FACE_OUTER_BOUND('',#9265,.F.);
#9267=ADVANCED_FACE('',(#9266),#9258,.F.);
#9268=CARTESIAN_POINT('',(-2.54E0,4.27E0,-1.045E0));
#9269=DIRECTION('',(0.E0,3.713906763541E-1,9.284766908853E-1));
#9270=DIRECTION('',(-1.E0,0.E0,0.E0));
#9271=AXIS2_PLACEMENT_3D('',#9268,#9269,#9270);
#9272=PLANE('',#9271);
#9273=ORIENTED_EDGE('',*,*,#8997,.F.);
#9274=ORIENTED_EDGE('',*,*,#9235,.F.);
#9275=ORIENTED_EDGE('',*,*,#9259,.T.);
#9277=ORIENTED_EDGE('',*,*,#9276,.T.);
#9278=EDGE_LOOP('',(#9273,#9274,#9275,#9277));
#9279=FACE_OUTER_BOUND('',#9278,.F.);
#9280=ADVANCED_FACE('',(#9279),#9272,.T.);
#9281=CARTESIAN_POINT('',(-2.315E0,4.27E0,-1.27E0));
#9282=DIRECTION('',(9.284766908853E-1,3.713906763541E-1,0.E0));
#9283=DIRECTION('',(0.E0,0.E0,-1.E0));
#9284=AXIS2_PLACEMENT_3D('',#9281,#9282,#9283);
#9285=PLANE('',#9284);
#9286=ORIENTED_EDGE('',*,*,#9263,.T.);
#9287=ORIENTED_EDGE('',*,*,#9249,.T.);
#9288=ORIENTED_EDGE('',*,*,#9034,.F.);
#9289=ORIENTED_EDGE('',*,*,#9276,.F.);
#9290=EDGE_LOOP('',(#9286,#9287,#9288,#9289));
#9291=FACE_OUTER_BOUND('',#9290,.F.);
#9292=ADVANCED_FACE('',(#9291),#9285,.T.);
#9293=CARTESIAN_POINT('',(-4.755E0,4.52E0,-9.45E-1));
#9294=DIRECTION('',(0.E0,0.E0,1.E0));
#9295=DIRECTION('',(-1.E0,0.E0,0.E0));
#9296=AXIS2_PLACEMENT_3D('',#9293,#9294,#9295);
#9297=PLANE('',#9296);
#9298=ORIENTED_EDGE('',*,*,#5162,.F.);
#9300=ORIENTED_EDGE('',*,*,#9299,.T.);
#9302=ORIENTED_EDGE('',*,*,#9301,.T.);
#9304=ORIENTED_EDGE('',*,*,#9303,.F.);
#9305=EDGE_LOOP('',(#9298,#9300,#9302,#9304));
#9306=FACE_OUTER_BOUND('',#9305,.F.);
#9307=ADVANCED_FACE('',(#9306),#9297,.T.);
#9308=CARTESIAN_POINT('',(-4.755E0,4.52E0,-9.45E-1));
#9309=DIRECTION('',(0.E0,0.E0,1.E0));
#9310=DIRECTION('',(-1.E0,0.E0,0.E0));
#9311=AXIS2_PLACEMENT_3D('',#9308,#9309,#9310);
#9312=PLANE('',#9311);
#9314=ORIENTED_EDGE('',*,*,#9313,.T.);
#9316=ORIENTED_EDGE('',*,*,#9315,.T.);
#9317=ORIENTED_EDGE('',*,*,#5752,.T.);
#9319=ORIENTED_EDGE('',*,*,#9318,.F.);
#9320=EDGE_LOOP('',(#9314,#9316,#9317,#9319));
#9321=FACE_OUTER_BOUND('',#9320,.F.);
#9322=ADVANCED_FACE('',(#9321),#9312,.T.);
#9323=CARTESIAN_POINT('',(-4.755E0,4.52E0,-1.595E0));
#9324=DIRECTION('',(1.E0,0.E0,0.E0));
#9325=DIRECTION('',(0.E0,0.E0,1.E0));
#9326=AXIS2_PLACEMENT_3D('',#9323,#9324,#9325);
#9327=PLANE('',#9326);
#9329=ORIENTED_EDGE('',*,*,#9328,.T.);
#9331=ORIENTED_EDGE('',*,*,#9330,.F.);
#9333=ORIENTED_EDGE('',*,*,#9332,.F.);
#9334=ORIENTED_EDGE('',*,*,#9299,.F.);
#9335=ORIENTED_EDGE('',*,*,#5168,.T.);
#9337=ORIENTED_EDGE('',*,*,#9336,.T.);
#9339=ORIENTED_EDGE('',*,*,#9338,.T.);
#9341=ORIENTED_EDGE('',*,*,#9340,.T.);
#9342=EDGE_LOOP('',(#9329,#9331,#9333,#9334,#9335,#9337,#9339,#9341));
#9343=FACE_OUTER_BOUND('',#9342,.F.);
#9344=ADVANCED_FACE('',(#9343),#9327,.T.);
#9345=CARTESIAN_POINT('',(-4.755E0,4.52E0,-1.595E0));
#9346=DIRECTION('',(1.E0,0.E0,0.E0));
#9347=DIRECTION('',(0.E0,0.E0,1.E0));
#9348=AXIS2_PLACEMENT_3D('',#9345,#9346,#9347);
#9349=PLANE('',#9348);
#9351=ORIENTED_EDGE('',*,*,#9350,.T.);
#9353=ORIENTED_EDGE('',*,*,#9352,.T.);
#9354=ORIENTED_EDGE('',*,*,#5754,.F.);
#9355=ORIENTED_EDGE('',*,*,#9315,.F.);
#9356=EDGE_LOOP('',(#9351,#9353,#9354,#9355));
#9357=FACE_OUTER_BOUND('',#9356,.F.);
#9358=ADVANCED_FACE('',(#9357),#9349,.T.);
#9359=CARTESIAN_POINT('',(-4.855E0,-7.628E0,7.525E0));
#9360=DIRECTION('',(9.284766908853E-1,0.E0,3.713906763541E-1));
#9361=DIRECTION('',(0.E0,-1.E0,0.E0));
#9362=AXIS2_PLACEMENT_3D('',#9359,#9360,#9361);
#9363=PLANE('',#9362);
#9364=ORIENTED_EDGE('',*,*,#9328,.F.);
#9366=ORIENTED_EDGE('',*,*,#9365,.F.);
#9368=ORIENTED_EDGE('',*,*,#9367,.T.);
#9370=ORIENTED_EDGE('',*,*,#9369,.F.);
#9371=EDGE_LOOP('',(#9364,#9366,#9368,#9370));
#9372=FACE_OUTER_BOUND('',#9371,.F.);
#9373=ADVANCED_FACE('',(#9372),#9363,.T.);
#9374=CARTESIAN_POINT('',(-5.08E0,-7.853E0,7.525E0));
#9375=DIRECTION('',(0.E0,-9.284766908853E-1,3.713906763541E-1));
#9376=DIRECTION('',(-1.E0,0.E0,0.E0));
#9377=AXIS2_PLACEMENT_3D('',#9374,#9375,#9376);
#9378=PLANE('',#9377);
#9380=ORIENTED_EDGE('',*,*,#9379,.F.);
#9382=ORIENTED_EDGE('',*,*,#9381,.T.);
#9384=ORIENTED_EDGE('',*,*,#9383,.T.);
#9385=ORIENTED_EDGE('',*,*,#9365,.T.);
#9386=EDGE_LOOP('',(#9380,#9382,#9384,#9385));
#9387=FACE_OUTER_BOUND('',#9386,.F.);
#9388=ADVANCED_FACE('',(#9387),#9378,.T.);
#9389=CARTESIAN_POINT('',(-5.405E0,-7.953E0,-7.62E-1));
#9390=DIRECTION('',(0.E0,-1.E0,0.E0));
#9391=DIRECTION('',(1.E0,0.E0,0.E0));
#9392=AXIS2_PLACEMENT_3D('',#9389,#9390,#9391);
#9393=PLANE('',#9392);
#9394=ORIENTED_EDGE('',*,*,#9379,.T.);
#9395=ORIENTED_EDGE('',*,*,#9340,.F.);
#9397=ORIENTED_EDGE('',*,*,#9396,.F.);
#9399=ORIENTED_EDGE('',*,*,#9398,.T.);
#9400=EDGE_LOOP('',(#9394,#9395,#9397,#9399));
#9401=FACE_OUTER_BOUND('',#9400,.F.);
#9402=ADVANCED_FACE('',(#9401),#9393,.T.);
#9403=CARTESIAN_POINT('',(-4.08E0,-7.12E0,-7.62E-1));
#9404=DIRECTION('',(-1.E0,0.E0,0.E0));
#9405=DIRECTION('',(0.E0,0.E0,1.E0));
#9406=AXIS2_PLACEMENT_3D('',#9403,#9404,#9405);
#9407=CYLINDRICAL_SURFACE('',#9406,8.33E-1);
#9409=ORIENTED_EDGE('',*,*,#9408,.F.);
#9411=ORIENTED_EDGE('',*,*,#9410,.T.);
#9412=ORIENTED_EDGE('',*,*,#9396,.T.);
#9413=ORIENTED_EDGE('',*,*,#9338,.F.);
#9414=EDGE_LOOP('',(#9409,#9411,#9412,#9413));
#9415=FACE_OUTER_BOUND('',#9414,.F.);
#9416=ADVANCED_FACE('',(#9415),#9407,.T.);
#9417=CARTESIAN_POINT('',(-5.405E0,4.52E0,-1.595E0));
#9418=DIRECTION('',(0.E0,0.E0,-1.E0));
#9419=DIRECTION('',(1.E0,0.E0,0.E0));
#9420=AXIS2_PLACEMENT_3D('',#9417,#9418,#9419);
#9421=PLANE('',#9420);
#9422=ORIENTED_EDGE('',*,*,#5166,.F.);
#9424=ORIENTED_EDGE('',*,*,#9423,.T.);
#9425=ORIENTED_EDGE('',*,*,#9408,.T.);
#9426=ORIENTED_EDGE('',*,*,#9336,.F.);
#9427=EDGE_LOOP('',(#9422,#9424,#9425,#9426));
#9428=FACE_OUTER_BOUND('',#9427,.F.);
#9429=ADVANCED_FACE('',(#9428),#9421,.T.);
#9430=CARTESIAN_POINT('',(-5.405E0,4.52E0,-1.595E0));
#9431=DIRECTION('',(0.E0,0.E0,-1.E0));
#9432=DIRECTION('',(1.E0,0.E0,0.E0));
#9433=AXIS2_PLACEMENT_3D('',#9430,#9431,#9432);
#9434=PLANE('',#9433);
#9436=ORIENTED_EDGE('',*,*,#9435,.T.);
#9438=ORIENTED_EDGE('',*,*,#9437,.T.);
#9439=ORIENTED_EDGE('',*,*,#5756,.T.);
#9440=ORIENTED_EDGE('',*,*,#9352,.F.);
#9441=EDGE_LOOP('',(#9436,#9438,#9439,#9440));
#9442=FACE_OUTER_BOUND('',#9441,.F.);
#9443=ADVANCED_FACE('',(#9442),#9434,.T.);
#9444=CARTESIAN_POINT('',(-5.405E0,4.52E0,-9.45E-1));
#9445=DIRECTION('',(-1.E0,0.E0,0.E0));
#9446=DIRECTION('',(0.E0,0.E0,-1.E0));
#9447=AXIS2_PLACEMENT_3D('',#9444,#9445,#9446);
#9448=PLANE('',#9447);
#9450=ORIENTED_EDGE('',*,*,#9449,.T.);
#9451=ORIENTED_EDGE('',*,*,#9398,.F.);
#9452=ORIENTED_EDGE('',*,*,#9410,.F.);
#9453=ORIENTED_EDGE('',*,*,#9423,.F.);
#9454=ORIENTED_EDGE('',*,*,#5164,.F.);
#9455=ORIENTED_EDGE('',*,*,#9303,.T.);
#9457=ORIENTED_EDGE('',*,*,#9456,.T.);
#9459=ORIENTED_EDGE('',*,*,#9458,.T.);
#9460=EDGE_LOOP('',(#9450,#9451,#9452,#9453,#9454,#9455,#9457,#9459));
#9461=FACE_OUTER_BOUND('',#9460,.F.);
#9462=ADVANCED_FACE('',(#9461),#9448,.T.);
#9463=CARTESIAN_POINT('',(-5.405E0,4.52E0,-9.45E-1));
#9464=DIRECTION('',(-1.E0,0.E0,0.E0));
#9465=DIRECTION('',(0.E0,0.E0,-1.E0));
#9466=AXIS2_PLACEMENT_3D('',#9463,#9464,#9465);
#9467=PLANE('',#9466);
#9469=ORIENTED_EDGE('',*,*,#9468,.T.);
#9470=ORIENTED_EDGE('',*,*,#9318,.T.);
#9471=ORIENTED_EDGE('',*,*,#5758,.T.);
#9472=ORIENTED_EDGE('',*,*,#9437,.F.);
#9473=EDGE_LOOP('',(#9469,#9470,#9471,#9472));
#9474=FACE_OUTER_BOUND('',#9473,.F.);
#9475=ADVANCED_FACE('',(#9474),#9467,.T.);
#9476=CARTESIAN_POINT('',(-5.305E0,-7.628E0,7.525E0));
#9477=DIRECTION('',(-9.284766908853E-1,0.E0,3.713906763541E-1));
#9478=DIRECTION('',(0.E0,-1.E0,0.E0));
#9479=AXIS2_PLACEMENT_3D('',#9476,#9477,#9478);
#9480=PLANE('',#9479);
#9482=ORIENTED_EDGE('',*,*,#9481,.T.);
#9483=ORIENTED_EDGE('',*,*,#9381,.F.);
#9484=ORIENTED_EDGE('',*,*,#9449,.F.);
#9486=ORIENTED_EDGE('',*,*,#9485,.F.);
#9487=EDGE_LOOP('',(#9482,#9483,#9484,#9486));
#9488=FACE_OUTER_BOUND('',#9487,.F.);
#9489=ADVANCED_FACE('',(#9488),#9480,.T.);
#9490=CARTESIAN_POINT('',(-5.08E0,-7.628E0,7.775E0));
#9491=DIRECTION('',(0.E0,0.E0,1.E0));
#9492=DIRECTION('',(0.E0,-1.E0,0.E0));
#9493=AXIS2_PLACEMENT_3D('',#9490,#9491,#9492);
#9494=PLANE('',#9493);
#9495=ORIENTED_EDGE('',*,*,#9367,.F.);
#9496=ORIENTED_EDGE('',*,*,#9383,.F.);
#9497=ORIENTED_EDGE('',*,*,#9481,.F.);
#9499=ORIENTED_EDGE('',*,*,#9498,.F.);
#9500=EDGE_LOOP('',(#9495,#9496,#9497,#9499));
#9501=FACE_OUTER_BOUND('',#9500,.F.);
#9502=ADVANCED_FACE('',(#9501),#9494,.T.);
#9503=CARTESIAN_POINT('',(-5.08E0,-7.403E0,7.525E0));
#9504=DIRECTION('',(0.E0,9.284766908853E-1,3.713906763541E-1));
#9505=DIRECTION('',(-1.E0,0.E0,0.E0));
#9506=AXIS2_PLACEMENT_3D('',#9503,#9504,#9505);
#9507=PLANE('',#9506);
#9509=ORIENTED_EDGE('',*,*,#9508,.F.);
#9510=ORIENTED_EDGE('',*,*,#9369,.T.);
#9511=ORIENTED_EDGE('',*,*,#9498,.T.);
#9512=ORIENTED_EDGE('',*,*,#9485,.T.);
#9513=EDGE_LOOP('',(#9509,#9510,#9511,#9512));
#9514=FACE_OUTER_BOUND('',#9513,.F.);
#9515=ADVANCED_FACE('',(#9514),#9507,.T.);
#9516=CARTESIAN_POINT('',(-4.755E0,-7.303E0,-7.62E-1));
#9517=DIRECTION('',(0.E0,1.E0,0.E0));
#9518=DIRECTION('',(-1.E0,0.E0,0.E0));
#9519=AXIS2_PLACEMENT_3D('',#9516,#9517,#9518);
#9520=PLANE('',#9519);
#9521=ORIENTED_EDGE('',*,*,#9508,.T.);
#9522=ORIENTED_EDGE('',*,*,#9458,.F.);
#9524=ORIENTED_EDGE('',*,*,#9523,.F.);
#9525=ORIENTED_EDGE('',*,*,#9330,.T.);
#9526=EDGE_LOOP('',(#9521,#9522,#9524,#9525));
#9527=FACE_OUTER_BOUND('',#9526,.F.);
#9528=ADVANCED_FACE('',(#9527),#9520,.T.);
#9529=CARTESIAN_POINT('',(-4.08E0,-7.12E0,-7.62E-1));
#9530=DIRECTION('',(-1.E0,0.E0,0.E0));
#9531=DIRECTION('',(0.E0,0.E0,1.E0));
#9532=AXIS2_PLACEMENT_3D('',#9529,#9530,#9531);
#9533=CYLINDRICAL_SURFACE('',#9532,1.83E-1);
#9534=ORIENTED_EDGE('',*,*,#9301,.F.);
#9535=ORIENTED_EDGE('',*,*,#9332,.T.);
#9536=ORIENTED_EDGE('',*,*,#9523,.T.);
#9537=ORIENTED_EDGE('',*,*,#9456,.F.);
#9538=EDGE_LOOP('',(#9534,#9535,#9536,#9537));
#9539=FACE_OUTER_BOUND('',#9538,.F.);
#9540=ADVANCED_FACE('',(#9539),#9533,.F.);
#9541=CARTESIAN_POINT('',(-5.305E0,4.27E0,-1.27E0));
#9542=DIRECTION('',(-9.284766908853E-1,3.713906763541E-1,0.E0));
#9543=DIRECTION('',(0.E0,0.E0,-1.E0));
#9544=AXIS2_PLACEMENT_3D('',#9541,#9542,#9543);
#9545=PLANE('',#9544);
#9546=ORIENTED_EDGE('',*,*,#9468,.F.);
#9548=ORIENTED_EDGE('',*,*,#9547,.F.);
#9550=ORIENTED_EDGE('',*,*,#9549,.T.);
#9552=ORIENTED_EDGE('',*,*,#9551,.T.);
#9553=EDGE_LOOP('',(#9546,#9548,#9550,#9552));
#9554=FACE_OUTER_BOUND('',#9553,.F.);
#9555=ADVANCED_FACE('',(#9554),#9545,.T.);
#9556=CARTESIAN_POINT('',(-5.08E0,4.27E0,-1.495E0));
#9557=DIRECTION('',(0.E0,3.713906763541E-1,-9.284766908853E-1));
#9558=DIRECTION('',(-1.E0,0.E0,0.E0));
#9559=AXIS2_PLACEMENT_3D('',#9556,#9557,#9558);
#9560=PLANE('',#9559);
#9562=ORIENTED_EDGE('',*,*,#9561,.T.);
#9563=ORIENTED_EDGE('',*,*,#9547,.T.);
#9564=ORIENTED_EDGE('',*,*,#9435,.F.);
#9566=ORIENTED_EDGE('',*,*,#9565,.F.);
#9567=EDGE_LOOP('',(#9562,#9563,#9564,#9566));
#9568=FACE_OUTER_BOUND('',#9567,.F.);
#9569=ADVANCED_FACE('',(#9568),#9560,.T.);
#9570=CARTESIAN_POINT('',(-5.08E0,4.52E0,-1.27E0));
#9571=DIRECTION('',(0.E0,-1.E0,0.E0));
#9572=DIRECTION('',(0.E0,0.E0,-1.E0));
#9573=AXIS2_PLACEMENT_3D('',#9570,#9571,#9572);
#9574=PLANE('',#9573);
#9576=ORIENTED_EDGE('',*,*,#9575,.F.);
#9577=ORIENTED_EDGE('',*,*,#9549,.F.);
#9578=ORIENTED_EDGE('',*,*,#9561,.F.);
#9580=ORIENTED_EDGE('',*,*,#9579,.F.);
#9581=EDGE_LOOP('',(#9576,#9577,#9578,#9580));
#9582=FACE_OUTER_BOUND('',#9581,.F.);
#9583=ADVANCED_FACE('',(#9582),#9574,.F.);
#9584=CARTESIAN_POINT('',(-5.08E0,4.27E0,-1.045E0));
#9585=DIRECTION('',(0.E0,3.713906763541E-1,9.284766908853E-1));
#9586=DIRECTION('',(-1.E0,0.E0,0.E0));
#9587=AXIS2_PLACEMENT_3D('',#9584,#9585,#9586);
#9588=PLANE('',#9587);
#9589=ORIENTED_EDGE('',*,*,#9313,.F.);
#9590=ORIENTED_EDGE('',*,*,#9551,.F.);
#9591=ORIENTED_EDGE('',*,*,#9575,.T.);
#9593=ORIENTED_EDGE('',*,*,#9592,.T.);
#9594=EDGE_LOOP('',(#9589,#9590,#9591,#9593));
#9595=FACE_OUTER_BOUND('',#9594,.F.);
#9596=ADVANCED_FACE('',(#9595),#9588,.T.);
#9597=CARTESIAN_POINT('',(-4.855E0,4.27E0,-1.27E0));
#9598=DIRECTION('',(9.284766908853E-1,3.713906763541E-1,0.E0));
#9599=DIRECTION('',(0.E0,0.E0,-1.E0));
#9600=AXIS2_PLACEMENT_3D('',#9597,#9598,#9599);
#9601=PLANE('',#9600);
#9602=ORIENTED_EDGE('',*,*,#9579,.T.);
#9603=ORIENTED_EDGE('',*,*,#9565,.T.);
#9604=ORIENTED_EDGE('',*,*,#9350,.F.);
#9605=ORIENTED_EDGE('',*,*,#9592,.F.);
#9606=EDGE_LOOP('',(#9602,#9603,#9604,#9605));
#9607=FACE_OUTER_BOUND('',#9606,.F.);
#9608=ADVANCED_FACE('',(#9607),#9601,.T.);
#9609=CARTESIAN_POINT('',(-7.295E0,4.52E0,-9.45E-1));
#9610=DIRECTION('',(0.E0,0.E0,1.E0));
#9611=DIRECTION('',(-1.E0,0.E0,0.E0));
#9612=AXIS2_PLACEMENT_3D('',#9609,#9610,#9611);
#9613=PLANE('',#9612);
#9614=ORIENTED_EDGE('',*,*,#5172,.F.);
#9616=ORIENTED_EDGE('',*,*,#9615,.T.);
#9618=ORIENTED_EDGE('',*,*,#9617,.T.);
#9620=ORIENTED_EDGE('',*,*,#9619,.F.);
#9621=EDGE_LOOP('',(#9614,#9616,#9618,#9620));
#9622=FACE_OUTER_BOUND('',#9621,.F.);
#9623=ADVANCED_FACE('',(#9622),#9613,.T.);
#9624=CARTESIAN_POINT('',(-7.295E0,4.52E0,-9.45E-1));
#9625=DIRECTION('',(0.E0,0.E0,1.E0));
#9626=DIRECTION('',(-1.E0,0.E0,0.E0));
#9627=AXIS2_PLACEMENT_3D('',#9624,#9625,#9626);
#9628=PLANE('',#9627);
#9630=ORIENTED_EDGE('',*,*,#9629,.T.);
#9632=ORIENTED_EDGE('',*,*,#9631,.T.);
#9633=ORIENTED_EDGE('',*,*,#5762,.T.);
#9635=ORIENTED_EDGE('',*,*,#9634,.F.);
#9636=EDGE_LOOP('',(#9630,#9632,#9633,#9635));
#9637=FACE_OUTER_BOUND('',#9636,.F.);
#9638=ADVANCED_FACE('',(#9637),#9628,.T.);
#9639=CARTESIAN_POINT('',(-7.295E0,4.52E0,-1.595E0));
#9640=DIRECTION('',(1.E0,0.E0,0.E0));
#9641=DIRECTION('',(0.E0,0.E0,1.E0));
#9642=AXIS2_PLACEMENT_3D('',#9639,#9640,#9641);
#9643=PLANE('',#9642);
#9645=ORIENTED_EDGE('',*,*,#9644,.T.);
#9647=ORIENTED_EDGE('',*,*,#9646,.F.);
#9649=ORIENTED_EDGE('',*,*,#9648,.F.);
#9650=ORIENTED_EDGE('',*,*,#9615,.F.);
#9651=ORIENTED_EDGE('',*,*,#5178,.T.);
#9653=ORIENTED_EDGE('',*,*,#9652,.T.);
#9655=ORIENTED_EDGE('',*,*,#9654,.T.);
#9657=ORIENTED_EDGE('',*,*,#9656,.T.);
#9658=EDGE_LOOP('',(#9645,#9647,#9649,#9650,#9651,#9653,#9655,#9657));
#9659=FACE_OUTER_BOUND('',#9658,.F.);
#9660=ADVANCED_FACE('',(#9659),#9643,.T.);
#9661=CARTESIAN_POINT('',(-7.295E0,4.52E0,-1.595E0));
#9662=DIRECTION('',(1.E0,0.E0,0.E0));
#9663=DIRECTION('',(0.E0,0.E0,1.E0));
#9664=AXIS2_PLACEMENT_3D('',#9661,#9662,#9663);
#9665=PLANE('',#9664);
#9667=ORIENTED_EDGE('',*,*,#9666,.T.);
#9669=ORIENTED_EDGE('',*,*,#9668,.T.);
#9670=ORIENTED_EDGE('',*,*,#5764,.F.);
#9671=ORIENTED_EDGE('',*,*,#9631,.F.);
#9672=EDGE_LOOP('',(#9667,#9669,#9670,#9671));
#9673=FACE_OUTER_BOUND('',#9672,.F.);
#9674=ADVANCED_FACE('',(#9673),#9665,.T.);
#9675=CARTESIAN_POINT('',(-7.395E0,-7.628E0,7.525E0));
#9676=DIRECTION('',(9.284766908853E-1,0.E0,3.713906763541E-1));
#9677=DIRECTION('',(0.E0,-1.E0,0.E0));
#9678=AXIS2_PLACEMENT_3D('',#9675,#9676,#9677);
#9679=PLANE('',#9678);
#9680=ORIENTED_EDGE('',*,*,#9644,.F.);
#9682=ORIENTED_EDGE('',*,*,#9681,.F.);
#9684=ORIENTED_EDGE('',*,*,#9683,.T.);
#9686=ORIENTED_EDGE('',*,*,#9685,.F.);
#9687=EDGE_LOOP('',(#9680,#9682,#9684,#9686));
#9688=FACE_OUTER_BOUND('',#9687,.F.);
#9689=ADVANCED_FACE('',(#9688),#9679,.T.);
#9690=CARTESIAN_POINT('',(-7.62E0,-7.853E0,7.525E0));
#9691=DIRECTION('',(0.E0,-9.284766908853E-1,3.713906763541E-1));
#9692=DIRECTION('',(-1.E0,0.E0,0.E0));
#9693=AXIS2_PLACEMENT_3D('',#9690,#9691,#9692);
#9694=PLANE('',#9693);
#9696=ORIENTED_EDGE('',*,*,#9695,.F.);
#9698=ORIENTED_EDGE('',*,*,#9697,.T.);
#9700=ORIENTED_EDGE('',*,*,#9699,.T.);
#9701=ORIENTED_EDGE('',*,*,#9681,.T.);
#9702=EDGE_LOOP('',(#9696,#9698,#9700,#9701));
#9703=FACE_OUTER_BOUND('',#9702,.F.);
#9704=ADVANCED_FACE('',(#9703),#9694,.T.);
#9705=CARTESIAN_POINT('',(-7.945E0,-7.953E0,-7.62E-1));
#9706=DIRECTION('',(0.E0,-1.E0,0.E0));
#9707=DIRECTION('',(1.E0,0.E0,0.E0));
#9708=AXIS2_PLACEMENT_3D('',#9705,#9706,#9707);
#9709=PLANE('',#9708);
#9710=ORIENTED_EDGE('',*,*,#9695,.T.);
#9711=ORIENTED_EDGE('',*,*,#9656,.F.);
#9713=ORIENTED_EDGE('',*,*,#9712,.F.);
#9715=ORIENTED_EDGE('',*,*,#9714,.T.);
#9716=EDGE_LOOP('',(#9710,#9711,#9713,#9715));
#9717=FACE_OUTER_BOUND('',#9716,.F.);
#9718=ADVANCED_FACE('',(#9717),#9709,.T.);
#9719=CARTESIAN_POINT('',(-6.62E0,-7.12E0,-7.62E-1));
#9720=DIRECTION('',(-1.E0,0.E0,0.E0));
#9721=DIRECTION('',(0.E0,0.E0,1.E0));
#9722=AXIS2_PLACEMENT_3D('',#9719,#9720,#9721);
#9723=CYLINDRICAL_SURFACE('',#9722,8.33E-1);
#9725=ORIENTED_EDGE('',*,*,#9724,.F.);
#9727=ORIENTED_EDGE('',*,*,#9726,.T.);
#9728=ORIENTED_EDGE('',*,*,#9712,.T.);
#9729=ORIENTED_EDGE('',*,*,#9654,.F.);
#9730=EDGE_LOOP('',(#9725,#9727,#9728,#9729));
#9731=FACE_OUTER_BOUND('',#9730,.F.);
#9732=ADVANCED_FACE('',(#9731),#9723,.T.);
#9733=CARTESIAN_POINT('',(-7.945E0,4.52E0,-1.595E0));
#9734=DIRECTION('',(0.E0,0.E0,-1.E0));
#9735=DIRECTION('',(1.E0,0.E0,0.E0));
#9736=AXIS2_PLACEMENT_3D('',#9733,#9734,#9735);
#9737=PLANE('',#9736);
#9738=ORIENTED_EDGE('',*,*,#5176,.F.);
#9740=ORIENTED_EDGE('',*,*,#9739,.T.);
#9741=ORIENTED_EDGE('',*,*,#9724,.T.);
#9742=ORIENTED_EDGE('',*,*,#9652,.F.);
#9743=EDGE_LOOP('',(#9738,#9740,#9741,#9742));
#9744=FACE_OUTER_BOUND('',#9743,.F.);
#9745=ADVANCED_FACE('',(#9744),#9737,.T.);
#9746=CARTESIAN_POINT('',(-7.945E0,4.52E0,-1.595E0));
#9747=DIRECTION('',(0.E0,0.E0,-1.E0));
#9748=DIRECTION('',(1.E0,0.E0,0.E0));
#9749=AXIS2_PLACEMENT_3D('',#9746,#9747,#9748);
#9750=PLANE('',#9749);
#9752=ORIENTED_EDGE('',*,*,#9751,.T.);
#9754=ORIENTED_EDGE('',*,*,#9753,.T.);
#9755=ORIENTED_EDGE('',*,*,#5766,.T.);
#9756=ORIENTED_EDGE('',*,*,#9668,.F.);
#9757=EDGE_LOOP('',(#9752,#9754,#9755,#9756));
#9758=FACE_OUTER_BOUND('',#9757,.F.);
#9759=ADVANCED_FACE('',(#9758),#9750,.T.);
#9760=CARTESIAN_POINT('',(-7.945E0,4.52E0,-9.45E-1));
#9761=DIRECTION('',(-1.E0,0.E0,0.E0));
#9762=DIRECTION('',(0.E0,0.E0,-1.E0));
#9763=AXIS2_PLACEMENT_3D('',#9760,#9761,#9762);
#9764=PLANE('',#9763);
#9766=ORIENTED_EDGE('',*,*,#9765,.T.);
#9767=ORIENTED_EDGE('',*,*,#9714,.F.);
#9768=ORIENTED_EDGE('',*,*,#9726,.F.);
#9769=ORIENTED_EDGE('',*,*,#9739,.F.);
#9770=ORIENTED_EDGE('',*,*,#5174,.F.);
#9771=ORIENTED_EDGE('',*,*,#9619,.T.);
#9773=ORIENTED_EDGE('',*,*,#9772,.T.);
#9775=ORIENTED_EDGE('',*,*,#9774,.T.);
#9776=EDGE_LOOP('',(#9766,#9767,#9768,#9769,#9770,#9771,#9773,#9775));
#9777=FACE_OUTER_BOUND('',#9776,.F.);
#9778=ADVANCED_FACE('',(#9777),#9764,.T.);
#9779=CARTESIAN_POINT('',(-7.945E0,4.52E0,-9.45E-1));
#9780=DIRECTION('',(-1.E0,0.E0,0.E0));
#9781=DIRECTION('',(0.E0,0.E0,-1.E0));
#9782=AXIS2_PLACEMENT_3D('',#9779,#9780,#9781);
#9783=PLANE('',#9782);
#9785=ORIENTED_EDGE('',*,*,#9784,.T.);
#9786=ORIENTED_EDGE('',*,*,#9634,.T.);
#9787=ORIENTED_EDGE('',*,*,#5768,.T.);
#9788=ORIENTED_EDGE('',*,*,#9753,.F.);
#9789=EDGE_LOOP('',(#9785,#9786,#9787,#9788));
#9790=FACE_OUTER_BOUND('',#9789,.F.);
#9791=ADVANCED_FACE('',(#9790),#9783,.T.);
#9792=CARTESIAN_POINT('',(-7.845E0,-7.628E0,7.525E0));
#9793=DIRECTION('',(-9.284766908853E-1,0.E0,3.713906763541E-1));
#9794=DIRECTION('',(0.E0,-1.E0,0.E0));
#9795=AXIS2_PLACEMENT_3D('',#9792,#9793,#9794);
#9796=PLANE('',#9795);
#9798=ORIENTED_EDGE('',*,*,#9797,.T.);
#9799=ORIENTED_EDGE('',*,*,#9697,.F.);
#9800=ORIENTED_EDGE('',*,*,#9765,.F.);
#9802=ORIENTED_EDGE('',*,*,#9801,.F.);
#9803=EDGE_LOOP('',(#9798,#9799,#9800,#9802));
#9804=FACE_OUTER_BOUND('',#9803,.F.);
#9805=ADVANCED_FACE('',(#9804),#9796,.T.);
#9806=CARTESIAN_POINT('',(-7.62E0,-7.628E0,7.775E0));
#9807=DIRECTION('',(0.E0,0.E0,1.E0));
#9808=DIRECTION('',(0.E0,-1.E0,0.E0));
#9809=AXIS2_PLACEMENT_3D('',#9806,#9807,#9808);
#9810=PLANE('',#9809);
#9811=ORIENTED_EDGE('',*,*,#9683,.F.);
#9812=ORIENTED_EDGE('',*,*,#9699,.F.);
#9813=ORIENTED_EDGE('',*,*,#9797,.F.);
#9815=ORIENTED_EDGE('',*,*,#9814,.F.);
#9816=EDGE_LOOP('',(#9811,#9812,#9813,#9815));
#9817=FACE_OUTER_BOUND('',#9816,.F.);
#9818=ADVANCED_FACE('',(#9817),#9810,.T.);
#9819=CARTESIAN_POINT('',(-7.62E0,-7.403E0,7.525E0));
#9820=DIRECTION('',(0.E0,9.284766908853E-1,3.713906763541E-1));
#9821=DIRECTION('',(-1.E0,0.E0,0.E0));
#9822=AXIS2_PLACEMENT_3D('',#9819,#9820,#9821);
#9823=PLANE('',#9822);
#9825=ORIENTED_EDGE('',*,*,#9824,.F.);
#9826=ORIENTED_EDGE('',*,*,#9685,.T.);
#9827=ORIENTED_EDGE('',*,*,#9814,.T.);
#9828=ORIENTED_EDGE('',*,*,#9801,.T.);
#9829=EDGE_LOOP('',(#9825,#9826,#9827,#9828));
#9830=FACE_OUTER_BOUND('',#9829,.F.);
#9831=ADVANCED_FACE('',(#9830),#9823,.T.);
#9832=CARTESIAN_POINT('',(-7.295E0,-7.303E0,-7.62E-1));
#9833=DIRECTION('',(0.E0,1.E0,0.E0));
#9834=DIRECTION('',(-1.E0,0.E0,0.E0));
#9835=AXIS2_PLACEMENT_3D('',#9832,#9833,#9834);
#9836=PLANE('',#9835);
#9837=ORIENTED_EDGE('',*,*,#9824,.T.);
#9838=ORIENTED_EDGE('',*,*,#9774,.F.);
#9840=ORIENTED_EDGE('',*,*,#9839,.F.);
#9841=ORIENTED_EDGE('',*,*,#9646,.T.);
#9842=EDGE_LOOP('',(#9837,#9838,#9840,#9841));
#9843=FACE_OUTER_BOUND('',#9842,.F.);
#9844=ADVANCED_FACE('',(#9843),#9836,.T.);
#9845=CARTESIAN_POINT('',(-6.62E0,-7.12E0,-7.62E-1));
#9846=DIRECTION('',(-1.E0,0.E0,0.E0));
#9847=DIRECTION('',(0.E0,0.E0,1.E0));
#9848=AXIS2_PLACEMENT_3D('',#9845,#9846,#9847);
#9849=CYLINDRICAL_SURFACE('',#9848,1.83E-1);
#9850=ORIENTED_EDGE('',*,*,#9617,.F.);
#9851=ORIENTED_EDGE('',*,*,#9648,.T.);
#9852=ORIENTED_EDGE('',*,*,#9839,.T.);
#9853=ORIENTED_EDGE('',*,*,#9772,.F.);
#9854=EDGE_LOOP('',(#9850,#9851,#9852,#9853));
#9855=FACE_OUTER_BOUND('',#9854,.F.);
#9856=ADVANCED_FACE('',(#9855),#9849,.F.);
#9857=CARTESIAN_POINT('',(-7.845E0,4.27E0,-1.27E0));
#9858=DIRECTION('',(-9.284766908853E-1,3.713906763541E-1,0.E0));
#9859=DIRECTION('',(0.E0,0.E0,-1.E0));
#9860=AXIS2_PLACEMENT_3D('',#9857,#9858,#9859);
#9861=PLANE('',#9860);
#9862=ORIENTED_EDGE('',*,*,#9784,.F.);
#9864=ORIENTED_EDGE('',*,*,#9863,.F.);
#9866=ORIENTED_EDGE('',*,*,#9865,.T.);
#9868=ORIENTED_EDGE('',*,*,#9867,.T.);
#9869=EDGE_LOOP('',(#9862,#9864,#9866,#9868));
#9870=FACE_OUTER_BOUND('',#9869,.F.);
#9871=ADVANCED_FACE('',(#9870),#9861,.T.);
#9872=CARTESIAN_POINT('',(-7.62E0,4.27E0,-1.495E0));
#9873=DIRECTION('',(0.E0,3.713906763541E-1,-9.284766908853E-1));
#9874=DIRECTION('',(-1.E0,0.E0,0.E0));
#9875=AXIS2_PLACEMENT_3D('',#9872,#9873,#9874);
#9876=PLANE('',#9875);
#9878=ORIENTED_EDGE('',*,*,#9877,.T.);
#9879=ORIENTED_EDGE('',*,*,#9863,.T.);
#9880=ORIENTED_EDGE('',*,*,#9751,.F.);
#9882=ORIENTED_EDGE('',*,*,#9881,.F.);
#9883=EDGE_LOOP('',(#9878,#9879,#9880,#9882));
#9884=FACE_OUTER_BOUND('',#9883,.F.);
#9885=ADVANCED_FACE('',(#9884),#9876,.T.);
#9886=CARTESIAN_POINT('',(-7.62E0,4.52E0,-1.27E0));
#9887=DIRECTION('',(0.E0,-1.E0,0.E0));
#9888=DIRECTION('',(0.E0,0.E0,-1.E0));
#9889=AXIS2_PLACEMENT_3D('',#9886,#9887,#9888);
#9890=PLANE('',#9889);
#9892=ORIENTED_EDGE('',*,*,#9891,.F.);
#9893=ORIENTED_EDGE('',*,*,#9865,.F.);
#9894=ORIENTED_EDGE('',*,*,#9877,.F.);
#9896=ORIENTED_EDGE('',*,*,#9895,.F.);
#9897=EDGE_LOOP('',(#9892,#9893,#9894,#9896));
#9898=FACE_OUTER_BOUND('',#9897,.F.);
#9899=ADVANCED_FACE('',(#9898),#9890,.F.);
#9900=CARTESIAN_POINT('',(-7.62E0,4.27E0,-1.045E0));
#9901=DIRECTION('',(0.E0,3.713906763541E-1,9.284766908853E-1));
#9902=DIRECTION('',(-1.E0,0.E0,0.E0));
#9903=AXIS2_PLACEMENT_3D('',#9900,#9901,#9902);
#9904=PLANE('',#9903);
#9905=ORIENTED_EDGE('',*,*,#9629,.F.);
#9906=ORIENTED_EDGE('',*,*,#9867,.F.);
#9907=ORIENTED_EDGE('',*,*,#9891,.T.);
#9909=ORIENTED_EDGE('',*,*,#9908,.T.);
#9910=EDGE_LOOP('',(#9905,#9906,#9907,#9909));
#9911=FACE_OUTER_BOUND('',#9910,.F.);
#9912=ADVANCED_FACE('',(#9911),#9904,.T.);
#9913=CARTESIAN_POINT('',(-7.395E0,4.27E0,-1.27E0));
#9914=DIRECTION('',(9.284766908853E-1,3.713906763541E-1,0.E0));
#9915=DIRECTION('',(0.E0,0.E0,-1.E0));
#9916=AXIS2_PLACEMENT_3D('',#9913,#9914,#9915);
#9917=PLANE('',#9916);
#9918=ORIENTED_EDGE('',*,*,#9895,.T.);
#9919=ORIENTED_EDGE('',*,*,#9881,.T.);
#9920=ORIENTED_EDGE('',*,*,#9666,.F.);
#9921=ORIENTED_EDGE('',*,*,#9908,.F.);
#9922=EDGE_LOOP('',(#9918,#9919,#9920,#9921));
#9923=FACE_OUTER_BOUND('',#9922,.F.);
#9924=ADVANCED_FACE('',(#9923),#9917,.T.);
#9925=CARTESIAN_POINT('',(2.825E0,5.45E0,-4.875E0));
#9926=DIRECTION('',(-9.659258262891E-1,0.E0,2.588190451025E-1));
#9927=DIRECTION('',(2.588190451025E-1,0.E0,9.659258262891E-1));
#9928=AXIS2_PLACEMENT_3D('',#9925,#9926,#9927);
#9929=PLANE('',#9928);
#9930=ORIENTED_EDGE('',*,*,#4555,.T.);
#9931=ORIENTED_EDGE('',*,*,#4716,.F.);
#9932=ORIENTED_EDGE('',*,*,#4583,.F.);
#9933=ORIENTED_EDGE('',*,*,#4528,.F.);
#9934=EDGE_LOOP('',(#9930,#9931,#9932,#9933));
#9935=FACE_OUTER_BOUND('',#9934,.F.);
#9936=ADVANCED_FACE('',(#9935),#9929,.F.);
#9937=CLOSED_SHELL('',(#4536,#4559,#4573,#4637,#4652,#4666,#4680,#4701,#4735,
#4750,#4775,#4795,#4809,#4839,#4853,#4866,#4879,#4892,#4905,#4918,#4930,#4943,
#4966,#4986,#5001,#5016,#5182,#5195,#5207,#5227,#5241,#5254,#5268,#5281,#5299,
#5311,#5323,#5335,#5347,#5360,#5372,#5391,#5407,#5422,#5437,#5452,#5470,#5486,
#5500,#5512,#5524,#5537,#5550,#5562,#5577,#5592,#5606,#5619,#5772,#5794,#5809,
#5830,#5843,#5863,#5875,#5889,#5903,#5915,#5933,#5946,#5958,#5970,#5982,#5995,
#6008,#6020,#6035,#6050,#6065,#6084,#6097,#6112,#6127,#6142,#6160,#6174,#6188,
#6200,#6212,#6225,#6238,#6250,#6264,#6277,#6290,#6302,#6317,#6332,#6347,#6366,
#6379,#6394,#6409,#6424,#6442,#6456,#6470,#6482,#6494,#6507,#6520,#6532,#6546,
#6559,#6572,#6584,#6599,#6614,#6629,#6648,#6661,#6676,#6691,#6706,#6724,#6738,
#6752,#6764,#6776,#6789,#6802,#6814,#6828,#6841,#6854,#6866,#6881,#6896,#6911,
#6930,#6943,#6958,#6973,#6988,#7006,#7020,#7034,#7046,#7058,#7071,#7084,#7096,
#7110,#7123,#7136,#7148,#7163,#7178,#7193,#7212,#7225,#7240,#7255,#7270,#7288,
#7302,#7316,#7328,#7340,#7353,#7366,#7378,#7392,#7405,#7418,#7430,#7445,#7460,
#7475,#7494,#7507,#7522,#7537,#7552,#7570,#7584,#7598,#7610,#7622,#7635,#7648,
#7660,#7674,#7687,#7700,#7712,#7727,#7742,#7764,#7778,#7793,#7808,#7822,#7836,
#7849,#7863,#7882,#7895,#7909,#7922,#7935,#7948,#7960,#7975,#7989,#8003,#8016,
#8028,#8043,#8058,#8080,#8094,#8109,#8124,#8138,#8152,#8165,#8179,#8198,#8211,
#8225,#8238,#8251,#8264,#8276,#8291,#8305,#8319,#8332,#8344,#8359,#8374,#8396,
#8410,#8425,#8440,#8454,#8468,#8481,#8495,#8514,#8527,#8541,#8554,#8567,#8580,
#8592,#8607,#8621,#8635,#8648,#8660,#8675,#8690,#8712,#8726,#8741,#8756,#8770,
#8784,#8797,#8811,#8830,#8843,#8857,#8870,#8883,#8896,#8908,#8923,#8937,#8951,
#8964,#8976,#8991,#9006,#9028,#9042,#9057,#9072,#9086,#9100,#9113,#9127,#9146,
#9159,#9173,#9186,#9199,#9212,#9224,#9239,#9253,#9267,#9280,#9292,#9307,#9322,
#9344,#9358,#9373,#9388,#9402,#9416,#9429,#9443,#9462,#9475,#9489,#9502,#9515,
#9528,#9540,#9555,#9569,#9583,#9596,#9608,#9623,#9638,#9660,#9674,#9689,#9704,
#9718,#9732,#9745,#9759,#9778,#9791,#9805,#9818,#9831,#9844,#9856,#9871,#9885,
#9899,#9912,#9924,#9936));
#9938=MANIFOLD_SOLID_BREP('',#9937);
#9940=DIMENSIONAL_EXPONENTS(0.E0,0.E0,0.E0,0.E0,0.E0,0.E0,0.E0);
#9942=PLANE_ANGLE_MEASURE_WITH_UNIT(PLANE_ANGLE_MEASURE(1.745329251994E-2),
#9941);
#9943=(CONVERSION_BASED_UNIT('DEGREE',#9942)NAMED_UNIT(*)PLANE_ANGLE_UNIT());
#9945=UNCERTAINTY_MEASURE_WITH_UNIT(LENGTH_MEASURE(2.735827382420E-3),#9939,
'closure',
'Maximum model space distance between geometric entities at asserted connectivities');
#9946=(GEOMETRIC_REPRESENTATION_CONTEXT(3)GLOBAL_UNCERTAINTY_ASSIGNED_CONTEXT((
#9945))GLOBAL_UNIT_ASSIGNED_CONTEXT((#9939,#9943,#9944))REPRESENTATION_CONTEXT(
'ID1','3'));
#9948=APPLICATION_CONTEXT(
'CONFIGURATION CONTROLLED 3D DESIGNS OF MECHANICAL PARTS AND ASSEMBLIES');
#9949=APPLICATION_PROTOCOL_DEFINITION('international standard',
'config_control_design',1994,#9948);
#9950=DESIGN_CONTEXT('',#9948,'design');
#9951=MECHANICAL_CONTEXT('',#9948,'mechanical');
#9952=PRODUCT('901303314','901303314','NOT SPECIFIED',(#9951));
#9953=PRODUCT_DEFINITION_FORMATION_WITH_SPECIFIED_SOURCE('1','LAST_VERSION',
#9952,.MADE.);
#9957=PRODUCT_CATEGORY('part','');
#9958=PRODUCT_RELATED_PRODUCT_CATEGORY('detail','',(#9952));
#9959=PRODUCT_CATEGORY_RELATIONSHIP('','',#9957,#9958);
#9960=SECURITY_CLASSIFICATION_LEVEL('unclassified');
#9961=SECURITY_CLASSIFICATION('','',#9960);
#9962=CC_DESIGN_SECURITY_CLASSIFICATION(#9961,(#9953));
#9963=APPROVAL_STATUS('approved');
#9964=APPROVAL(#9963,'');
#9965=CC_DESIGN_APPROVAL(#9964,(#9961,#9953,#9954));
#9966=CALENDAR_DATE(113,5,4);
#9967=COORDINATED_UNIVERSAL_TIME_OFFSET(5,30,.AHEAD.);
#9968=LOCAL_TIME(9,20,4.4E1,#9967);
#9969=DATE_AND_TIME(#9966,#9968);
#9970=APPROVAL_DATE_TIME(#9969,#9964);
#9971=DATE_TIME_ROLE('creation_date');
#9972=CC_DESIGN_DATE_AND_TIME_ASSIGNMENT(#9969,#9971,(#9954));
#9973=DATE_TIME_ROLE('classification_date');
#9974=CC_DESIGN_DATE_AND_TIME_ASSIGNMENT(#9969,#9973,(#9961));
#9975=PERSON('UNSPECIFIED','UNSPECIFIED',$,$,$,$);
#9976=ORGANIZATION('UNSPECIFIED','UNSPECIFIED','UNSPECIFIED');
#9977=PERSON_AND_ORGANIZATION(#9975,#9976);
#9978=APPROVAL_ROLE('approver');
#9979=APPROVAL_PERSON_ORGANIZATION(#9977,#9964,#9978);
#9980=PERSON_AND_ORGANIZATION_ROLE('creator');
#9981=CC_DESIGN_PERSON_AND_ORGANIZATION_ASSIGNMENT(#9977,#9980,(#9953,#9954));
#9982=PERSON_AND_ORGANIZATION_ROLE('design_supplier');
#9983=CC_DESIGN_PERSON_AND_ORGANIZATION_ASSIGNMENT(#9977,#9982,(#9953));
#9984=PERSON_AND_ORGANIZATION_ROLE('classification_officer');
#9985=CC_DESIGN_PERSON_AND_ORGANIZATION_ASSIGNMENT(#9977,#9984,(#9961));
#9986=PERSON_AND_ORGANIZATION_ROLE('design_owner');
#9987=CC_DESIGN_PERSON_AND_ORGANIZATION_ASSIGNMENT(#9977,#9986,(#9952));
#61=CIRCLE('',#60,1.5E-1);
#70=CIRCLE('',#69,1.E-1);
#87=CIRCLE('',#86,1.E-1);
#96=CIRCLE('',#95,1.5E-1);
#209=CIRCLE('',#208,1.5E-1);
#218=CIRCLE('',#217,1.5E-1);
#223=CIRCLE('',#222,1.E-1);
#228=CIRCLE('',#227,1.E-1);
#729=CIRCLE('',#728,1.83E-1);
#766=CIRCLE('',#765,8.33E-1);
#803=CIRCLE('',#802,1.83E-1);
#808=CIRCLE('',#807,8.33E-1);
#1289=CIRCLE('',#1288,1.83E-1);
#1326=CIRCLE('',#1325,8.33E-1);
#1363=CIRCLE('',#1362,1.83E-1);
#1368=CIRCLE('',#1367,8.33E-1);
#1445=CIRCLE('',#1444,1.83E-1);
#1482=CIRCLE('',#1481,8.33E-1);
#1519=CIRCLE('',#1518,1.83E-1);
#1524=CIRCLE('',#1523,8.33E-1);
#1601=CIRCLE('',#1600,1.83E-1);
#1638=CIRCLE('',#1637,8.33E-1);
#1675=CIRCLE('',#1674,1.83E-1);
#1680=CIRCLE('',#1679,8.33E-1);
#1757=CIRCLE('',#1756,1.83E-1);
#1794=CIRCLE('',#1793,8.33E-1);
#1831=CIRCLE('',#1830,1.83E-1);
#1836=CIRCLE('',#1835,8.33E-1);
#1913=CIRCLE('',#1912,1.83E-1);
#1950=CIRCLE('',#1949,8.33E-1);
#1987=CIRCLE('',#1986,1.83E-1);
#1992=CIRCLE('',#1991,8.33E-1);
#2069=CIRCLE('',#2068,1.83E-1);
#2106=CIRCLE('',#2105,8.33E-1);
#2143=CIRCLE('',#2142,1.83E-1);
#2148=CIRCLE('',#2147,8.33E-1);
#2225=CIRCLE('',#2224,8.33E-1);
#2266=CIRCLE('',#2265,8.33E-1);
#2291=CIRCLE('',#2290,1.83E-1);
#2348=CIRCLE('',#2347,1.83E-1);
#2405=CIRCLE('',#2404,8.33E-1);
#2446=CIRCLE('',#2445,8.33E-1);
#2471=CIRCLE('',#2470,1.83E-1);
#2528=CIRCLE('',#2527,1.83E-1);
#2585=CIRCLE('',#2584,8.33E-1);
#2626=CIRCLE('',#2625,8.33E-1);
#2651=CIRCLE('',#2650,1.83E-1);
#2708=CIRCLE('',#2707,1.83E-1);
#2765=CIRCLE('',#2764,8.33E-1);
#2806=CIRCLE('',#2805,8.33E-1);
#2831=CIRCLE('',#2830,1.83E-1);
#2888=CIRCLE('',#2887,1.83E-1);
#2945=CIRCLE('',#2944,8.33E-1);
#2986=CIRCLE('',#2985,8.33E-1);
#3011=CIRCLE('',#3010,1.83E-1);
#3068=CIRCLE('',#3067,1.83E-1);
#3125=CIRCLE('',#3124,8.33E-1);
#3166=CIRCLE('',#3165,8.33E-1);
#3191=CIRCLE('',#3190,1.83E-1);
#3248=CIRCLE('',#3247,1.83E-1);
#3305=CIRCLE('',#3304,8.33E-1);
#3346=CIRCLE('',#3345,8.33E-1);
#3371=CIRCLE('',#3370,1.83E-1);
#3428=CIRCLE('',#3427,1.83E-1);
#4526=EDGE_CURVE('',#3605,#3606,#4,.T.);
#4528=EDGE_CURVE('',#3606,#3597,#8,.T.);
#4530=EDGE_CURVE('',#3597,#3594,#12,.T.);
#4532=EDGE_CURVE('',#3605,#3594,#16,.T.);
#4543=EDGE_CURVE('',#3620,#3605,#20,.T.);
#4545=EDGE_CURVE('',#3618,#3620,#164,.T.);
#4547=EDGE_CURVE('',#3616,#3618,#140,.T.);
#4549=EDGE_CURVE('',#3613,#3616,#1220,.T.);
#4551=EDGE_CURVE('',#3613,#3614,#1208,.T.);
#4553=EDGE_CURVE('',#3622,#3614,#160,.T.);
#4555=EDGE_CURVE('',#3606,#3622,#3464,.T.);
#4567=EDGE_CURVE('',#3592,#3594,#40,.T.);
#4569=EDGE_CURVE('',#3592,#3620,#24,.T.);
#4579=EDGE_CURVE('',#3581,#3592,#36,.T.);
#4583=EDGE_CURVE('',#3597,#3598,#44,.T.);
#4585=EDGE_CURVE('',#3590,#3598,#48,.T.);
#4587=EDGE_CURVE('',#3590,#3472,#52,.T.);
#4589=EDGE_CURVE('',#3472,#3480,#692,.T.);
#4591=EDGE_CURVE('',#3480,#3656,#56,.T.);
#4593=EDGE_CURVE('',#3656,#3658,#61,.T.);
#4595=EDGE_CURVE('',#3658,#3668,#65,.T.);
#4597=EDGE_CURVE('',#3666,#3668,#70,.T.);
#4599=EDGE_CURVE('',#3664,#3666,#74,.T.);
#4601=EDGE_CURVE('',#3662,#3664,#78,.T.);
#4603=EDGE_CURVE('',#3661,#3662,#82,.T.);
#4605=EDGE_CURVE('',#3670,#3661,#87,.T.);
#4607=EDGE_CURVE('',#3670,#3475,#91,.T.);
#4609=EDGE_CURVE('',#3475,#3476,#96,.T.);
#4611=EDGE_CURVE('',#3478,#3476,#100,.T.);
#4613=EDGE_CURVE('',#3478,#3467,#688,.T.);
#4615=EDGE_CURVE('',#3581,#3467,#664,.T.);
#4619=EDGE_CURVE('',#3626,#3632,#104,.T.);
#4621=EDGE_CURVE('',#3632,#3636,#1196,.T.);
#4623=EDGE_CURVE('',#3636,#3640,#1180,.T.);
#4625=EDGE_CURVE('',#3640,#3645,#28,.T.);
#4627=EDGE_CURVE('',#3645,#3646,#1228,.T.);
#4629=EDGE_CURVE('',#3646,#3652,#32,.T.);
#4631=EDGE_CURVE('',#3652,#3625,#124,.T.);
#4633=EDGE_CURVE('',#3625,#3626,#116,.T.);
#4644=EDGE_CURVE('',#3626,#3630,#108,.T.);
#4646=EDGE_CURVE('',#3630,#3634,#112,.T.);
#4648=EDGE_CURVE('',#3632,#3634,#1200,.T.);
#4659=EDGE_CURVE('',#3625,#3629,#136,.T.);
#4661=EDGE_CURVE('',#3629,#3630,#120,.T.);
#4673=EDGE_CURVE('',#3652,#3654,#128,.T.);
#4675=EDGE_CURVE('',#3654,#3629,#132,.T.);
#4687=EDGE_CURVE('',#3609,#3618,#144,.T.);
#4689=EDGE_CURVE('',#3609,#3561,#1156,.T.);
#4691=EDGE_CURVE('',#3654,#3561,#1248,.T.);
#4695=EDGE_CURVE('',#3646,#3650,#1240,.T.);
#4697=EDGE_CURVE('',#3650,#3616,#148,.T.);
#4707=EDGE_CURVE('',#3600,#3602,#152,.T.);
#4709=EDGE_CURVE('',#3588,#3602,#300,.T.);
#4711=EDGE_CURVE('',#3587,#3588,#648,.T.);
#4713=EDGE_CURVE('',#3587,#3590,#588,.T.);
#4716=EDGE_CURVE('',#3598,#3622,#156,.T.);
#4719=EDGE_CURVE('',#3610,#3614,#1216,.T.);
#4721=EDGE_CURVE('',#3609,#3610,#1128,.T.);
#4727=EDGE_CURVE('',#3581,#3582,#660,.T.);
#4729=EDGE_CURVE('',#3582,#3584,#632,.T.);
#4731=EDGE_CURVE('',#3584,#3600,#188,.T.);
#4742=EDGE_CURVE('',#3600,#3530,#200,.T.);
#4744=EDGE_CURVE('',#3529,#3530,#720,.T.);
#4746=EDGE_CURVE('',#3602,#3529,#304,.T.);
#4756=EDGE_CURVE('',#3476,#3520,#168,.T.);
#4758=EDGE_CURVE('',#3512,#3520,#172,.T.);
#4760=EDGE_CURVE('',#3541,#3512,#176,.T.);
#4762=EDGE_CURVE('',#3537,#3541,#576,.T.);
#4764=EDGE_CURVE('',#3522,#3537,#344,.T.);
#4766=EDGE_CURVE('',#3500,#3522,#180,.T.);
#4768=EDGE_CURVE('',#3500,#3482,#620,.T.);
#4770=EDGE_CURVE('',#3482,#3478,#184,.T.);
#4782=EDGE_CURVE('',#3584,#3494,#644,.T.);
#4784=EDGE_CURVE('',#3494,#3532,#192,.T.);
#4786=EDGE_CURVE('',#3532,#3545,#336,.T.);
#4788=EDGE_CURVE('',#3545,#3549,#716,.T.);
#4790=EDGE_CURVE('',#3530,#3549,#196,.T.);
#4801=EDGE_CURVE('',#3519,#3520,#218,.T.);
#4805=EDGE_CURVE('',#3475,#3519,#204,.T.);
#4815=EDGE_CURVE('',#3515,#3516,#232,.T.);
#4817=EDGE_CURVE('',#3526,#3515,#209,.T.);
#4819=EDGE_CURVE('',#3511,#3526,#292,.T.);
#4821=EDGE_CURVE('',#3511,#3512,#213,.T.);
#4825=EDGE_CURVE('',#3672,#3519,#248,.T.);
#4827=EDGE_CURVE('',#3675,#3672,#223,.T.);
#4829=EDGE_CURVE('',#3675,#3676,#272,.T.);
#4831=EDGE_CURVE('',#3676,#3678,#264,.T.);
#4833=EDGE_CURVE('',#3678,#3680,#256,.T.);
#4835=EDGE_CURVE('',#3516,#3680,#228,.T.);
#4846=EDGE_CURVE('',#3516,#3668,#236,.T.);
#4849=EDGE_CURVE('',#3658,#3515,#240,.T.);
#4861=EDGE_CURVE('',#3672,#3670,#244,.T.);
#4873=EDGE_CURVE('',#3666,#3680,#252,.T.);
#4886=EDGE_CURVE('',#3664,#3678,#260,.T.);
#4899=EDGE_CURVE('',#3662,#3676,#268,.T.);
#4912=EDGE_CURVE('',#3661,#3675,#276,.T.);
#4939=EDGE_CURVE('',#3656,#3526,#280,.T.);
#4949=EDGE_CURVE('',#3503,#3524,#284,.T.);
#4951=EDGE_CURVE('',#3538,#3524,#324,.T.);
#4953=EDGE_CURVE('',#3538,#3542,#584,.T.);
#4955=EDGE_CURVE('',#3542,#3511,#288,.T.);
#4960=EDGE_CURVE('',#3480,#3484,#296,.T.);
#4962=EDGE_CURVE('',#3503,#3484,#628,.T.);
#4972=EDGE_CURVE('',#3588,#3497,#652,.T.);
#4976=EDGE_CURVE('',#3529,#3550,#308,.T.);
#4978=EDGE_CURVE('',#3546,#3550,#708,.T.);
#4980=EDGE_CURVE('',#3534,#3546,#332,.T.);
#4982=EDGE_CURVE('',#3497,#3534,#312,.T.);
#4993=EDGE_CURVE('',#3522,#3490,#316,.T.);
#4995=EDGE_CURVE('',#3492,#3490,#668,.T.);
#4997=EDGE_CURVE('',#3492,#3500,#612,.T.);
#5007=EDGE_CURVE('',#3508,#3524,#320,.T.);
#5010=EDGE_CURVE('',#3503,#3504,#624,.T.);
#5012=EDGE_CURVE('',#3504,#3508,#604,.T.);
#5022=EDGE_CURVE('',#3537,#3538,#572,.T.);
#5026=EDGE_CURVE('',#3506,#3508,#600,.T.);
#5028=EDGE_CURVE('',#3506,#3534,#328,.T.);
#5031=EDGE_CURVE('',#3545,#3546,#704,.T.);
#5034=EDGE_CURVE('',#3532,#3488,#340,.T.);
#5036=EDGE_CURVE('',#3488,#3490,#672,.T.);
#5042=EDGE_CURVE('',#3691,#3692,#348,.T.);
#5044=EDGE_CURVE('',#3696,#3692,#352,.T.);
#5046=EDGE_CURVE('',#3695,#3696,#356,.T.);
#5048=EDGE_CURVE('',#3695,#3691,#360,.T.);
#5052=EDGE_CURVE('',#3818,#3746,#364,.T.);
#5054=EDGE_CURVE('',#3780,#3746,#368,.T.);
#5056=EDGE_CURVE('',#3820,#3780,#372,.T.);
#5058=EDGE_CURVE('',#3820,#3818,#376,.T.);
#5062=EDGE_CURVE('',#3822,#3790,#380,.T.);
#5064=EDGE_CURVE('',#3792,#3790,#384,.T.);
#5066=EDGE_CURVE('',#3824,#3792,#388,.T.);
#5068=EDGE_CURVE('',#3824,#3822,#392,.T.);
#5072=EDGE_CURVE('',#3826,#3802,#396,.T.);
#5074=EDGE_CURVE('',#3804,#3802,#400,.T.);
#5076=EDGE_CURVE('',#3828,#3804,#404,.T.);
#5078=EDGE_CURVE('',#3828,#3826,#408,.T.);
#5082=EDGE_CURVE('',#3830,#3814,#412,.T.);
#5084=EDGE_CURVE('',#3816,#3814,#416,.T.);
#5086=EDGE_CURVE('',#3832,#3816,#420,.T.);
#5088=EDGE_CURVE('',#3832,#3830,#424,.T.);
#5092=EDGE_CURVE('',#3843,#3844,#428,.T.);
#5094=EDGE_CURVE('',#3848,#3844,#432,.T.);
#5096=EDGE_CURVE('',#3847,#3848,#436,.T.);
#5098=EDGE_CURVE('',#3847,#3843,#440,.T.);
#5102=EDGE_CURVE('',#3867,#3868,#444,.T.);
#5104=EDGE_CURVE('',#3872,#3868,#448,.T.);
#5106=EDGE_CURVE('',#3871,#3872,#452,.T.);
#5108=EDGE_CURVE('',#3871,#3867,#456,.T.);
#5112=EDGE_CURVE('',#3730,#3732,#460,.T.);
#5114=EDGE_CURVE('',#3732,#3734,#464,.T.);
#5116=EDGE_CURVE('',#3734,#3736,#468,.T.);
#5118=EDGE_CURVE('',#3730,#3736,#472,.T.);
#5122=EDGE_CURVE('',#4155,#4156,#476,.T.);
#5124=EDGE_CURVE('',#4156,#4158,#480,.T.);
#5126=EDGE_CURVE('',#4158,#4160,#484,.T.);
#5128=EDGE_CURVE('',#4155,#4160,#488,.T.);
#5132=EDGE_CURVE('',#4187,#4188,#492,.T.);
#5134=EDGE_CURVE('',#4188,#4190,#496,.T.);
#5136=EDGE_CURVE('',#4190,#4192,#500,.T.);
#5138=EDGE_CURVE('',#4187,#4192,#504,.T.);
#5142=EDGE_CURVE('',#4219,#4220,#508,.T.);
#5144=EDGE_CURVE('',#4220,#4222,#512,.T.);
#5146=EDGE_CURVE('',#4222,#4224,#516,.T.);
#5148=EDGE_CURVE('',#4219,#4224,#520,.T.);
#5152=EDGE_CURVE('',#4251,#4252,#524,.T.);
#5154=EDGE_CURVE('',#4252,#4254,#528,.T.);
#5156=EDGE_CURVE('',#4254,#4256,#532,.T.);
#5158=EDGE_CURVE('',#4251,#4256,#536,.T.);
#5162=EDGE_CURVE('',#4283,#4284,#540,.T.);
#5164=EDGE_CURVE('',#4284,#4286,#544,.T.);
#5166=EDGE_CURVE('',#4286,#4288,#548,.T.);
#5168=EDGE_CURVE('',#4283,#4288,#552,.T.);
#5172=EDGE_CURVE('',#4315,#4316,#556,.T.);
#5174=EDGE_CURVE('',#4316,#4318,#560,.T.);
#5176=EDGE_CURVE('',#4318,#4320,#564,.T.);
#5178=EDGE_CURVE('',#4315,#4320,#568,.T.);
#5190=EDGE_CURVE('',#3541,#3542,#580,.T.);
#5214=EDGE_CURVE('',#3587,#3498,#592,.T.);
#5216=EDGE_CURVE('',#3498,#3506,#596,.T.);
#5220=EDGE_CURVE('',#3504,#3471,#608,.T.);
#5222=EDGE_CURVE('',#3471,#3472,#696,.T.);
#5234=EDGE_CURVE('',#3492,#3468,#616,.T.);
#5236=EDGE_CURVE('',#3468,#3482,#680,.T.);
#5249=EDGE_CURVE('',#3484,#3471,#700,.T.);
#5261=EDGE_CURVE('',#3582,#3487,#636,.T.);
#5263=EDGE_CURVE('',#3487,#3494,#640,.T.);
#5276=EDGE_CURVE('',#3497,#3498,#656,.T.);
#5289=EDGE_CURVE('',#3467,#3468,#684,.T.);
#5294=EDGE_CURVE('',#3487,#3488,#676,.T.);
#5355=EDGE_CURVE('',#3549,#3550,#712,.T.);
#5378=EDGE_CURVE('',#3922,#3928,#724,.T.);
#5380=EDGE_CURVE('',#3687,#3928,#820,.T.);
#5382=EDGE_CURVE('',#3692,#3687,#808,.T.);
#5385=EDGE_CURVE('',#3691,#3684,#729,.T.);
#5387=EDGE_CURVE('',#3684,#3922,#733,.T.);
#5397=EDGE_CURVE('',#3944,#3931,#737,.T.);
#5399=EDGE_CURVE('',#3931,#3700,#741,.T.);
#5401=EDGE_CURVE('',#3700,#3702,#892,.T.);
#5403=EDGE_CURVE('',#3944,#3702,#1256,.T.);
#5413=EDGE_CURVE('',#3924,#3926,#753,.T.);
#5415=EDGE_CURVE('',#3928,#3926,#824,.T.);
#5418=EDGE_CURVE('',#3924,#3922,#798,.T.);
#5428=EDGE_CURVE('',#3919,#3920,#745,.T.);
#5430=EDGE_CURVE('',#3926,#3919,#749,.T.);
#5433=EDGE_CURVE('',#3920,#3924,#757,.T.);
#5443=EDGE_CURVE('',#3915,#3916,#761,.T.);
#5445=EDGE_CURVE('',#3919,#3915,#828,.T.);
#5448=EDGE_CURVE('',#3916,#3920,#794,.T.);
#5459=EDGE_CURVE('',#3683,#3916,#790,.T.);
#5461=EDGE_CURVE('',#3695,#3683,#803,.T.);
#5464=EDGE_CURVE('',#3696,#3688,#766,.T.);
#5466=EDGE_CURVE('',#3688,#3915,#770,.T.);
#5476=EDGE_CURVE('',#3932,#3940,#774,.T.);
#5478=EDGE_CURVE('',#3940,#3704,#778,.T.);
#5480=EDGE_CURVE('',#3699,#3704,#884,.T.);
#5482=EDGE_CURVE('',#3932,#3699,#860,.T.);
#5492=EDGE_CURVE('',#3916,#3922,#782,.T.);
#5495=EDGE_CURVE('',#3683,#3684,#786,.T.);
#5532=EDGE_CURVE('',#3687,#3688,#816,.T.);
#5543=EDGE_CURVE('',#3928,#3915,#812,.T.);
#5568=EDGE_CURVE('',#3936,#3938,#848,.T.);
#5570=EDGE_CURVE('',#3938,#3940,#832,.T.);
#5573=EDGE_CURVE('',#3936,#3932,#852,.T.);
#5583=EDGE_CURVE('',#3935,#3936,#836,.T.);
#5585=EDGE_CURVE('',#3942,#3935,#840,.T.);
#5587=EDGE_CURVE('',#3938,#3942,#844,.T.);
#5598=EDGE_CURVE('',#3931,#3932,#856,.T.);
#5600=EDGE_CURVE('',#3935,#3931,#1264,.T.);
#5614=EDGE_CURVE('',#3699,#3700,#880,.T.);
#5625=EDGE_CURVE('',#3565,#3566,#864,.T.);
#5627=EDGE_CURVE('',#3570,#3565,#868,.T.);
#5629=EDGE_CURVE('',#3568,#3570,#872,.T.);
#5631=EDGE_CURVE('',#3566,#3568,#876,.T.);
#5637=EDGE_CURVE('',#3702,#3704,#888,.T.);
#5642=EDGE_CURVE('',#3773,#3774,#896,.T.);
#5644=EDGE_CURVE('',#3773,#3778,#900,.T.);
#5646=EDGE_CURVE('',#3776,#3778,#904,.T.);
#5648=EDGE_CURVE('',#3774,#3776,#908,.T.);
#5652=EDGE_CURVE('',#3783,#3784,#912,.T.);
#5654=EDGE_CURVE('',#3783,#3788,#916,.T.);
#5656=EDGE_CURVE('',#3786,#3788,#920,.T.);
#5658=EDGE_CURVE('',#3784,#3786,#924,.T.);
#5662=EDGE_CURVE('',#3795,#3796,#928,.T.);
#5664=EDGE_CURVE('',#3795,#3800,#932,.T.);
#5666=EDGE_CURVE('',#3798,#3800,#936,.T.);
#5668=EDGE_CURVE('',#3796,#3798,#940,.T.);
#5672=EDGE_CURVE('',#3807,#3808,#944,.T.);
#5674=EDGE_CURVE('',#3807,#3812,#948,.T.);
#5676=EDGE_CURVE('',#3810,#3812,#952,.T.);
#5678=EDGE_CURVE('',#3808,#3810,#956,.T.);
#5682=EDGE_CURVE('',#3851,#3852,#960,.T.);
#5684=EDGE_CURVE('',#3851,#3856,#964,.T.);
#5686=EDGE_CURVE('',#3854,#3856,#968,.T.);
#5688=EDGE_CURVE('',#3852,#3854,#972,.T.);
#5692=EDGE_CURVE('',#3875,#3876,#976,.T.);
#5694=EDGE_CURVE('',#3875,#3880,#980,.T.);
#5696=EDGE_CURVE('',#3878,#3880,#984,.T.);
#5698=EDGE_CURVE('',#3876,#3878,#988,.T.);
#5702=EDGE_CURVE('',#3723,#3724,#992,.T.);
#5704=EDGE_CURVE('',#3723,#3728,#996,.T.);
#5706=EDGE_CURVE('',#3726,#3728,#1000,.T.);
#5708=EDGE_CURVE('',#3724,#3726,#1004,.T.);
#5712=EDGE_CURVE('',#4163,#4164,#1008,.T.);
#5714=EDGE_CURVE('',#4163,#4168,#1012,.T.);
#5716=EDGE_CURVE('',#4166,#4168,#1016,.T.);
#5718=EDGE_CURVE('',#4164,#4166,#1020,.T.);
#5722=EDGE_CURVE('',#4195,#4196,#1024,.T.);
#5724=EDGE_CURVE('',#4195,#4200,#1028,.T.);
#5726=EDGE_CURVE('',#4198,#4200,#1032,.T.);
#5728=EDGE_CURVE('',#4196,#4198,#1036,.T.);
#5732=EDGE_CURVE('',#4227,#4228,#1040,.T.);
#5734=EDGE_CURVE('',#4227,#4232,#1044,.T.);
#5736=EDGE_CURVE('',#4230,#4232,#1048,.T.);
#5738=EDGE_CURVE('',#4228,#4230,#1052,.T.);
#5742=EDGE_CURVE('',#4259,#4260,#1056,.T.);
#5744=EDGE_CURVE('',#4259,#4264,#1060,.T.);
#5746=EDGE_CURVE('',#4262,#4264,#1064,.T.);
#5748=EDGE_CURVE('',#4260,#4262,#1068,.T.);
#5752=EDGE_CURVE('',#4291,#4292,#1072,.T.);
#5754=EDGE_CURVE('',#4291,#4296,#1076,.T.);
#5756=EDGE_CURVE('',#4294,#4296,#1080,.T.);
#5758=EDGE_CURVE('',#4292,#4294,#1084,.T.);
#5762=EDGE_CURVE('',#4323,#4324,#1088,.T.);
#5764=EDGE_CURVE('',#4323,#4328,#1092,.T.);
#5766=EDGE_CURVE('',#4326,#4328,#1096,.T.);
#5768=EDGE_CURVE('',#4324,#4326,#1100,.T.);
#5778=EDGE_CURVE('',#3562,#3577,#1148,.T.);
#5780=EDGE_CURVE('',#3577,#3565,#1104,.T.);
#5783=EDGE_CURVE('',#3573,#3566,#1160,.T.);
#5785=EDGE_CURVE('',#3573,#3553,#1124,.T.);
#5787=EDGE_CURVE('',#3630,#3553,#1244,.T.);
#5790=EDGE_CURVE('',#3629,#3562,#1108,.T.);
#5800=EDGE_CURVE('',#3573,#3574,#1112,.T.);
#5802=EDGE_CURVE('',#3554,#3574,#1116,.T.);
#5804=EDGE_CURVE('',#3553,#3554,#1120,.T.);
#5816=EDGE_CURVE('',#3558,#3610,#1132,.T.);
#5818=EDGE_CURVE('',#3557,#3558,#1136,.T.);
#5820=EDGE_CURVE('',#3578,#3557,#1140,.T.);
#5822=EDGE_CURVE('',#3577,#3578,#1144,.T.);
#5825=EDGE_CURVE('',#3561,#3562,#1152,.T.);
#5839=EDGE_CURVE('',#3574,#3568,#1164,.T.);
#5852=EDGE_CURVE('',#3578,#3570,#1172,.T.);
#5855=EDGE_CURVE('',#3638,#3557,#1176,.T.);
#5857=EDGE_CURVE('',#3634,#3638,#1204,.T.);
#5859=EDGE_CURVE('',#3634,#3554,#1168,.T.);
#5881=EDGE_CURVE('',#3638,#3642,#1188,.T.);
#5885=EDGE_CURVE('',#3642,#3558,#1212,.T.);
#5896=EDGE_CURVE('',#3636,#3638,#1184,.T.);
#5899=EDGE_CURVE('',#3640,#3642,#1192,.T.);
#5922=EDGE_CURVE('',#3649,#3613,#1224,.T.);
#5924=EDGE_CURVE('',#3645,#3649,#1232,.T.);
#5941=EDGE_CURVE('',#3649,#3650,#1236,.T.);
#5988=EDGE_CURVE('',#3940,#3944,#1252,.T.);
#6002=EDGE_CURVE('',#3942,#3944,#1260,.T.);
#6026=EDGE_CURVE('',#3963,#3964,#1268,.T.);
#6028=EDGE_CURVE('',#3964,#3773,#1272,.T.);
#6031=EDGE_CURVE('',#3963,#3774,#1301,.T.);
#6042=EDGE_CURVE('',#3967,#3963,#1280,.T.);
#6044=EDGE_CURVE('',#3967,#3968,#1396,.T.);
#6046=EDGE_CURVE('',#3968,#3964,#1276,.T.);
#6056=EDGE_CURVE('',#3976,#3963,#1297,.T.);
#6058=EDGE_CURVE('',#3974,#3976,#1412,.T.);
#6060=EDGE_CURVE('',#3974,#3967,#1400,.T.);
#6071=EDGE_CURVE('',#3954,#3960,#1284,.T.);
#6073=EDGE_CURVE('',#3743,#3960,#1380,.T.);
#6075=EDGE_CURVE('',#3746,#3743,#1368,.T.);
#6078=EDGE_CURVE('',#3818,#3740,#1289,.T.);
#6080=EDGE_CURVE('',#3740,#3954,#1293,.T.);
#6093=EDGE_CURVE('',#3976,#3776,#1420,.T.);
#6103=EDGE_CURVE('',#3956,#3958,#1313,.T.);
#6105=EDGE_CURVE('',#3960,#3958,#1384,.T.);
#6108=EDGE_CURVE('',#3956,#3954,#1358,.T.);
#6118=EDGE_CURVE('',#3951,#3952,#1305,.T.);
#6120=EDGE_CURVE('',#3958,#3951,#1309,.T.);
#6123=EDGE_CURVE('',#3952,#3956,#1317,.T.);
#6133=EDGE_CURVE('',#3947,#3948,#1321,.T.);
#6135=EDGE_CURVE('',#3951,#3947,#1388,.T.);
#6138=EDGE_CURVE('',#3948,#3952,#1354,.T.);
#6149=EDGE_CURVE('',#3739,#3948,#1350,.T.);
#6151=EDGE_CURVE('',#3820,#3739,#1363,.T.);
#6154=EDGE_CURVE('',#3780,#3744,#1326,.T.);
#6156=EDGE_CURVE('',#3744,#3947,#1330,.T.);
#6166=EDGE_CURVE('',#3964,#3972,#1334,.T.);
#6168=EDGE_CURVE('',#3972,#3778,#1338,.T.);
#6180=EDGE_CURVE('',#3948,#3954,#1342,.T.);
#6183=EDGE_CURVE('',#3739,#3740,#1346,.T.);
#6219=EDGE_CURVE('',#3743,#3744,#1376,.T.);
#6231=EDGE_CURVE('',#3960,#3947,#1372,.T.);
#6256=EDGE_CURVE('',#3968,#3970,#1408,.T.);
#6258=EDGE_CURVE('',#3970,#3972,#1392,.T.);
#6272=EDGE_CURVE('',#3970,#3974,#1404,.T.);
#6285=EDGE_CURVE('',#3972,#3976,#1416,.T.);
#6308=EDGE_CURVE('',#3995,#3996,#1424,.T.);
#6310=EDGE_CURVE('',#3996,#3783,#1428,.T.);
#6313=EDGE_CURVE('',#3995,#3784,#1457,.T.);
#6324=EDGE_CURVE('',#3999,#3995,#1436,.T.);
#6326=EDGE_CURVE('',#3999,#4000,#1552,.T.);
#6328=EDGE_CURVE('',#4000,#3996,#1432,.T.);
#6338=EDGE_CURVE('',#4008,#3995,#1453,.T.);
#6340=EDGE_CURVE('',#4006,#4008,#1568,.T.);
#6342=EDGE_CURVE('',#4006,#3999,#1556,.T.);
#6353=EDGE_CURVE('',#3986,#3992,#1440,.T.);
#6355=EDGE_CURVE('',#3753,#3992,#1536,.T.);
#6357=EDGE_CURVE('',#3790,#3753,#1524,.T.);
#6360=EDGE_CURVE('',#3822,#3750,#1445,.T.);
#6362=EDGE_CURVE('',#3750,#3986,#1449,.T.);
#6375=EDGE_CURVE('',#4008,#3786,#1576,.T.);
#6385=EDGE_CURVE('',#3988,#3990,#1469,.T.);
#6387=EDGE_CURVE('',#3992,#3990,#1540,.T.);
#6390=EDGE_CURVE('',#3988,#3986,#1514,.T.);
#6400=EDGE_CURVE('',#3983,#3984,#1461,.T.);
#6402=EDGE_CURVE('',#3990,#3983,#1465,.T.);
#6405=EDGE_CURVE('',#3984,#3988,#1473,.T.);
#6415=EDGE_CURVE('',#3979,#3980,#1477,.T.);
#6417=EDGE_CURVE('',#3983,#3979,#1544,.T.);
#6420=EDGE_CURVE('',#3980,#3984,#1510,.T.);
#6431=EDGE_CURVE('',#3749,#3980,#1506,.T.);
#6433=EDGE_CURVE('',#3824,#3749,#1519,.T.);
#6436=EDGE_CURVE('',#3792,#3754,#1482,.T.);
#6438=EDGE_CURVE('',#3754,#3979,#1486,.T.);
#6448=EDGE_CURVE('',#3996,#4004,#1490,.T.);
#6450=EDGE_CURVE('',#4004,#3788,#1494,.T.);
#6462=EDGE_CURVE('',#3980,#3986,#1498,.T.);
#6465=EDGE_CURVE('',#3749,#3750,#1502,.T.);
#6501=EDGE_CURVE('',#3753,#3754,#1532,.T.);
#6513=EDGE_CURVE('',#3992,#3979,#1528,.T.);
#6538=EDGE_CURVE('',#4000,#4002,#1564,.T.);
#6540=EDGE_CURVE('',#4002,#4004,#1548,.T.);
#6554=EDGE_CURVE('',#4002,#4006,#1560,.T.);
#6567=EDGE_CURVE('',#4004,#4008,#1572,.T.);
#6590=EDGE_CURVE('',#4027,#4028,#1580,.T.);
#6592=EDGE_CURVE('',#4028,#3795,#1584,.T.);
#6595=EDGE_CURVE('',#4027,#3796,#1613,.T.);
#6606=EDGE_CURVE('',#4031,#4027,#1592,.T.);
#6608=EDGE_CURVE('',#4031,#4032,#1708,.T.);
#6610=EDGE_CURVE('',#4032,#4028,#1588,.T.);
#6620=EDGE_CURVE('',#4040,#4027,#1609,.T.);
#6622=EDGE_CURVE('',#4038,#4040,#1724,.T.);
#6624=EDGE_CURVE('',#4038,#4031,#1712,.T.);
#6635=EDGE_CURVE('',#4018,#4024,#1596,.T.);
#6637=EDGE_CURVE('',#3761,#4024,#1692,.T.);
#6639=EDGE_CURVE('',#3802,#3761,#1680,.T.);
#6642=EDGE_CURVE('',#3826,#3758,#1601,.T.);
#6644=EDGE_CURVE('',#3758,#4018,#1605,.T.);
#6657=EDGE_CURVE('',#4040,#3798,#1732,.T.);
#6667=EDGE_CURVE('',#4020,#4022,#1625,.T.);
#6669=EDGE_CURVE('',#4024,#4022,#1696,.T.);
#6672=EDGE_CURVE('',#4020,#4018,#1670,.T.);
#6682=EDGE_CURVE('',#4015,#4016,#1617,.T.);
#6684=EDGE_CURVE('',#4022,#4015,#1621,.T.);
#6687=EDGE_CURVE('',#4016,#4020,#1629,.T.);
#6697=EDGE_CURVE('',#4011,#4012,#1633,.T.);
#6699=EDGE_CURVE('',#4015,#4011,#1700,.T.);
#6702=EDGE_CURVE('',#4012,#4016,#1666,.T.);
#6713=EDGE_CURVE('',#3757,#4012,#1662,.T.);
#6715=EDGE_CURVE('',#3828,#3757,#1675,.T.);
#6718=EDGE_CURVE('',#3804,#3762,#1638,.T.);
#6720=EDGE_CURVE('',#3762,#4011,#1642,.T.);
#6730=EDGE_CURVE('',#4028,#4036,#1646,.T.);
#6732=EDGE_CURVE('',#4036,#3800,#1650,.T.);
#6744=EDGE_CURVE('',#4012,#4018,#1654,.T.);
#6747=EDGE_CURVE('',#3757,#3758,#1658,.T.);
#6783=EDGE_CURVE('',#3761,#3762,#1688,.T.);
#6795=EDGE_CURVE('',#4024,#4011,#1684,.T.);
#6820=EDGE_CURVE('',#4032,#4034,#1720,.T.);
#6822=EDGE_CURVE('',#4034,#4036,#1704,.T.);
#6836=EDGE_CURVE('',#4034,#4038,#1716,.T.);
#6849=EDGE_CURVE('',#4036,#4040,#1728,.T.);
#6872=EDGE_CURVE('',#4059,#4060,#1736,.T.);
#6874=EDGE_CURVE('',#4060,#3807,#1740,.T.);
#6877=EDGE_CURVE('',#4059,#3808,#1769,.T.);
#6888=EDGE_CURVE('',#4063,#4059,#1748,.T.);
#6890=EDGE_CURVE('',#4063,#4064,#1864,.T.);
#6892=EDGE_CURVE('',#4064,#4060,#1744,.T.);
#6902=EDGE_CURVE('',#4072,#4059,#1765,.T.);
#6904=EDGE_CURVE('',#4070,#4072,#1880,.T.);
#6906=EDGE_CURVE('',#4070,#4063,#1868,.T.);
#6917=EDGE_CURVE('',#4050,#4056,#1752,.T.);
#6919=EDGE_CURVE('',#3769,#4056,#1848,.T.);
#6921=EDGE_CURVE('',#3814,#3769,#1836,.T.);
#6924=EDGE_CURVE('',#3830,#3766,#1757,.T.);
#6926=EDGE_CURVE('',#3766,#4050,#1761,.T.);
#6939=EDGE_CURVE('',#4072,#3810,#1888,.T.);
#6949=EDGE_CURVE('',#4052,#4054,#1781,.T.);
#6951=EDGE_CURVE('',#4056,#4054,#1852,.T.);
#6954=EDGE_CURVE('',#4052,#4050,#1826,.T.);
#6964=EDGE_CURVE('',#4047,#4048,#1773,.T.);
#6966=EDGE_CURVE('',#4054,#4047,#1777,.T.);
#6969=EDGE_CURVE('',#4048,#4052,#1785,.T.);
#6979=EDGE_CURVE('',#4043,#4044,#1789,.T.);
#6981=EDGE_CURVE('',#4047,#4043,#1856,.T.);
#6984=EDGE_CURVE('',#4044,#4048,#1822,.T.);
#6995=EDGE_CURVE('',#3765,#4044,#1818,.T.);
#6997=EDGE_CURVE('',#3832,#3765,#1831,.T.);
#7000=EDGE_CURVE('',#3816,#3770,#1794,.T.);
#7002=EDGE_CURVE('',#3770,#4043,#1798,.T.);
#7012=EDGE_CURVE('',#4060,#4068,#1802,.T.);
#7014=EDGE_CURVE('',#4068,#3812,#1806,.T.);
#7026=EDGE_CURVE('',#4044,#4050,#1810,.T.);
#7029=EDGE_CURVE('',#3765,#3766,#1814,.T.);
#7065=EDGE_CURVE('',#3769,#3770,#1844,.T.);
#7077=EDGE_CURVE('',#4056,#4043,#1840,.T.);
#7102=EDGE_CURVE('',#4064,#4066,#1876,.T.);
#7104=EDGE_CURVE('',#4066,#4068,#1860,.T.);
#7118=EDGE_CURVE('',#4066,#4070,#1872,.T.);
#7131=EDGE_CURVE('',#4068,#4072,#1884,.T.);
#7154=EDGE_CURVE('',#4091,#4092,#1892,.T.);
#7156=EDGE_CURVE('',#4092,#3851,#1896,.T.);
#7159=EDGE_CURVE('',#4091,#3852,#1925,.T.);
#7170=EDGE_CURVE('',#4095,#4091,#1904,.T.);
#7172=EDGE_CURVE('',#4095,#4096,#2020,.T.);
#7174=EDGE_CURVE('',#4096,#4092,#1900,.T.);
#7184=EDGE_CURVE('',#4104,#4091,#1921,.T.);
#7186=EDGE_CURVE('',#4102,#4104,#2036,.T.);
#7188=EDGE_CURVE('',#4102,#4095,#2024,.T.);
#7199=EDGE_CURVE('',#4082,#4088,#1908,.T.);
#7201=EDGE_CURVE('',#3839,#4088,#2004,.T.);
#7203=EDGE_CURVE('',#3844,#3839,#1992,.T.);
#7206=EDGE_CURVE('',#3843,#3836,#1913,.T.);
#7208=EDGE_CURVE('',#3836,#4082,#1917,.T.);
#7221=EDGE_CURVE('',#4104,#3854,#2044,.T.);
#7231=EDGE_CURVE('',#4084,#4086,#1937,.T.);
#7233=EDGE_CURVE('',#4088,#4086,#2008,.T.);
#7236=EDGE_CURVE('',#4084,#4082,#1982,.T.);
#7246=EDGE_CURVE('',#4079,#4080,#1929,.T.);
#7248=EDGE_CURVE('',#4086,#4079,#1933,.T.);
#7251=EDGE_CURVE('',#4080,#4084,#1941,.T.);
#7261=EDGE_CURVE('',#4075,#4076,#1945,.T.);
#7263=EDGE_CURVE('',#4079,#4075,#2012,.T.);
#7266=EDGE_CURVE('',#4076,#4080,#1978,.T.);
#7277=EDGE_CURVE('',#3835,#4076,#1974,.T.);
#7279=EDGE_CURVE('',#3847,#3835,#1987,.T.);
#7282=EDGE_CURVE('',#3848,#3840,#1950,.T.);
#7284=EDGE_CURVE('',#3840,#4075,#1954,.T.);
#7294=EDGE_CURVE('',#4092,#4100,#1958,.T.);
#7296=EDGE_CURVE('',#4100,#3856,#1962,.T.);
#7308=EDGE_CURVE('',#4076,#4082,#1966,.T.);
#7311=EDGE_CURVE('',#3835,#3836,#1970,.T.);
#7348=EDGE_CURVE('',#3839,#3840,#2000,.T.);
#7359=EDGE_CURVE('',#4088,#4075,#1996,.T.);
#7384=EDGE_CURVE('',#4096,#4098,#2032,.T.);
#7386=EDGE_CURVE('',#4098,#4100,#2016,.T.);
#7400=EDGE_CURVE('',#4098,#4102,#2028,.T.);
#7413=EDGE_CURVE('',#4100,#4104,#2040,.T.);
#7436=EDGE_CURVE('',#4123,#4124,#2048,.T.);
#7438=EDGE_CURVE('',#4124,#3875,#2052,.T.);
#7441=EDGE_CURVE('',#4123,#3876,#2081,.T.);
#7452=EDGE_CURVE('',#4127,#4123,#2060,.T.);
#7454=EDGE_CURVE('',#4127,#4128,#2176,.T.);
#7456=EDGE_CURVE('',#4128,#4124,#2056,.T.);
#7466=EDGE_CURVE('',#4136,#4123,#2077,.T.);
#7468=EDGE_CURVE('',#4134,#4136,#2192,.T.);
#7470=EDGE_CURVE('',#4134,#4127,#2180,.T.);
#7481=EDGE_CURVE('',#4114,#4120,#2064,.T.);
#7483=EDGE_CURVE('',#3863,#4120,#2160,.T.);
#7485=EDGE_CURVE('',#3868,#3863,#2148,.T.);
#7488=EDGE_CURVE('',#3867,#3860,#2069,.T.);
#7490=EDGE_CURVE('',#3860,#4114,#2073,.T.);
#7503=EDGE_CURVE('',#4136,#3878,#2200,.T.);
#7513=EDGE_CURVE('',#4116,#4118,#2093,.T.);
#7515=EDGE_CURVE('',#4120,#4118,#2164,.T.);
#7518=EDGE_CURVE('',#4116,#4114,#2138,.T.);
#7528=EDGE_CURVE('',#4111,#4112,#2085,.T.);
#7530=EDGE_CURVE('',#4118,#4111,#2089,.T.);
#7533=EDGE_CURVE('',#4112,#4116,#2097,.T.);
#7543=EDGE_CURVE('',#4107,#4108,#2101,.T.);
#7545=EDGE_CURVE('',#4111,#4107,#2168,.T.);
#7548=EDGE_CURVE('',#4108,#4112,#2134,.T.);
#7559=EDGE_CURVE('',#3859,#4108,#2130,.T.);
#7561=EDGE_CURVE('',#3871,#3859,#2143,.T.);
#7564=EDGE_CURVE('',#3872,#3864,#2106,.T.);
#7566=EDGE_CURVE('',#3864,#4107,#2110,.T.);
#7576=EDGE_CURVE('',#4124,#4132,#2114,.T.);
#7578=EDGE_CURVE('',#4132,#3880,#2118,.T.);
#7590=EDGE_CURVE('',#4108,#4114,#2122,.T.);
#7593=EDGE_CURVE('',#3859,#3860,#2126,.T.);
#7630=EDGE_CURVE('',#3863,#3864,#2156,.T.);
#7641=EDGE_CURVE('',#4120,#4107,#2152,.T.);
#7666=EDGE_CURVE('',#4128,#4130,#2188,.T.);
#7668=EDGE_CURVE('',#4130,#4132,#2172,.T.);
#7682=EDGE_CURVE('',#4130,#4134,#2184,.T.);
#7695=EDGE_CURVE('',#4132,#4136,#2196,.T.);
#7718=EDGE_CURVE('',#3730,#3707,#2204,.T.);
#7720=EDGE_CURVE('',#3707,#3708,#2343,.T.);
#7722=EDGE_CURVE('',#3732,#3708,#2286,.T.);
#7733=EDGE_CURVE('',#3899,#3900,#2208,.T.);
#7735=EDGE_CURVE('',#3900,#3723,#2212,.T.);
#7738=EDGE_CURVE('',#3899,#3724,#2303,.T.);
#7748=EDGE_CURVE('',#3883,#3884,#2216,.T.);
#7750=EDGE_CURVE('',#3715,#3884,#2339,.T.);
#7752=EDGE_CURVE('',#3707,#3715,#2348,.T.);
#7756=EDGE_CURVE('',#3736,#3712,#2220,.T.);
#7758=EDGE_CURVE('',#3712,#3720,#2225,.T.);
#7760=EDGE_CURVE('',#3720,#3883,#2229,.T.);
#7770=EDGE_CURVE('',#3900,#3908,#2233,.T.);
#7772=EDGE_CURVE('',#3908,#3728,#2237,.T.);
#7785=EDGE_CURVE('',#3887,#3883,#2245,.T.);
#7787=EDGE_CURVE('',#3887,#3888,#2307,.T.);
#7789=EDGE_CURVE('',#3884,#3888,#2323,.T.);
#7799=EDGE_CURVE('',#3896,#3883,#2249,.T.);
#7801=EDGE_CURVE('',#3896,#3894,#2241,.T.);
#7803=EDGE_CURVE('',#3894,#3887,#2311,.T.);
#7816=EDGE_CURVE('',#3719,#3720,#2253,.T.);
#7818=EDGE_CURVE('',#3719,#3896,#2257,.T.);
#7828=EDGE_CURVE('',#3711,#3712,#2261,.T.);
#7830=EDGE_CURVE('',#3711,#3719,#2266,.T.);
#7842=EDGE_CURVE('',#3734,#3711,#2270,.T.);
#7855=EDGE_CURVE('',#3908,#3912,#2274,.T.);
#7857=EDGE_CURVE('',#3912,#3726,#2278,.T.);
#7869=EDGE_CURVE('',#3890,#3896,#2282,.T.);
#7876=EDGE_CURVE('',#3708,#3716,#2291,.T.);
#7878=EDGE_CURVE('',#3716,#3890,#2295,.T.);
#7888=EDGE_CURVE('',#3912,#3899,#2299,.T.);
#7901=EDGE_CURVE('',#3892,#3894,#2315,.T.);
#7905=EDGE_CURVE('',#3892,#3890,#2327,.T.);
#7918=EDGE_CURVE('',#3888,#3892,#2319,.T.);
#7928=EDGE_CURVE('',#3884,#3890,#2331,.T.);
#7943=EDGE_CURVE('',#3715,#3716,#2335,.T.);
#7967=EDGE_CURVE('',#3910,#3912,#2356,.T.);
#7969=EDGE_CURVE('',#3910,#3903,#2364,.T.);
#7971=EDGE_CURVE('',#3903,#3899,#2352,.T.);
#7981=EDGE_CURVE('',#3906,#3910,#2368,.T.);
#7985=EDGE_CURVE('',#3906,#3908,#2380,.T.);
#7995=EDGE_CURVE('',#3903,#3904,#2360,.T.);
#7999=EDGE_CURVE('',#3904,#3906,#2372,.T.);
#8012=EDGE_CURVE('',#3904,#3900,#2376,.T.);
#8035=EDGE_CURVE('',#4155,#4139,#2384,.T.);
#8037=EDGE_CURVE('',#4139,#4140,#2523,.T.);
#8039=EDGE_CURVE('',#4156,#4140,#2466,.T.);
#8049=EDGE_CURVE('',#4347,#4348,#2388,.T.);
#8051=EDGE_CURVE('',#4348,#4163,#2392,.T.);
#8054=EDGE_CURVE('',#4347,#4164,#2483,.T.);
#8064=EDGE_CURVE('',#4331,#4332,#2396,.T.);
#8066=EDGE_CURVE('',#4147,#4332,#2519,.T.);
#8068=EDGE_CURVE('',#4139,#4147,#2528,.T.);
#8072=EDGE_CURVE('',#4160,#4144,#2400,.T.);
#8074=EDGE_CURVE('',#4144,#4152,#2405,.T.);
#8076=EDGE_CURVE('',#4152,#4331,#2409,.T.);
#8086=EDGE_CURVE('',#4348,#4356,#2413,.T.);
#8088=EDGE_CURVE('',#4356,#4168,#2417,.T.);
#8101=EDGE_CURVE('',#4335,#4331,#2425,.T.);
#8103=EDGE_CURVE('',#4335,#4336,#2487,.T.);
#8105=EDGE_CURVE('',#4332,#4336,#2503,.T.);
#8115=EDGE_CURVE('',#4344,#4331,#2429,.T.);
#8117=EDGE_CURVE('',#4344,#4342,#2421,.T.);
#8119=EDGE_CURVE('',#4342,#4335,#2491,.T.);
#8132=EDGE_CURVE('',#4151,#4152,#2433,.T.);
#8134=EDGE_CURVE('',#4151,#4344,#2437,.T.);
#8144=EDGE_CURVE('',#4143,#4144,#2441,.T.);
#8146=EDGE_CURVE('',#4143,#4151,#2446,.T.);
#8159=EDGE_CURVE('',#4158,#4143,#2450,.T.);
#8171=EDGE_CURVE('',#4356,#4360,#2454,.T.);
#8173=EDGE_CURVE('',#4360,#4166,#2458,.T.);
#8185=EDGE_CURVE('',#4338,#4344,#2462,.T.);
#8192=EDGE_CURVE('',#4140,#4148,#2471,.T.);
#8194=EDGE_CURVE('',#4148,#4338,#2475,.T.);
#8204=EDGE_CURVE('',#4360,#4347,#2479,.T.);
#8217=EDGE_CURVE('',#4340,#4342,#2495,.T.);
#8221=EDGE_CURVE('',#4340,#4338,#2507,.T.);
#8234=EDGE_CURVE('',#4336,#4340,#2499,.T.);
#8244=EDGE_CURVE('',#4332,#4338,#2511,.T.);
#8259=EDGE_CURVE('',#4147,#4148,#2515,.T.);
#8283=EDGE_CURVE('',#4358,#4360,#2536,.T.);
#8285=EDGE_CURVE('',#4358,#4351,#2544,.T.);
#8287=EDGE_CURVE('',#4351,#4347,#2532,.T.);
#8297=EDGE_CURVE('',#4354,#4358,#2548,.T.);
#8301=EDGE_CURVE('',#4354,#4356,#2560,.T.);
#8311=EDGE_CURVE('',#4351,#4352,#2540,.T.);
#8315=EDGE_CURVE('',#4352,#4354,#2552,.T.);
#8328=EDGE_CURVE('',#4352,#4348,#2556,.T.);
#8351=EDGE_CURVE('',#4187,#4171,#2564,.T.);
#8353=EDGE_CURVE('',#4171,#4172,#2703,.T.);
#8355=EDGE_CURVE('',#4188,#4172,#2646,.T.);
#8365=EDGE_CURVE('',#4379,#4380,#2568,.T.);
#8367=EDGE_CURVE('',#4380,#4195,#2572,.T.);
#8370=EDGE_CURVE('',#4379,#4196,#2663,.T.);
#8380=EDGE_CURVE('',#4363,#4364,#2576,.T.);
#8382=EDGE_CURVE('',#4179,#4364,#2699,.T.);
#8384=EDGE_CURVE('',#4171,#4179,#2708,.T.);
#8388=EDGE_CURVE('',#4192,#4176,#2580,.T.);
#8390=EDGE_CURVE('',#4176,#4184,#2585,.T.);
#8392=EDGE_CURVE('',#4184,#4363,#2589,.T.);
#8402=EDGE_CURVE('',#4380,#4388,#2593,.T.);
#8404=EDGE_CURVE('',#4388,#4200,#2597,.T.);
#8417=EDGE_CURVE('',#4367,#4363,#2605,.T.);
#8419=EDGE_CURVE('',#4367,#4368,#2667,.T.);
#8421=EDGE_CURVE('',#4364,#4368,#2683,.T.);
#8431=EDGE_CURVE('',#4376,#4363,#2609,.T.);
#8433=EDGE_CURVE('',#4376,#4374,#2601,.T.);
#8435=EDGE_CURVE('',#4374,#4367,#2671,.T.);
#8448=EDGE_CURVE('',#4183,#4184,#2613,.T.);
#8450=EDGE_CURVE('',#4183,#4376,#2617,.T.);
#8460=EDGE_CURVE('',#4175,#4176,#2621,.T.);
#8462=EDGE_CURVE('',#4175,#4183,#2626,.T.);
#8475=EDGE_CURVE('',#4190,#4175,#2630,.T.);
#8487=EDGE_CURVE('',#4388,#4392,#2634,.T.);
#8489=EDGE_CURVE('',#4392,#4198,#2638,.T.);
#8501=EDGE_CURVE('',#4370,#4376,#2642,.T.);
#8508=EDGE_CURVE('',#4172,#4180,#2651,.T.);
#8510=EDGE_CURVE('',#4180,#4370,#2655,.T.);
#8520=EDGE_CURVE('',#4392,#4379,#2659,.T.);
#8533=EDGE_CURVE('',#4372,#4374,#2675,.T.);
#8537=EDGE_CURVE('',#4372,#4370,#2687,.T.);
#8550=EDGE_CURVE('',#4368,#4372,#2679,.T.);
#8560=EDGE_CURVE('',#4364,#4370,#2691,.T.);
#8575=EDGE_CURVE('',#4179,#4180,#2695,.T.);
#8599=EDGE_CURVE('',#4390,#4392,#2716,.T.);
#8601=EDGE_CURVE('',#4390,#4383,#2724,.T.);
#8603=EDGE_CURVE('',#4383,#4379,#2712,.T.);
#8613=EDGE_CURVE('',#4386,#4390,#2728,.T.);
#8617=EDGE_CURVE('',#4386,#4388,#2740,.T.);
#8627=EDGE_CURVE('',#4383,#4384,#2720,.T.);
#8631=EDGE_CURVE('',#4384,#4386,#2732,.T.);
#8644=EDGE_CURVE('',#4384,#4380,#2736,.T.);
#8667=EDGE_CURVE('',#4219,#4203,#2744,.T.);
#8669=EDGE_CURVE('',#4203,#4204,#2883,.T.);
#8671=EDGE_CURVE('',#4220,#4204,#2826,.T.);
#8681=EDGE_CURVE('',#4411,#4412,#2748,.T.);
#8683=EDGE_CURVE('',#4412,#4227,#2752,.T.);
#8686=EDGE_CURVE('',#4411,#4228,#2843,.T.);
#8696=EDGE_CURVE('',#4395,#4396,#2756,.T.);
#8698=EDGE_CURVE('',#4211,#4396,#2879,.T.);
#8700=EDGE_CURVE('',#4203,#4211,#2888,.T.);
#8704=EDGE_CURVE('',#4224,#4208,#2760,.T.);
#8706=EDGE_CURVE('',#4208,#4216,#2765,.T.);
#8708=EDGE_CURVE('',#4216,#4395,#2769,.T.);
#8718=EDGE_CURVE('',#4412,#4420,#2773,.T.);
#8720=EDGE_CURVE('',#4420,#4232,#2777,.T.);
#8733=EDGE_CURVE('',#4399,#4395,#2785,.T.);
#8735=EDGE_CURVE('',#4399,#4400,#2847,.T.);
#8737=EDGE_CURVE('',#4396,#4400,#2863,.T.);
#8747=EDGE_CURVE('',#4408,#4395,#2789,.T.);
#8749=EDGE_CURVE('',#4408,#4406,#2781,.T.);
#8751=EDGE_CURVE('',#4406,#4399,#2851,.T.);
#8764=EDGE_CURVE('',#4215,#4216,#2793,.T.);
#8766=EDGE_CURVE('',#4215,#4408,#2797,.T.);
#8776=EDGE_CURVE('',#4207,#4208,#2801,.T.);
#8778=EDGE_CURVE('',#4207,#4215,#2806,.T.);
#8791=EDGE_CURVE('',#4222,#4207,#2810,.T.);
#8803=EDGE_CURVE('',#4420,#4424,#2814,.T.);
#8805=EDGE_CURVE('',#4424,#4230,#2818,.T.);
#8817=EDGE_CURVE('',#4402,#4408,#2822,.T.);
#8824=EDGE_CURVE('',#4204,#4212,#2831,.T.);
#8826=EDGE_CURVE('',#4212,#4402,#2835,.T.);
#8836=EDGE_CURVE('',#4424,#4411,#2839,.T.);
#8849=EDGE_CURVE('',#4404,#4406,#2855,.T.);
#8853=EDGE_CURVE('',#4404,#4402,#2867,.T.);
#8866=EDGE_CURVE('',#4400,#4404,#2859,.T.);
#8876=EDGE_CURVE('',#4396,#4402,#2871,.T.);
#8891=EDGE_CURVE('',#4211,#4212,#2875,.T.);
#8915=EDGE_CURVE('',#4422,#4424,#2896,.T.);
#8917=EDGE_CURVE('',#4422,#4415,#2904,.T.);
#8919=EDGE_CURVE('',#4415,#4411,#2892,.T.);
#8929=EDGE_CURVE('',#4418,#4422,#2908,.T.);
#8933=EDGE_CURVE('',#4418,#4420,#2920,.T.);
#8943=EDGE_CURVE('',#4415,#4416,#2900,.T.);
#8947=EDGE_CURVE('',#4416,#4418,#2912,.T.);
#8960=EDGE_CURVE('',#4416,#4412,#2916,.T.);
#8983=EDGE_CURVE('',#4251,#4235,#2924,.T.);
#8985=EDGE_CURVE('',#4235,#4236,#3063,.T.);
#8987=EDGE_CURVE('',#4252,#4236,#3006,.T.);
#8997=EDGE_CURVE('',#4443,#4444,#2928,.T.);
#8999=EDGE_CURVE('',#4444,#4259,#2932,.T.);
#9002=EDGE_CURVE('',#4443,#4260,#3023,.T.);
#9012=EDGE_CURVE('',#4427,#4428,#2936,.T.);
#9014=EDGE_CURVE('',#4243,#4428,#3059,.T.);
#9016=EDGE_CURVE('',#4235,#4243,#3068,.T.);
#9020=EDGE_CURVE('',#4256,#4240,#2940,.T.);
#9022=EDGE_CURVE('',#4240,#4248,#2945,.T.);
#9024=EDGE_CURVE('',#4248,#4427,#2949,.T.);
#9034=EDGE_CURVE('',#4444,#4452,#2953,.T.);
#9036=EDGE_CURVE('',#4452,#4264,#2957,.T.);
#9049=EDGE_CURVE('',#4431,#4427,#2965,.T.);
#9051=EDGE_CURVE('',#4431,#4432,#3027,.T.);
#9053=EDGE_CURVE('',#4428,#4432,#3043,.T.);
#9063=EDGE_CURVE('',#4440,#4427,#2969,.T.);
#9065=EDGE_CURVE('',#4440,#4438,#2961,.T.);
#9067=EDGE_CURVE('',#4438,#4431,#3031,.T.);
#9080=EDGE_CURVE('',#4247,#4248,#2973,.T.);
#9082=EDGE_CURVE('',#4247,#4440,#2977,.T.);
#9092=EDGE_CURVE('',#4239,#4240,#2981,.T.);
#9094=EDGE_CURVE('',#4239,#4247,#2986,.T.);
#9107=EDGE_CURVE('',#4254,#4239,#2990,.T.);
#9119=EDGE_CURVE('',#4452,#4456,#2994,.T.);
#9121=EDGE_CURVE('',#4456,#4262,#2998,.T.);
#9133=EDGE_CURVE('',#4434,#4440,#3002,.T.);
#9140=EDGE_CURVE('',#4236,#4244,#3011,.T.);
#9142=EDGE_CURVE('',#4244,#4434,#3015,.T.);
#9152=EDGE_CURVE('',#4456,#4443,#3019,.T.);
#9165=EDGE_CURVE('',#4436,#4438,#3035,.T.);
#9169=EDGE_CURVE('',#4436,#4434,#3047,.T.);
#9182=EDGE_CURVE('',#4432,#4436,#3039,.T.);
#9192=EDGE_CURVE('',#4428,#4434,#3051,.T.);
#9207=EDGE_CURVE('',#4243,#4244,#3055,.T.);
#9231=EDGE_CURVE('',#4454,#4456,#3076,.T.);
#9233=EDGE_CURVE('',#4454,#4447,#3084,.T.);
#9235=EDGE_CURVE('',#4447,#4443,#3072,.T.);
#9245=EDGE_CURVE('',#4450,#4454,#3088,.T.);
#9249=EDGE_CURVE('',#4450,#4452,#3100,.T.);
#9259=EDGE_CURVE('',#4447,#4448,#3080,.T.);
#9263=EDGE_CURVE('',#4448,#4450,#3092,.T.);
#9276=EDGE_CURVE('',#4448,#4444,#3096,.T.);
#9299=EDGE_CURVE('',#4283,#4267,#3104,.T.);
#9301=EDGE_CURVE('',#4267,#4268,#3243,.T.);
#9303=EDGE_CURVE('',#4284,#4268,#3186,.T.);
#9313=EDGE_CURVE('',#4475,#4476,#3108,.T.);
#9315=EDGE_CURVE('',#4476,#4291,#3112,.T.);
#9318=EDGE_CURVE('',#4475,#4292,#3203,.T.);
#9328=EDGE_CURVE('',#4459,#4460,#3116,.T.);
#9330=EDGE_CURVE('',#4275,#4460,#3239,.T.);
#9332=EDGE_CURVE('',#4267,#4275,#3248,.T.);
#9336=EDGE_CURVE('',#4288,#4272,#3120,.T.);
#9338=EDGE_CURVE('',#4272,#4280,#3125,.T.);
#9340=EDGE_CURVE('',#4280,#4459,#3129,.T.);
#9350=EDGE_CURVE('',#4476,#4484,#3133,.T.);
#9352=EDGE_CURVE('',#4484,#4296,#3137,.T.);
#9365=EDGE_CURVE('',#4463,#4459,#3145,.T.);
#9367=EDGE_CURVE('',#4463,#4464,#3207,.T.);
#9369=EDGE_CURVE('',#4460,#4464,#3223,.T.);
#9379=EDGE_CURVE('',#4472,#4459,#3149,.T.);
#9381=EDGE_CURVE('',#4472,#4470,#3141,.T.);
#9383=EDGE_CURVE('',#4470,#4463,#3211,.T.);
#9396=EDGE_CURVE('',#4279,#4280,#3153,.T.);
#9398=EDGE_CURVE('',#4279,#4472,#3157,.T.);
#9408=EDGE_CURVE('',#4271,#4272,#3161,.T.);
#9410=EDGE_CURVE('',#4271,#4279,#3166,.T.);
#9423=EDGE_CURVE('',#4286,#4271,#3170,.T.);
#9435=EDGE_CURVE('',#4484,#4488,#3174,.T.);
#9437=EDGE_CURVE('',#4488,#4294,#3178,.T.);
#9449=EDGE_CURVE('',#4466,#4472,#3182,.T.);
#9456=EDGE_CURVE('',#4268,#4276,#3191,.T.);
#9458=EDGE_CURVE('',#4276,#4466,#3195,.T.);
#9468=EDGE_CURVE('',#4488,#4475,#3199,.T.);
#9481=EDGE_CURVE('',#4468,#4470,#3215,.T.);
#9485=EDGE_CURVE('',#4468,#4466,#3227,.T.);
#9498=EDGE_CURVE('',#4464,#4468,#3219,.T.);
#9508=EDGE_CURVE('',#4460,#4466,#3231,.T.);
#9523=EDGE_CURVE('',#4275,#4276,#3235,.T.);
#9547=EDGE_CURVE('',#4486,#4488,#3256,.T.);
#9549=EDGE_CURVE('',#4486,#4479,#3264,.T.);
#9551=EDGE_CURVE('',#4479,#4475,#3252,.T.);
#9561=EDGE_CURVE('',#4482,#4486,#3268,.T.);
#9565=EDGE_CURVE('',#4482,#4484,#3280,.T.);
#9575=EDGE_CURVE('',#4479,#4480,#3260,.T.);
#9579=EDGE_CURVE('',#4480,#4482,#3272,.T.);
#9592=EDGE_CURVE('',#4480,#4476,#3276,.T.);
#9615=EDGE_CURVE('',#4315,#4299,#3284,.T.);
#9617=EDGE_CURVE('',#4299,#4300,#3423,.T.);
#9619=EDGE_CURVE('',#4316,#4300,#3366,.T.);
#9629=EDGE_CURVE('',#4507,#4508,#3288,.T.);
#9631=EDGE_CURVE('',#4508,#4323,#3292,.T.);
#9634=EDGE_CURVE('',#4507,#4324,#3383,.T.);
#9644=EDGE_CURVE('',#4491,#4492,#3296,.T.);
#9646=EDGE_CURVE('',#4307,#4492,#3419,.T.);
#9648=EDGE_CURVE('',#4299,#4307,#3428,.T.);
#9652=EDGE_CURVE('',#4320,#4304,#3300,.T.);
#9654=EDGE_CURVE('',#4304,#4312,#3305,.T.);
#9656=EDGE_CURVE('',#4312,#4491,#3309,.T.);
#9666=EDGE_CURVE('',#4508,#4516,#3313,.T.);
#9668=EDGE_CURVE('',#4516,#4328,#3317,.T.);
#9681=EDGE_CURVE('',#4495,#4491,#3325,.T.);
#9683=EDGE_CURVE('',#4495,#4496,#3387,.T.);
#9685=EDGE_CURVE('',#4492,#4496,#3403,.T.);
#9695=EDGE_CURVE('',#4504,#4491,#3329,.T.);
#9697=EDGE_CURVE('',#4504,#4502,#3321,.T.);
#9699=EDGE_CURVE('',#4502,#4495,#3391,.T.);
#9712=EDGE_CURVE('',#4311,#4312,#3333,.T.);
#9714=EDGE_CURVE('',#4311,#4504,#3337,.T.);
#9724=EDGE_CURVE('',#4303,#4304,#3341,.T.);
#9726=EDGE_CURVE('',#4303,#4311,#3346,.T.);
#9739=EDGE_CURVE('',#4318,#4303,#3350,.T.);
#9751=EDGE_CURVE('',#4516,#4520,#3354,.T.);
#9753=EDGE_CURVE('',#4520,#4326,#3358,.T.);
#9765=EDGE_CURVE('',#4498,#4504,#3362,.T.);
#9772=EDGE_CURVE('',#4300,#4308,#3371,.T.);
#9774=EDGE_CURVE('',#4308,#4498,#3375,.T.);
#9784=EDGE_CURVE('',#4520,#4507,#3379,.T.);
#9797=EDGE_CURVE('',#4500,#4502,#3395,.T.);
#9801=EDGE_CURVE('',#4500,#4498,#3407,.T.);
#9814=EDGE_CURVE('',#4496,#4500,#3399,.T.);
#9824=EDGE_CURVE('',#4492,#4498,#3411,.T.);
#9839=EDGE_CURVE('',#4307,#4308,#3415,.T.);
#9863=EDGE_CURVE('',#4518,#4520,#3436,.T.);
#9865=EDGE_CURVE('',#4518,#4511,#3444,.T.);
#9867=EDGE_CURVE('',#4511,#4507,#3432,.T.);
#9877=EDGE_CURVE('',#4514,#4518,#3448,.T.);
#9881=EDGE_CURVE('',#4514,#4516,#3460,.T.);
#9891=EDGE_CURVE('',#4511,#4512,#3440,.T.);
#9895=EDGE_CURVE('',#4512,#4514,#3452,.T.);
#9908=EDGE_CURVE('',#4512,#4508,#3456,.T.);
#9939=(LENGTH_UNIT()NAMED_UNIT(*)SI_UNIT(.MILLI.,.METRE.));
#9941=(NAMED_UNIT(*)PLANE_ANGLE_UNIT()SI_UNIT($,.RADIAN.));
#9944=(NAMED_UNIT(*)SI_UNIT($,.STERADIAN.)SOLID_ANGLE_UNIT());
#9947=ADVANCED_BREP_SHAPE_REPRESENTATION('',(#9938),#9946);
#9954=PRODUCT_DEFINITION('design','',#9953,#9950);
#9955=PRODUCT_DEFINITION_SHAPE('','SHAPE FOR 901303314.',#9954);
#9956=SHAPE_DEFINITION_REPRESENTATION(#9955,#9947);
ENDSEC;
END-ISO-10303-21;
