#VRML V2.0 utf8
# META "generator" "CAD Exchanger 3.4.1 (cadexchanger.com)"
DEF __1 Transform {
  children [
    DEF ASSEMBLY Group {
      children [
        DEF __3 Transform {
          rotation 1 0 0 1.57079632679
          translation 0.0035 -0.00606 0
          children [
            DEF _USB-A-S-TH_P Group {
              children [
                DEF __5 Shape {
                  appearance DEF __6 Appearance {
                    material DEF __7 Material {
                      ambientIntensity 0.215556502342
                      diffuseColor 1 1 0
                      shininess 0
                    }
                  }
                  geometry DEF __8 IndexedFaceSet {
                    solid FALSE
                    coord Coordinate {
                      point [
                        -0.000675 -0.00284 -0.006185,
                        -0.000675 -0.00284 -0.005935,
                        -0.000675 0.0028 -0.006185,
                        -0.000675 0.0028 -0.005935,
                        0.000675 0.0028 -0.006185,
                        0.000675 0.0028 -0.005935,
                        -0.001325 0.0028 -0.006185,
                        -0.001325 0.0028 -0.005935,
                        -0.001325 -0.00284 -0.006185,
                        -0.001325 -0.00284 -0.005935,
                        0.003825 -0.00284 -0.005935,
                        0.003175 -0.00284 -0.005935,
                        0.003175 -0.00284 -0.006185,
                        0.003825 -0.00284 -0.006185,
                        0.001325 -0.00284 -0.006185,
                        0.000675 -0.00284 -0.006185,
                        0.001325 -0.00284 -0.005935,
                        0.000675 -0.00284 -0.005935,
                        -0.003175 -0.00284 -0.006185,
                        -0.003825 -0.00284 -0.006185,
                        -0.003175 -0.00284 -0.005935,
                        -0.003825 -0.00284 -0.005935,
                        0.003175 0.0028 -0.006185,
                        0.001325 0.0028 -0.006185,
                        -0.003175 0.0028 -0.006185,
                        -0.003825 0.00448 -0.006185,
                        0.003825 0.00448 -0.006185,
                        0.001325 0.0028 -0.005935,
                        0.003175 0.0028 -0.005935,
                        0.003825 0.00422 -0.005935,
                        -0.003825 0.00422 -0.005935,
                        -0.003175 0.0028 -0.005935,
                        0.003175 0.00422 0.00567,
                        0.003175 0.00445124422884 0.00555114670122,
                        0.003825 0.00422 0.00567,
                        0.003825 0.00445124422884 0.00555114670122,
                        0.001325 0.00445124422884 0.00555114670122,
                        0.001325 0.00422 0.00567,
                        0.000675 0.00445124422884 0.00555114670122,
                        0.000675 0.00422 0.00567,
                        -0.003175 0.00445124422884 0.00555114670122,
                        -0.003175 0.00422 0.00567,
                        -0.003825 0.00445124422884 0.00555114670122,
                        -0.003825 0.00422 0.00567,
                        0.003175 0.00346884801969 0.0042085381625,
                        0.003825 0.00346884801969 0.0042085381625,
                        -0.000675 0.00445124422884 0.00555114670122,
                        -0.000675 0.00422 0.00567,
                        -0.001325 0.00445124422884 0.00555114670122,
                        -0.001325 0.00422 0.00567,
                        -0.000675 0.00346884801969 0.0042085381625,
                        -0.001325 0.00346884801969 0.0042085381625,
                        -0.003175 0.00346884801969 0.0042085381625,
                        -0.003825 0.00346884801969 0.0042085381625,
                        0.001325 0.00346884801969 0.0042085381625,
                        0.000675 0.00346884801969 0.0042085381625,
                        0.003175 0.00346884801969 0.0021514618375,
                        0.003825 0.00346884801969 0.0021514618375,
                        0.003175 0.00422 0.00069,
                        0.003825 0.00422 0.00069,
                        0.003175 0.00422 -0.0018,
                        0.001325 0.00422 -0.0018,
                        0.001325 0.00422 0.00069,
                        0.000675 0.00422 0.00069,
                        0.000675 0.00422 -0.0018,
                        -0.000675 0.00422 -0.0018,
                        -0.000675 0.00422 0.00069,
                        -0.001325 0.00422 0.00069,
                        -0.001325 0.00422 -0.0018,
                        -0.003175 0.00422 -0.0018,
                        -0.003175 0.00422 0.00069,
                        -0.003825 0.00422 0.00069,
                        0.003175 0.00448 0.000752905283906,
                        0.003175 0.00448 -0.0018,
                        0.003825 0.00448 0.000752905283906,
                        -0.003825 0.00448 0.000752905283906,
                        -0.003175 0.00448 0.000752905283906,
                        -0.003175 0.00448 -0.0018,
                        -0.001325 0.00448 -0.0018,
                        -0.001325 0.00448 0.000752905283906,
                        -0.000675 0.00448 0.000752905283906,
                        -0.000675 0.00448 -0.0018,
                        0.000675 0.00448 -0.0018,
                        0.000675 0.00448 0.000752905283906,
                        0.001325 0.00448 0.000752905283906,
                        0.001325 0.00448 -0.0018,
                        -0.003175 0.00346884801969 0.0021514618375,
                        -0.003825 0.00346884801969 0.0021514618375,
                        -0.000675 0.00346884801969 0.0021514618375,
                        -0.001325 0.00346884801969 0.0021514618375,
                        0.001325 0.00346884801969 0.0021514618375,
                        0.000675 0.00346884801969 0.0021514618375,
                        0.003175 0.00370009224853 0.00227031513628,
                        0.003825 0.00370009224853 0.00227031513628,
                        0.003825 0.00370009224853 0.00408968486372,
                        0.003175 0.00370009224853 0.00408968486372,
                        -0.003825 0.00370009224853 0.00408968486372,
                        -0.003825 0.00370009224853 0.00227031513628,
                        0.001325 0.00370009224853 0.00227031513628,
                        0.001325 0.00370009224853 0.00408968486372,
                        0.000675 0.00370009224853 0.00408968486372,
                        0.000675 0.00370009224853 0.00227031513628,
                        -0.000675 0.00370009224853 0.00227031513628,
                        -0.000675 0.00370009224853 0.00408968486372,
                        -0.001325 0.00370009224853 0.00408968486372,
                        -0.001325 0.00370009224853 0.00227031513628,
                        -0.003175 0.00370009224853 0.00227031513628,
                        -0.003175 0.00370009224853 0.00408968486372,
                        0.003175 0.00333176246376 0.00247968561445,
                        0.003175 0.00324811628831 0.00282541182799,
                        0.003175 0.00322 0.00318,
                        0.003175 0.00324811628831 0.00353458817201,
                        0.003175 0.00333176246376 0.00388031438555,
                        0.003825 0.00333176246376 0.00388031438555,
                        0.003825 0.00324811628831 0.00353458817201,
                        0.003825 0.00322 0.00318,
                        0.003825 0.00324811628831 0.00282541182799,
                        0.003825 0.00333176246376 0.00247968561445,
                        -0.003175 0.00333176246376 0.00388031438555,
                        -0.003175 0.00324811628831 0.00353458817201,
                        -0.003175 0.00322 0.00318,
                        -0.003175 0.00324811628831 0.00282541182799,
                        -0.003175 0.00333176246376 0.00247968561445,
                        -0.003825 0.00333176246376 0.00388031438555,
                        -0.003825 0.00324811628831 0.00353458817201,
                        -0.003825 0.00322 0.00318,
                        -0.003825 0.00324811628831 0.00282541182799,
                        -0.003825 0.00333176246376 0.00247968561445,
                        -0.000675 0.00333176246376 0.00388031438555,
                        -0.000675 0.00324811628831 0.00353458817201,
                        -0.000675 0.00322 0.00318,
                        -0.000675 0.00324811628831 0.00282541182799,
                        -0.000675 0.00333176246376 0.00247968561445,
                        -0.001325 0.00333176246376 0.00247968561445,
                        -0.001325 0.00324811628831 0.00282541182799,
                        -0.001325 0.00322 0.00318,
                        -0.001325 0.00324811628831 0.00353458817201,
                        -0.001325 0.00333176246376 0.00388031438555,
                        0.001325 0.00333176246376 0.00388031438555,
                        0.001325 0.00324811628831 0.00353458817201,
                        0.001325 0.00322 0.00318,
                        0.001325 0.00324811628831 0.00282541182799,
                        0.001325 0.00333176246376 0.00247968561445,
                        0.000675 0.00333176246376 0.00247968561445,
                        0.000675 0.00324811628831 0.00282541182799,
                        0.000675 0.00322 0.00318,
                        0.000675 0.00324811628831 0.00353458817201,
                        0.000675 0.00333176246376 0.00388031438555,
                        0.003825 0.00357884769017 0.00379938916767,
                        0.003825 0.00350486729499 0.0034936135388,
                        0.003825 0.00348 0.00318,
                        0.003825 0.00350486729499 0.0028663864612,
                        0.003825 0.00357884769017 0.00256061083233,
                        0.003175 0.00357884769017 0.00256061083233,
                        0.003175 0.00350486729499 0.0028663864612,
                        0.003175 0.00348 0.00318,
                        0.003175 0.00350486729499 0.0034936135388,
                        0.003175 0.00357884769017 0.00379938916767,
                        -0.003825 0.00357884769017 0.00379938916767,
                        -0.003825 0.00350486729499 0.0034936135388,
                        -0.003825 0.00348 0.00318,
                        -0.003825 0.00350486729499 0.0028663864612,
                        -0.003825 0.00357884769017 0.00256061083233,
                        0.001325 0.00357884769017 0.00379938916767,
                        0.001325 0.00350486729499 0.0034936135388,
                        0.001325 0.00348 0.00318,
                        0.001325 0.00350486729499 0.0028663864612,
                        0.001325 0.00357884769017 0.00256061083233,
                        0.000675 0.00357884769017 0.00256061083233,
                        0.000675 0.00350486729499 0.0028663864612,
                        0.000675 0.00348 0.00318,
                        0.000675 0.00350486729499 0.0034936135388,
                        0.000675 0.00357884769017 0.00379938916767,
                        -0.000675 0.00357884769017 0.00379938916767,
                        -0.000675 0.00350486729499 0.0034936135388,
                        -0.000675 0.00348 0.00318,
                        -0.000675 0.00350486729499 0.0028663864612,
                        -0.000675 0.00357884769017 0.00256061083233,
                        -0.001325 0.00357884769017 0.00256061083233,
                        -0.001325 0.00350486729499 0.0028663864612,
                        -0.001325 0.00348 0.00318,
                        -0.001325 0.00350486729499 0.0034936135388,
                        -0.001325 0.00357884769017 0.00379938916767,
                        -0.003175 0.00357884769017 0.00379938916767,
                        -0.003175 0.00350486729499 0.0034936135388,
                        -0.003175 0.00348 0.00318,
                        -0.003175 0.00350486729499 0.0028663864612,
                        -0.003175 0.00357884769017 0.00256061083233,
                        0 0.00422 -0.0026225,
                        0 0.00448 -0.00271604735805

                      ]
                    }
                    normal Normal {
                      vector [
                        1 -0 -0,
                        1 -0 -0,
                        1 -0 -0,
                        1 -0 -0,
                        1.0601088e-14 -1 -0,
                        1.0601088e-14 -1 -0,
                        1.0601088e-14 -1 -0,
                        1.0601088e-14 -1 -0,
                        -1 -0 -0,
                        -1 -0 -0,
                        -1 -0 -0,
                        -1 -0 -0,
                        0 -1 -0,
                        0 -1 -0,
                        0 -1 -0,
                        0 -1 -0,
                        0 -1 -0,
                        0 -1 -0,
                        0 -1 -0,
                        0 -1 -0,
                        0 -1 -0,
                        0 -1 -0,
                        0 -1 -0,
                        0 -1 -0,
                        -0 -0 -1,
                        -0 -0 -1,
                        -0 -0 -1,
                        -0 -0 -1,
                        -0 -0 -1,
                        -0 -0 -1,
                        -0 -0 -1,
                        -0 -0 -1,
                        -0 -0 -1,
                        -0 -0 -1,
                        -0 -0 -1,
                        -0 -0 -1,
                        -0 -0 -1,
                        -0 -0 -1,
                        -0 -0 -1,
                        -0 -0 -1,
                        -0 -0 1,
                        -0 -0 1,
                        -0 -0 1,
                        -0 -0 1,
                        -0 -0 1,
                        -0 -0 1,
                        -0 -0 1,
                        -0 -0 1,
                        -0 -0 1,
                        -0 -0 1,
                        -0 -0 1,
                        -0 -0 1,
                        -0 -0 1,
                        -0 -0 1,
                        -0 -0 1,
                        -0 -0 1,
                        0 -1 -0,
                        0 -1 -0,
                        0 -1 -0,
                        0 -1 -0,
                        -0 0.45712808 0.8894009,
                        -0 0.45712808 0.8894009,
                        -0 0.45712808 0.8894009,
                        -0 0.45712808 0.8894009,
                        -0 0.45712808 0.8894009,
                        -0 0.45712808 0.8894009,
                        -0 0.45712808 0.8894009,
                        -0 0.45712808 0.8894009,
                        -0 0.45712808 0.8894009,
                        -0 0.45712808 0.8894009,
                        -0 0.45712808 0.8894009,
                        -0 0.45712808 0.8894009,
                        -0 -0.8894009 0.45712808,
                        -0 -0.8894009 0.45712808,
                        -0 -0.8894009 0.45712808,
                        -0 -0.8894009 0.45712808,
                        -0 0.45712808 0.8894009,
                        -0 0.45712808 0.8894009,
                        -0 0.45712808 0.8894009,
                        -0 0.45712808 0.8894009,
                        -0 -0.8894009 0.45712808,
                        -0 -0.8894009 0.45712808,
                        -0 -0.8894009 0.45712808,
                        -0 -0.8894009 0.45712808,
                        -0 -0.8894009 0.45712808,
                        -0 -0.8894009 0.45712808,
                        -0 -0.8894009 0.45712808,
                        -0 -0.8894009 0.45712808,
                        -0 -0.8894009 0.45712808,
                        -0 -0.8894009 0.45712808,
                        -0 -0.8894009 0.45712808,
                        -0 -0.8894009 0.45712808,
                        -0 -0.8894009 -0.45712808,
                        0 -0.8894009 0.45712808,
                        -0 -0.95032781 -0.31125084,
                        -0 -0.98750389 -0.15759474,
                        -0 -1 -8.2694609e-16,
                        0 -0.98750389 0.15759474,
                        0 -0.95032781 0.31125084,
                        -0 -0.8894009 -0.45712808,
                        0 -0.8894009 0.45712808,
                        0 -0.95032781 0.31125084,
                        0 -0.98750389 0.15759474,
                        0 -1 9.4941075e-16,
                        -0 -0.98750389 -0.15759474,
                        -0 -0.95032781 -0.31125084,
                        0 -0.8894009 -0.45712808,
                        0 -0.8894009 -0.45712808,
                        0 -0.8894009 -0.45712808,
                        0 -0.8894009 -0.45712808,
                        -0 -1 1.3092252e-16,
                        -0 -1 1.3092252e-16,
                        -0 -1 1.3092252e-16,
                        -0 -1 1.3092252e-16,
                        -0 -1 1.3092252e-16,
                        -0 -1 1.3092252e-16,
                        -0 -1 1.3092252e-16,
                        -0 -1 1.3092252e-16,
                        -0 -1 1.3092252e-16,
                        -0 -1 1.3092252e-16,
                        -0 -1 1.3092252e-16,
                        -0 -1 1.3092252e-16,
                        -0 -1 1.3092252e-16,
                        -0 -1 1.3092252e-16,
                        -0 -1 1.3092252e-16,
                        -0 -1 1.3092252e-16,
                        -0 -1 1.3092252e-16,
                        -0 1 -0,
                        -0 1 -0,
                        -0 1 -0,
                        -0 1 -0,
                        -0 1 -0,
                        -0 1 -0,
                        -0 1 -0,
                        -0 1 -0,
                        -0 1 -0,
                        -0 1 -0,
                        -0 1 -0,
                        -0 1 -0,
                        -0 1 -0,
                        -0 1 -0,
                        -0 1 -0,
                        -0 1 -0,
                        -0 1 -0,
                        0 -0.8894009 -0.45712808,
                        0 -0.8894009 -0.45712808,
                        0 -0.8894009 -0.45712808,
                        0 -0.8894009 -0.45712808,
                        0 -0.8894009 -0.45712808,
                        0 -0.8894009 -0.45712808,
                        0 -0.8894009 -0.45712808,
                        0 -0.8894009 -0.45712808,
                        0 -0.8894009 -0.45712808,
                        0 -0.8894009 -0.45712808,
                        0 -0.8894009 -0.45712808,
                        0 -0.8894009 -0.45712808,
                        0 -0.8894009 0.45712808,
                        -0 -0.8894009 -0.45712808,
                        0 -0.95032781 0.31125084,
                        0 -0.98750389 0.15759474,
                        0 -1 9.4941075e-16,
                        -0 -0.98750389 -0.15759474,
                        -0 -0.95032781 -0.31125084,
                        0 -0.8894009 0.45712808,
                        -0 -0.8894009 -0.45712808,
                        0 -0.95032781 0.31125084,
                        0 -0.98750389 0.15759474,
                        0 -1 9.4941075e-16,
                        -0 -0.98750389 -0.15759474,
                        -0 -0.95032781 -0.31125084,
                        0 -0.8894009 0.45712808,
                        -0 -0.8894009 -0.45712808,
                        0 -0.95032781 0.31125084,
                        0 -0.98750389 0.15759474,
                        0 -1 9.4941075e-16,
                        -0 -0.98750389 -0.15759474,
                        -0 -0.95032781 -0.31125084,
                        0 -0.8894009 0.45712808,
                        -0 -0.8894009 -0.45712808,
                        -0 -0.95032781 -0.31125084,
                        -0 -0.98750389 -0.15759474,
                        -0 -1 -8.2694609e-16,
                        0 -0.98750389 0.15759474,
                        0 -0.95032781 0.31125084,
                        0 -0.8894009 0.45712808,
                        -0 -0.8894009 -0.45712808,
                        0 -0.95032781 0.31125084,
                        0 -0.98750389 0.15759474,
                        0 -1 9.4941075e-16,
                        -0 -0.98750389 -0.15759474,
                        -0 -0.95032781 -0.31125084,
                        0 -0.8894009 0.45712808,
                        -0 -0.8894009 -0.45712808,
                        -0 -0.95032781 -0.31125084,
                        -0 -0.98750389 -0.15759474,
                        -0 -1 -8.2694609e-16,
                        0 -0.98750389 0.15759474,
                        0 -0.95032781 0.31125084,
                        -0 0.8894009 0.45712808,
                        -0 0.8894009 0.45712808,
                        -0 0.8894009 0.45712808,
                        -0 0.8894009 0.45712808,
                        -0 0.8894009 -0.45712808,
                        0 0.8894009 0.45712808,
                        -0 0.95032781 -0.31125084,
                        -0 0.98750389 -0.15759474,
                        -0 1 -9.4941075e-16,
                        0 0.98750389 0.15759474,
                        0 0.95032781 0.31125084,
                        -0 0.8894009 -0.45712808,
                        0 0.8894009 0.45712808,
                        0 0.95032781 0.31125084,
                        0 0.98750389 0.15759474,
                        0 1 8.2694609e-16,
                        -0 0.98750389 -0.15759474,
                        -0 0.95032781 -0.31125084,
                        -0 0.8894009 -0.45712808,
                        -0 0.8894009 -0.45712808,
                        -0 0.8894009 -0.45712808,
                        -0 0.8894009 -0.45712808,
                        -1 -0 -0,
                        -1 -0 -0,
                        -1 -0 -0,
                        -1 -0 -0,
                        -1 -0 -0,
                        -1 -0 -0,
                        -1 -0 -0,
                        -1 -0 -0,
                        -1 -0 -0,
                        -1 -0 -0,
                        -1 -0 -0,
                        -1 -0 -0,
                        -1 -0 -0,
                        -1 -0 -0,
                        -1 -0 -0,
                        -1 -0 -0,
                        -1 -0 -0,
                        -1 -0 -0,
                        -1 -0 -0,
                        -1 -0 -0,
                        -1 -0 -0,
                        -1 -0 -0,
                        1 0 0,
                        1 0 0,
                        1 0 0,
                        1 0 0,
                        1 0 0,
                        1 0 0,
                        1 0 0,
                        1 0 0,
                        1 0 0,
                        1 0 0,
                        1 0 0,
                        1 0 0,
                        1 0 0,
                        1 0 0,
                        1 0 0,
                        1 0 0,
                        1 0 0,
                        1 0 0,
                        1 0 0,
                        1 0 0,
                        1 0 0,
                        1 0 0,
                        -1 0 0,
                        -1 0 0,
                        -1 0 0,
                        -1 0 0,
                        -1 0 0,
                        -1 0 0,
                        -1 0 0,
                        -1 0 0,
                        -1 0 0,
                        -1 0 0,
                        -1 0 0,
                        -1 0 0,
                        -1 0 0,
                        -1 0 0,
                        -1 0 0,
                        -1 0 0,
                        -1 0 0,
                        -1 0 0,
                        -1 0 0,
                        -1 0 0,
                        1.5237436e-15 -0 1,
                        1.5237436e-15 -0 1,
                        1.5237436e-15 -0 1,
                        1.5237436e-15 -0 1,
                        1 0 0,
                        1 0 0,
                        1 0 0,
                        1 0 0,
                        1 0 0,
                        1 0 0,
                        1 0 0,
                        1 0 0,
                        1 0 0,
                        1 0 0,
                        1 0 0,
                        1 0 0,
                        1 0 0,
                        1 0 0,
                        1 0 0,
                        1 0 0,
                        1 0 0,
                        1 0 0,
                        1 0 0,
                        1 0 0,
                        -1 0 0,
                        -1 0 0,
                        -1 0 0,
                        -1 0 0,
                        -1 0 0,
                        -1 0 0,
                        -1 0 0,
                        -1 0 0,
                        -1 0 0,
                        -1 0 0,
                        -1 0 0,
                        -1 0 0,
                        -1 0 0,
                        -1 0 0,
                        -1 0 0,
                        -1 0 0,
                        -1 0 0,
                        -1 0 0,
                        -1 0 0,
                        -1 0 0,
                        1.0440465e-14 -0 1,
                        1.0440465e-14 -0 1,
                        1.0440465e-14 -0 1,
                        1.0440465e-14 -0 1,
                        1 0 0,
                        1 0 0,
                        1 0 0,
                        1 0 0,
                        1 0 0,
                        1 0 0,
                        1 0 0,
                        1 0 0,
                        1 0 0,
                        1 0 0,
                        1 0 0,
                        1 0 0,
                        1 0 0,
                        1 0 0,
                        1 0 0,
                        1 0 0,
                        1 0 0,
                        1 0 0,
                        1 0 0,
                        1 0 0,
                        -1 0 0,
                        -1 0 0,
                        -1 0 0,
                        -1 0 0,
                        -1 0 0,
                        -1 0 0,
                        -1 0 0,
                        -1 0 0,
                        -1 0 0,
                        -1 0 0,
                        -1 0 0,
                        -1 0 0,
                        -1 0 0,
                        -1 0 0,
                        -1 0 0,
                        -1 0 0,
                        -1 0 0,
                        -1 0 0,
                        -1 0 0,
                        -1 0 0,
                        -1.5237436e-15 0 1,
                        -1.5237436e-15 0 1,
                        -1.5237436e-15 0 1,
                        -1.5237436e-15 0 1,
                        1 0 0,
                        1 0 0,
                        1 0 0,
                        1 0 0,
                        1 0 0,
                        1 0 0,
                        1 0 0,
                        1 0 0,
                        1 0 0,
                        1 0 0,
                        1 0 0,
                        1 0 0,
                        1 0 0,
                        1 0 0,
                        1 0 0,
                        1 0 0,
                        1 0 0,
                        1 0 0,
                        1 0 0,
                        1 0 0,
                        -1 -0 -0,
                        -1 -0 -0,
                        -1 -0 -0,
                        -1 -0 -0,
                        1.4065325e-15 -1 -0,
                        1.4065325e-15 -1 -0,
                        1.4065325e-15 -1 -0,
                        1.4065325e-15 -1 -0,
                        1 -0 -0,
                        1 -0 -0,
                        1 -0 -0,
                        1 -0 -0,
                        -1 -0 -0,
                        -1 -0 -0,
                        -1 -0 -0,
                        -1 -0 -0,
                        1 -0 -0,
                        1 -0 -0,
                        1 -0 -0,
                        1 -0 -0,
                        -1.4065325e-15 -1 0,
                        -1.4065325e-15 -1 0,
                        -1.4065325e-15 -1 0,
                        -1.4065325e-15 -1 0,
                        -0 0.8894009 -0.45712808,
                        -0 0.8894009 -0.45712808,
                        -0 0.8894009 -0.45712808,
                        -0 0.8894009 -0.45712808,
                        -0 0.8894009 -0.45712808,
                        0 0.8894009 0.45712808,
                        -0 0.95032781 -0.31125084,
                        -0 0.98750389 -0.15759474,
                        -0 1 -9.4941075e-16,
                        0 0.98750389 0.15759474,
                        0 0.95032781 0.31125084,
                        0 0.8894009 0.45712808,
                        -0 0.8894009 -0.45712808,
                        -0 0.95032781 -0.31125084,
                        -0 0.98750389 -0.15759474,
                        -0 1 -9.4941075e-16,
                        0 0.98750389 0.15759474,
                        0 0.95032781 0.31125084,
                        -0 0.8894009 -0.45712808,
                        -0 0.8894009 -0.45712808,
                        -0 0.8894009 -0.45712808,
                        -0 0.8894009 -0.45712808,
                        -0 0.8894009 -0.45712808,
                        -0 0.8894009 -0.45712808,
                        -0 0.8894009 -0.45712808,
                        -0 0.8894009 -0.45712808,
                        0 0.8894009 0.45712808,
                        -0 0.8894009 -0.45712808,
                        0 0.95032781 0.31125084,
                        0 0.98750389 0.15759474,
                        0 1 8.2694609e-16,
                        -0 0.98750389 -0.15759474,
                        -0 0.95032781 -0.31125084,
                        0 0.8894009 0.45712808,
                        -0 0.8894009 -0.45712808,
                        -0 0.95032781 -0.31125084,
                        -0 0.98750389 -0.15759474,
                        -0 1 -9.4941075e-16,
                        0 0.98750389 0.15759474,
                        0 0.95032781 0.31125084,
                        0 0.8894009 0.45712808,
                        -0 0.8894009 -0.45712808,
                        0 0.95032781 0.31125084,
                        0 0.98750389 0.15759474,
                        0 1 8.2694609e-16,
                        -0 0.98750389 -0.15759474,
                        -0 0.95032781 -0.31125084,
                        0 0.8894009 0.45712808,
                        -0 0.8894009 -0.45712808,
                        -0 0.95032781 -0.31125084,
                        -0 0.98750389 -0.15759474,
                        -0 1 -9.4941075e-16,
                        0 0.98750389 0.15759474,
                        0 0.95032781 0.31125084,
                        -0 0.8894009 0.45712808,
                        -0 0.8894009 0.45712808,
                        -0 0.8894009 0.45712808,
                        -0 0.8894009 0.45712808,
                        -0 0.8894009 0.45712808,
                        -0 0.8894009 0.45712808,
                        -0 0.8894009 0.45712808,
                        -0 0.8894009 0.45712808,
                        -0 0.8894009 0.45712808,
                        -0 0.8894009 0.45712808,
                        -0 0.8894009 0.45712808,
                        -0 0.8894009 0.45712808

                      ]
                    }
                    coordIndex [
                      2 1 0 -1 
                      3 1 2 -1 
                      3 2 4 -1 
                      3 4 5 -1 
                      7 8 9 -1 
                      6 8 7 -1 
                      10 11 12 -1 
                      10 12 13 -1 
                      14 17 15 -1 
                      16 17 14 -1 
                      20 19 18 -1 
                      20 21 19 -1 
                      24 18 19 -1 
                      25 24 19 -1 
                      6 24 25 -1 
                      2 0 8 -1 
                      2 8 6 -1 
                      2 6 25 -1 
                      23 14 15 -1 
                      23 15 4 -1 
                      22 13 12 -1 
                      26 22 23 -1 
                      26 23 4 -1 
                      26 13 22 -1 
                      26 2 25 -1 
                      26 4 2 -1 
                      28 11 10 -1 
                      29 28 10 -1 
                      27 28 29 -1 
                      5 17 16 -1 
                      5 16 27 -1 
                      5 27 29 -1 
                      7 9 1 -1 
                      7 1 3 -1 
                      31 21 20 -1 
                      30 31 7 -1 
                      30 7 3 -1 
                      30 21 31 -1 
                      30 5 29 -1 
                      30 3 5 -1 
                      1 8 0 -1 
                      1 9 8 -1 
                      35 33 32 -1 
                      35 32 34 -1 
                      36 38 39 -1 
                      36 39 37 -1 
                      40 42 43 -1 
                      40 43 41 -1 
                      32 44 45 -1 
                      34 32 45 -1 
                      46 48 49 -1 
                      46 49 47 -1 
                      47 49 51 -1 
                      47 51 50 -1 
                      41 43 53 -1 
                      41 53 52 -1 
                      37 39 55 -1 
                      37 55 54 -1 
                      113 44 112 -1 
                      113 45 44 -1 
                      114 112 111 -1 
                      114 113 112 -1 
                      115 111 110 -1 
                      115 114 111 -1 
                      116 110 109 -1 
                      116 115 110 -1 
                      117 109 108 -1 
                      117 116 109 -1 
                      57 108 56 -1 
                      57 117 108 -1 
                      57 56 58 -1 
                      57 58 59 -1 
                      71 30 69 -1 
                      68 69 30 -1 
                      70 71 69 -1 
                      67 68 65 -1 
                      66 67 65 -1 
                      63 64 61 -1 
                      60 61 29 -1 
                      62 63 61 -1 
                      59 58 60 -1 
                      59 60 29 -1 
                      188 64 65 -1 
                      188 30 29 -1 
                      188 68 30 -1 
                      188 65 68 -1 
                      188 29 61 -1 
                      188 61 64 -1 
                      77 75 76 -1 
                      81 78 79 -1 
                      81 79 80 -1 
                      25 77 78 -1 
                      25 75 77 -1 
                      85 82 83 -1 
                      85 83 84 -1 
                      73 72 74 -1 
                      26 85 73 -1 
                      26 73 74 -1 
                      189 26 25 -1 
                      189 81 82 -1 
                      189 25 78 -1 
                      189 78 81 -1 
                      189 82 85 -1 
                      189 85 26 -1 
                      86 87 71 -1 
                      86 71 70 -1 
                      88 89 67 -1 
                      88 67 66 -1 
                      90 91 63 -1 
                      90 63 62 -1 
                      118 52 53 -1 
                      118 53 123 -1 
                      119 123 124 -1 
                      119 118 123 -1 
                      120 124 125 -1 
                      120 119 124 -1 
                      121 125 126 -1 
                      121 120 125 -1 
                      122 126 127 -1 
                      122 121 126 -1 
                      86 127 87 -1 
                      86 122 127 -1 
                      128 50 51 -1 
                      128 51 137 -1 
                      129 137 136 -1 
                      129 128 137 -1 
                      130 136 135 -1 
                      130 129 136 -1 
                      131 135 134 -1 
                      131 130 135 -1 
                      132 134 133 -1 
                      132 131 134 -1 
                      88 133 89 -1 
                      88 132 133 -1 
                      138 54 55 -1 
                      138 55 147 -1 
                      139 147 146 -1 
                      139 138 147 -1 
                      140 146 145 -1 
                      140 139 146 -1 
                      141 145 144 -1 
                      141 140 145 -1 
                      142 144 143 -1 
                      142 141 144 -1 
                      90 143 91 -1 
                      90 142 143 -1 
                      74 72 92 -1 
                      74 92 93 -1 
                      148 95 94 -1 
                      148 157 95 -1 
                      149 156 157 -1 
                      149 157 148 -1 
                      150 155 156 -1 
                      150 156 149 -1 
                      151 154 155 -1 
                      151 155 150 -1 
                      152 153 154 -1 
                      152 154 151 -1 
                      93 92 153 -1 
                      93 153 152 -1 
                      95 33 35 -1 
                      94 95 35 -1 
                      96 53 43 -1 
                      96 43 42 -1 
                      158 123 53 -1 
                      158 53 96 -1 
                      159 124 123 -1 
                      159 123 158 -1 
                      160 125 124 -1 
                      160 124 159 -1 
                      126 125 160 -1 
                      161 126 160 -1 
                      127 126 161 -1 
                      162 127 161 -1 
                      87 127 162 -1 
                      97 87 162 -1 
                      71 87 97 -1 
                      75 71 97 -1 
                      30 19 21 -1 
                      30 71 75 -1 
                      25 19 30 -1 
                      25 30 75 -1 
                      94 35 34 -1 
                      94 34 45 -1 
                      148 45 113 -1 
                      148 94 45 -1 
                      149 113 114 -1 
                      149 148 113 -1 
                      150 114 115 -1 
                      150 149 114 -1 
                      116 150 115 -1 
                      151 150 116 -1 
                      117 151 116 -1 
                      152 151 117 -1 
                      57 152 117 -1 
                      93 152 57 -1 
                      59 93 57 -1 
                      74 93 59 -1 
                      29 10 13 -1 
                      29 74 59 -1 
                      26 29 13 -1 
                      26 74 29 -1 
                      58 73 60 -1 
                      72 73 58 -1 
                      92 58 56 -1 
                      92 72 58 -1 
                      153 56 108 -1 
                      153 92 56 -1 
                      154 108 109 -1 
                      154 153 108 -1 
                      155 109 110 -1 
                      155 154 109 -1 
                      111 155 110 -1 
                      156 155 111 -1 
                      112 156 111 -1 
                      157 156 112 -1 
                      44 157 112 -1 
                      95 157 44 -1 
                      32 95 44 -1 
                      33 95 32 -1 
                      60 85 61 -1 
                      73 85 60 -1 
                      99 36 37 -1 
                      99 37 54 -1 
                      163 54 138 -1 
                      163 99 54 -1 
                      164 138 139 -1 
                      164 163 138 -1 
                      165 139 140 -1 
                      165 164 139 -1 
                      141 165 140 -1 
                      166 165 141 -1 
                      142 166 141 -1 
                      167 166 142 -1 
                      90 167 142 -1 
                      98 167 90 -1 
                      62 98 90 -1 
                      84 98 62 -1 
                      85 62 61 -1 
                      85 84 62 -1 
                      63 82 64 -1 
                      83 82 63 -1 
                      101 63 91 -1 
                      101 83 63 -1 
                      168 91 143 -1 
                      168 101 91 -1 
                      169 143 144 -1 
                      169 168 143 -1 
                      170 144 145 -1 
                      170 169 144 -1 
                      146 170 145 -1 
                      171 170 146 -1 
                      147 171 146 -1 
                      172 171 147 -1 
                      55 172 147 -1 
                      100 172 55 -1 
                      39 100 55 -1 
                      38 100 39 -1 
                      82 65 64 -1 
                      82 81 65 -1 
                      103 46 47 -1 
                      103 47 50 -1 
                      173 50 128 -1 
                      173 103 50 -1 
                      174 128 129 -1 
                      174 173 128 -1 
                      175 129 130 -1 
                      175 174 129 -1 
                      131 175 130 -1 
                      176 175 131 -1 
                      132 176 131 -1 
                      177 176 132 -1 
                      88 177 132 -1 
                      102 177 88 -1 
                      66 102 88 -1 
                      80 102 66 -1 
                      81 66 65 -1 
                      81 80 66 -1 
                      67 78 68 -1 
                      79 78 67 -1 
                      105 67 89 -1 
                      105 79 67 -1 
                      178 89 133 -1 
                      178 105 89 -1 
                      179 133 134 -1 
                      179 178 133 -1 
                      180 134 135 -1 
                      180 179 134 -1 
                      136 180 135 -1 
                      181 180 136 -1 
                      137 181 136 -1 
                      182 181 137 -1 
                      51 182 137 -1 
                      104 182 51 -1 
                      49 104 51 -1 
                      48 104 49 -1 
                      78 69 68 -1 
                      78 77 69 -1 
                      107 40 41 -1 
                      107 41 52 -1 
                      183 52 118 -1 
                      183 107 52 -1 
                      184 118 119 -1 
                      184 183 118 -1 
                      185 119 120 -1 
                      185 184 119 -1 
                      121 185 120 -1 
                      186 185 121 -1 
                      122 186 121 -1 
                      187 186 122 -1 
                      86 187 122 -1 
                      106 187 86 -1 
                      70 106 86 -1 
                      76 106 70 -1 
                      77 70 69 -1 
                      77 76 70 -1 
                      28 12 11 -1 
                      22 12 28 -1 
                      27 23 22 -1 
                      27 22 28 -1 
                      23 16 14 -1 
                      27 16 23 -1 
                      5 15 17 -1 
                      4 15 5 -1 
                      24 20 18 -1 
                      31 20 24 -1 
                      31 24 6 -1 
                      31 6 7 -1 
                      99 100 38 -1 
                      99 38 36 -1 
                      183 158 96 -1 
                      183 96 107 -1 
                      184 159 158 -1 
                      184 158 183 -1 
                      185 160 159 -1 
                      185 159 184 -1 
                      186 161 160 -1 
                      186 160 185 -1 
                      187 162 161 -1 
                      187 161 186 -1 
                      97 162 187 -1 
                      106 97 187 -1 
                      107 96 42 -1 
                      107 42 40 -1 
                      103 104 48 -1 
                      103 48 46 -1 
                      173 182 104 -1 
                      173 104 103 -1 
                      174 181 182 -1 
                      174 182 173 -1 
                      175 180 181 -1 
                      175 181 174 -1 
                      176 179 180 -1 
                      176 180 175 -1 
                      177 178 179 -1 
                      177 179 176 -1 
                      102 105 178 -1 
                      102 178 177 -1 
                      163 172 100 -1 
                      163 100 99 -1 
                      164 171 172 -1 
                      164 172 163 -1 
                      165 170 171 -1 
                      165 171 164 -1 
                      166 169 170 -1 
                      166 170 165 -1 
                      167 168 169 -1 
                      167 169 166 -1 
                      98 101 168 -1 
                      98 168 167 -1 
                      76 75 97 -1 
                      76 97 106 -1 
                      80 79 105 -1 
                      80 105 102 -1 
                      83 101 98 -1 
                      84 83 98 -1 
                    ]
                    normalIndex [
                      2 1 0 -1 
                      3 1 2 -1 
                      5 4 6 -1 
                      5 6 7 -1 
                      9 10 11 -1 
                      8 10 9 -1 
                      12 13 14 -1 
                      12 14 15 -1 
                      16 19 17 -1 
                      18 19 16 -1 
                      22 21 20 -1 
                      22 23 21 -1 
                      35 36 37 -1 
                      38 35 37 -1 
                      34 35 38 -1 
                      31 32 33 -1 
                      31 33 34 -1 
                      31 34 38 -1 
                      27 28 29 -1 
                      27 29 30 -1 
                      26 24 25 -1 
                      39 26 27 -1 
                      39 27 30 -1 
                      39 24 26 -1 
                      39 31 38 -1 
                      39 30 31 -1 
                      41 42 43 -1 
                      44 41 43 -1 
                      40 41 44 -1 
                      53 54 55 -1 
                      53 55 40 -1 
                      53 40 44 -1 
                      49 50 51 -1 
                      49 51 52 -1 
                      48 46 47 -1 
                      45 48 49 -1 
                      45 49 52 -1 
                      45 46 48 -1 
                      45 53 44 -1 
                      45 52 53 -1 
                      58 57 56 -1 
                      58 59 57 -1 
                      63 61 60 -1 
                      63 60 62 -1 
                      64 66 67 -1 
                      64 67 65 -1 
                      68 70 71 -1 
                      68 71 69 -1 
                      73 72 74 -1 
                      75 73 74 -1 
                      76 78 79 -1 
                      76 79 77 -1 
                      80 82 83 -1 
                      80 83 81 -1 
                      84 86 87 -1 
                      84 87 85 -1 
                      88 90 91 -1 
                      88 91 89 -1 
                      101 93 98 -1 
                      101 100 93 -1 
                      102 98 97 -1 
                      102 101 98 -1 
                      103 97 96 -1 
                      103 102 97 -1 
                      104 96 95 -1 
                      104 103 96 -1 
                      105 95 94 -1 
                      105 104 95 -1 
                      99 94 92 -1 
                      99 105 94 -1 
                      109 107 106 -1 
                      109 106 108 -1 
                      122 123 120 -1 
                      119 120 123 -1 
                      121 122 120 -1 
                      118 119 116 -1 
                      117 118 116 -1 
                      114 115 112 -1 
                      110 112 124 -1 
                      113 114 112 -1 
                      125 111 110 -1 
                      125 110 124 -1 
                      126 115 116 -1 
                      126 123 124 -1 
                      126 119 123 -1 
                      126 116 119 -1 
                      126 124 112 -1 
                      126 112 115 -1 
                      134 132 133 -1 
                      138 135 136 -1 
                      138 136 137 -1 
                      131 134 135 -1 
                      131 132 134 -1 
                      142 139 140 -1 
                      142 140 141 -1 
                      128 127 129 -1 
                      130 142 128 -1 
                      130 128 129 -1 
                      143 130 131 -1 
                      143 138 139 -1 
                      143 131 135 -1 
                      143 135 138 -1 
                      143 139 142 -1 
                      143 142 130 -1 
                      144 146 147 -1 
                      144 147 145 -1 
                      148 150 151 -1 
                      148 151 149 -1 
                      152 154 155 -1 
                      152 155 153 -1 
                      158 156 163 -1 
                      158 163 165 -1 
                      159 165 166 -1 
                      159 158 165 -1 
                      160 166 167 -1 
                      160 159 166 -1 
                      161 167 168 -1 
                      161 160 167 -1 
                      162 168 169 -1 
                      162 161 168 -1 
                      157 169 164 -1 
                      157 162 169 -1 
                      172 170 177 -1 
                      172 177 183 -1 
                      173 183 182 -1 
                      173 172 183 -1 
                      174 182 181 -1 
                      174 173 182 -1 
                      175 181 180 -1 
                      175 174 181 -1 
                      176 180 179 -1 
                      176 175 180 -1 
                      171 179 178 -1 
                      171 176 179 -1 
                      186 184 191 -1 
                      186 191 197 -1 
                      187 197 196 -1 
                      187 186 197 -1 
                      188 196 195 -1 
                      188 187 196 -1 
                      189 195 194 -1 
                      189 188 195 -1 
                      190 194 193 -1 
                      190 189 194 -1 
                      185 193 192 -1 
                      185 190 193 -1 
                      201 199 198 -1 
                      201 198 200 -1 
                      204 209 202 -1 
                      204 215 209 -1 
                      205 214 215 -1 
                      205 215 204 -1 
                      206 213 214 -1 
                      206 214 205 -1 
                      207 212 213 -1 
                      207 213 206 -1 
                      208 211 212 -1 
                      208 212 207 -1 
                      203 210 211 -1 
                      203 211 208 -1 
                      217 216 218 -1 
                      219 217 218 -1 
                      235 227 233 -1 
                      235 233 234 -1 
                      237 228 227 -1 
                      237 227 235 -1 
                      238 229 228 -1 
                      238 228 237 -1 
                      239 230 229 -1 
                      239 229 238 -1 
                      231 230 239 -1 
                      240 231 239 -1 
                      232 231 240 -1 
                      241 232 240 -1 
                      226 232 241 -1 
                      236 226 241 -1 
                      225 226 236 -1 
                      221 225 236 -1 
                      224 222 223 -1 
                      224 225 221 -1 
                      220 222 224 -1 
                      220 224 221 -1 
                      248 254 255 -1 
                      248 255 256 -1 
                      249 256 258 -1 
                      249 248 256 -1 
                      250 258 259 -1 
                      250 249 258 -1 
                      251 259 260 -1 
                      251 250 259 -1 
                      261 251 260 -1 
                      252 251 261 -1 
                      262 252 261 -1 
                      253 252 262 -1 
                      257 253 262 -1 
                      247 253 257 -1 
                      263 247 257 -1 
                      246 247 263 -1 
                      242 243 244 -1 
                      242 246 263 -1 
                      245 242 244 -1 
                      245 246 242 -1 
                      265 283 264 -1 
                      282 283 265 -1 
                      276 265 266 -1 
                      276 282 265 -1 
                      277 266 268 -1 
                      277 276 266 -1 
                      278 268 269 -1 
                      278 277 268 -1 
                      279 269 270 -1 
                      279 278 269 -1 
                      271 279 270 -1 
                      280 279 271 -1 
                      272 280 271 -1 
                      281 280 272 -1 
                      267 281 272 -1 
                      275 281 267 -1 
                      273 275 267 -1 
                      274 275 273 -1 
                      285 287 284 -1 
                      286 287 285 -1 
                      293 299 300 -1 
                      293 300 301 -1 
                      294 301 303 -1 
                      294 293 301 -1 
                      295 303 304 -1 
                      295 294 303 -1 
                      296 304 305 -1 
                      296 295 304 -1 
                      306 296 305 -1 
                      297 296 306 -1 
                      307 297 306 -1 
                      298 297 307 -1 
                      302 298 307 -1 
                      292 298 302 -1 
                      288 292 302 -1 
                      291 292 288 -1 
                      290 288 289 -1 
                      290 291 288 -1 
                      309 327 308 -1 
                      326 327 309 -1 
                      320 309 310 -1 
                      320 326 309 -1 
                      321 310 312 -1 
                      321 320 310 -1 
                      322 312 313 -1 
                      322 321 312 -1 
                      323 313 314 -1 
                      323 322 313 -1 
                      315 323 314 -1 
                      324 323 315 -1 
                      316 324 315 -1 
                      325 324 316 -1 
                      311 325 316 -1 
                      319 325 311 -1 
                      317 319 311 -1 
                      318 319 317 -1 
                      330 328 329 -1 
                      330 331 328 -1 
                      337 343 344 -1 
                      337 344 345 -1 
                      338 345 347 -1 
                      338 337 345 -1 
                      339 347 348 -1 
                      339 338 347 -1 
                      340 348 349 -1 
                      340 339 348 -1 
                      350 340 349 -1 
                      341 340 350 -1 
                      351 341 350 -1 
                      342 341 351 -1 
                      346 342 351 -1 
                      336 342 346 -1 
                      332 336 346 -1 
                      335 336 332 -1 
                      334 332 333 -1 
                      334 335 332 -1 
                      353 371 352 -1 
                      370 371 353 -1 
                      364 353 354 -1 
                      364 370 353 -1 
                      365 354 356 -1 
                      365 364 354 -1 
                      366 356 357 -1 
                      366 365 356 -1 
                      367 357 358 -1 
                      367 366 357 -1 
                      359 367 358 -1 
                      368 367 359 -1 
                      360 368 359 -1 
                      369 368 360 -1 
                      355 369 360 -1 
                      363 369 355 -1 
                      361 363 355 -1 
                      362 363 361 -1 
                      374 372 373 -1 
                      374 375 372 -1 
                      381 387 388 -1 
                      381 388 389 -1 
                      382 389 391 -1 
                      382 381 389 -1 
                      383 391 392 -1 
                      383 382 391 -1 
                      384 392 393 -1 
                      384 383 392 -1 
                      394 384 393 -1 
                      385 384 394 -1 
                      395 385 394 -1 
                      386 385 395 -1 
                      390 386 395 -1 
                      380 386 390 -1 
                      376 380 390 -1 
                      379 380 376 -1 
                      378 376 377 -1 
                      378 379 376 -1 
                      397 398 399 -1 
                      396 398 397 -1 
                      401 400 402 -1 
                      401 402 403 -1 
                      406 405 404 -1 
                      407 405 406 -1 
                      409 410 411 -1 
                      408 410 409 -1 
                      414 413 412 -1 
                      415 413 414 -1 
                      417 416 418 -1 
                      417 418 419 -1 
                      420 422 423 -1 
                      420 423 421 -1 
                      433 426 424 -1 
                      433 424 432 -1 
                      434 427 426 -1 
                      434 426 433 -1 
                      435 428 427 -1 
                      435 427 434 -1 
                      436 429 428 -1 
                      436 428 435 -1 
                      437 430 429 -1 
                      437 429 436 -1 
                      425 430 437 -1 
                      431 425 437 -1 
                      438 440 441 -1 
                      438 441 439 -1 
                      442 444 445 -1 
                      442 445 443 -1 
                      455 452 447 -1 
                      455 447 454 -1 
                      456 451 452 -1 
                      456 452 455 -1 
                      457 450 451 -1 
                      457 451 456 -1 
                      458 449 450 -1 
                      458 450 457 -1 
                      459 448 449 -1 
                      459 449 458 -1 
                      453 446 448 -1 
                      453 448 459 -1 
                      469 466 461 -1 
                      469 461 468 -1 
                      470 465 466 -1 
                      470 466 469 -1 
                      471 464 465 -1 
                      471 465 470 -1 
                      472 463 464 -1 
                      472 464 471 -1 
                      473 462 463 -1 
                      473 463 472 -1 
                      467 460 462 -1 
                      467 462 473 -1 
                      474 476 477 -1 
                      474 477 475 -1 
                      478 480 481 -1 
                      478 481 479 -1 
                      484 485 483 -1 
                      482 484 483 -1 
                    ]
                  }
                }
              ]
            }
          ]
        }
        DEF __9 Transform {
          rotation 1 0 0 1.57079632679
          translation 0.0035 -0.00606 0
          children [
            DEF _USB-A-S-B-TH_B Group {
              children [
                DEF __11 Shape {
                  appearance DEF __12 Appearance {
                    material DEF __13 Material {
                      ambientIntensity 0.40000000596
                      diffuseColor 0.5 0.5 0.5
                      shininess 0
                    }
                  }
                  geometry DEF __14 IndexedFaceSet {
                    solid FALSE
                    coord Coordinate {
                      point [
                        -0.00555 0.00582 -0.00425,
                        -0.00555 0.00582 0.00583,
                        0.00555 0.00582 0.00583,
                        0.00555 0.00582 -0.00425,
                        0.00555 0.00538698729811 0.00658,
                        0.00555 0.00445301270189 0.00658,
                        0.00555 0.00402 0.00583,
                        0.00555 0.00402 -0.00425,
                        -0.00555 0.00402 -0.00425,
                        -0.00555 0.00538698729811 0.00658,
                        -0.00555 0.00445301270189 0.00658,
                        -0.00555 0.00402 0.00583,
                        0.00555 0.00492 0.001165,
                        -0.00555 0.00492 0.001165

                      ]
                    }
                    normal Normal {
                      vector [
                        -0 1 -0,
                        -0 1 -0,
                        -0 1 -0,
                        -0 1 -0,
                        1 0 0,
                        1 0 0,
                        1 0 0,
                        1 0 0,
                        1 0 0,
                        1 0 0,
                        1 0 0,
                        -0 -0 -1,
                        -0 -0 -1,
                        -0 -0 -1,
                        -0 -0 -1,
                        -0 0.86602539 0.5,
                        -0 0.86602539 0.5,
                        -0 0.86602539 0.5,
                        -0 0.86602539 0.5,
                        -0 -0 1,
                        -0 -0 1,
                        -0 -0 1,
                        -0 -0 1,
                        -0 -0.86602539 0.5,
                        -0 -0.86602539 0.5,
                        -0 -0.86602539 0.5,
                        -0 -0.86602539 0.5,
                        0 -1 -0,
                        0 -1 -0,
                        0 -1 -0,
                        0 -1 -0,
                        -1 -0 -0,
                        -1 -0 -0,
                        -1 -0 -0,
                        -1 -0 -0,
                        -1 -0 -0,
                        -1 -0 -0,
                        -1 -0 -0

                      ]
                    }
                    coordIndex [
                      3 0 1 -1 
                      3 1 2 -1 
                      4 5 6 -1 
                      2 4 6 -1 
                      12 6 7 -1 
                      12 7 3 -1 
                      12 3 2 -1 
                      12 2 6 -1 
                      3 8 0 -1 
                      3 7 8 -1 
                      2 1 9 -1 
                      2 9 4 -1 
                      9 10 5 -1 
                      9 5 4 -1 
                      5 10 11 -1 
                      5 11 6 -1 
                      6 11 8 -1 
                      6 8 7 -1 
                      9 11 10 -1 
                      1 11 9 -1 
                      13 1 0 -1 
                      13 0 8 -1 
                      13 8 11 -1 
                      13 11 1 -1 
                    ]
                    normalIndex [
                      3 0 1 -1 
                      3 1 2 -1 
                      5 6 7 -1 
                      4 5 7 -1 
                      10 7 8 -1 
                      10 8 9 -1 
                      10 9 4 -1 
                      10 4 7 -1 
                      13 11 12 -1 
                      13 14 11 -1 
                      18 15 16 -1 
                      18 16 17 -1 
                      19 20 21 -1 
                      19 21 22 -1 
                      26 23 24 -1 
                      26 24 25 -1 
                      30 27 28 -1 
                      30 28 29 -1 
                      32 35 36 -1 
                      31 35 32 -1 
                      37 31 33 -1 
                      37 33 34 -1 
                      37 34 35 -1 
                      37 35 31 -1 
                    ]
                  }
                }
              ]
            }
          ]
        }
        DEF __15 Transform {
          rotation 1 0 0 1.57079632679
          translation 0.0035 -0.00606 0
          children [
            DEF _USB-A-S-TH_S Group {
              children [
                DEF __17 Shape {
                  appearance DEF __18 Appearance {
                    material DEF __19 Material {
                      ambientIntensity 0.289855062962
                      diffuseColor 0.689999997616 0.689999997616 0.689999997616
                      shininess 0
                    }
                  }
                  geometry DEF __20 IndexedFaceSet {
                    solid FALSE
                    coord Coordinate {
                      point [
                        0.00625 0.00519 -0.0004,
                        0.00625 0.00281 -0.0004,
                        0.00625 0.00519 0.00525,
                        0.00625 0.00281 0.00525,
                        0.00625 0.00194 0.00705,
                        0.00625 0.0061 0.00705,
                        0.00625 0.0061 -0.0018,
                        0.00625 0.00194 -0.0018,
                        0.00577 0.00146 -0.0018,
                        0.00577 0.00146 0.00705,
                        0.004 0.00146 -0.00061302035311,
                        0.002 0.00146 -0.00061302035311,
                        0.004 0.00146 -0.0006,
                        0.0045 0.00146 -0.0006,
                        0.0045 0.00146 0.0059,
                        0.0015 0.00146 0.0059,
                        0.0015 0.00146 -0.0006,
                        0.002 0.00146 -0.0006,
                        -0.002 0.00146 -0.00061302035311,
                        -0.004 0.00146 -0.00061302035311,
                        -0.002 0.00146 -0.0006,
                        -0.0015 0.00146 -0.0006,
                        -0.0015 0.00146 0.0059,
                        -0.0045 0.00146 0.0059,
                        -0.0045 0.00146 -0.0006,
                        -0.004 0.00146 -0.0006,
                        -0.00577 0.00146 0.00705,
                        -0.00577 0.00146 -0.0018,
                        0.002 0.00658 -0.0006,
                        0.0015 0.00658 -0.0006,
                        0.002 0.0069 -0.0006,
                        0.0015 0.0069 -0.0006,
                        -0.004 0.00658 -0.0006,
                        -0.0045 0.00658 -0.0006,
                        -0.004 0.0069 -0.0006,
                        -0.0045 0.0069 -0.0006,
                        0.004 0.00658 -0.0006,
                        0.004 0.0069 -0.0006,
                        0.0045 0.00658 -0.0006,
                        0.0045 0.0069 -0.0006,
                        0.0045 0.0069 0.0059,
                        0.0045 0.00658 0.0059,
                        0.0015 0.0069 0.0059,
                        0.0015 0.00658 0.0059,
                        0.002 0.00664948348185 0.00439908590359,
                        0.002 0.0069 0.0046,
                        0.004 0.0069 0.0046,
                        0.004 0.00664948348185 0.00439908590359,
                        -0.002 0.00176014158408 0.00306914928899,
                        -0.004 0.00176014158408 0.00306914928899,
                        0.004 0.00651493046683 0.00328849543884,
                        0.002 0.00651493046683 0.00328849543884,
                        0.002 0.00659115044319 0.003189,
                        0.004 0.00659115044319 0.003189,
                        0.002 0.00627985841593 0.00306914928899,
                        0.002 0.00658 -0.00061302035311,
                        0.004 0.00658 -0.00061302035311,
                        0.004 0.00627985841593 0.00306914928899,
                        0.002 0.00626090265355 0.00309389361437,
                        0.004 0.00626090265355 0.00309389361437,
                        0.002 0.00644927687459 0.00464872026503,
                        0.004 0.00644927687459 0.00464872026503,
                        0.002 0.00669979339274 0.00484963436144,
                        0.004 0.00669979339274 0.00484963436144,
                        -0.002 0.00658 -0.0006,
                        -0.002 0.00658 -0.00061302035311,
                        -0.002 0.0069 -0.0006,
                        -0.002 0.00659115044319 0.003189,
                        -0.002 0.00651493046683 0.00328849543884,
                        -0.002 0.00664948348185 0.00439908590359,
                        -0.002 0.0069 0.0046,
                        -0.002 0.00669979339274 0.00484963436144,
                        -0.002 0.00644927687459 0.00464872026503,
                        -0.002 0.00626090265355 0.00309389361437,
                        -0.002 0.00627985841593 0.00306914928899,
                        -0.004 0.00658 -0.00061302035311,
                        -0.004 0.00627985841593 0.00306914928899,
                        -0.004 0.00626090265355 0.00309389361437,
                        -0.004 0.00644927687459 0.00464872026503,
                        -0.004 0.00669979339274 0.00484963436144,
                        -0.004 0.0069 0.0046,
                        -0.004 0.00664948348185 0.00439908590359,
                        -0.004 0.00651493046683 0.00328849543884,
                        -0.004 0.00659115044319 0.003189,
                        0.0045 0.0011 0.0059,
                        0.0045 0.0011 -0.0006,
                        0.0015 0.0011 0.0059,
                        0.0015 0.0011 -0.0006,
                        0.004 0.00114 -0.0006,
                        0.002 0.00114 -0.0006,
                        -0.0015 0.0011 0.0059,
                        -0.0015 0.0011 -0.0006,
                        -0.0045 0.0011 0.0059,
                        -0.0045 0.0011 -0.0006,
                        -0.002 0.00114 -0.0006,
                        -0.004 0.00114 -0.0006,
                        -0.004 0.00159072312541 0.00464872026503,
                        -0.004 0.00134020660726 0.00484963436144,
                        -0.002 0.00134020660726 0.00484963436144,
                        -0.002 0.00159072312541 0.00464872026503,
                        -0.004 0.00114 0.0046,
                        -0.002 0.00114 0.0046,
                        -0.004 0.00139051651815 0.00439908590359,
                        -0.002 0.00139051651815 0.00439908590359,
                        -0.002 0.00152506953318 0.00328849543884,
                        -0.004 0.00152506953318 0.00328849543884,
                        -0.004 0.00144884955681 0.003189,
                        -0.002 0.00144884955681 0.003189,
                        -0.004 0.00177909734644 0.00309389361437,
                        -0.002 0.00177909734644 0.00309389361437,
                        0.002 0.00159072312541 0.00464872026503,
                        0.002 0.00134020660726 0.00484963436144,
                        0.004 0.00134020660726 0.00484963436144,
                        0.004 0.00159072312541 0.00464872026503,
                        0.002 0.00114 0.0046,
                        0.004 0.00114 0.0046,
                        0.002 0.00139051651815 0.00439908590359,
                        0.004 0.00139051651815 0.00439908590359,
                        0.004 0.00152506953318 0.00328849543884,
                        0.002 0.00152506953318 0.00328849543884,
                        0.002 0.00144884955681 0.003189,
                        0.004 0.00144884955681 0.003189,
                        0.004 0.00176014158408 0.00306914928899,
                        0.002 0.00176014158408 0.00306914928899,
                        0.002 0.00177909734644 0.00309389361437,
                        0.004 0.00177909734644 0.00309389361437,
                        -0.00625 0.00281 -0.0004,
                        -0.0066 0.00281 -0.0004,
                        -0.00625 0.00519 -0.0004,
                        -0.0066 0.00519 -0.0004,
                        -0.0066 0.004875 0.00525,
                        -0.00627794247447 0.004875 0.00525,
                        -0.0066 0.00519 0.00525,
                        -0.00625 0.00519 0.00525,
                        -0.00625 0.00281 0.00525,
                        -0.0066 0.00281 0.00525,
                        -0.0066 0.003125 0.00525,
                        -0.00627794247447 0.003125 0.00525,
                        0.0066 0.00281 -0.0004,
                        0.0066 0.00519 -0.0004,
                        0.00627794247447 0.004875 0.00525,
                        0.0066 0.004875 0.00525,
                        0.00627794247447 0.003125 0.00525,
                        0.0066 0.003125 0.00525,
                        0.0066 0.00281 0.00525,
                        0.0066 0.00519 0.00525,
                        -0.00619278807428 0.003125 0.00166482069777,
                        -0.00619278807428 0.004875 0.00166482069777,
                        -0.00587455550539 0.003125 0.00169849641915,
                        -0.00587455550539 0.004875 0.00169849641915,
                        -0.00588007431614 0.003125 0.000848916624061,
                        -0.00588007431614 0.004875 0.000848916624061,
                        -0.005961971445 0.003125 0.000114533985184,
                        -0.005961971445 0.004875 0.000114533985184,
                        -0.00628 0.003125 0.00015,
                        -0.00628 0.004875 0.00015,
                        -0.00619810287114 0.003125 0.000884382638877,
                        -0.00619810287114 0.004875 0.000884382638877,
                        0.005961971445 0.003125 0.000114533985184,
                        0.00588007431614 0.003125 0.000848916624061,
                        0.00588007431614 0.004875 0.000848916624061,
                        0.005961971445 0.004875 0.000114533985184,
                        0.00587455550539 0.003125 0.00169849641915,
                        0.00587455550539 0.004875 0.00169849641915,
                        0.00619278807428 0.003125 0.00166482069777,
                        0.00619278807428 0.004875 0.00166482069777,
                        0.00619810287114 0.004875 0.000884382638877,
                        0.00619810287114 0.003125 0.000884382638877,
                        0.00628 0.003125 0.00015,
                        0.00628 0.004875 0.00015,
                        -0.00625 0.0061 0.00705,
                        -0.00625 0.00194 0.00705,
                        -0.00625 0.00194 -0.0018,
                        -0.00625 0.0061 -0.0018,
                        -0.00577 0.00658 -0.0018,
                        -0.00577 0.00658 0.00705,
                        0.0066 0.00213 0.00673,
                        0.0073 0.00213 0.00673,
                        0.0066 0.00587 0.00673,
                        0.0073 0.00587 0.00673,
                        -0.0066 0.00587 0.00673,
                        -0.0066 0.00587 0.00705,
                        -0.0073 0.00587 0.00673,
                        -0.0073 0.00587 0.00705,
                        -0.00561 0.0069 0.00705,
                        -0.00561 0.0069 0.00673,
                        -0.00561 0.007475 0.00705,
                        -0.00561 0.007475 0.00673,
                        0.00561 0.007475 0.00705,
                        0.00561 0.007475 0.00673,
                        0.00561 0.0069 0.00673,
                        0.00561 0.0069 0.00705,
                        0.0066 0.00587 0.00705,
                        0.0073 0.00587 0.00705,
                        0.0073 0.00213 0.00705,
                        0.0066 0.00213 0.00705,
                        0.00561 0.0011 0.00705,
                        0.00561 0.0011 0.00673,
                        0.00561 0.000525 0.00705,
                        0.00561 0.000525 0.00673,
                        -0.00561 0.000525 0.00705,
                        -0.00561 0.000525 0.00673,
                        -0.00561 0.0011 0.00673,
                        -0.00561 0.0011 0.00705,
                        -0.0066 0.00213 0.00705,
                        -0.0066 0.00213 0.00673,
                        -0.0073 0.00213 0.00705,
                        -0.0073 0.00213 0.00673,
                        -0.00654849904041 -0.00379404470655 -0.00270044488141,
                        -0.00733516625781 -0.00295559258734 -0.00266940773832,
                        -0.00742995237841 -0.00196705608931 -0.00263281489296,
                        -0.00628 -0.000142425919205 -0.0025652722076,
                        -0.00628 0 -0.00256,
                        -0.0066 0 -0.00256,
                        -0.0066 -5e-05 -0.0025618508596,
                        -0.00770067252753 -0.00179643779939 -0.00262649908296,
                        -0.00756853227074 -0.00317454533112 -0.00267751275408,
                        -0.00698729472755 -0.00379404470655 -0.00270044488141,
                        -0.00654849904041 -0.00379404470655 -0.00399955511859,
                        -0.00698729472755 -0.00379404470655 -0.00399955511859,
                        -0.00616663398707 -0.00420104725622 -0.00383651645697,
                        -0.0064 -0.00442 -0.00335,
                        -0.00733516625781 -0.00295559258734 -0.00403059226168,
                        -0.00756853227074 -0.00317454533112 -0.00402248724592,
                        -0.00770067252753 -0.00179643779939 -0.00407350091704,
                        -0.0066 -5e-05 -0.0041381491404,
                        -0.0066 0 -0.00414,
                        -0.00628 0 -0.00414,
                        -0.00628 -0.000142425919205 -0.0041347277924,
                        -0.00742995237841 -0.00196705608931 -0.00406718510704,
                        -0.0012 0.0011 0.00129,
                        -0.0012 0 0.00129,
                        0.0012 4.33680868994e-19 0.00129,
                        0.0012 0.0011 0.00129,
                        -0.0066 0.0019 -0.00181,
                        -0.0066 0 -0.00181,
                        -0.0012 4.4408920985e-19 -0.00181,
                        -0.0012 0.0011 -0.00181,
                        -0.0058 0.0011 -0.00181,
                        -0.0066 0.0019 0.00705,
                        -0.0058 0.0011 0.00705,
                        0.0012 4.33680868994e-19 -0.00181,
                        0.0012 0.0011 -0.00181,
                        0.0058 0.0011 -0.00181,
                        0.0058 0.0011 0.00705,
                        0.0066 0.0019 0.00705,
                        0.0066 0.0019 -0.00181,
                        0.00577 0.00658 0.00705,
                        -0.0058 0.0069 0.00705,
                        -0.0066 0.0061 0.00705,
                        0.0066 0.0061 0.00705,
                        0.0058 0.0069 0.00705,
                        -0.0066 0 -0.00705,
                        0.0066 0 -0.00705,
                        -0.0066 0.0061 -0.00705,
                        -0.0058 0.0069 -0.00705,
                        0.0058 0.0069 -0.00705,
                        0.0066 0.0061 -0.00705,
                        -0.0015 0.0069 -0.0006,
                        -0.0015 0.0069 0.0059,
                        -0.0045 0.0069 0.0059,
                        0.0066 0 -0.00181,
                        0.0066 0 -0.00256,
                        0.0066 -5e-05 -0.0025618508596,
                        0.0066 -5e-05 -0.0041381491404,
                        0.0066 0 -0.00414,
                        0.00770067252753 -0.00179643779939 -0.00407350091704,
                        0.00770067252753 -0.00179643779939 -0.00262649908296,
                        0.00756853227074 -0.00317454533112 -0.00402248724592,
                        0.00756853227074 -0.00317454533112 -0.00267751275408,
                        0.00698729472755 -0.00379404470655 -0.00399955511859,
                        0.00698729472755 -0.00379404470655 -0.00270044488141,
                        0.0064 -0.00442 -0.00335,
                        0.00616663398707 -0.00420104725622 -0.00286348354303,
                        0.00616663398707 -0.00420104725622 -0.00383651645697,
                        0.00654849904041 -0.00379404470655 -0.00399955511859,
                        0.00733516625781 -0.00295559258734 -0.00403059226168,
                        0.00654849904041 -0.00379404470655 -0.00270044488141,
                        0.00733516625781 -0.00295559258734 -0.00266940773832,
                        0.00742995237841 -0.00196705608931 -0.00263281489296,
                        0.00742995237841 -0.00196705608931 -0.00406718510704,
                        0.00628 -0.000142425919205 -0.0041347277924,
                        0.00628 -0.000142425919205 -0.0025652722076,
                        0.00628 0 -0.00414,
                        0.00628 0 -0.00256,
                        -0.00616663398707 -0.00420104725622 -0.00286348354303,
                        -0.0015 0.00658 0.0059,
                        -0.0015 0.00658 -0.0006,
                        -0.0045 0.00658 0.0059,
                        0.00577 0.00658 -0.0018,
                        0.00585335112528 0.00146729227855 -0.0018,
                        0.0059341696688 0.00148894754202 -0.0018,
                        0.00601 0.00152430780618 -0.0018,
                        0.00607853805265 0.0015722986673 -0.0018,
                        0.0061377013327 0.00163146194735 -0.0018,
                        0.00618569219382 0.0017 -0.0018,
                        0.00622105245798 0.0017758303312 -0.0018,
                        0.00624270772145 0.00185664887472 -0.0018,
                        0.00585335112528 0.00146729227855 0.00705,
                        0.0059341696688 0.00148894754202 0.00705,
                        0.00601 0.00152430780618 0.00705,
                        0.00607853805265 0.0015722986673 0.00705,
                        0.0061377013327 0.00163146194735 0.00705,
                        0.00618569219382 0.0017 0.00705,
                        0.00622105245798 0.0017758303312 0.00705,
                        0.00624270772145 0.00185664887472 0.00705,
                        0.004 0.00655002278357 0.00430417609523,
                        0.004 0.00646828044579 0.00419363880542,
                        0.004 0.00640667046052 0.00407073839069,
                        0.004 0.00636701227673 0.00393910431196,
                        0.004 0.00635047706889 0.00380262395027,
                        0.004 0.00635755315017 0.00366532780576,
                        0.004 0.00638803155169 0.00353127047002,
                        0.004 0.00644101219378 0.00340441088705,
                        0.002 0.00655002278357 0.00430417609523,
                        0.002 0.00646828044579 0.00419363880542,
                        0.002 0.00640667046052 0.00407073839069,
                        0.002 0.00636701227673 0.00393910431196,
                        0.002 0.00635047706889 0.00380262395027,
                        0.002 0.00635755315017 0.00366532780576,
                        0.002 0.00638803155169 0.00353127047002,
                        0.002 0.00644101219378 0.00340441088705,
                        0.002 0.006310031897 0.00451584653333,
                        0.002 0.0061955926241 0.00436109432759,
                        0.002 0.00610933864472 0.00418903374697,
                        0.002 0.00605381718742 0.00400474603675,
                        0.002 0.00603066789645 0.00381367353038,
                        0.002 0.00604057441023 0.00362145892806,
                        0.002 0.00608324417237 0.00343377865802,
                        0.002 0.00615741707129 0.00325617524188,
                        0.004 0.006310031897 0.00451584653333,
                        0.004 0.0061955926241 0.00436109432759,
                        0.004 0.00610933864472 0.00418903374697,
                        0.004 0.00605381718742 0.00400474603675,
                        0.004 0.00603066789645 0.00381367353038,
                        0.004 0.00604057441023 0.00362145892806,
                        0.004 0.00608324417237 0.00343377865802,
                        0.004 0.00615741707129 0.00325617524188,
                        -0.002 0.00655002278357 0.00430417609523,
                        -0.002 0.00646828044579 0.00419363880542,
                        -0.002 0.00640667046052 0.00407073839069,
                        -0.002 0.00636701227673 0.00393910431196,
                        -0.002 0.00635047706889 0.00380262395027,
                        -0.002 0.00635755315017 0.00366532780576,
                        -0.002 0.00638803155169 0.00353127047002,
                        -0.002 0.00644101219378 0.00340441088705,
                        -0.002 0.006310031897 0.00451584653333,
                        -0.002 0.0061955926241 0.00436109432759,
                        -0.002 0.00610933864472 0.00418903374697,
                        -0.002 0.00605381718742 0.00400474603675,
                        -0.002 0.00603066789645 0.00381367353038,
                        -0.002 0.00604057441023 0.00362145892806,
                        -0.002 0.00608324417237 0.00343377865802,
                        -0.002 0.00615741707129 0.00325617524188,
                        -0.004 0.006310031897 0.00451584653333,
                        -0.004 0.0061955926241 0.00436109432759,
                        -0.004 0.00610933864472 0.00418903374697,
                        -0.004 0.00605381718742 0.00400474603675,
                        -0.004 0.00603066789645 0.00381367353038,
                        -0.004 0.00604057441023 0.00362145892806,
                        -0.004 0.00608324417237 0.00343377865802,
                        -0.004 0.00615741707129 0.00325617524188,
                        -0.004 0.00655002278357 0.00430417609523,
                        -0.004 0.00646828044579 0.00419363880542,
                        -0.004 0.00640667046052 0.00407073839069,
                        -0.004 0.00636701227673 0.00393910431196,
                        -0.004 0.00635047706889 0.00380262395027,
                        -0.004 0.00635755315017 0.00366532780576,
                        -0.004 0.00638803155169 0.00353127047002,
                        -0.004 0.00644101219378 0.00340441088705,
                        -0.002 0.00159898780622 0.00340441088705,
                        -0.002 0.00165196844831 0.00353127047002,
                        -0.002 0.00168244684983 0.00366532780576,
                        -0.002 0.00168952293111 0.00380262395027,
                        -0.002 0.00167298772327 0.00393910431196,
                        -0.002 0.00163332953948 0.00407073839069,
                        -0.002 0.00157171955421 0.00419363880542,
                        -0.002 0.00148997721643 0.00430417609523,
                        -0.004 0.00159898780622 0.00340441088705,
                        -0.004 0.00165196844831 0.00353127047002,
                        -0.004 0.00168244684983 0.00366532780576,
                        -0.004 0.00168952293111 0.00380262395027,
                        -0.004 0.00167298772327 0.00393910431196,
                        -0.004 0.00163332953948 0.00407073839069,
                        -0.004 0.00157171955421 0.00419363880542,
                        -0.004 0.00148997721643 0.00430417609523,
                        -0.004 0.00188258292871 0.00325617524188,
                        -0.004 0.00195675582763 0.00343377865802,
                        -0.004 0.00199942558977 0.00362145892806,
                        -0.004 0.00200933210355 0.00381367353038,
                        -0.004 0.00198618281258 0.00400474603675,
                        -0.004 0.00193066135528 0.00418903374697,
                        -0.004 0.0018444073759 0.00436109432759,
                        -0.004 0.001729968103 0.00451584653333,
                        -0.002 0.00188258292871 0.00325617524188,
                        -0.002 0.00195675582763 0.00343377865802,
                        -0.002 0.00199942558977 0.00362145892806,
                        -0.002 0.00200933210355 0.00381367353038,
                        -0.002 0.00198618281258 0.00400474603675,
                        -0.002 0.00193066135528 0.00418903374697,
                        -0.002 0.0018444073759 0.00436109432759,
                        -0.002 0.001729968103 0.00451584653333,
                        0.004 0.00159898780622 0.00340441088705,
                        0.004 0.00165196844831 0.00353127047002,
                        0.004 0.00168244684983 0.00366532780576,
                        0.004 0.00168952293111 0.00380262395027,
                        0.004 0.00167298772327 0.00393910431196,
                        0.004 0.00163332953948 0.00407073839069,
                        0.004 0.00157171955421 0.00419363880542,
                        0.004 0.00148997721643 0.00430417609523,
                        0.002 0.00159898780622 0.00340441088705,
                        0.002 0.00165196844831 0.00353127047002,
                        0.002 0.00168244684983 0.00366532780576,
                        0.002 0.00168952293111 0.00380262395027,
                        0.002 0.00167298772327 0.00393910431196,
                        0.002 0.00163332953948 0.00407073839069,
                        0.002 0.00157171955421 0.00419363880542,
                        0.002 0.00148997721643 0.00430417609523,
                        0.002 0.00188258292871 0.00325617524188,
                        0.002 0.00195675582763 0.00343377865802,
                        0.002 0.00199942558977 0.00362145892806,
                        0.002 0.00200933210355 0.00381367353038,
                        0.002 0.00198618281258 0.00400474603675,
                        0.002 0.00193066135528 0.00418903374697,
                        0.002 0.0018444073759 0.00436109432759,
                        0.002 0.001729968103 0.00451584653333,
                        0.004 0.00188258292871 0.00325617524188,
                        0.004 0.00195675582763 0.00343377865802,
                        0.004 0.00199942558977 0.00362145892806,
                        0.004 0.00200933210355 0.00381367353038,
                        0.004 0.00198618281258 0.00400474603675,
                        0.004 0.00193066135528 0.00418903374697,
                        0.004 0.0018444073759 0.00436109432759,
                        0.004 0.001729968103 0.00451584653333,
                        -0.00585663646986 0.003125 0.00141540444817,
                        -0.00585847905683 0.003125 0.00113175191295,
                        -0.00585663646986 0.004875 0.00141540444817,
                        -0.00585847905683 0.004875 0.00113175191295,
                        -0.00617646360495 0.004875 0.00140476113307,
                        -0.00617823805975 0.004875 0.00114419575394,
                        -0.00617646360495 0.003125 0.00140476113307,
                        -0.00617823805975 0.003125 0.00114419575394,
                        0.00585847905683 0.003125 0.00113175191295,
                        0.00585663646986 0.003125 0.00141540444817,
                        0.00585847905683 0.004875 0.00113175191295,
                        0.00585663646986 0.004875 0.00141540444817,
                        0.00617823805975 0.004875 0.00114419575394,
                        0.00617646360495 0.004875 0.00140476113307,
                        0.00617823805975 0.003125 0.00114419575394,
                        0.00617646360495 0.003125 0.00140476113307,
                        -0.00624270772145 0.00185664887472 -0.0018,
                        -0.00622105245798 0.0017758303312 -0.0018,
                        -0.00618569219382 0.0017 -0.0018,
                        -0.0061377013327 0.00163146194735 -0.0018,
                        -0.00607853805265 0.0015722986673 -0.0018,
                        -0.00601 0.00152430780618 -0.0018,
                        -0.0059341696688 0.00148894754202 -0.0018,
                        -0.00585335112528 0.00146729227855 -0.0018,
                        -0.00624270772145 0.00185664887472 0.00705,
                        -0.00622105245798 0.0017758303312 0.00705,
                        -0.00618569219382 0.0017 0.00705,
                        -0.0061377013327 0.00163146194735 0.00705,
                        -0.00607853805265 0.0015722986673 0.00705,
                        -0.00601 0.00152430780618 0.00705,
                        -0.0059341696688 0.00148894754202 0.00705,
                        -0.00585335112528 0.00146729227855 0.00705,
                        -0.00585335112528 0.00657270772145 -0.0018,
                        -0.0059341696688 0.00655105245798 -0.0018,
                        -0.00601 0.00651569219382 -0.0018,
                        -0.00607853805265 0.0064677013327 -0.0018,
                        -0.0061377013327 0.00640853805265 -0.0018,
                        -0.00618569219382 0.00634 -0.0018,
                        -0.00622105245798 0.0062641696688 -0.0018,
                        -0.00624270772145 0.00618335112528 -0.0018,
                        -0.00585335112528 0.00657270772145 0.00705,
                        -0.0059341696688 0.00655105245798 0.00705,
                        -0.00601 0.00651569219382 0.00705,
                        -0.00607853805265 0.0064677013327 0.00705,
                        -0.0061377013327 0.00640853805265 0.00705,
                        -0.00618569219382 0.00634 0.00705,
                        -0.00622105245798 0.0062641696688 0.00705,
                        -0.00624270772145 0.00618335112528 0.00705,
                        -0.00749011645031 -0.00208194181401 -0.00263706763989,
                        -0.00753122319077 -0.00220494051796 -0.00264162070653,
                        -0.00755222405538 -0.00233291476917 -0.00264635795396,
                        -0.00755258335731 -0.00246260022012 -0.0026511585452,
                        -0.00753229193156 -0.00259068887429 -0.00265590002751,
                        -0.00749186736868 -0.002713913466 -0.00266046145588,
                        -0.0074323408122 -0.00282913080133 -0.0026647264781,
                        -0.00738686585439 -0.00289475323299 -0.00266715563626,
                        -0.00778454657851 -0.00195659868652 -0.00263242778927,
                        -0.00784185301964 -0.00212806978613 -0.00263877516789,
                        -0.00787113008706 -0.00230647723978 -0.00264537931086,
                        -0.00787163098581 -0.0024872702576 -0.00265207176071,
                        -0.00784334293907 -0.00266583719913 -0.00265868180748,
                        -0.00778698751396 -0.00283762320629 -0.00266504084309,
                        -0.00770400221601 -0.00299824638804 -0.00267098666225,
                        -0.00764060609257 -0.00308972987652 -0.00267437312411,
                        -0.00641054372804 -0.00394108137142 -0.00397708146548,
                        -0.00629337227601 -0.00406596601145 -0.00392870901156,
                        -0.00622727184891 -0.00413641771194 -0.00388687806844,
                        -0.00623493054117 -0.00426512564417 -0.00377113014198,
                        -0.00629275838919 -0.00431938189953 -0.00369738959176,
                        -0.00633897036211 -0.00436273970533 -0.00361675764605,
                        -0.0063698668125 -0.00439172791359 -0.00353961645883,
                        -0.0063885774629 -0.00440928294738 -0.00346754706795,
                        -0.00639713845596 -0.00441731519208 -0.0034090173034,
                        -0.00640497482189 -0.00441469769445 -0.00343285458804,
                        -0.00641981812436 -0.00439887728381 -0.00351435742119,
                        -0.00644428774213 -0.00437279687468 -0.00359317879814,
                        -0.00647798445861 -0.00433688196338 -0.00366803276496,
                        -0.00652035851907 -0.00429171849399 -0.0037376980952,
                        -0.00657071859976 -0.00423804329888 -0.00380103821387,
                        -0.00662824308675 -0.00417673207737 -0.00385701974048,
                        -0.00669199348031 -0.00410878510895 -0.00390472934838,
                        -0.00676092970639 -0.00403531093388 -0.00394338866552,
                        -0.00683392708521 -0.00395750826762 -0.00397236697339,
                        -0.00690979468013 -0.00387664644406 -0.00399119149711,
                        -0.00768131243465 -0.00303324069275 -0.00402771794685,
                        -0.00777015826938 -0.00287578344825 -0.00403354657191,
                        -0.00783280350904 -0.00270618999277 -0.00403982444541,
                        -0.0078676502085 -0.00252878629007 -0.00404639143234,
                        -0.00787380950352 -0.00234809752651 -0.004053080023,
                        -0.00785112428373 -0.00216873268325 -0.00405971960584,
                        -0.00780017320025 -0.00199526697112 -0.00406614081941,
                        -0.0077553161989 -0.00189340359908 -0.00406991151541,
                        -0.00741606510331 -0.00285423272308 -0.00403434431924,
                        -0.00747979550772 -0.00274128636041 -0.00403852527643,
                        -0.00752473184571 -0.00261963451779 -0.00404302848605,
                        -0.00754972788808 -0.00249238027168 -0.00404773908091,
                        -0.00755414603963 -0.00236276960382 -0.00405253690389,
                        -0.00753787360282 -0.00223410860318 -0.00405729957286,
                        -0.00750132565248 -0.00210967913476 -0.00406190560238,
                        -0.00746914907555 -0.00203661106224 -0.00406461037725,
                        -0.00658784620241 0.00176108145787 -0.00181,
                        -0.00655175409663 0.00162638388534 -0.00181,
                        -0.00649282032303 0.0015 -0.00181,
                        -0.0064128355545 0.00138576991225 -0.00181,
                        -0.00631423008775 0.0012871644455 -0.00181,
                        -0.0062 0.00120717967697 -0.00181,
                        -0.00607361611466 0.00114824590337 -0.00181,
                        -0.00593891854213 0.00111215379759 -0.00181,
                        -0.00658784620241 0.00176108145787 0.00705,
                        -0.00655175409663 0.00162638388534 0.00705,
                        -0.00649282032303 0.0015 0.00705,
                        -0.0064128355545 0.00138576991225 0.00705,
                        -0.00631423008775 0.0012871644455 0.00705,
                        -0.0062 0.00120717967697 0.00705,
                        -0.00607361611466 0.00114824590337 0.00705,
                        -0.00593891854213 0.00111215379759 0.00705,
                        0.00593891854213 0.00111215379759 0.00705,
                        0.00607361611466 0.00114824590337 0.00705,
                        0.0062 0.00120717967697 0.00705,
                        0.00631423008775 0.0012871644455 0.00705,
                        0.0064128355545 0.00138576991225 0.00705,
                        0.00649282032303 0.0015 0.00705,
                        0.00655175409663 0.00162638388534 0.00705,
                        0.00658784620241 0.00176108145787 0.00705,
                        0.00593891854213 0.00111215379759 -0.00181,
                        0.00607361611466 0.00114824590337 -0.00181,
                        0.0062 0.00120717967697 -0.00181,
                        0.00631423008775 0.0012871644455 -0.00181,
                        0.0064128355545 0.00138576991225 -0.00181,
                        0.00649282032303 0.0015 -0.00181,
                        0.00655175409663 0.00162638388534 -0.00181,
                        0.00658784620241 0.00176108145787 -0.00181,
                        0.00624270772145 0.00618335112528 0.00705,
                        0.00622105245798 0.0062641696688 0.00705,
                        0.00618569219382 0.00634 0.00705,
                        0.0061377013327 0.00640853805265 0.00705,
                        0.00607853805265 0.0064677013327 0.00705,
                        0.00601 0.00651569219382 0.00705,
                        0.0059341696688 0.00655105245798 0.00705,
                        0.00585335112528 0.00657270772145 0.00705,
                        -0.00593891854213 0.00688784620241 0.00705,
                        -0.00607361611466 0.00685175409663 0.00705,
                        -0.0062 0.00679282032303 0.00705,
                        -0.00631423008775 0.0067128355545 0.00705,
                        -0.0064128355545 0.00661423008775 0.00705,
                        -0.00649282032303 0.0065 0.00705,
                        -0.00655175409663 0.00637361611466 0.00705,
                        -0.00658784620241 0.00623891854213 0.00705,
                        0.00658784620241 0.00623891854213 0.00705,
                        0.00655175409663 0.00637361611466 0.00705,
                        0.00649282032303 0.0065 0.00705,
                        0.0064128355545 0.00661423008775 0.00705,
                        0.00631423008775 0.0067128355545 0.00705,
                        0.0062 0.00679282032303 0.00705,
                        0.00607361611466 0.00685175409663 0.00705,
                        0.00593891854213 0.00688784620241 0.00705,
                        -0.00593891854213 0.00688784620241 -0.00705,
                        -0.00607361611466 0.00685175409663 -0.00705,
                        -0.0062 0.00679282032303 -0.00705,
                        -0.00631423008775 0.0067128355545 -0.00705,
                        -0.0064128355545 0.00661423008775 -0.00705,
                        -0.00649282032303 0.0065 -0.00705,
                        -0.00655175409663 0.00637361611466 -0.00705,
                        -0.00658784620241 0.00623891854213 -0.00705,
                        0.00658784620241 0.00623891854213 -0.00705,
                        0.00655175409663 0.00637361611466 -0.00705,
                        0.00649282032303 0.0065 -0.00705,
                        0.0064128355545 0.00661423008775 -0.00705,
                        0.00631423008775 0.0067128355545 -0.00705,
                        0.0062 0.00679282032303 -0.00705,
                        0.00607361611466 0.00685175409663 -0.00705,
                        0.00593891854213 0.00688784620241 -0.00705,
                        0.00778454657851 -0.00195659868652 -0.00406757221073,
                        0.00784185301964 -0.00212806978613 -0.00406122483211,
                        0.00787113008706 -0.00230647723978 -0.00405462068914,
                        0.00787163098581 -0.0024872702576 -0.00404792823929,
                        0.00784334293907 -0.00266583719913 -0.00404131819252,
                        0.00778698751396 -0.00283762320629 -0.00403495915691,
                        0.00770400221601 -0.00299824638804 -0.00402901333775,
                        0.00764060609257 -0.00308972987652 -0.00402562687589,
                        0.00768131243465 -0.00303324069275 -0.00267228205315,
                        0.00777015826938 -0.00287578344825 -0.00266645342809,
                        0.00783280350904 -0.00270618999277 -0.00266017555459,
                        0.0078676502085 -0.00252878629007 -0.00265360856766,
                        0.00787380950352 -0.00234809752651 -0.002646919977,
                        0.00785112428373 -0.00216873268325 -0.00264028039416,
                        0.00780017320025 -0.00199526697112 -0.00263385918059,
                        0.0077553161989 -0.00189340359908 -0.00263008848459,
                        0.00640497482189 -0.00441469769445 -0.00326714541196,
                        0.00641981812436 -0.00439887728381 -0.00318564257881,
                        0.00644428774213 -0.00437279687468 -0.00310682120186,
                        0.00647798445861 -0.00433688196338 -0.00303196723504,
                        0.00652035851907 -0.00429171849399 -0.0029623019048,
                        0.00657071859976 -0.00423804329888 -0.00289896178613,
                        0.00662824308675 -0.00417673207737 -0.00284298025952,
                        0.00669199348031 -0.00410878510895 -0.00279527065162,
                        0.00676092970639 -0.00403531093388 -0.00275661133448,
                        0.00683392708521 -0.00395750826762 -0.00272763302661,
                        0.00690979468013 -0.00387664644406 -0.00270880850289,
                        0.00684891004717 -0.00394153900397 -0.00397695643398,
                        0.00673141528608 -0.00406676823591 -0.00392829803229,
                        0.00663570713059 -0.00416877668881 -0.00386330025566,
                        0.00655295503917 -0.00425697620302 -0.00378052778968,
                        0.00649740803606 -0.00431617976642 -0.00370240269969,
                        0.0064563432332 -0.00435994779211 -0.00362287653357,
                        0.00642607360221 -0.004392210019 -0.00353802843468,
                        0.00640855327985 -0.00441088367297 -0.00345848095552,
                        0.00640214208194 -0.00441771690862 -0.00340443166617,
                        0.00639548894248 -0.00441576755668 -0.00342405580826,
                        0.00638201451697 -0.00440312534543 -0.00349714719494,
                        0.00635975219961 -0.00438223800452 -0.00356832229805,
                        0.00632899191039 -0.00435337754776 -0.00363665421115,
                        0.00629013423755 -0.00431691982207 -0.00370125305441,
                        0.00624368522077 -0.00427333961285 -0.00376127756338,
                        0.00620677129956 -0.00423870558781 -0.00380034994388,
                        0.00623493054117 -0.00426512564417 -0.00292886985802,
                        0.00629275838919 -0.00431938189953 -0.00300261040824,
                        0.00633897036211 -0.00436273970533 -0.00308324235395,
                        0.0063698668125 -0.00439172791359 -0.00316038354117,
                        0.0063885774629 -0.00440928294738 -0.00323245293205,
                        0.00639713845596 -0.00441731519208 -0.0032909826966,
                        0.00625790095176 -0.0041037723498 -0.00390775982153,
                        0.0063599435254 -0.00399501249528 -0.00395981093543,
                        0.00645274298482 -0.00389610421273 -0.00398765016077,
                        0.00641054372804 -0.00394108137142 -0.00272291853452,
                        0.00629337227601 -0.00406596601145 -0.00277129098844,
                        0.00622727184891 -0.00413641771194 -0.00281312193156,
                        0.00741606510331 -0.00285423272308 -0.00266565568076,
                        0.00747979550772 -0.00274128636041 -0.00266147472357,
                        0.00752473184571 -0.00261963451779 -0.00265697151395,
                        0.00754972788808 -0.00249238027168 -0.00265226091909,
                        0.00755414603963 -0.00236276960382 -0.00264746309611,
                        0.00753787360282 -0.00223410860318 -0.00264270042714,
                        0.00750132565248 -0.00210967913476 -0.00263809439762,
                        0.00746914907555 -0.00203661106224 -0.00263538962275,
                        0.00749011645031 -0.00208194181401 -0.00406293236011,
                        0.00753122319077 -0.00220494051796 -0.00405837929347,
                        0.00755222405538 -0.00233291476917 -0.00405364204604,
                        0.00755258335731 -0.00246260022012 -0.0040488414548,
                        0.00753229193156 -0.00259068887429 -0.00404409997249,
                        0.00749186736868 -0.002713913466 -0.00403953854412,
                        0.0074323408122 -0.00282913080133 -0.0040352735219,
                        0.00738686585439 -0.00289475323299 -0.00403284436374,
                        -0.00625790095176 -0.0041037723498 -0.00279224017847,
                        -0.0063599435254 -0.00399501249528 -0.00274018906457,
                        -0.00645274298482 -0.00389610421273 -0.00271234983923,
                        -0.00639548894248 -0.00441576755668 -0.00327594419174,
                        -0.00638201451697 -0.00440312534543 -0.00320285280506,
                        -0.00635975219961 -0.00438223800452 -0.00313167770195,
                        -0.00632899191039 -0.00435337754776 -0.00306334578885,
                        -0.00629013423755 -0.00431691982207 -0.00299874694559,
                        -0.00624368522077 -0.00427333961285 -0.00293872243662,
                        -0.00620677129956 -0.00423870558781 -0.00289965005612,
                        -0.00684891004717 -0.00394153900397 -0.00272304356602,
                        -0.00673141528608 -0.00406676823591 -0.00277170196771,
                        -0.00663570713059 -0.00416877668881 -0.00283669974434,
                        -0.00655295503917 -0.00425697620302 -0.00291947221032,
                        -0.00649740803606 -0.00431617976642 -0.00299759730031,
                        -0.0064563432332 -0.00435994779211 -0.00307712346643,
                        -0.00642607360221 -0.004392210019 -0.00316197156532,
                        -0.00640855327985 -0.00441088367297 -0.00324151904448,
                        -0.00640214208194 -0.00441771690862 -0.00329556833383,
                        0.00624270772145 0.00618335112528 -0.0018,
                        0.00622105245798 0.0062641696688 -0.0018,
                        0.00618569219382 0.00634 -0.0018,
                        0.0061377013327 0.00640853805265 -0.0018,
                        0.00607853805265 0.0064677013327 -0.0018,
                        0.00601 0.00651569219382 -0.0018,
                        0.0059341696688 0.00655105245798 -0.0018,
                        0.00585335112528 0.00657270772145 -0.0018,
                        0 0.00146 0.002625,
                        -0.002 0.00646533394822 0.00211830700416,
                        -0.004 0.00646533394822 0.00211830700416,
                        0.004 0.00646533394822 0.00211830700416,
                        0.002 0.00646533394822 0.00211830700416,
                        -0.004 0.00157466605178 0.00211830700416,
                        -0.002 0.00157466605178 0.00211830700416,
                        0.002 0.00157466605178 0.00211830700416,
                        0.004 0.00157466605178 0.00211830700416,
                        -0.00622831823493 0.003125 0.00268226699259,
                        -0.00622831823493 0.004875 0.00268226699259,
                        0.00622831823493 0.003125 0.00268226699259,
                        0.00622831823493 0.004875 0.00268226699259,
                        0 0.0011 0.00262,
                        0 0.00345 -0.00705,
                        0 0.0069 0,
                        0.00715033626377 -0.000923218899694 -0.00335,
                        0.00698426613537 -0.00379727266556 -0.00335,
                        0.00628331699353 -0.00431052362811 -0.00335,
                        0.00675090012244 -0.00357831992178 -0.00335,
                        0.0068549761892 -0.00105474100426 -0.00335,
                        0.00628 -7.12129596025e-05 -0.00335,
                        -8.881784197e-19 0 -0.00288,
                        -0.00628 -7.12129596025e-05 -0.00335,
                        -0.0068549761892 -0.00105474100426 -0.00335,
                        -0.00675090012244 -0.00357831992178 -0.00335,
                        -0.00628331699353 -0.00431052362811 -0.00335,
                        -0.00698426613537 -0.00379727266556 -0.00335,
                        -0.00715033626377 -0.000923218899694 -0.00335,
                        0 0.00402 -0.0018,
                        0 0.00658 0.002625

                      ]
                    }
                    normal Normal {
                      vector [
                        -1 -0 -0,
                        -1 -0 -0,
                        -1 -0 -0,
                        -1 -0 -0,
                        -1 -0 -0,
                        -1 -0 -0,
                        -1 -0 -0,
                        -1 -0 -0,
                        -6.1232343e-17 1 -0,
                        -6.1232343e-17 1 -0,
                        -1 -0 0,
                        -0.17364818 0.98480773 -0,
                        -0.34202015 0.93969262 -0,
                        -0.5 0.86602539 -0,
                        -0.64278764 0.76604444 -0,
                        -0.76604444 0.64278764 -0,
                        -0.86602539 0.5 -0,
                        -0.93969262 0.34202015 -0,
                        -0.98480773 0.17364818 -0,
                        -1 -0 0,
                        -0.17364818 0.98480773 -0,
                        -0.34202015 0.93969262 -0,
                        -0.5 0.86602539 -0,
                        -0.64278764 0.76604444 -0,
                        -0.76604444 0.64278764 -0,
                        -0.86602539 0.5 -0,
                        -0.93969262 0.34202015 -0,
                        -0.98480773 0.17364818 -0,
                        -0 1 -0,
                        -0 1 -0,
                        -0 1 -0,
                        -0 1 -0,
                        -0 1 -0,
                        -0 1 -0,
                        -0 1 -0,
                        -0 1 -0,
                        -0 1 -0,
                        -0 1 -0,
                        -0 1 -0,
                        -0 1 -0,
                        -0 1 -0,
                        -0 1 -0,
                        -0 1 -0,
                        -0 1 -0,
                        -0 1 -0,
                        -0 1 -0,
                        -0 1 -0,
                        -0 1 -0,
                        -0 1 -0,
                        0 0 1,
                        0 0 1,
                        0 0 1,
                        0 0 1,
                        0 0 1,
                        0 0 1,
                        0 0 1,
                        0 0 1,
                        0 0 1,
                        0 0 1,
                        0 0 1,
                        0 0 1,
                        -1 -0 -0,
                        -1 -0 -0,
                        -1 -0 -0,
                        -1 -0 -0,
                        0 0 -1,
                        0 0 -1,
                        0 0 -1,
                        0 0 -1,
                        -0 0.62564564 -0.78010738,
                        -0 0.62564564 -0.78010738,
                        -0 0.62564564 -0.78010738,
                        -0 0.62564564 -0.78010738,
                        -0 0.99669433 -0.081242703,
                        -0 0.99669433 -0.081242703,
                        -0 0.99669433 -0.081242703,
                        -0 0.99669433 -0.081242703,
                        0 0.79383689 0.60813069,
                        0 0.79383689 0.60813069,
                        -0 0.62564564 -0.78010738,
                        -0 0.74997151 -0.66147012,
                        -0 0.85214943 -0.5232985,
                        -0 0.92916191 -0.36967298,
                        -0 0.97873467 -0.20513038,
                        -0 0.99940366 -0.034529939,
                        0 0.99055856 0.13709024,
                        0 0.95246059 0.3046619,
                        0 0.88623476 0.46323639,
                        -0 0.62564564 -0.78010738,
                        -0 0.74997151 -0.66147012,
                        -0 0.85214943 -0.5232985,
                        -0 0.92916191 -0.36967298,
                        -0 0.97873467 -0.20513038,
                        -0 0.99940366 -0.034529939,
                        0 0.99055856 0.13709024,
                        0 0.95246059 0.3046619,
                        0 0.88623476 0.46323639,
                        -0 0.79383689 0.60813069,
                        -0 0.79383689 0.60813069,
                        -0 0.79383689 0.60813069,
                        -0 0.79383689 0.60813069,
                        -0 0.99669433 0.081242703,
                        -0 0.99669433 0.081242703,
                        -0 0.99669433 0.081242703,
                        -0 0.99669433 0.081242703,
                        0 -0.99669433 -0.081242703,
                        0 -0.99669433 -0.081242703,
                        0 -0.99669433 -0.081242703,
                        0 -0.99669433 -0.081242703,
                        0 -0.79383689 -0.60813069,
                        0 -0.79383689 -0.60813069,
                        0 -0.79383689 -0.60813069,
                        0 -0.79383689 -0.60813069,
                        0 -0.62564564 0.78010738,
                        -0 -0.79383689 -0.60813069,
                        0 -0.74997151 0.66147012,
                        0 -0.85214943 0.5232985,
                        0 -0.92916191 0.36967298,
                        0 -0.97873467 0.20513038,
                        0 -0.99940366 0.034529939,
                        -0 -0.99055856 -0.13709024,
                        -0 -0.95246059 -0.3046619,
                        -0 -0.88623476 -0.46323639,
                        -0 -0.79383689 -0.60813069,
                        0 -0.62564564 0.78010738,
                        0 -0.74997151 0.66147012,
                        0 -0.85214943 0.5232985,
                        0 -0.92916191 0.36967298,
                        0 -0.97873467 0.20513038,
                        0 -0.99940366 0.034529939,
                        -0 -0.99055856 -0.13709024,
                        -0 -0.95246059 -0.3046619,
                        -0 -0.88623476 -0.46323639,
                        -0 -0.62564564 0.78010738,
                        -0 -0.62564564 0.78010738,
                        -0 -0.62564564 0.78010738,
                        -0 -0.62564564 0.78010738,
                        -0 0.78010738 0.62564564,
                        -0 0.78010738 0.62564564,
                        -0 0.78010738 0.62564564,
                        -0 0.78010738 0.62564564,
                        1 0 0,
                        1 0 0,
                        1 0 0,
                        1 0 0,
                        1 0 0,
                        1 0 0,
                        1 0 0,
                        1 0 0,
                        1 0 0,
                        1 0 0,
                        1 0 0,
                        1 0 0,
                        1 0 0,
                        1 0 0,
                        1 0 0,
                        1 0 0,
                        1 0 0,
                        1 0 0,
                        1 0 0,
                        1 0 0,
                        1 0 0,
                        1 0 0,
                        1 0 0,
                        1 0 0,
                        1 0 0,
                        1 0 0,
                        1 0 0,
                        1 0 0,
                        -1 -0 -0,
                        -1 -0 -0,
                        -1 -0 -0,
                        -1 -0 -0,
                        -1 -0 -0,
                        -1 -0 -0,
                        -1 -0 -0,
                        -1 -0 -0,
                        -1 -0 -0,
                        -1 -0 -0,
                        -1 -0 -0,
                        -1 -0 -0,
                        -1 -0 -0,
                        -1 -0 -0,
                        -1 -0 -0,
                        -1 -0 -0,
                        -1 -0 -0,
                        -1 -0 -0,
                        -1 -0 -0,
                        -1 -0 -0,
                        -1 -0 -0,
                        -1 -0 -0,
                        -1 -0 -0,
                        -1 -0 -0,
                        -1 -0 -0,
                        -1 -0 -0,
                        -1 -0 -0,
                        -1 -0 -0,
                        -0 0.62564564 -0.78010738,
                        -0 0.62564564 -0.78010738,
                        -0 0.62564564 -0.78010738,
                        -0 0.62564564 -0.78010738,
                        0 0.79383689 0.60813069,
                        0 0.79383689 0.60813069,
                        -0 0.62564564 -0.78010738,
                        -0 0.74997151 -0.66147012,
                        -0 0.85214943 -0.5232985,
                        -0 0.92916191 -0.36967298,
                        -0 0.97873467 -0.20513038,
                        -0 0.99940366 -0.034529939,
                        0 0.99055856 0.13709024,
                        0 0.95246059 0.3046619,
                        0 0.88623476 0.46323639,
                        -0 0.62564564 -0.78010738,
                        -0 0.74997151 -0.66147012,
                        -0 0.85214943 -0.5232985,
                        -0 0.92916191 -0.36967298,
                        -0 0.97873467 -0.20513038,
                        -0 0.99940366 -0.034529939,
                        0 0.99055856 0.13709024,
                        0 0.95246059 0.3046619,
                        0 0.88623476 0.46323639,
                        -0 0.79383689 0.60813069,
                        -0 0.79383689 0.60813069,
                        -0 0.79383689 0.60813069,
                        -0 0.79383689 0.60813069,
                        -0 0.99669433 0.081242703,
                        -0 0.99669433 0.081242703,
                        -0 0.99669433 0.081242703,
                        -0 0.99669433 0.081242703,
                        0 -0.99669433 -0.081242703,
                        0 -0.99669433 -0.081242703,
                        0 -0.99669433 -0.081242703,
                        0 -0.99669433 -0.081242703,
                        0 -0.79383689 -0.60813069,
                        0 -0.79383689 -0.60813069,
                        0 -0.79383689 -0.60813069,
                        0 -0.79383689 -0.60813069,
                        0 -0.62564564 0.78010738,
                        -0 -0.79383689 -0.60813069,
                        0 -0.74997151 0.66147012,
                        0 -0.85214943 0.5232985,
                        0 -0.92916191 0.36967298,
                        0 -0.97873467 0.20513038,
                        0 -0.99940366 0.034529939,
                        -0 -0.99055856 -0.13709024,
                        -0 -0.95246059 -0.3046619,
                        -0 -0.88623476 -0.46323639,
                        -0 -0.79383689 -0.60813069,
                        0 -0.62564564 0.78010738,
                        0 -0.74997151 0.66147012,
                        0 -0.85214943 0.5232985,
                        0 -0.92916191 0.36967298,
                        0 -0.97873467 0.20513038,
                        0 -0.99940366 0.034529939,
                        -0 -0.99055856 -0.13709024,
                        -0 -0.95246059 -0.3046619,
                        -0 -0.88623476 -0.46323639,
                        -0 -0.62564564 0.78010738,
                        -0 -0.62564564 0.78010738,
                        -0 -0.62564564 0.78010738,
                        -0 -0.62564564 0.78010738,
                        -0 0.78010738 0.62564564,
                        -0 0.78010738 0.62564564,
                        -0 0.78010738 0.62564564,
                        -0 0.78010738 0.62564564,
                        -1 -0 -0,
                        -1 -0 -0,
                        -1 -0 -0,
                        -1 -0 -0,
                        1 0 0,
                        1 0 0,
                        1 0 0,
                        1 0 0,
                        0 0 1,
                        0 0 1,
                        0 0 1,
                        0 0 1,
                        0 0 1,
                        0 0 1,
                        0 0 1,
                        0 0 1,
                        0 0 -1,
                        0 0 -1,
                        0 0 -1,
                        0 0 -1,
                        -1 -0 -0,
                        -1 -0 -0,
                        -1 -0 -0,
                        -1 -0 -0,
                        1 0 0,
                        1 0 0,
                        1 0 0,
                        1 0 0,
                        0 0 1,
                        0 0 1,
                        0 0 1,
                        0 0 1,
                        0 0 1,
                        0 0 1,
                        0 0 1,
                        0 0 1,
                        0 0 -1,
                        0 0 -1,
                        0 0 -1,
                        0 0 -1,
                        1 0 0,
                        1 0 0,
                        1 0 0,
                        1 0 0,
                        1 0 0,
                        1 0 0,
                        1 0 0,
                        1 0 0,
                        1 0 0,
                        1 0 0,
                        1 0 0,
                        1 0 0,
                        1 0 0,
                        1 0 0,
                        1 0 0,
                        1 0 0,
                        1 0 0,
                        1 0 0,
                        1 0 0,
                        1 0 0,
                        1 0 0,
                        1 0 0,
                        1 0 0,
                        1 0 0,
                        1 0 0,
                        1 0 0,
                        1 0 0,
                        1 0 0,
                        1 0 0,
                        1 0 0,
                        1 0 0,
                        1 0 0,
                        -1 -0 -0,
                        -1 -0 -0,
                        -1 -0 -0,
                        -1 -0 -0,
                        -1 -0 -0,
                        -1 -0 -0,
                        -1 -0 -0,
                        -1 -0 -0,
                        -1 -0 -0,
                        -1 -0 -0,
                        -1 -0 -0,
                        -1 -0 -0,
                        -1 -0 -0,
                        -1 -0 -0,
                        -1 -0 -0,
                        -1 -0 -0,
                        -1 -0 -0,
                        -1 -0 -0,
                        -1 -0 -0,
                        -1 -0 -0,
                        -1 -0 -0,
                        -1 -0 -0,
                        -1 -0 -0,
                        -1 -0 -0,
                        -1 -0 -0,
                        -1 -0 -0,
                        -1 -0 -0,
                        -1 -0 -0,
                        -0 0.62564564 0.78010738,
                        -0 0.62564564 0.78010738,
                        -0 0.62564564 0.78010738,
                        -0 0.62564564 0.78010738,
                        -0 -0.78010738 0.62564564,
                        -0 -0.78010738 0.62564564,
                        -0 -0.78010738 0.62564564,
                        -0 -0.78010738 0.62564564,
                        0 -0.62564564 -0.78010738,
                        0 -0.62564564 -0.78010738,
                        0 -0.62564564 -0.78010738,
                        0 -0.62564564 -0.78010738,
                        -0 -0.62564564 -0.78010738,
                        -0 -0.62564564 -0.78010738,
                        -0 -0.79383689 0.60813069,
                        -0 -0.88623476 0.46323639,
                        -0 -0.95246059 0.3046619,
                        -0 -0.99055856 0.13709024,
                        -0 -0.99940366 -0.034529939,
                        -0 -0.97873467 -0.20513038,
                        -0 -0.92916191 -0.36967298,
                        -0 -0.85214943 -0.5232985,
                        -0 -0.74997151 -0.66147012,
                        -0 -0.79383689 0.60813069,
                        -0 -0.88623476 0.46323639,
                        -0 -0.95246059 0.3046619,
                        -0 -0.99055856 0.13709024,
                        -0 -0.99940366 -0.034529939,
                        -0 -0.97873467 -0.20513038,
                        -0 -0.92916191 -0.36967298,
                        -0 -0.85214943 -0.5232985,
                        -0 -0.74997151 -0.66147012,
                        -0 -0.79383689 0.60813069,
                        -0 -0.79383689 0.60813069,
                        -0 -0.79383689 0.60813069,
                        -0 -0.79383689 0.60813069,
                        -0 -0.99669433 0.081242703,
                        -0 -0.99669433 0.081242703,
                        -0 -0.99669433 0.081242703,
                        -0 -0.99669433 0.081242703,
                        -0 0.79383689 -0.60813069,
                        -0 0.79383689 -0.60813069,
                        -0 0.79383689 -0.60813069,
                        -0 0.79383689 -0.60813069,
                        0 0.79383689 -0.60813069,
                        0 0.62564564 0.78010738,
                        0 0.88623476 -0.46323639,
                        0 0.95246059 -0.3046619,
                        0 0.99055856 -0.13709024,
                        0 0.99940366 0.034529939,
                        0 0.97873467 0.20513038,
                        0 0.92916191 0.36967298,
                        0 0.85214943 0.5232985,
                        0 0.74997151 0.66147012,
                        0 0.62564564 0.78010738,
                        0 0.79383689 -0.60813069,
                        0 0.88623476 -0.46323639,
                        0 0.95246059 -0.3046619,
                        0 0.99055856 -0.13709024,
                        0 0.99940366 0.034529939,
                        0 0.97873467 0.20513038,
                        0 0.92916191 0.36967298,
                        0 0.85214943 0.5232985,
                        0 0.74997151 0.66147012,
                        -1 -0 -0,
                        -1 -0 -0,
                        -1 -0 -0,
                        -1 -0 -0,
                        -1 -0 -0,
                        -1 -0 -0,
                        -1 -0 -0,
                        -1 -0 -0,
                        -1 -0 -0,
                        -1 -0 -0,
                        -1 -0 -0,
                        -1 -0 -0,
                        -1 -0 -0,
                        -1 -0 -0,
                        -1 -0 -0,
                        -1 -0 -0,
                        -1 -0 -0,
                        -1 -0 -0,
                        -1 -0 -0,
                        -1 -0 -0,
                        -1 -0 -0,
                        -1 -0 -0,
                        -1 -0 -0,
                        -1 -0 -0,
                        -1 -0 -0,
                        -1 -0 -0,
                        -1 -0 -0,
                        -1 -0 -0,
                        1 0 0,
                        1 0 0,
                        1 0 0,
                        1 0 0,
                        1 0 0,
                        1 0 0,
                        1 0 0,
                        1 0 0,
                        1 0 0,
                        1 0 0,
                        1 0 0,
                        1 0 0,
                        1 0 0,
                        1 0 0,
                        1 0 0,
                        1 0 0,
                        1 0 0,
                        1 0 0,
                        1 0 0,
                        1 0 0,
                        1 0 0,
                        1 0 0,
                        1 0 0,
                        1 0 0,
                        1 0 0,
                        1 0 0,
                        1 0 0,
                        1 0 0,
                        -0 0.62564564 0.78010738,
                        -0 0.62564564 0.78010738,
                        -0 0.62564564 0.78010738,
                        -0 0.62564564 0.78010738,
                        -0 -0.78010738 0.62564564,
                        -0 -0.78010738 0.62564564,
                        -0 -0.78010738 0.62564564,
                        -0 -0.78010738 0.62564564,
                        0 -0.62564564 -0.78010738,
                        0 -0.62564564 -0.78010738,
                        0 -0.62564564 -0.78010738,
                        0 -0.62564564 -0.78010738,
                        -0 -0.62564564 -0.78010738,
                        -0 -0.62564564 -0.78010738,
                        -0 -0.79383689 0.60813069,
                        -0 -0.88623476 0.46323639,
                        -0 -0.95246059 0.3046619,
                        -0 -0.99055856 0.13709024,
                        -0 -0.99940366 -0.034529939,
                        -0 -0.97873467 -0.20513038,
                        -0 -0.92916191 -0.36967298,
                        -0 -0.85214943 -0.5232985,
                        -0 -0.74997151 -0.66147012,
                        -0 -0.79383689 0.60813069,
                        -0 -0.88623476 0.46323639,
                        -0 -0.95246059 0.3046619,
                        -0 -0.99055856 0.13709024,
                        -0 -0.99940366 -0.034529939,
                        -0 -0.97873467 -0.20513038,
                        -0 -0.92916191 -0.36967298,
                        -0 -0.85214943 -0.5232985,
                        -0 -0.74997151 -0.66147012,
                        -0 -0.79383689 0.60813069,
                        -0 -0.79383689 0.60813069,
                        -0 -0.79383689 0.60813069,
                        -0 -0.79383689 0.60813069,
                        -0 -0.99669433 0.081242703,
                        -0 -0.99669433 0.081242703,
                        -0 -0.99669433 0.081242703,
                        -0 -0.99669433 0.081242703,
                        -0 0.99669433 -0.081242703,
                        -0 0.99669433 -0.081242703,
                        -0 0.99669433 -0.081242703,
                        -0 0.99669433 -0.081242703,
                        -0 0.79383689 -0.60813069,
                        -0 0.79383689 -0.60813069,
                        -0 0.79383689 -0.60813069,
                        -0 0.79383689 -0.60813069,
                        0 0.79383689 -0.60813069,
                        0 0.62564564 0.78010738,
                        0 0.88623476 -0.46323639,
                        0 0.95246059 -0.3046619,
                        0 0.99055856 -0.13709024,
                        0 0.99940366 0.034529939,
                        0 0.97873467 0.20513038,
                        0 0.92916191 0.36967298,
                        0 0.85214943 0.5232985,
                        0 0.74997151 0.66147012,
                        0 0.62564564 0.78010738,
                        0 0.79383689 -0.60813069,
                        0 0.88623476 -0.46323639,
                        0 0.95246059 -0.3046619,
                        0 0.99055856 -0.13709024,
                        0 0.99940366 0.034529939,
                        0 0.97873467 0.20513038,
                        0 0.92916191 0.36967298,
                        0 0.85214943 0.5232985,
                        0 0.74997151 0.66147012,
                        -1 -0 -0,
                        -1 -0 -0,
                        -1 -0 -0,
                        -1 -0 -0,
                        -1 -0 -0,
                        -1 -0 -0,
                        -1 -0 -0,
                        -1 -0 -0,
                        -1 -0 -0,
                        -1 -0 -0,
                        -1 -0 -0,
                        -1 -0 -0,
                        -1 -0 -0,
                        -1 -0 -0,
                        -1 -0 -0,
                        -1 -0 -0,
                        -1 -0 -0,
                        -1 -0 -0,
                        -1 -0 -0,
                        -1 -0 -0,
                        -1 -0 -0,
                        -1 -0 -0,
                        -1 -0 -0,
                        -1 -0 -0,
                        -1 -0 -0,
                        -1 -0 -0,
                        -1 -0 -0,
                        -1 -0 -0,
                        1 0 0,
                        1 0 0,
                        1 0 0,
                        1 0 0,
                        1 0 0,
                        1 0 0,
                        1 0 0,
                        1 0 0,
                        1 0 0,
                        1 0 0,
                        1 0 0,
                        1 0 0,
                        1 0 0,
                        1 0 0,
                        1 0 0,
                        1 0 0,
                        1 0 0,
                        1 0 0,
                        1 0 0,
                        1 0 0,
                        1 0 0,
                        1 0 0,
                        1 0 0,
                        1 0 0,
                        1 0 0,
                        1 0 0,
                        1 0 0,
                        1 0 0,
                        0 -0 1,
                        0 -0 1,
                        0 -0 1,
                        0 -0 1,
                        0 0 -1,
                        0 0 -1,
                        0 0 -1,
                        0 0 -1,
                        0 0 -1,
                        0 0 -1,
                        0 0 -1,
                        0 0 -1,
                        0 1 -0,
                        0 1 -0,
                        0 1 -0,
                        0 1 -0,
                        -0 -1 0,
                        -0 -1 0,
                        -0 -1 0,
                        -0 -1 0,
                        0 -0 1,
                        0 -0 1,
                        0 -0 1,
                        0 -0 1,
                        0 0 -1,
                        0 0 -1,
                        0 0 -1,
                        0 0 -1,
                        0 0 -1,
                        0 0 -1,
                        0 0 -1,
                        0 0 -1,
                        0 1 -0,
                        0 1 -0,
                        0 1 -0,
                        0 1 -0,
                        -0 -1 0,
                        -0 -1 0,
                        -0 -1 0,
                        -0 -1 0,
                        -0.99361134 0 -0.11285639,
                        -0.99361134 0 -0.11285639,
                        -0.99361134 0 -0.11285639,
                        -0.99361134 0 -0.11285639,
                        0.99361134 -0 0.11285639,
                        0.99361134 -0 0.11285639,
                        0.99361134 -0 0.11285639,
                        0.99361134 -0 0.11285639,
                        0.99519521 0 0.097910665,
                        0.99383926 0 -0.1108313,
                        0.99959791 0 0.028354902,
                        0.99914521 0 -0.041338596,
                        0.99383926 0 -0.1108313,
                        0.99519521 0 0.097910665,
                        0.99959791 0 0.028354902,
                        0.99914521 0 -0.041338596,
                        0.99383926 -0 -0.1108313,
                        0.99383926 -0 -0.1108313,
                        0.99383926 -0 -0.1108313,
                        0.99383926 -0 -0.1108313,
                        -0.1108313 0 -0.99383926,
                        -0.1108313 0 -0.99383926,
                        -0.1108313 0 -0.99383926,
                        -0.1108313 0 -0.99383926,
                        -0.99383926 -0 0.1108313,
                        -0.99383926 -0 0.1108313,
                        -0.99383926 -0 0.1108313,
                        -0.99383926 -0 0.1108313,
                        -0.99383926 -0 0.1108313,
                        -0.99383926 -0 0.1108313,
                        -0.99525654 -0 -0.097285517,
                        -0.99960971 -0 -0.027936302,
                        -0.99913651 -0 0.041547798,
                        -0.99525654 -0 -0.097285517,
                        -0.99960971 -0 -0.027936302,
                        -0.99913651 -0 0.041547798,
                        -0 -1 -0,
                        -0 -1 -0,
                        -0 -1 -0,
                        -0 -1 -0,
                        -0 -1 -0,
                        -0 -1 -0,
                        -0 -1 -0,
                        -0 -1 -0,
                        -0 -1 -0,
                        -0 -1 -0,
                        -0 -1 -0,
                        -0 -1 -0,
                        -0 -1 -0,
                        0 1 0,
                        0 1 0,
                        0 1 0,
                        0 1 0,
                        0 1 0,
                        0 1 0,
                        0 1 0,
                        0 1 0,
                        0 1 0,
                        0 1 0,
                        0 1 0,
                        0 1 0,
                        0 1 0,
                        -0.99383926 0 -0.1108313,
                        -0.99383926 0 -0.1108313,
                        -0.99383926 0 -0.1108313,
                        -0.99383926 0 -0.1108313,
                        -0.99383926 0 -0.1108313,
                        -0.99519521 -0 0.097910665,
                        -0.99914521 0 -0.041338596,
                        -0.99959791 -0 0.028354902,
                        -0.99519521 -0 0.097910665,
                        -0.99383926 0 -0.1108313,
                        -0.99914521 0 -0.041338596,
                        -0.99959791 -0 0.028354902,
                        -0.99361134 -0 0.11285639,
                        -0.99361134 -0 0.11285639,
                        -0.99361134 -0 0.11285639,
                        -0.99361134 -0 0.11285639,
                        0.99361134 -0 -0.11285639,
                        0.99361134 -0 -0.11285639,
                        0.99361134 -0 -0.11285639,
                        0.99361134 -0 -0.11285639,
                        0.99525654 0 -0.097285517,
                        0.99525654 0 -0.097285517,
                        0.99383926 -0 0.1108313,
                        0.99913651 -0 0.041547798,
                        0.99960971 0 -0.027936302,
                        0.99383926 -0 0.1108313,
                        0.99913651 -0 0.041547798,
                        0.99960971 0 -0.027936302,
                        0.99383926 -0 0.1108313,
                        0.99383926 -0 0.1108313,
                        0.99383926 -0 0.1108313,
                        0.99383926 -0 0.1108313,
                        0.1108313 -0 -0.99383926,
                        0.1108313 -0 -0.99383926,
                        0.1108313 -0 -0.99383926,
                        0.1108313 -0 -0.99383926,
                        -0 -1 -0,
                        -0 -1 -0,
                        -0 -1 -0,
                        -0 -1 -0,
                        -0 -1 -0,
                        -0 -1 -0,
                        -0 -1 -0,
                        -0 -1 -0,
                        -0 -1 -0,
                        -0 -1 -0,
                        -0 -1 -0,
                        -0 -1 -0,
                        -0 -1 -0,
                        0 1 0,
                        0 1 0,
                        0 1 0,
                        0 1 0,
                        0 1 0,
                        0 1 0,
                        0 1 0,
                        0 1 0,
                        0 1 0,
                        0 1 0,
                        0 1 0,
                        0 1 0,
                        0 1 0,
                        1 -0 -0,
                        1 -0 -0,
                        1 -0 -0,
                        1 -0 -0,
                        1 -0 -0,
                        1 -0 -0,
                        1 -0 -0,
                        1 -0 -0,
                        1 1.2246469e-16 -0,
                        1 1.2246469e-16 -0,
                        -6.1232343e-17 1 -0,
                        0.98480773 0.17364818 -0,
                        0.93969262 0.34202015 -0,
                        0.86602539 0.5 -0,
                        0.76604444 0.64278764 -0,
                        0.64278764 0.76604444 -0,
                        0.5 0.86602539 -0,
                        0.34202015 0.93969262 -0,
                        0.17364818 0.98480773 -0,
                        -6.1232343e-17 1 -0,
                        0.98480773 0.17364818 -0,
                        0.93969262 0.34202015 -0,
                        0.86602539 0.5 -0,
                        0.76604444 0.64278764 -0,
                        0.64278764 0.76604444 -0,
                        0.5 0.86602539 -0,
                        0.34202015 0.93969262 -0,
                        0.17364818 0.98480773 -0,
                        1.8369701e-16 -1 -0,
                        1.8369701e-16 -1 -0,
                        1 1.2246469e-16 -0,
                        0.17364818 -0.98480773 -0,
                        0.34202015 -0.93969262 -0,
                        0.5 -0.86602539 -0,
                        0.64278764 -0.76604444 -0,
                        0.76604444 -0.64278764 -0,
                        0.86602539 -0.5 -0,
                        0.93969262 -0.34202015 -0,
                        0.98480773 -0.17364818 -0,
                        1 1.2246469e-16 -0,
                        0.17364818 -0.98480773 -0,
                        0.34202015 -0.93969262 -0,
                        0.5 -0.86602539 -0,
                        0.64278764 -0.76604444 -0,
                        0.76604444 -0.64278764 -0,
                        0.86602539 -0.5 -0,
                        0.93969262 -0.34202015 -0,
                        0.98480773 -0.17364818 -0,
                        0 -0 -1,
                        0 -0 -1,
                        0 -0 -1,
                        0 -0 -1,
                        0 1 -0,
                        0 1 -0,
                        0 1 -0,
                        0 1 -0,
                        -1 1.6212369e-15 0,
                        -1 1.6212369e-15 0,
                        -1 1.6212369e-15 0,
                        -1 1.6212369e-15 0,
                        0 1 -0,
                        0 1 -0,
                        0 1 -0,
                        0 1 -0,
                        1 0 0,
                        1 0 0,
                        1 0 0,
                        1 0 0,
                        0 1 -0,
                        0 1 -0,
                        0 1 -0,
                        0 1 -0,
                        1 0 0,
                        1 0 0,
                        1 0 0,
                        1 0 0,
                        0 -1 0,
                        0 -1 0,
                        0 -1 0,
                        0 -1 0,
                        1 -1.6212369e-15 0,
                        1 -1.6212369e-15 0,
                        1 -1.6212369e-15 0,
                        1 -1.6212369e-15 0,
                        9.6631206e-18 -1 0,
                        9.6631206e-18 -1 0,
                        9.6631206e-18 -1 0,
                        9.6631206e-18 -1 0,
                        -1 0 0,
                        -1 0 0,
                        -1 0 0,
                        -1 0 0,
                        0 -1 0,
                        0 -1 0,
                        0 -1 0,
                        0 -1 0,
                        -1 0 0,
                        -1 0 0,
                        -1 0 0,
                        -1 0 0,
                        0 -0.036991857 0.99931556,
                        0 -0.036991857 0.99931556,
                        0 -0.036991857 0.99931556,
                        0 -0.036991857 0.99931556,
                        0 -0.036991857 0.99931556,
                        0 -0.036991857 0.99931556,
                        0 -0.036991857 0.99931556,
                        0 -0.036991857 0.99931556,
                        0 -0.036991857 0.99931556,
                        0 -0.036991857 0.99931556,
                        0 -0.036991857 0.99931556,
                        0 -0.036991857 0.99931556,
                        0 -0.036991857 0.99931556,
                        0 -0.036991857 0.99931556,
                        0 -0.036991857 0.99931556,
                        0 -0.036991857 0.99931556,
                        0 -0.036991857 0.99931556,
                        0 -0.036991857 0.99931556,
                        0 -0.036991857 0.99931556,
                        0 -0.036991857 0.99931556,
                        0 -0.036991857 0.99931556,
                        0 -0.036991857 0.99931556,
                        0 -0.036991857 0.99931556,
                        0 -0.036991857 0.99931556,
                        0 -0.036991857 0.99931556,
                        0 -0.036991857 0.99931556,
                        -0 -0.036991857 -0.99931556,
                        -0 -0.036991857 -0.99931556,
                        -0 -0.6631496 -0.74848688,
                        -0 -0.2632021 -0.96474069,
                        -0 -0.45533234 -0.89032155,
                        -0 -0.56371957 -0.82596624,
                        0 -1 6.1232343e-17,
                        -0 -0.76173174 -0.64789253,
                        -0 -0.84520292 -0.53444552,
                        -0 -0.91190726 -0.41039637,
                        -0 -0.95650446 -0.29171762,
                        -0 -0.98351222 -0.18084164,
                        -0 -0.99586952 -0.090795852,
                        -0 -0.99184263 -0.1274686,
                        -0 -0.96750349 -0.25285757,
                        -0 -0.92737979 -0.37412122,
                        -0 -0.8721261 -0.48928118,
                        -0 -0.80264384 -0.59645861,
                        -0 -0.72006661 -0.69390494,
                        -0 -0.62574166 -0.78003037,
                        -0 -0.52120787 -0.85342979,
                        -0 -0.40817067 -0.91290563,
                        -0 -0.28847426 -0.95748764,
                        -0 -0.16407146 -0.98644847,
                        0 -0.036991857 -0.99931556,
                        0 -0.036991857 -0.99931556,
                        0 -0.036991857 -0.99931556,
                        0 -0.036991857 -0.99931556,
                        0 -0.036991857 -0.99931556,
                        0 -0.036991857 -0.99931556,
                        0 -0.036991857 -0.99931556,
                        0 -0.036991857 -0.99931556,
                        0 -0.036991857 -0.99931556,
                        0 -0.036991857 -0.99931556,
                        0 -0.036991857 -0.99931556,
                        0 -0.036991857 -0.99931556,
                        0 -0.036991857 -0.99931556,
                        0 -0.036991857 -0.99931556,
                        0 -0.036991857 -0.99931556,
                        0 -0.036991857 -0.99931556,
                        0 -0.036991857 -0.99931556,
                        0 -0.036991857 -0.99931556,
                        0 -0.036991857 -0.99931556,
                        0 -0.036991857 -0.99931556,
                        0 -0.036991857 -0.99931556,
                        0 -0.036991857 -0.99931556,
                        0 -0.036991857 -0.99931556,
                        0 -0.036991857 -0.99931556,
                        0 -0.036991857 -0.99931556,
                        0 -0.036991857 -0.99931556,
                        -0 0 1,
                        -0 0 1,
                        -0 0 1,
                        -0 0 1,
                        0 0 1,
                        0 0 1,
                        0 0 1,
                        0 0 1,
                        0 0 1,
                        0 0 1,
                        0 0 1,
                        0 0 1,
                        0 0 1,
                        0 0 1,
                        0 0 1,
                        0 0 1,
                        0 0 1,
                        -1 -1.2246469e-16 0,
                        6.1232343e-17 -1 0,
                        -0.98480773 -0.17364818 0,
                        -0.93969262 -0.34202015 0,
                        -0.86602539 -0.5 0,
                        -0.76604444 -0.64278764 0,
                        -0.64278764 -0.76604444 0,
                        -0.5 -0.86602539 0,
                        -0.34202015 -0.93969262 0,
                        -0.17364818 -0.98480773 0,
                        -1 -1.2246469e-16 0,
                        6.1232343e-17 -1 0,
                        -0.98480773 -0.17364818 0,
                        -0.93969262 -0.34202015 0,
                        -0.86602539 -0.5 0,
                        -0.76604444 -0.64278764 0,
                        -0.64278764 -0.76604444 0,
                        -0.5 -0.86602539 0,
                        -0.34202015 -0.93969262 0,
                        -0.17364818 -0.98480773 0,
                        -1 -0 -0,
                        -1 -0 -0,
                        -1 -0 -0,
                        -1 -0 -0,
                        1 -0 -0,
                        1 -0 -0,
                        1 -0 -0,
                        1 -0 -0,
                        -0 -1 0,
                        -0 -1 0,
                        -0 -1 0,
                        -0 -1 0,
                        -0 -1 0,
                        -0 -1 0,
                        -0 -1 0,
                        -0 -1 0,
                        -0 -1 0,
                        -0 -1 0,
                        -0 -1 0,
                        -0 -1 0,
                        -0 -1 0,
                        -0 -1 0,
                        -0 -1 0,
                        -0 -1 0,
                        -0 -1 0,
                        -0 -1 0,
                        -0 -1 0,
                        -0 -1 0,
                        -0 -1 0,
                        6.1232343e-17 -1 0,
                        1 0 -0,
                        0.17364818 -0.98480773 0,
                        0.34202015 -0.93969262 0,
                        0.5 -0.86602539 0,
                        0.64278764 -0.76604444 0,
                        0.76604444 -0.64278764 0,
                        0.86602539 -0.5 0,
                        0.93969262 -0.34202015 0,
                        0.98480773 -0.17364818 0,
                        6.1232343e-17 -1 0,
                        1 0 -0,
                        0.17364818 -0.98480773 0,
                        0.34202015 -0.93969262 0,
                        0.5 -0.86602539 0,
                        0.64278764 -0.76604444 0,
                        0.76604444 -0.64278764 0,
                        0.86602539 -0.5 0,
                        0.93969262 -0.34202015 0,
                        0.98480773 -0.17364818 0,
                        0 0 1,
                        0 0 1,
                        0 0 1,
                        0 0 1,
                        0 0 1,
                        0 0 1,
                        0 0 1,
                        0 0 1,
                        0 0 1,
                        0 0 1,
                        0 0 1,
                        0 0 1,
                        0 0 1,
                        0 0 1,
                        0 0 1,
                        0 0 1,
                        0 0 1,
                        0 0 1,
                        0 0 1,
                        0 0 1,
                        0 0 1,
                        0 0 1,
                        0 0 1,
                        0 0 1,
                        0 0 1,
                        0 0 1,
                        0 0 1,
                        0 0 1,
                        0 0 1,
                        0 0 1,
                        0 0 1,
                        0 0 1,
                        0 0 1,
                        0 0 1,
                        0 0 1,
                        0 0 1,
                        0 0 1,
                        0 0 1,
                        0 0 1,
                        0 0 1,
                        0 0 1,
                        0 0 1,
                        0 0 1,
                        0 0 1,
                        0 0 1,
                        0 0 1,
                        0 0 1,
                        0 0 1,
                        0 0 1,
                        0 0 1,
                        0 0 1,
                        0 0 1,
                        0 0 1,
                        0 0 1,
                        0 0 1,
                        0 0 1,
                        0 0 1,
                        0 0 1,
                        0 0 1,
                        0 0 1,
                        0 0 1,
                        0 0 1,
                        0 0 1,
                        0 0 1,
                        0 0 1,
                        0 0 1,
                        0 0 1,
                        0 0 1,
                        0 0 1,
                        0 0 1,
                        0 0 1,
                        0 0 1,
                        0 0 1,
                        0 0 1,
                        0 0 1,
                        0 0 1,
                        0 0 1,
                        0 0 1,
                        0 0 1,
                        0 0 1,
                        0 0 1,
                        0 0 1,
                        0 0 1,
                        0 0 1,
                        0 0 1,
                        0 0 1,
                        0 0 1,
                        0 0 1,
                        0 0 1,
                        0 0 1,
                        0 0 1,
                        0 0 1,
                        0 0 1,
                        0 0 1,
                        0 0 1,
                        0 0 1,
                        -0 -0 -1,
                        -0 -0 -1,
                        -0 -0 -1,
                        -0 -0 -1,
                        -0 -0 -1,
                        -0 -0 -1,
                        -0 -0 -1,
                        -0 -0 -1,
                        -0 -0 -1,
                        -0 -0 -1,
                        -0 -0 -1,
                        -0 -0 -1,
                        -0 -0 -1,
                        -0 -0 -1,
                        -0 -0 -1,
                        -0 -0 -1,
                        -0 -0 -1,
                        -0 -0 -1,
                        -0 -0 -1,
                        -0 -0 -1,
                        -0 -0 -1,
                        -0 -0 -1,
                        -0 -0 -1,
                        -1 -0 0,
                        -1 -0 0,
                        -1 -0 0,
                        -1 -0 0,
                        -1 -0 0,
                        -1 -0 0,
                        -1 -0 0,
                        -1 -0 0,
                        -1 -0 0,
                        -1 -0 0,
                        -1 -0 0,
                        -1 -0 0,
                        -1 -0 0,
                        -1 -0 0,
                        -1 -0 0,
                        -1 -0 0,
                        -1 -0 0,
                        -1 -0 0,
                        -1 -0 0,
                        -1 -0 0,
                        1.8369701e-16 1 0,
                        -1 2.4492937e-16 0,
                        -0.17364818 0.98480773 0,
                        -0.34202015 0.93969262 0,
                        -0.5 0.86602539 0,
                        -0.64278764 0.76604444 0,
                        -0.76604444 0.64278764 0,
                        -0.86602539 0.5 0,
                        -0.93969262 0.34202015 0,
                        -0.98480773 0.17364818 0,
                        -1 2.4492937e-16 0,
                        1.8369701e-16 1 0,
                        -0.17364818 0.98480773 0,
                        -0.34202015 0.93969262 0,
                        -0.5 0.86602539 0,
                        -0.64278764 0.76604444 0,
                        -0.76604444 0.64278764 0,
                        -0.86602539 0.5 0,
                        -0.93969262 0.34202015 0,
                        -0.98480773 0.17364818 0,
                        -0 1 -0,
                        -0 1 -0,
                        -0 1 -0,
                        -0 1 -0,
                        -0 1 -0,
                        -0 1 -0,
                        -0 1 -0,
                        -0 1 -0,
                        -0 1 -0,
                        -0 1 -0,
                        -0 1 -0,
                        -0 1 -0,
                        -0 1 -0,
                        -0 1 -0,
                        -0 1 -0,
                        -0 1 -0,
                        -0 1 -0,
                        -0 1 -0,
                        -0 1 -0,
                        -0 1 -0,
                        -0 1 -0,
                        1 -1.2246469e-16 -0,
                        1.8369701e-16 1 0,
                        0.98480773 0.17364818 0,
                        0.93969262 0.34202015 0,
                        0.86602539 0.5 0,
                        0.76604444 0.64278764 0,
                        0.64278764 0.76604444 0,
                        0.5 0.86602539 0,
                        0.34202015 0.93969262 0,
                        0.17364818 0.98480773 0,
                        1.8369701e-16 1 0,
                        1 -1.2246469e-16 -0,
                        0.98480773 0.17364818 0,
                        0.93969262 0.34202015 0,
                        0.86602539 0.5 0,
                        0.76604444 0.64278764 0,
                        0.64278764 0.76604444 0,
                        0.5 0.86602539 0,
                        0.34202015 0.93969262 0,
                        0.17364818 0.98480773 0,
                        1 -0 -0,
                        1 -0 -0,
                        1 -0 -0,
                        1 -0 -0,
                        1 -0 -0,
                        1 -0 -0,
                        1 -0 -0,
                        1 -0 -0,
                        1 -0 -0,
                        1 -0 -0,
                        1 -0 -0,
                        1 -0 -0,
                        1 -0 -0,
                        1 -0 -0,
                        1 -0 -0,
                        1 -0 -0,
                        1 -0 -0,
                        1 -0 -0,
                        1 -0 -0,
                        1 -0 -0,
                        0.84600049 0.53318214 -0,
                        0.84600049 0.53318214 -0,
                        0.84600049 0.53318214 -0,
                        0.84600049 0.53318214 -0,
                        0.84600049 0.53318214 -0,
                        0.84600049 0.53318214 0,
                        0.72926879 -0.68422735 -0,
                        0.92009413 0.39169729 0,
                        0.9707182 0.24022104 0,
                        0.99658138 0.082617283 0,
                        0.99702382 -0.077093869 -0,
                        0.97203439 -0.23483852 -0,
                        0.92225045 -0.38659292 -0,
                        0.84894186 -0.52848619 -0,
                        0.79293823 -0.60930198 -0,
                        0.84600049 0.53318214 0,
                        0.72926879 -0.68422735 -0,
                        0.82889789 -0.5593999 -0,
                        0.90738362 -0.4203034 -0,
                        0.96272397 -0.27048585 -0,
                        0.99350727 -0.11376881 -0,
                        0.99894834 0.045850243 0,
                        0.97890836 0.20429975 0,
                        0.93389857 0.35753801 0,
                        0.89427227 0.44752333 0,
                        0.72926879 -0.68422735 -0,
                        0.72926879 -0.68422735 -0,
                        0.72926879 -0.68422735 -0,
                        0.72926879 -0.68422735 -0,
                        0.72926879 -0.68422735 -0,
                        0.72926879 -0.68422735 -0,
                        0.72926879 -0.68422735 -0,
                        0.72926879 -0.68422735 -0,
                        0.72926879 -0.68422735 -0,
                        0.72926879 -0.68422735 -0,
                        0.72926879 -0.68422735 -0,
                        0.72926879 -0.68422735 -0,
                        0.72926879 -0.68422735 -0,
                        0.72926879 -0.68422735 -0,
                        0.72926879 -0.68422735 -0,
                        0.72926879 -0.68422735 -0,
                        0.72926879 -0.68422735 -0,
                        0.72926879 -0.68422735 -0,
                        0.72926879 -0.68422735 -0,
                        0.72926879 -0.68422735 -0,
                        0.72926879 -0.68422735 -0,
                        0.72926879 -0.68422735 -0,
                        0.72926879 -0.68422735 -0,
                        0.72926879 -0.68422735 -0,
                        0.72926879 -0.68422735 -0,
                        0.72926879 -0.68422735 -0,
                        -0.68422735 -0.72926879 0,
                        -0.68422735 -0.72926879 0,
                        -0.68422735 -0.72926879 0,
                        -0.68422735 -0.72926879 0,
                        -0.68422735 -0.72926879 0,
                        -0.68422735 -0.72926879 0,
                        -0.68422735 -0.72926879 0,
                        -0.68422735 -0.72926879 0,
                        -0.68422735 -0.72926879 0,
                        -0.68422735 -0.72926879 0,
                        -0.68422735 -0.72926879 0,
                        -0.68422735 -0.72926879 0,
                        -0.68422735 -0.72926879 0,
                        -0.68422735 -0.72926879 0,
                        -0.68422735 -0.72926879 0,
                        -0.68422735 -0.72926879 0,
                        -0.68422735 -0.72926879 0,
                        -0.72926879 0.68422735 -0,
                        -0.72926879 0.68422735 -0,
                        -0.72926879 0.68422735 -0,
                        -0.72926879 0.68422735 -0,
                        -0.72926879 0.68422735 -0,
                        -0.72926879 0.68422735 -0,
                        -0.72926879 0.68422735 -0,
                        -0.72926879 0.68422735 -0,
                        -0.72926879 0.68422735 -0,
                        -0.72926879 0.68422735 -0,
                        -0.72926879 0.68422735 -0,
                        -0.72926879 0.68422735 -0,
                        -0.72926879 0.68422735 -0,
                        -0.72926879 0.68422735 0,
                        -0.84600049 -0.53318214 -0,
                        -0.82889789 0.5593999 0,
                        -0.90738362 0.4203034 0,
                        -0.96272397 0.27048585 0,
                        -0.99350727 0.11376881 0,
                        -0.99894834 -0.045850243 -0,
                        -0.97890836 -0.20429975 -0,
                        -0.93389857 -0.35753801 -0,
                        -0.89427227 -0.44752333 -0,
                        -0.72926879 0.68422735 0,
                        -0.84600049 -0.53318214 -0,
                        -0.92009413 -0.39169729 -0,
                        -0.9707182 -0.24022104 -0,
                        -0.99658138 -0.082617283 -0,
                        -0.99702382 0.077093869 0,
                        -0.97203439 0.23483852 0,
                        -0.92225045 0.38659292 0,
                        -0.84894186 0.52848619 0,
                        -0.79293823 0.60930198 0,
                        -0.84600049 -0.53318214 0,
                        -0.84600049 -0.53318214 0,
                        -0.84600049 -0.53318214 0,
                        -0.84600049 -0.53318214 0,
                        -0.84600049 -0.53318214 0,
                        -1 1.217983e-14 -0,
                        -1 1.217983e-14 -0,
                        -1 1.217983e-14 -0,
                        -1 1.217983e-14 -0,
                        -1 1.217983e-14 -0,
                        -0 -1 -0,
                        -0 -1 -0,
                        -0 -1 -0,
                        -0 -1 -0,
                        -0 -1 -0,
                        -0 -1 -0,
                        -0 -1 -0,
                        -0 -1 -0,
                        -0 -1 -0,
                        -0 -1 -0,
                        -0 -1 -0,
                        -0 -1 -0,
                        -0 -1 -0,
                        -0 -1 -0,
                        -0 -1 -0,
                        -0 -1 -0,
                        -0 -1 -0,
                        1 -0 -0,
                        1 -0 -0,
                        1 -0 -0,
                        1 -0 -0,
                        1 -0 -0,
                        0.84600049 -0.53318214 -0,
                        0.84600049 -0.53318214 -0,
                        0.84600049 -0.53318214 -0,
                        0.84600049 -0.53318214 -0,
                        0.84600049 -0.53318214 -0,
                        0.84600049 -0.53318214 -0,
                        0.72926879 0.68422735 -0,
                        0.92009413 -0.39169729 -0,
                        0.9707182 -0.24022104 -0,
                        0.99658138 -0.082617283 -0,
                        0.99702382 0.077093869 -0,
                        0.97203439 0.23483852 -0,
                        0.92225045 0.38659292 -0,
                        0.84894186 0.52848619 -0,
                        0.79293823 0.60930198 -0,
                        0.84600049 -0.53318214 -0,
                        0.72926879 0.68422735 -0,
                        0.82889789 0.5593999 -0,
                        0.90738362 0.4203034 -0,
                        0.96272397 0.27048585 -0,
                        0.99350727 0.11376881 -0,
                        0.99894834 -0.045850243 -0,
                        0.97890836 -0.20429975 -0,
                        0.93389857 -0.35753801 -0,
                        0.89427227 -0.44752333 -0,
                        0.72926879 0.68422735 -0,
                        0.72926879 0.68422735 -0,
                        0.72926879 0.68422735 -0,
                        0.72926879 0.68422735 -0,
                        0.72926879 0.68422735 -0,
                        0.72926879 0.68422735 -0,
                        0.72926879 0.68422735 -0,
                        0.72926879 0.68422735 -0,
                        0.72926879 0.68422735 -0,
                        0.72926879 0.68422735 -0,
                        0.72926879 0.68422735 -0,
                        0.72926879 0.68422735 -0,
                        0.72926879 0.68422735 -0,
                        0.68422735 -0.72926879 -0,
                        0.68422735 -0.72926879 -0,
                        0.68422735 -0.72926879 -0,
                        0.68422735 -0.72926879 -0,
                        0.68422735 -0.72926879 -0,
                        0.68422735 -0.72926879 -0,
                        0.68422735 -0.72926879 -0,
                        0.68422735 -0.72926879 -0,
                        0.68422735 -0.72926879 -0,
                        0.68422735 -0.72926879 -0,
                        0.68422735 -0.72926879 -0,
                        0.68422735 -0.72926879 -0,
                        0.68422735 -0.72926879 -0,
                        0.68422735 -0.72926879 -0,
                        0.68422735 -0.72926879 -0,
                        0.68422735 -0.72926879 -0,
                        0.68422735 -0.72926879 -0,
                        -0.72926879 -0.68422735 0,
                        -0.72926879 -0.68422735 0,
                        -0.72926879 -0.68422735 0,
                        -0.72926879 -0.68422735 0,
                        -0.72926879 -0.68422735 0,
                        -0.72926879 -0.68422735 0,
                        -0.72926879 -0.68422735 0,
                        -0.72926879 -0.68422735 0,
                        -0.72926879 -0.68422735 0,
                        -0.72926879 -0.68422735 0,
                        -0.72926879 -0.68422735 0,
                        -0.72926879 -0.68422735 0,
                        -0.72926879 -0.68422735 0,
                        -0.72926879 -0.68422735 0,
                        -0.72926879 -0.68422735 0,
                        -0.72926879 -0.68422735 0,
                        -0.72926879 -0.68422735 0,
                        -0.72926879 -0.68422735 0,
                        -0.72926879 -0.68422735 0,
                        -0.72926879 -0.68422735 0,
                        -0.72926879 -0.68422735 0,
                        -0.72926879 -0.68422735 0,
                        -0.72926879 -0.68422735 0,
                        -0.72926879 -0.68422735 0,
                        -0.72926879 -0.68422735 0,
                        -0.72926879 -0.68422735 0,
                        -0.72926879 -0.68422735 0,
                        -0.84600049 0.53318214 0,
                        -0.82889789 -0.5593999 0,
                        -0.90738362 -0.4203034 0,
                        -0.96272397 -0.27048585 0,
                        -0.99350727 -0.11376881 0,
                        -0.99894834 0.045850243 0,
                        -0.97890836 0.20429975 0,
                        -0.93389857 0.35753801 0,
                        -0.89427227 0.44752333 0,
                        -0.72926879 -0.68422735 0,
                        -0.84600049 0.53318214 0,
                        -0.92009413 0.39169729 0,
                        -0.9707182 0.24022104 0,
                        -0.99658138 0.082617283 0,
                        -0.99702382 -0.077093869 0,
                        -0.97203439 -0.23483852 0,
                        -0.92225045 -0.38659292 0,
                        -0.84894186 -0.52848619 0,
                        -0.79293823 -0.60930198 0,
                        -0.84600049 0.53318214 -0,
                        -0.84600049 0.53318214 -0,
                        -0.84600049 0.53318214 -0,
                        -0.84600049 0.53318214 -0,
                        -0.84600049 0.53318214 -0,
                        0 -0 -1,
                        0 -0 -1,
                        0 -0 -1,
                        0 -0 -1,
                        0 -0 -1,
                        0 -0 -1,
                        0 -0 -1,
                        0 -0 -1,
                        0 -0 -1,
                        0 -0 -1,
                        0 -0 -1,
                        0 -0 -1,
                        -0 -0.036991857 -0.99931556,
                        -0 -0.036991857 -0.99931556,
                        0 -1 6.1232343e-17,
                        -0 -0.26390615 -0.96454835,
                        -0 -0.45656651 -0.88968927,
                        -0 -0.61350262 -0.7896927,
                        -0 -0.74919415 -0.66235042,
                        -0 -0.84027654 -0.54215801,
                        -0 -0.90761197 -0.41981006,
                        -0 -0.95724618 -0.28927451,
                        -0 -0.98597491 -0.16689378,
                        -0 -0.99648756 -0.083741024,
                        -0 -0.6631496 -0.74848688,
                        -0 -0.99348855 -0.11393201,
                        -0 -0.97403902 -0.2263803,
                        -0 -0.9419046 -0.33588046,
                        -0 -0.89750391 -0.44100648,
                        -0 -0.84141511 -0.5403893,
                        -0 -0.77436864 -0.63273472,
                        -0 -0.72108555 -0.69284606,
                        -0 -0.51349592 -0.85809201,
                        -0 -0.34617308 -0.93817067,
                        -0 -0.19400649 -0.98100024,
                        0 -0.036991857 -0.99931556,
                        0 -0.036991857 -0.99931556,
                        0 -0.036991857 -0.99931556,
                        0 -0.036991857 -0.99931556,
                        0 -0.036991857 -0.99931556,
                        0 -0.036991857 -0.99931556,
                        0 -0.036991857 -0.99931556,
                        0 -0.036991857 -0.99931556,
                        0 -0.036991857 -0.99931556,
                        0 -0.036991857 -0.99931556,
                        0 -0.036991857 -0.99931556,
                        0 -0.036991857 -0.99931556,
                        0 -0.036991857 -0.99931556,
                        0 -0.036991857 -0.99931556,
                        0 -0.036991857 -0.99931556,
                        0 -0.036991857 -0.99931556,
                        0 -0.036991857 -0.99931556,
                        0 -0.036991857 -0.99931556,
                        0 -0.036991857 -0.99931556,
                        0 -0.036991857 -0.99931556,
                        0 -0.036991857 -0.99931556,
                        0 -0.036991857 -0.99931556,
                        0 -0.036991857 -0.99931556,
                        0 -0.036991857 -0.99931556,
                        0 -0.036991857 -0.99931556,
                        0 -0.036991857 -0.99931556,
                        0 -0.6631496 0.74848688,
                        0 -0.036991857 0.99931556,
                        0 -0.51349592 0.85809201,
                        0 -0.34617308 0.93817067,
                        0 -0.19400649 0.98100024,
                        0 -0.036991857 0.99931556,
                        0 -1 6.1232343e-17,
                        0 -0.26390615 0.96454835,
                        0 -0.45656651 0.88968927,
                        0 -0.61350262 0.7896927,
                        0 -0.74919415 0.66235042,
                        0 -0.84027654 0.54215801,
                        0 -0.90761197 0.41981006,
                        0 -0.95724618 0.28927451,
                        0 -0.98597491 0.16689378,
                        0 -0.99648756 0.083741024,
                        0 -0.99348855 0.11393201,
                        0 -0.97403902 0.2263803,
                        0 -0.9419046 0.33588046,
                        0 -0.89750391 0.44100648,
                        0 -0.84141511 0.5403893,
                        0 -0.77436864 0.63273472,
                        0 -0.72108555 0.69284606,
                        0 -0.6631496 0.74848688,
                        0 -1 6.1232343e-17,
                        0 -0.76173174 0.64789253,
                        0 -0.84520292 0.53444552,
                        0 -0.91190726 0.41039637,
                        0 -0.95650446 0.29171762,
                        0 -0.98351222 0.18084164,
                        0 -0.99586952 0.090795852,
                        0 -0.036991857 0.99931556,
                        0 -0.99184263 0.1274686,
                        0 -0.96750349 0.25285757,
                        0 -0.92737979 0.37412122,
                        0 -0.8721261 0.48928118,
                        0 -0.80264384 0.59645861,
                        0 -0.72006661 0.69390494,
                        0 -0.62574166 0.78003037,
                        0 -0.52120787 0.85342979,
                        0 -0.40817067 0.91290563,
                        0 -0.28847426 0.95748764,
                        0 -0.16407146 0.98644847,
                        0 -0.036991857 0.99931556,
                        0 -0.2632021 0.96474069,
                        0 -0.45533234 0.89032155,
                        0 -0.56371957 0.82596624,
                        0 -0.036991857 0.99931556,
                        0 -0.036991857 0.99931556,
                        0 -0.036991857 0.99931556,
                        0 -0.036991857 0.99931556,
                        0 -0.036991857 0.99931556,
                        0 -0.036991857 0.99931556,
                        0 -0.036991857 0.99931556,
                        0 -0.036991857 0.99931556,
                        0 -0.036991857 0.99931556,
                        0 -0.036991857 0.99931556,
                        0 -0.036991857 0.99931556,
                        0 -0.036991857 0.99931556,
                        0 -0.036991857 0.99931556,
                        0 -0.036991857 0.99931556,
                        0 -0.036991857 0.99931556,
                        0 -0.036991857 0.99931556,
                        0 -0.036991857 0.99931556,
                        0 -0.036991857 0.99931556,
                        0 -0.036991857 0.99931556,
                        0 -0.036991857 0.99931556,
                        0 -0.036991857 0.99931556,
                        0 -0.036991857 0.99931556,
                        0 -0.036991857 0.99931556,
                        0 -0.036991857 0.99931556,
                        0 -0.036991857 0.99931556,
                        0 -0.036991857 0.99931556,
                        0 0 1,
                        0 0 1,
                        0 0 1,
                        0 0 1,
                        0 0 1,
                        0 0 1,
                        0 0 1,
                        0 0 1,
                        0 0 1,
                        0 0 1,
                        0 0 1,
                        0 0 1,
                        0 0 1,
                        -1 -0 -0,
                        -1 -0 -0,
                        -1 -0 -0,
                        -1 -0 -0,
                        1 0 0,
                        1 0 0,
                        1 0 0,
                        1 0 0,
                        0 0 1,
                        0 0 1,
                        0 0 1,
                        0 0 1,
                        0 0 -1,
                        0 0 -1,
                        0 0 -1,
                        0 0 -1,
                        0 0 1,
                        0 0 1,
                        0 0 1,
                        0 0 1,
                        0 0 1,
                        0 0 1,
                        0 0 1,
                        0 0 1,
                        0 0 1,
                        0 0 1,
                        0 0 1,
                        0 0 1,
                        0 0 1,
                        0 0 1,
                        0 0 1,
                        0 0 1,
                        0 0 1,
                        0 0 1,
                        0 0 1,
                        0 0 1,
                        0 0 1,
                        0 0 1,
                        0 0 1,
                        0 0 1,
                        0 0 1,
                        0 0 1,
                        0 0 1,
                        0 0 1,
                        0 0 1,
                        0 0 1,
                        0 0 1,
                        0 0 1,
                        0 0 1,
                        0 0 1,
                        0 0 1,
                        0 0 1,
                        0 0 1,
                        0 0 1,
                        0 0 1,
                        0 0 1,
                        0 0 1,
                        -0 -1 0,
                        -0 -1 0,
                        -0 -1 0,
                        -0 -1 0,
                        -0 -1 0,
                        -0 -1 0,
                        -0 -1 0,
                        -0 -1 0,
                        -0 -1 0,
                        -0 -1 0,
                        -0 -1 0,
                        -0 -1 0,
                        -0 -1 0,
                        -0 -1 0,
                        -0 -1 0,
                        -0 -1 0,
                        -0 -1 0,
                        -0 -1 0,
                        -0 -1 0,
                        -0 -1 0,
                        -0 -1 0,
                        -1 -2.4492937e-16 0,
                        -1 -2.4492937e-16 0,
                        1.8369701e-16 -1 -0,
                        -0.98480773 -0.17364818 0,
                        -0.93969262 -0.34202015 0,
                        -0.86602539 -0.5 0,
                        -0.76604444 -0.64278764 0,
                        -0.64278764 -0.76604444 0,
                        -0.5 -0.86602539 0,
                        -0.34202015 -0.93969262 0,
                        -0.17364818 -0.98480773 0,
                        1.8369701e-16 -1 -0,
                        -0.98480773 -0.17364818 0,
                        -0.93969262 -0.34202015 0,
                        -0.86602539 -0.5 0,
                        -0.76604444 -0.64278764 0,
                        -0.64278764 -0.76604444 0,
                        -0.5 -0.86602539 0,
                        -0.34202015 -0.93969262 0,
                        -0.17364818 -0.98480773 0

                      ]
                    }
                    coordIndex [
                      2 4 5 -1 
                      2 3 4 -1 
                      7 3 1 -1 
                      7 4 3 -1 
                      0 7 1 -1 
                      6 7 0 -1 
                      6 2 5 -1 
                      6 0 2 -1 
                      305 4 7 -1 
                      297 305 7 -1 
                      296 304 305 -1 
                      296 305 297 -1 
                      295 303 304 -1 
                      295 304 296 -1 
                      302 303 295 -1 
                      294 302 295 -1 
                      293 301 302 -1 
                      293 302 294 -1 
                      300 301 293 -1 
                      292 300 293 -1 
                      291 299 300 -1 
                      291 300 292 -1 
                      298 299 291 -1 
                      290 298 291 -1 
                      8 9 298 -1 
                      8 298 290 -1 
                      22 23 26 -1 
                      24 27 26 -1 
                      24 26 23 -1 
                      19 24 25 -1 
                      19 27 24 -1 
                      18 27 19 -1 
                      9 14 15 -1 
                      9 22 26 -1 
                      9 15 22 -1 
                      21 18 20 -1 
                      21 27 18 -1 
                      11 16 17 -1 
                      13 10 12 -1 
                      13 14 9 -1 
                      8 11 10 -1 
                      8 21 16 -1 
                      8 27 21 -1 
                      8 16 11 -1 
                      8 10 13 -1 
                      8 13 9 -1 
                      704 15 16 -1 
                      704 21 22 -1 
                      704 22 15 -1 
                      704 16 21 -1 
                      30 29 28 -1 
                      30 31 29 -1 
                      34 33 32 -1 
                      34 35 33 -1 
                      38 37 36 -1 
                      39 37 38 -1 
                      39 41 40 -1 
                      39 38 41 -1 
                      42 40 41 -1 
                      42 41 43 -1 
                      47 44 45 -1 
                      47 45 46 -1 
                      19 49 48 -1 
                      18 19 48 -1 
                      306 44 47 -1 
                      306 314 44 -1 
                      307 315 314 -1 
                      307 314 306 -1 
                      308 316 315 -1 
                      308 315 307 -1 
                      309 317 316 -1 
                      309 316 308 -1 
                      310 318 317 -1 
                      310 317 309 -1 
                      311 319 318 -1 
                      311 318 310 -1 
                      312 320 319 -1 
                      312 319 311 -1 
                      313 321 320 -1 
                      313 320 312 -1 
                      50 51 321 -1 
                      50 321 313 -1 
                      53 52 51 -1 
                      53 51 50 -1 
                      37 30 52 -1 
                      37 52 53 -1 
                      54 55 56 -1 
                      57 54 56 -1 
                      57 58 54 -1 
                      59 58 57 -1 
                      322 61 60 -1 
                      330 61 322 -1 
                      323 330 322 -1 
                      331 330 323 -1 
                      332 323 324 -1 
                      332 331 323 -1 
                      325 332 324 -1 
                      333 332 325 -1 
                      334 325 326 -1 
                      334 333 325 -1 
                      335 326 327 -1 
                      335 334 326 -1 
                      336 327 328 -1 
                      336 335 327 -1 
                      337 328 329 -1 
                      337 336 328 -1 
                      58 337 329 -1 
                      59 337 58 -1 
                      63 62 60 -1 
                      63 60 61 -1 
                      63 45 62 -1 
                      46 45 63 -1 
                      69 71 72 -1 
                      69 72 346 -1 
                      69 346 338 -1 
                      339 346 347 -1 
                      339 338 346 -1 
                      70 71 69 -1 
                      340 347 348 -1 
                      340 339 347 -1 
                      341 348 349 -1 
                      341 340 348 -1 
                      342 349 350 -1 
                      342 341 349 -1 
                      343 350 351 -1 
                      343 342 350 -1 
                      344 351 352 -1 
                      344 343 351 -1 
                      345 352 353 -1 
                      345 344 352 -1 
                      68 353 73 -1 
                      68 73 74 -1 
                      68 345 353 -1 
                      67 68 74 -1 
                      74 65 64 -1 
                      705 64 66 -1 
                      705 66 67 -1 
                      705 74 64 -1 
                      705 67 74 -1 
                      81 354 78 -1 
                      81 78 79 -1 
                      81 362 354 -1 
                      363 355 354 -1 
                      363 354 362 -1 
                      80 81 79 -1 
                      364 356 355 -1 
                      364 355 363 -1 
                      365 357 356 -1 
                      365 356 364 -1 
                      366 358 357 -1 
                      366 357 365 -1 
                      367 359 358 -1 
                      367 358 366 -1 
                      368 360 359 -1 
                      368 359 367 -1 
                      369 361 360 -1 
                      369 360 368 -1 
                      82 76 77 -1 
                      82 77 361 -1 
                      82 361 369 -1 
                      83 76 82 -1 
                      76 32 75 -1 
                      706 34 32 -1 
                      706 83 34 -1 
                      706 32 76 -1 
                      706 76 83 -1 
                      69 81 80 -1 
                      69 80 70 -1 
                      338 81 69 -1 
                      338 362 81 -1 
                      339 363 362 -1 
                      339 362 338 -1 
                      340 364 363 -1 
                      340 363 339 -1 
                      341 365 364 -1 
                      341 364 340 -1 
                      342 366 365 -1 
                      342 365 341 -1 
                      343 367 366 -1 
                      343 366 342 -1 
                      344 368 367 -1 
                      344 367 343 -1 
                      345 369 368 -1 
                      345 368 344 -1 
                      68 82 369 -1 
                      68 369 345 -1 
                      67 83 82 -1 
                      67 82 68 -1 
                      66 34 83 -1 
                      66 83 67 -1 
                      76 75 65 -1 
                      74 76 65 -1 
                      74 77 76 -1 
                      73 77 74 -1 
                      354 72 78 -1 
                      346 72 354 -1 
                      355 346 354 -1 
                      347 346 355 -1 
                      348 355 356 -1 
                      348 347 355 -1 
                      357 348 356 -1 
                      349 348 357 -1 
                      350 357 358 -1 
                      350 349 357 -1 
                      351 358 359 -1 
                      351 350 358 -1 
                      352 359 360 -1 
                      352 351 359 -1 
                      353 360 361 -1 
                      353 352 360 -1 
                      77 353 361 -1 
                      73 353 77 -1 
                      71 79 78 -1 
                      71 78 72 -1 
                      71 80 79 -1 
                      70 80 71 -1 
                      13 84 14 -1 
                      13 85 84 -1 
                      16 15 86 -1 
                      16 86 87 -1 
                      89 16 87 -1 
                      17 16 89 -1 
                      88 89 87 -1 
                      85 88 87 -1 
                      13 12 88 -1 
                      13 88 85 -1 
                      15 14 84 -1 
                      15 84 86 -1 
                      21 90 22 -1 
                      21 91 90 -1 
                      24 23 92 -1 
                      24 92 93 -1 
                      95 24 93 -1 
                      25 24 95 -1 
                      94 95 93 -1 
                      91 94 93 -1 
                      21 20 94 -1 
                      21 94 91 -1 
                      23 22 90 -1 
                      23 90 92 -1 
                      31 42 43 -1 
                      31 43 29 -1 
                      47 63 61 -1 
                      47 61 330 -1 
                      47 330 306 -1 
                      307 330 331 -1 
                      307 306 330 -1 
                      46 63 47 -1 
                      308 331 332 -1 
                      308 307 331 -1 
                      309 332 333 -1 
                      309 308 332 -1 
                      310 333 334 -1 
                      310 309 333 -1 
                      311 334 335 -1 
                      311 310 334 -1 
                      312 335 336 -1 
                      312 311 335 -1 
                      313 336 337 -1 
                      313 312 336 -1 
                      50 337 59 -1 
                      50 59 57 -1 
                      50 313 337 -1 
                      53 50 57 -1 
                      57 56 36 -1 
                      707 36 37 -1 
                      707 37 53 -1 
                      707 57 36 -1 
                      707 53 57 -1 
                      44 322 60 -1 
                      44 60 62 -1 
                      44 314 322 -1 
                      315 323 322 -1 
                      315 322 314 -1 
                      45 44 62 -1 
                      316 324 323 -1 
                      316 323 315 -1 
                      317 325 324 -1 
                      317 324 316 -1 
                      318 326 325 -1 
                      318 325 317 -1 
                      319 327 326 -1 
                      319 326 318 -1 
                      320 328 327 -1 
                      320 327 319 -1 
                      321 329 328 -1 
                      321 328 320 -1 
                      51 54 58 -1 
                      51 58 329 -1 
                      51 329 321 -1 
                      52 54 51 -1 
                      54 28 55 -1 
                      708 30 28 -1 
                      708 52 30 -1 
                      708 28 54 -1 
                      708 54 52 -1 
                      99 96 97 -1 
                      99 97 98 -1 
                      98 97 100 -1 
                      98 100 101 -1 
                      101 100 102 -1 
                      101 102 103 -1 
                      370 105 104 -1 
                      370 378 105 -1 
                      371 379 378 -1 
                      371 378 370 -1 
                      372 380 379 -1 
                      372 379 371 -1 
                      373 381 380 -1 
                      373 380 372 -1 
                      374 382 381 -1 
                      374 381 373 -1 
                      375 383 382 -1 
                      375 382 374 -1 
                      376 384 383 -1 
                      376 383 375 -1 
                      377 385 384 -1 
                      377 384 376 -1 
                      102 385 377 -1 
                      103 102 377 -1 
                      104 105 106 -1 
                      104 106 107 -1 
                      106 95 94 -1 
                      107 106 94 -1 
                      109 49 108 -1 
                      48 49 109 -1 
                      386 109 108 -1 
                      394 109 386 -1 
                      387 394 386 -1 
                      395 394 387 -1 
                      396 387 388 -1 
                      396 395 387 -1 
                      389 396 388 -1 
                      397 396 389 -1 
                      398 389 390 -1 
                      398 397 389 -1 
                      399 390 391 -1 
                      399 398 390 -1 
                      400 391 392 -1 
                      400 399 391 -1 
                      401 392 393 -1 
                      401 400 392 -1 
                      96 401 393 -1 
                      99 401 96 -1 
                      102 100 97 -1 
                      102 97 96 -1 
                      393 385 102 -1 
                      393 102 96 -1 
                      384 385 393 -1 
                      392 384 393 -1 
                      383 384 392 -1 
                      391 382 383 -1 
                      391 383 392 -1 
                      390 381 382 -1 
                      390 382 391 -1 
                      389 380 381 -1 
                      389 381 390 -1 
                      388 379 380 -1 
                      388 380 389 -1 
                      387 378 379 -1 
                      387 379 388 -1 
                      386 105 378 -1 
                      386 378 387 -1 
                      108 105 386 -1 
                      49 106 105 -1 
                      49 105 108 -1 
                      19 25 49 -1 
                      709 25 95 -1 
                      709 95 106 -1 
                      709 106 49 -1 
                      709 49 25 -1 
                      103 99 98 -1 
                      103 98 101 -1 
                      401 103 377 -1 
                      401 99 103 -1 
                      376 401 377 -1 
                      400 401 376 -1 
                      375 400 376 -1 
                      399 375 374 -1 
                      399 400 375 -1 
                      398 374 373 -1 
                      398 399 374 -1 
                      397 373 372 -1 
                      397 398 373 -1 
                      396 372 371 -1 
                      396 397 372 -1 
                      395 371 370 -1 
                      395 396 371 -1 
                      394 370 104 -1 
                      394 395 370 -1 
                      109 394 104 -1 
                      48 104 107 -1 
                      48 109 104 -1 
                      18 48 20 -1 
                      710 107 94 -1 
                      710 94 20 -1 
                      710 48 107 -1 
                      710 20 48 -1 
                      113 110 111 -1 
                      113 111 112 -1 
                      112 111 114 -1 
                      112 114 115 -1 
                      115 114 116 -1 
                      115 116 117 -1 
                      402 119 118 -1 
                      402 410 119 -1 
                      403 411 410 -1 
                      403 410 402 -1 
                      404 412 411 -1 
                      404 411 403 -1 
                      405 413 412 -1 
                      405 412 404 -1 
                      406 414 413 -1 
                      406 413 405 -1 
                      407 415 414 -1 
                      407 414 406 -1 
                      408 416 415 -1 
                      408 415 407 -1 
                      409 417 416 -1 
                      409 416 408 -1 
                      116 417 409 -1 
                      117 116 409 -1 
                      118 119 120 -1 
                      118 120 121 -1 
                      121 120 89 -1 
                      121 89 88 -1 
                      11 123 122 -1 
                      10 11 122 -1 
                      125 123 124 -1 
                      122 123 125 -1 
                      418 125 124 -1 
                      426 125 418 -1 
                      419 426 418 -1 
                      427 426 419 -1 
                      428 419 420 -1 
                      428 427 419 -1 
                      421 428 420 -1 
                      429 428 421 -1 
                      430 421 422 -1 
                      430 429 421 -1 
                      431 422 423 -1 
                      431 430 422 -1 
                      432 423 424 -1 
                      432 431 423 -1 
                      433 424 425 -1 
                      433 432 424 -1 
                      110 433 425 -1 
                      113 433 110 -1 
                      116 114 111 -1 
                      116 111 110 -1 
                      425 417 116 -1 
                      425 116 110 -1 
                      416 417 425 -1 
                      424 416 425 -1 
                      415 416 424 -1 
                      423 414 415 -1 
                      423 415 424 -1 
                      422 413 414 -1 
                      422 414 423 -1 
                      421 412 413 -1 
                      421 413 422 -1 
                      420 411 412 -1 
                      420 412 421 -1 
                      419 410 411 -1 
                      419 411 420 -1 
                      418 119 410 -1 
                      418 410 419 -1 
                      124 119 418 -1 
                      123 120 119 -1 
                      123 119 124 -1 
                      11 17 123 -1 
                      711 17 89 -1 
                      711 89 120 -1 
                      711 120 123 -1 
                      711 123 17 -1 
                      117 113 112 -1 
                      117 112 115 -1 
                      433 117 409 -1 
                      433 113 117 -1 
                      408 433 409 -1 
                      432 433 408 -1 
                      407 432 408 -1 
                      431 407 406 -1 
                      431 432 407 -1 
                      430 406 405 -1 
                      430 431 406 -1 
                      429 405 404 -1 
                      429 430 405 -1 
                      428 404 403 -1 
                      428 429 404 -1 
                      427 403 402 -1 
                      427 428 403 -1 
                      426 402 118 -1 
                      426 427 402 -1 
                      125 426 118 -1 
                      122 118 121 -1 
                      122 125 118 -1 
                      10 122 12 -1 
                      712 121 88 -1 
                      712 88 12 -1 
                      712 122 121 -1 
                      712 12 122 -1 
                      129 127 126 -1 
                      128 129 126 -1 
                      135 137 134 -1 
                      136 137 135 -1 
                      132 131 130 -1 
                      132 133 131 -1 
                      133 134 137 -1 
                      133 137 131 -1 
                      134 126 127 -1 
                      134 127 135 -1 
                      133 129 128 -1 
                      133 132 129 -1 
                      0 1 138 -1 
                      139 0 138 -1 
                      142 143 144 -1 
                      142 144 3 -1 
                      140 145 141 -1 
                      2 145 140 -1 
                      3 2 140 -1 
                      3 140 142 -1 
                      144 138 1 -1 
                      144 1 3 -1 
                      145 0 139 -1 
                      145 2 0 -1 
                      146 136 130 -1 
                      147 146 130 -1 
                      131 137 148 -1 
                      131 148 149 -1 
                      434 149 148 -1 
                      436 149 434 -1 
                      437 434 435 -1 
                      437 436 434 -1 
                      151 435 150 -1 
                      151 437 435 -1 
                      153 150 152 -1 
                      151 150 153 -1 
                      155 152 154 -1 
                      153 152 155 -1 
                      157 154 156 -1 
                      155 154 157 -1 
                      438 146 147 -1 
                      438 440 146 -1 
                      439 441 440 -1 
                      439 440 438 -1 
                      157 156 441 -1 
                      157 441 439 -1 
                      150 441 156 -1 
                      150 156 154 -1 
                      150 154 152 -1 
                      435 440 441 -1 
                      435 441 150 -1 
                      434 146 440 -1 
                      434 440 435 -1 
                      148 146 434 -1 
                      713 137 136 -1 
                      713 136 146 -1 
                      713 148 137 -1 
                      713 146 148 -1 
                      151 153 155 -1 
                      151 155 157 -1 
                      151 157 439 -1 
                      437 439 438 -1 
                      437 151 439 -1 
                      436 438 147 -1 
                      436 437 438 -1 
                      149 436 147 -1 
                      714 147 130 -1 
                      714 130 131 -1 
                      714 131 149 -1 
                      714 149 147 -1 
                      160 158 159 -1 
                      161 158 160 -1 
                      442 160 159 -1 
                      444 160 442 -1 
                      445 442 443 -1 
                      445 444 442 -1 
                      163 443 162 -1 
                      163 445 443 -1 
                      163 142 140 -1 
                      163 162 142 -1 
                      141 143 164 -1 
                      141 164 165 -1 
                      448 167 166 -1 
                      446 448 166 -1 
                      447 449 448 -1 
                      447 448 446 -1 
                      165 164 449 -1 
                      165 449 447 -1 
                      169 167 168 -1 
                      166 167 169 -1 
                      161 168 158 -1 
                      169 168 161 -1 
                      159 158 168 -1 
                      167 159 168 -1 
                      448 442 159 -1 
                      448 159 167 -1 
                      449 443 442 -1 
                      449 442 448 -1 
                      164 162 443 -1 
                      164 443 449 -1 
                      715 143 142 -1 
                      715 142 162 -1 
                      715 164 143 -1 
                      715 162 164 -1 
                      160 169 161 -1 
                      166 169 160 -1 
                      446 160 444 -1 
                      446 166 160 -1 
                      447 444 445 -1 
                      447 446 444 -1 
                      165 445 163 -1 
                      165 447 445 -1 
                      716 163 140 -1 
                      716 140 141 -1 
                      716 141 165 -1 
                      716 165 163 -1 
                      128 172 173 -1 
                      128 126 172 -1 
                      134 172 126 -1 
                      171 172 134 -1 
                      133 171 134 -1 
                      170 171 133 -1 
                      170 128 173 -1 
                      170 133 128 -1 
                      465 26 27 -1 
                      457 465 27 -1 
                      456 464 465 -1 
                      456 465 457 -1 
                      455 463 464 -1 
                      455 464 456 -1 
                      462 463 455 -1 
                      454 462 455 -1 
                      453 461 462 -1 
                      453 462 454 -1 
                      460 461 453 -1 
                      452 460 453 -1 
                      451 459 460 -1 
                      451 460 452 -1 
                      458 459 451 -1 
                      450 458 451 -1 
                      172 171 458 -1 
                      172 458 450 -1 
                      473 170 173 -1 
                      473 481 170 -1 
                      472 480 481 -1 
                      472 481 473 -1 
                      471 479 480 -1 
                      471 480 472 -1 
                      478 479 471 -1 
                      470 478 471 -1 
                      469 477 478 -1 
                      469 478 470 -1 
                      476 477 469 -1 
                      468 476 469 -1 
                      467 475 476 -1 
                      467 476 468 -1 
                      474 475 467 -1 
                      466 474 467 -1 
                      174 175 474 -1 
                      174 474 466 -1 
                      179 177 176 -1 
                      179 176 178 -1 
                      181 180 182 -1 
                      181 182 183 -1 
                      184 186 187 -1 
                      184 187 185 -1 
                      188 189 187 -1 
                      188 187 186 -1 
                      189 191 190 -1 
                      189 188 191 -1 
                      193 178 192 -1 
                      193 179 178 -1 
                      179 193 194 -1 
                      179 194 177 -1 
                      177 195 176 -1 
                      177 194 195 -1 
                      197 198 199 -1 
                      196 198 197 -1 
                      198 200 201 -1 
                      198 201 199 -1 
                      203 202 201 -1 
                      203 201 200 -1 
                      205 204 206 -1 
                      205 206 207 -1 
                      183 182 207 -1 
                      183 207 206 -1 
                      212 213 214 -1 
                      211 212 214 -1 
                      210 214 215 -1 
                      210 215 490 -1 
                      210 211 214 -1 
                      482 490 491 -1 
                      482 210 490 -1 
                      483 491 492 -1 
                      483 482 491 -1 
                      484 492 493 -1 
                      484 483 492 -1 
                      485 484 493 -1 
                      486 493 494 -1 
                      486 485 493 -1 
                      487 494 495 -1 
                      487 486 494 -1 
                      488 495 496 -1 
                      488 487 495 -1 
                      489 496 497 -1 
                      489 488 496 -1 
                      209 497 216 -1 
                      209 489 497 -1 
                      217 209 216 -1 
                      208 209 217 -1 
                      507 506 221 -1 
                      508 505 507 -1 
                      509 504 508 -1 
                      510 503 509 -1 
                      511 502 510 -1 
                      512 501 511 -1 
                      220 501 512 -1 
                      513 220 512 -1 
                      500 220 513 -1 
                      514 500 513 -1 
                      499 500 514 -1 
                      515 499 514 -1 
                      498 515 516 -1 
                      517 498 516 -1 
                      218 517 219 -1 
                      218 498 517 -1 
                      498 499 515 -1 
                      501 502 511 -1 
                      502 503 510 -1 
                      503 504 509 -1 
                      504 505 508 -1 
                      505 506 507 -1 
                      222 218 219 -1 
                      222 219 223 -1 
                      222 223 518 -1 
                      526 518 519 -1 
                      526 222 518 -1 
                      527 519 520 -1 
                      527 526 519 -1 
                      528 520 521 -1 
                      528 527 520 -1 
                      529 521 522 -1 
                      529 528 521 -1 
                      530 529 522 -1 
                      531 522 523 -1 
                      531 530 522 -1 
                      532 523 524 -1 
                      532 531 523 -1 
                      533 524 525 -1 
                      533 532 524 -1 
                      229 525 224 -1 
                      229 533 525 -1 
                      225 229 224 -1 
                      228 229 225 -1 
                      227 225 226 -1 
                      227 228 225 -1 
                      232 230 231 -1 
                      233 230 232 -1 
                      537 235 538 -1 
                      539 538 235 -1 
                      536 235 537 -1 
                      540 539 235 -1 
                      535 235 536 -1 
                      541 540 235 -1 
                      534 235 535 -1 
                      238 541 235 -1 
                      236 238 235 -1 
                      237 238 236 -1 
                      234 235 534 -1 
                      549 238 240 -1 
                      541 238 549 -1 
                      540 549 548 -1 
                      540 541 549 -1 
                      539 548 547 -1 
                      539 540 548 -1 
                      538 547 546 -1 
                      538 539 547 -1 
                      545 538 546 -1 
                      537 538 545 -1 
                      536 545 544 -1 
                      536 537 545 -1 
                      543 536 544 -1 
                      535 536 543 -1 
                      534 543 542 -1 
                      534 535 543 -1 
                      239 534 542 -1 
                      234 534 239 -1 
                      236 231 230 -1 
                      237 236 230 -1 
                      232 241 242 -1 
                      233 232 242 -1 
                      237 93 238 -1 
                      91 93 237 -1 
                      202 238 93 -1 
                      240 238 202 -1 
                      92 202 93 -1 
                      203 240 202 -1 
                      85 87 242 -1 
                      243 85 242 -1 
                      197 84 85 -1 
                      197 85 243 -1 
                      244 196 197 -1 
                      86 233 87 -1 
                      91 230 90 -1 
                      91 237 230 -1 
                      202 84 197 -1 
                      202 86 84 -1 
                      202 90 86 -1 
                      202 92 90 -1 
                      242 87 233 -1 
                      244 197 243 -1 
                      717 230 233 -1 
                      717 233 86 -1 
                      717 90 230 -1 
                      717 86 90 -1 
                      557 246 245 -1 
                      565 246 557 -1 
                      564 557 556 -1 
                      564 565 557 -1 
                      563 556 555 -1 
                      563 564 556 -1 
                      562 555 554 -1 
                      562 563 555 -1 
                      553 562 554 -1 
                      561 562 553 -1 
                      560 553 552 -1 
                      560 561 553 -1 
                      551 560 552 -1 
                      559 560 551 -1 
                      558 551 550 -1 
                      558 559 551 -1 
                      244 558 550 -1 
                      243 558 244 -1 
                      585 586 569 -1 
                      480 580 481 -1 
                      585 568 584 -1 
                      188 186 191 -1 
                      479 579 480 -1 
                      578 579 479 -1 
                      193 192 195 -1 
                      193 195 194 -1 
                      556 303 555 -1 
                      556 304 303 -1 
                      478 578 479 -1 
                      175 247 191 -1 
                      175 191 184 -1 
                      557 304 556 -1 
                      557 305 304 -1 
                      577 478 477 -1 
                      577 578 478 -1 
                      245 305 557 -1 
                      245 4 305 -1 
                      195 4 245 -1 
                      576 477 476 -1 
                      576 577 477 -1 
                      575 476 475 -1 
                      575 576 476 -1 
                      462 545 546 -1 
                      462 546 547 -1 
                      461 545 462 -1 
                      192 5 4 -1 
                      574 475 474 -1 
                      192 4 195 -1 
                      574 575 475 -1 
                      461 544 545 -1 
                      248 474 175 -1 
                      463 462 547 -1 
                      248 574 474 -1 
                      463 547 548 -1 
                      184 248 175 -1 
                      460 544 461 -1 
                      460 543 544 -1 
                      191 186 184 -1 
                      464 463 548 -1 
                      464 548 549 -1 
                      196 26 203 -1 
                      196 203 200 -1 
                      196 200 198 -1 
                      459 543 460 -1 
                      459 542 543 -1 
                      465 464 549 -1 
                      465 549 240 -1 
                      458 542 459 -1 
                      251 247 573 -1 
                      458 239 542 -1 
                      9 196 244 -1 
                      251 191 247 -1 
                      9 26 196 -1 
                      171 239 458 -1 
                      171 204 239 -1 
                      298 9 244 -1 
                      298 244 550 -1 
                      250 5 192 -1 
                      582 566 5 -1 
                      26 465 240 -1 
                      26 240 203 -1 
                      299 298 550 -1 
                      299 550 551 -1 
                      582 5 250 -1 
                      300 299 551 -1 
                      300 551 552 -1 
                      181 204 171 -1 
                      589 573 572 -1 
                      181 183 206 -1 
                      589 251 573 -1 
                      181 206 204 -1 
                      583 567 566 -1 
                      301 300 552 -1 
                      583 566 582 -1 
                      301 552 553 -1 
                      588 572 571 -1 
                      588 589 572 -1 
                      584 568 567 -1 
                      170 181 171 -1 
                      554 301 553 -1 
                      170 581 249 -1 
                      170 249 181 -1 
                      584 567 583 -1 
                      554 302 301 -1 
                      481 581 170 -1 
                      587 571 570 -1 
                      481 580 581 -1 
                      587 588 571 -1 
                      586 570 569 -1 
                      586 587 570 -1 
                      555 302 554 -1 
                      585 569 568 -1 
                      555 303 302 -1 
                      480 579 580 -1 
                      596 254 597 -1 
                      594 596 595 -1 
                      594 254 596 -1 
                      592 594 593 -1 
                      590 592 591 -1 
                      590 254 594 -1 
                      590 594 592 -1 
                      255 254 590 -1 
                      598 257 256 -1 
                      605 598 256 -1 
                      601 599 598 -1 
                      601 600 599 -1 
                      601 603 602 -1 
                      601 604 603 -1 
                      601 605 604 -1 
                      601 598 605 -1 
                      718 253 252 -1 
                      718 252 254 -1 
                      718 255 256 -1 
                      718 257 253 -1 
                      718 254 255 -1 
                      718 256 257 -1 
                      205 239 204 -1 
                      135 239 205 -1 
                      136 135 205 -1 
                      180 181 249 -1 
                      132 180 249 -1 
                      132 130 180 -1 
                      234 213 235 -1 
                      226 225 214 -1 
                      226 214 213 -1 
                      226 213 234 -1 
                      129 234 127 -1 
                      254 252 226 -1 
                      254 234 129 -1 
                      254 226 234 -1 
                      180 136 205 -1 
                      180 130 136 -1 
                      254 132 249 -1 
                      254 129 132 -1 
                      239 127 234 -1 
                      239 135 127 -1 
                      574 255 590 -1 
                      574 248 255 -1 
                      575 590 591 -1 
                      575 574 590 -1 
                      576 591 592 -1 
                      576 575 591 -1 
                      577 592 593 -1 
                      577 576 592 -1 
                      578 593 594 -1 
                      578 577 593 -1 
                      595 578 594 -1 
                      579 578 595 -1 
                      580 595 596 -1 
                      580 579 595 -1 
                      597 580 596 -1 
                      581 580 597 -1 
                      249 597 254 -1 
                      249 581 597 -1 
                      185 248 184 -1 
                      35 248 185 -1 
                      35 185 260 -1 
                      190 191 251 -1 
                      255 66 258 -1 
                      255 35 34 -1 
                      255 34 66 -1 
                      255 248 35 -1 
                      39 40 190 -1 
                      256 37 39 -1 
                      256 31 30 -1 
                      256 30 37 -1 
                      256 255 258 -1 
                      256 258 31 -1 
                      190 260 185 -1 
                      190 259 260 -1 
                      190 42 259 -1 
                      190 40 42 -1 
                      256 190 251 -1 
                      256 39 190 -1 
                      719 42 31 -1 
                      719 258 259 -1 
                      719 259 42 -1 
                      719 31 258 -1 
                      582 257 598 -1 
                      582 250 257 -1 
                      583 598 599 -1 
                      583 582 598 -1 
                      584 599 600 -1 
                      584 583 599 -1 
                      585 600 601 -1 
                      585 584 600 -1 
                      586 601 602 -1 
                      586 585 601 -1 
                      603 586 602 -1 
                      587 586 603 -1 
                      588 603 604 -1 
                      588 587 603 -1 
                      605 588 604 -1 
                      589 588 605 -1 
                      251 605 256 -1 
                      251 589 605 -1 
                      263 264 265 -1 
                      262 263 265 -1 
                      257 265 253 -1 
                      246 261 262 -1 
                      246 265 257 -1 
                      246 262 265 -1 
                      139 138 246 -1 
                      139 246 257 -1 
                      176 144 143 -1 
                      245 144 176 -1 
                      195 245 176 -1 
                      178 141 145 -1 
                      250 192 178 -1 
                      250 178 145 -1 
                      176 141 178 -1 
                      176 143 141 -1 
                      246 144 245 -1 
                      246 138 144 -1 
                      250 139 257 -1 
                      250 145 139 -1 
                      720 266 264 -1 
                      720 264 263 -1 
                      720 263 267 -1 
                      720 267 266 -1 
                      613 269 268 -1 
                      614 269 613 -1 
                      612 614 613 -1 
                      615 614 612 -1 
                      611 615 612 -1 
                      616 615 611 -1 
                      610 616 611 -1 
                      617 616 610 -1 
                      609 617 610 -1 
                      618 617 609 -1 
                      608 618 609 -1 
                      619 618 608 -1 
                      607 619 608 -1 
                      620 619 607 -1 
                      606 620 607 -1 
                      621 620 606 -1 
                      266 621 606 -1 
                      267 621 266 -1 
                      721 270 268 -1 
                      721 268 269 -1 
                      721 269 271 -1 
                      721 622 272 -1 
                      721 623 622 -1 
                      721 624 623 -1 
                      721 625 624 -1 
                      721 626 625 -1 
                      721 627 626 -1 
                      721 628 627 -1 
                      721 629 628 -1 
                      721 630 629 -1 
                      721 631 630 -1 
                      721 632 631 -1 
                      721 271 632 -1 
                      721 633 270 -1 
                      721 634 633 -1 
                      721 635 634 -1 
                      721 636 635 -1 
                      721 637 636 -1 
                      721 638 637 -1 
                      721 639 638 -1 
                      721 640 639 -1 
                      721 641 640 -1 
                      721 272 641 -1 
                      722 273 274 -1 
                      722 642 272 -1 
                      722 643 642 -1 
                      722 644 643 -1 
                      722 645 644 -1 
                      722 646 645 -1 
                      722 647 646 -1 
                      722 648 647 -1 
                      722 274 648 -1 
                      722 649 273 -1 
                      722 650 649 -1 
                      722 651 650 -1 
                      722 652 651 -1 
                      722 653 652 -1 
                      722 654 653 -1 
                      722 272 654 -1 
                      723 276 275 -1 
                      723 655 274 -1 
                      723 656 655 -1 
                      723 657 656 -1 
                      723 275 657 -1 
                      723 274 273 -1 
                      723 658 277 -1 
                      723 659 658 -1 
                      723 660 659 -1 
                      723 273 660 -1 
                      723 277 278 -1 
                      723 278 276 -1 
                      676 276 278 -1 
                      661 676 278 -1 
                      675 676 661 -1 
                      662 675 661 -1 
                      674 675 662 -1 
                      663 674 662 -1 
                      673 674 663 -1 
                      664 673 663 -1 
                      672 673 664 -1 
                      665 672 664 -1 
                      671 672 665 -1 
                      666 671 665 -1 
                      670 671 666 -1 
                      667 670 666 -1 
                      669 670 667 -1 
                      668 669 667 -1 
                      280 669 668 -1 
                      279 280 668 -1 
                      724 281 280 -1 
                      724 280 279 -1 
                      724 279 282 -1 
                      724 282 281 -1 
                      725 283 281 -1 
                      725 281 282 -1 
                      725 282 284 -1 
                      725 284 283 -1 
                      227 226 252 -1 
                      235 213 212 -1 
                      236 212 227 -1 
                      236 235 212 -1 
                      265 283 253 -1 
                      232 231 236 -1 
                      232 236 241 -1 
                      284 241 283 -1 
                      261 284 262 -1 
                      261 241 284 -1 
                      726 252 253 -1 
                      726 227 252 -1 
                      726 236 227 -1 
                      726 241 236 -1 
                      726 253 283 -1 
                      726 283 241 -1 
                      727 228 227 -1 
                      727 227 212 -1 
                      727 212 211 -1 
                      727 211 228 -1 
                      728 229 228 -1 
                      728 228 211 -1 
                      728 211 210 -1 
                      728 210 229 -1 
                      533 229 210 -1 
                      482 533 210 -1 
                      532 533 482 -1 
                      483 532 482 -1 
                      531 532 483 -1 
                      484 531 483 -1 
                      530 531 484 -1 
                      485 530 484 -1 
                      529 530 485 -1 
                      486 529 485 -1 
                      528 529 486 -1 
                      487 528 486 -1 
                      527 528 487 -1 
                      488 527 487 -1 
                      526 527 488 -1 
                      489 526 488 -1 
                      222 526 489 -1 
                      209 222 489 -1 
                      729 218 222 -1 
                      729 222 209 -1 
                      729 209 208 -1 
                      729 677 285 -1 
                      729 678 677 -1 
                      729 679 678 -1 
                      729 208 679 -1 
                      729 285 220 -1 
                      729 498 218 -1 
                      729 499 498 -1 
                      729 500 499 -1 
                      729 220 500 -1 
                      730 680 221 -1 
                      730 681 680 -1 
                      730 682 681 -1 
                      730 683 682 -1 
                      730 684 683 -1 
                      730 685 684 -1 
                      730 686 685 -1 
                      730 285 686 -1 
                      730 501 220 -1 
                      730 502 501 -1 
                      730 503 502 -1 
                      730 504 503 -1 
                      730 505 504 -1 
                      730 506 505 -1 
                      730 221 506 -1 
                      730 220 285 -1 
                      731 687 217 -1 
                      731 688 687 -1 
                      731 689 688 -1 
                      731 690 689 -1 
                      731 691 690 -1 
                      731 692 691 -1 
                      731 693 692 -1 
                      731 694 693 -1 
                      731 695 694 -1 
                      731 221 695 -1 
                      731 217 216 -1 
                      731 216 223 -1 
                      731 223 219 -1 
                      731 507 221 -1 
                      731 508 507 -1 
                      731 509 508 -1 
                      731 510 509 -1 
                      731 511 510 -1 
                      731 512 511 -1 
                      731 513 512 -1 
                      731 514 513 -1 
                      731 515 514 -1 
                      731 516 515 -1 
                      731 517 516 -1 
                      731 219 517 -1 
                      525 215 224 -1 
                      490 215 525 -1 
                      524 490 525 -1 
                      491 490 524 -1 
                      523 491 524 -1 
                      492 491 523 -1 
                      522 492 523 -1 
                      493 492 522 -1 
                      521 493 522 -1 
                      494 493 521 -1 
                      520 494 521 -1 
                      495 494 520 -1 
                      519 495 520 -1 
                      496 495 519 -1 
                      518 496 519 -1 
                      497 496 518 -1 
                      223 497 518 -1 
                      216 497 223 -1 
                      732 225 224 -1 
                      732 224 215 -1 
                      732 215 214 -1 
                      732 214 225 -1 
                      189 190 185 -1 
                      189 185 187 -1 
                      197 201 202 -1 
                      197 199 201 -1 
                      180 205 207 -1 
                      180 207 182 -1 
                      642 641 272 -1 
                      643 640 642 -1 
                      644 639 643 -1 
                      645 638 644 -1 
                      637 645 646 -1 
                      647 637 646 -1 
                      636 637 647 -1 
                      648 636 647 -1 
                      655 635 274 -1 
                      656 634 655 -1 
                      657 633 656 -1 
                      270 657 275 -1 
                      270 633 657 -1 
                      633 634 656 -1 
                      634 635 655 -1 
                      635 636 648 -1 
                      635 648 274 -1 
                      637 638 645 -1 
                      638 639 644 -1 
                      639 640 643 -1 
                      640 641 642 -1 
                      276 270 275 -1 
                      268 270 276 -1 
                      613 276 676 -1 
                      613 268 276 -1 
                      612 676 675 -1 
                      612 613 676 -1 
                      611 675 674 -1 
                      611 612 675 -1 
                      610 674 673 -1 
                      610 611 674 -1 
                      609 672 671 -1 
                      609 673 672 -1 
                      609 610 673 -1 
                      608 671 670 -1 
                      608 609 671 -1 
                      607 670 669 -1 
                      607 608 670 -1 
                      606 669 280 -1 
                      606 607 669 -1 
                      266 606 280 -1 
                      264 281 283 -1 
                      264 280 281 -1 
                      264 266 280 -1 
                      265 264 283 -1 
                      679 208 217 -1 
                      687 679 217 -1 
                      678 679 687 -1 
                      688 678 687 -1 
                      689 677 688 -1 
                      690 686 285 -1 
                      690 285 689 -1 
                      685 686 690 -1 
                      691 685 690 -1 
                      684 685 691 -1 
                      683 684 691 -1 
                      692 683 691 -1 
                      693 682 692 -1 
                      694 681 693 -1 
                      695 680 694 -1 
                      285 677 689 -1 
                      677 678 688 -1 
                      221 680 695 -1 
                      680 681 694 -1 
                      681 682 693 -1 
                      682 683 692 -1 
                      632 271 277 -1 
                      658 632 277 -1 
                      631 632 658 -1 
                      630 631 658 -1 
                      659 630 658 -1 
                      629 630 659 -1 
                      660 629 659 -1 
                      628 629 660 -1 
                      273 628 660 -1 
                      627 628 273 -1 
                      649 627 273 -1 
                      626 627 649 -1 
                      650 626 649 -1 
                      651 625 650 -1 
                      652 624 651 -1 
                      653 623 652 -1 
                      654 622 653 -1 
                      272 622 654 -1 
                      622 623 653 -1 
                      623 624 652 -1 
                      624 625 651 -1 
                      625 626 650 -1 
                      263 284 282 -1 
                      263 262 284 -1 
                      279 263 282 -1 
                      267 263 279 -1 
                      621 279 668 -1 
                      621 267 279 -1 
                      620 668 667 -1 
                      620 621 668 -1 
                      619 667 666 -1 
                      619 620 667 -1 
                      618 665 664 -1 
                      618 666 665 -1 
                      618 619 666 -1 
                      617 664 663 -1 
                      617 618 664 -1 
                      616 663 662 -1 
                      616 617 663 -1 
                      615 662 661 -1 
                      615 616 662 -1 
                      614 661 278 -1 
                      614 615 661 -1 
                      269 614 278 -1 
                      271 278 277 -1 
                      271 269 278 -1 
                      243 241 261 -1 
                      243 242 241 -1 
                      558 243 261 -1 
                      559 558 261 -1 
                      560 559 261 -1 
                      561 560 261 -1 
                      562 561 261 -1 
                      563 562 261 -1 
                      564 563 261 -1 
                      565 564 261 -1 
                      261 246 565 -1 
                      258 286 259 -1 
                      258 287 286 -1 
                      35 260 288 -1 
                      35 288 33 -1 
                      258 66 64 -1 
                      258 64 287 -1 
                      260 259 286 -1 
                      260 286 288 -1 
                      699 703 6 -1 
                      699 6 698 -1 
                      699 701 702 -1 
                      699 702 703 -1 
                      700 701 699 -1 
                      733 8 289 -1 
                      733 27 8 -1 
                      733 289 174 -1 
                      733 174 27 -1 
                      451 452 453 -1 
                      27 172 450 -1 
                      27 450 451 -1 
                      27 453 454 -1 
                      27 454 455 -1 
                      27 455 456 -1 
                      27 456 457 -1 
                      27 451 453 -1 
                      173 172 27 -1 
                      471 472 473 -1 
                      471 473 173 -1 
                      468 469 470 -1 
                      468 470 471 -1 
                      466 467 468 -1 
                      466 471 173 -1 
                      466 468 471 -1 
                      174 173 27 -1 
                      174 466 173 -1 
                      291 8 290 -1 
                      293 291 292 -1 
                      293 8 291 -1 
                      294 8 293 -1 
                      296 294 295 -1 
                      296 8 294 -1 
                      7 296 297 -1 
                      7 8 296 -1 
                      6 8 7 -1 
                      289 8 6 -1 
                      703 289 6 -1 
                      698 6 696 -1 
                      698 696 697 -1 
                      75 33 174 -1 
                      32 33 75 -1 
                      65 75 174 -1 
                      287 64 65 -1 
                      287 65 174 -1 
                      175 174 33 -1 
                      288 175 33 -1 
                      28 29 55 -1 
                      38 36 56 -1 
                      289 56 55 -1 
                      289 287 174 -1 
                      289 38 56 -1 
                      289 29 287 -1 
                      289 55 29 -1 
                      286 175 288 -1 
                      247 43 41 -1 
                      247 41 38 -1 
                      247 175 286 -1 
                      247 286 43 -1 
                      247 38 289 -1 
                      734 29 43 -1 
                      734 286 287 -1 
                      734 287 29 -1 
                      734 43 286 -1 
                      703 247 289 -1 
                      703 573 247 -1 
                      702 572 573 -1 
                      702 573 703 -1 
                      701 571 572 -1 
                      701 572 702 -1 
                      700 570 571 -1 
                      700 571 701 -1 
                      699 569 570 -1 
                      699 570 700 -1 
                      568 569 699 -1 
                      698 568 699 -1 
                      697 567 568 -1 
                      697 568 698 -1 
                      566 567 697 -1 
                      696 566 697 -1 
                      6 5 566 -1 
                      6 566 696 -1 
                    ]
                    normalIndex [
                      2 4 5 -1 
                      2 3 4 -1 
                      7 3 1 -1 
                      7 4 3 -1 
                      0 7 1 -1 
                      6 7 0 -1 
                      6 2 5 -1 
                      6 0 2 -1 
                      27 19 10 -1 
                      18 27 10 -1 
                      17 26 27 -1 
                      17 27 18 -1 
                      16 25 26 -1 
                      16 26 17 -1 
                      24 25 16 -1 
                      15 24 16 -1 
                      14 23 24 -1 
                      14 24 15 -1 
                      22 23 14 -1 
                      13 22 14 -1 
                      12 21 22 -1 
                      12 22 13 -1 
                      20 21 12 -1 
                      11 20 12 -1 
                      8 9 20 -1 
                      8 20 11 -1 
                      40 41 44 -1 
                      42 47 44 -1 
                      42 44 41 -1 
                      37 42 43 -1 
                      37 47 42 -1 
                      36 47 37 -1 
                      45 32 33 -1 
                      45 40 44 -1 
                      45 33 40 -1 
                      39 36 38 -1 
                      39 47 36 -1 
                      29 34 35 -1 
                      31 28 30 -1 
                      31 32 45 -1 
                      46 29 28 -1 
                      46 39 34 -1 
                      46 47 39 -1 
                      46 34 29 -1 
                      46 28 31 -1 
                      46 31 45 -1 
                      48 33 34 -1 
                      48 39 40 -1 
                      48 40 33 -1 
                      48 34 39 -1 
                      51 50 49 -1 
                      51 52 50 -1 
                      55 54 53 -1 
                      55 56 54 -1 
                      59 58 57 -1 
                      60 58 59 -1 
                      63 62 61 -1 
                      63 64 62 -1 
                      65 67 68 -1 
                      65 68 66 -1 
                      72 69 70 -1 
                      72 70 71 -1 
                      75 76 74 -1 
                      73 75 74 -1 
                      80 88 79 -1 
                      80 89 88 -1 
                      81 90 89 -1 
                      81 89 80 -1 
                      82 91 90 -1 
                      82 90 81 -1 
                      83 92 91 -1 
                      83 91 82 -1 
                      84 93 92 -1 
                      84 92 83 -1 
                      85 94 93 -1 
                      85 93 84 -1 
                      86 95 94 -1 
                      86 94 85 -1 
                      87 96 95 -1 
                      87 95 86 -1 
                      77 78 96 -1 
                      77 96 87 -1 
                      100 97 98 -1 
                      100 98 99 -1 
                      104 101 102 -1 
                      104 102 103 -1 
                      105 106 107 -1 
                      108 105 107 -1 
                      111 109 110 -1 
                      112 109 111 -1 
                      115 124 113 -1 
                      125 124 115 -1 
                      116 125 115 -1 
                      126 125 116 -1 
                      127 116 117 -1 
                      127 126 116 -1 
                      118 127 117 -1 
                      128 127 118 -1 
                      129 118 119 -1 
                      129 128 118 -1 
                      130 119 120 -1 
                      130 129 119 -1 
                      131 120 121 -1 
                      131 130 120 -1 
                      132 121 122 -1 
                      132 131 121 -1 
                      114 132 122 -1 
                      123 132 114 -1 
                      136 133 134 -1 
                      136 134 135 -1 
                      139 137 138 -1 
                      140 137 139 -1 
                      146 156 157 -1 
                      146 157 159 -1 
                      146 159 147 -1 
                      148 159 160 -1 
                      148 147 159 -1 
                      155 156 146 -1 
                      149 160 161 -1 
                      149 148 160 -1 
                      150 161 162 -1 
                      150 149 161 -1 
                      151 162 163 -1 
                      151 150 162 -1 
                      152 163 164 -1 
                      152 151 163 -1 
                      153 164 165 -1 
                      153 152 164 -1 
                      154 165 166 -1 
                      154 153 165 -1 
                      145 166 158 -1 
                      145 158 167 -1 
                      145 154 166 -1 
                      144 145 167 -1 
                      167 142 141 -1 
                      168 141 143 -1 
                      168 143 144 -1 
                      168 167 141 -1 
                      168 144 167 -1 
                      185 175 174 -1 
                      185 174 183 -1 
                      185 187 175 -1 
                      188 176 175 -1 
                      188 175 187 -1 
                      184 185 183 -1 
                      189 177 176 -1 
                      189 176 188 -1 
                      190 178 177 -1 
                      190 177 189 -1 
                      191 179 178 -1 
                      191 178 190 -1 
                      192 180 179 -1 
                      192 179 191 -1 
                      193 181 180 -1 
                      193 180 192 -1 
                      194 182 181 -1 
                      194 181 193 -1 
                      186 172 173 -1 
                      186 173 182 -1 
                      186 182 194 -1 
                      195 172 186 -1 
                      172 169 171 -1 
                      196 170 169 -1 
                      196 195 170 -1 
                      196 169 172 -1 
                      196 172 195 -1 
                      200 197 198 -1 
                      200 198 199 -1 
                      204 212 203 -1 
                      204 213 212 -1 
                      205 214 213 -1 
                      205 213 204 -1 
                      206 215 214 -1 
                      206 214 205 -1 
                      207 216 215 -1 
                      207 215 206 -1 
                      208 217 216 -1 
                      208 216 207 -1 
                      209 218 217 -1 
                      209 217 208 -1 
                      210 219 218 -1 
                      210 218 209 -1 
                      211 220 219 -1 
                      211 219 210 -1 
                      201 202 220 -1 
                      201 220 211 -1 
                      224 221 222 -1 
                      224 222 223 -1 
                      228 225 226 -1 
                      228 226 227 -1 
                      229 230 231 -1 
                      232 229 231 -1 
                      235 233 234 -1 
                      236 233 235 -1 
                      239 248 237 -1 
                      249 248 239 -1 
                      240 249 239 -1 
                      250 249 240 -1 
                      251 240 241 -1 
                      251 250 240 -1 
                      242 251 241 -1 
                      252 251 242 -1 
                      253 242 243 -1 
                      253 252 242 -1 
                      254 243 244 -1 
                      254 253 243 -1 
                      255 244 245 -1 
                      255 254 244 -1 
                      256 245 246 -1 
                      256 255 245 -1 
                      238 256 246 -1 
                      247 256 238 -1 
                      260 257 258 -1 
                      260 258 259 -1 
                      263 261 262 -1 
                      264 261 263 -1 
                      267 266 265 -1 
                      267 268 266 -1 
                      272 269 270 -1 
                      272 270 271 -1 
                      275 277 278 -1 
                      276 277 275 -1 
                      273 275 278 -1 
                      279 273 278 -1 
                      280 274 273 -1 
                      280 273 279 -1 
                      281 283 284 -1 
                      281 284 282 -1 
                      287 286 285 -1 
                      287 288 286 -1 
                      292 289 290 -1 
                      292 290 291 -1 
                      295 297 298 -1 
                      296 297 295 -1 
                      293 295 298 -1 
                      299 293 298 -1 
                      300 294 293 -1 
                      300 293 299 -1 
                      301 303 304 -1 
                      301 304 302 -1 
                      308 305 306 -1 
                      308 306 307 -1 
                      314 324 325 -1 
                      314 325 327 -1 
                      314 327 315 -1 
                      316 327 328 -1 
                      316 315 327 -1 
                      323 324 314 -1 
                      317 328 329 -1 
                      317 316 328 -1 
                      318 329 330 -1 
                      318 317 329 -1 
                      319 330 331 -1 
                      319 318 330 -1 
                      320 331 332 -1 
                      320 319 331 -1 
                      321 332 333 -1 
                      321 320 332 -1 
                      322 333 334 -1 
                      322 321 333 -1 
                      313 334 326 -1 
                      313 326 335 -1 
                      313 322 334 -1 
                      312 313 335 -1 
                      335 310 309 -1 
                      336 309 311 -1 
                      336 311 312 -1 
                      336 335 309 -1 
                      336 312 335 -1 
                      353 343 342 -1 
                      353 342 351 -1 
                      353 355 343 -1 
                      356 344 343 -1 
                      356 343 355 -1 
                      352 353 351 -1 
                      357 345 344 -1 
                      357 344 356 -1 
                      358 346 345 -1 
                      358 345 357 -1 
                      359 347 346 -1 
                      359 346 358 -1 
                      360 348 347 -1 
                      360 347 359 -1 
                      361 349 348 -1 
                      361 348 360 -1 
                      362 350 349 -1 
                      362 349 361 -1 
                      354 340 341 -1 
                      354 341 350 -1 
                      354 350 362 -1 
                      363 340 354 -1 
                      340 337 339 -1 
                      364 338 337 -1 
                      364 363 338 -1 
                      364 337 340 -1 
                      364 340 363 -1 
                      368 365 366 -1 
                      368 366 367 -1 
                      372 369 370 -1 
                      372 370 371 -1 
                      376 373 374 -1 
                      376 374 375 -1 
                      380 388 379 -1 
                      380 389 388 -1 
                      381 390 389 -1 
                      381 389 380 -1 
                      382 391 390 -1 
                      382 390 381 -1 
                      383 392 391 -1 
                      383 391 382 -1 
                      384 393 392 -1 
                      384 392 383 -1 
                      385 394 393 -1 
                      385 393 384 -1 
                      386 395 394 -1 
                      386 394 385 -1 
                      387 396 395 -1 
                      387 395 386 -1 
                      378 396 387 -1 
                      377 378 387 -1 
                      400 397 398 -1 
                      400 398 399 -1 
                      401 402 403 -1 
                      404 401 403 -1 
                      407 405 406 -1 
                      408 405 407 -1 
                      411 420 409 -1 
                      421 420 411 -1 
                      412 421 411 -1 
                      422 421 412 -1 
                      423 412 413 -1 
                      423 422 412 -1 
                      414 423 413 -1 
                      424 423 414 -1 
                      425 414 415 -1 
                      425 424 414 -1 
                      426 415 416 -1 
                      426 425 415 -1 
                      427 416 417 -1 
                      427 426 416 -1 
                      428 417 418 -1 
                      428 427 417 -1 
                      410 428 418 -1 
                      419 428 410 -1 
                      435 444 445 -1 
                      435 445 446 -1 
                      455 443 435 -1 
                      455 435 446 -1 
                      442 443 455 -1 
                      454 442 455 -1 
                      441 442 454 -1 
                      453 440 441 -1 
                      453 441 454 -1 
                      452 439 440 -1 
                      452 440 453 -1 
                      451 438 439 -1 
                      451 439 452 -1 
                      450 437 438 -1 
                      450 438 451 -1 
                      449 436 437 -1 
                      449 437 450 -1 
                      448 434 436 -1 
                      448 436 449 -1 
                      447 434 448 -1 
                      430 433 434 -1 
                      430 434 447 -1 
                      429 431 430 -1 
                      456 431 432 -1 
                      456 432 433 -1 
                      456 433 430 -1 
                      456 430 431 -1 
                      472 461 470 -1 
                      472 470 471 -1 
                      469 472 481 -1 
                      469 461 472 -1 
                      480 469 481 -1 
                      468 469 480 -1 
                      479 468 480 -1 
                      467 479 478 -1 
                      467 468 479 -1 
                      466 478 477 -1 
                      466 467 478 -1 
                      465 477 476 -1 
                      465 466 477 -1 
                      464 476 475 -1 
                      464 465 476 -1 
                      463 475 474 -1 
                      463 464 475 -1 
                      462 474 473 -1 
                      462 463 474 -1 
                      460 462 473 -1 
                      459 473 482 -1 
                      459 460 473 -1 
                      457 459 458 -1 
                      484 482 483 -1 
                      484 483 458 -1 
                      484 459 482 -1 
                      484 458 459 -1 
                      488 485 486 -1 
                      488 486 487 -1 
                      492 489 490 -1 
                      492 490 491 -1 
                      496 493 494 -1 
                      496 494 495 -1 
                      500 508 499 -1 
                      500 509 508 -1 
                      501 510 509 -1 
                      501 509 500 -1 
                      502 511 510 -1 
                      502 510 501 -1 
                      503 512 511 -1 
                      503 511 502 -1 
                      504 513 512 -1 
                      504 512 503 -1 
                      505 514 513 -1 
                      505 513 504 -1 
                      506 515 514 -1 
                      506 514 505 -1 
                      507 516 515 -1 
                      507 515 506 -1 
                      498 516 507 -1 
                      497 498 507 -1 
                      520 517 518 -1 
                      520 518 519 -1 
                      524 521 522 -1 
                      524 522 523 -1 
                      527 528 526 -1 
                      525 527 526 -1 
                      531 529 530 -1 
                      532 529 531 -1 
                      535 544 533 -1 
                      545 544 535 -1 
                      536 545 535 -1 
                      546 545 536 -1 
                      547 536 537 -1 
                      547 546 536 -1 
                      538 547 537 -1 
                      548 547 538 -1 
                      549 538 539 -1 
                      549 548 538 -1 
                      550 539 540 -1 
                      550 549 539 -1 
                      551 540 541 -1 
                      551 550 540 -1 
                      552 541 542 -1 
                      552 551 541 -1 
                      534 552 542 -1 
                      543 552 534 -1 
                      559 568 569 -1 
                      559 569 570 -1 
                      579 567 559 -1 
                      579 559 570 -1 
                      566 567 579 -1 
                      578 566 579 -1 
                      565 566 578 -1 
                      577 564 565 -1 
                      577 565 578 -1 
                      576 563 564 -1 
                      576 564 577 -1 
                      575 562 563 -1 
                      575 563 576 -1 
                      574 561 562 -1 
                      574 562 575 -1 
                      573 560 561 -1 
                      573 561 574 -1 
                      572 558 560 -1 
                      572 560 573 -1 
                      571 558 572 -1 
                      554 557 558 -1 
                      554 558 571 -1 
                      553 555 554 -1 
                      580 555 556 -1 
                      580 556 557 -1 
                      580 557 554 -1 
                      580 554 555 -1 
                      596 585 594 -1 
                      596 594 595 -1 
                      593 596 605 -1 
                      593 585 596 -1 
                      604 593 605 -1 
                      592 593 604 -1 
                      603 592 604 -1 
                      591 603 602 -1 
                      591 592 603 -1 
                      590 602 601 -1 
                      590 591 602 -1 
                      589 601 600 -1 
                      589 590 601 -1 
                      588 600 599 -1 
                      588 589 600 -1 
                      587 599 598 -1 
                      587 588 599 -1 
                      586 598 597 -1 
                      586 587 598 -1 
                      584 586 597 -1 
                      583 597 606 -1 
                      583 584 597 -1 
                      581 583 582 -1 
                      608 606 607 -1 
                      608 607 582 -1 
                      608 583 606 -1 
                      608 582 583 -1 
                      612 610 609 -1 
                      611 612 609 -1 
                      618 620 617 -1 
                      619 620 618 -1 
                      615 614 613 -1 
                      615 616 614 -1 
                      616 617 620 -1 
                      616 620 614 -1 
                      624 621 622 -1 
                      624 622 623 -1 
                      627 626 625 -1 
                      627 628 626 -1 
                      632 630 629 -1 
                      631 632 629 -1 
                      635 636 637 -1 
                      635 637 638 -1 
                      633 640 634 -1 
                      639 640 633 -1 
                      638 639 633 -1 
                      638 633 635 -1 
                      644 641 642 -1 
                      644 642 643 -1 
                      647 646 645 -1 
                      647 648 646 -1 
                      649 650 651 -1 
                      652 649 651 -1 
                      654 653 655 -1 
                      654 655 656 -1 
                      659 662 657 -1 
                      663 662 659 -1 
                      664 659 660 -1 
                      664 663 659 -1 
                      661 660 658 -1 
                      661 664 660 -1 
                      667 665 666 -1 
                      668 665 667 -1 
                      671 669 670 -1 
                      672 669 671 -1 
                      675 673 674 -1 
                      676 673 675 -1 
                      680 682 679 -1 
                      680 683 682 -1 
                      681 684 683 -1 
                      681 683 680 -1 
                      677 678 684 -1 
                      677 684 681 -1 
                      693 690 688 -1 
                      693 688 691 -1 
                      693 691 692 -1 
                      696 689 690 -1 
                      696 690 693 -1 
                      695 687 689 -1 
                      695 689 696 -1 
                      694 687 695 -1 
                      697 686 685 -1 
                      697 685 687 -1 
                      697 694 686 -1 
                      697 687 694 -1 
                      702 705 706 -1 
                      702 706 707 -1 
                      702 707 709 -1 
                      704 709 708 -1 
                      704 702 709 -1 
                      703 708 698 -1 
                      703 704 708 -1 
                      701 703 698 -1 
                      710 698 699 -1 
                      710 699 700 -1 
                      710 700 701 -1 
                      710 701 698 -1 
                      713 711 712 -1 
                      714 711 713 -1 
                      717 720 715 -1 
                      721 720 717 -1 
                      722 717 718 -1 
                      722 721 717 -1 
                      719 718 716 -1 
                      719 722 718 -1 
                      725 724 723 -1 
                      725 726 724 -1 
                      730 727 728 -1 
                      730 728 729 -1 
                      737 736 733 -1 
                      734 737 733 -1 
                      735 738 737 -1 
                      735 737 734 -1 
                      731 732 738 -1 
                      731 738 735 -1 
                      741 739 740 -1 
                      742 739 741 -1 
                      745 743 744 -1 
                      746 743 745 -1 
                      750 753 754 -1 
                      755 750 754 -1 
                      757 751 750 -1 
                      757 750 755 -1 
                      758 752 751 -1 
                      758 751 757 -1 
                      756 749 752 -1 
                      756 752 758 -1 
                      759 748 747 -1 
                      759 747 749 -1 
                      759 756 748 -1 
                      759 749 756 -1 
                      769 767 768 -1 
                      764 767 769 -1 
                      765 769 770 -1 
                      765 764 769 -1 
                      766 770 771 -1 
                      766 765 770 -1 
                      763 771 760 -1 
                      763 766 771 -1 
                      772 760 761 -1 
                      772 761 762 -1 
                      772 762 763 -1 
                      772 763 760 -1 
                      775 779 780 -1 
                      775 776 779 -1 
                      774 779 776 -1 
                      778 779 774 -1 
                      773 778 774 -1 
                      777 778 773 -1 
                      777 775 780 -1 
                      777 773 775 -1 
                      800 792 783 -1 
                      791 800 783 -1 
                      790 799 800 -1 
                      790 800 791 -1 
                      789 798 799 -1 
                      789 799 790 -1 
                      797 798 789 -1 
                      788 797 789 -1 
                      787 796 797 -1 
                      787 797 788 -1 
                      795 796 787 -1 
                      786 795 787 -1 
                      785 794 795 -1 
                      785 795 786 -1 
                      793 794 785 -1 
                      784 793 785 -1 
                      781 782 793 -1 
                      781 793 784 -1 
                      811 812 803 -1 
                      811 820 812 -1 
                      810 819 820 -1 
                      810 820 811 -1 
                      809 818 819 -1 
                      809 819 810 -1 
                      817 818 809 -1 
                      808 817 809 -1 
                      807 816 817 -1 
                      807 817 808 -1 
                      815 816 807 -1 
                      806 815 807 -1 
                      805 814 815 -1 
                      805 815 806 -1 
                      813 814 805 -1 
                      804 813 805 -1 
                      801 802 813 -1 
                      801 813 804 -1 
                      824 822 821 -1 
                      824 821 823 -1 
                      826 825 827 -1 
                      826 827 828 -1 
                      829 831 832 -1 
                      829 832 830 -1 
                      833 835 836 -1 
                      833 836 834 -1 
                      839 838 837 -1 
                      839 840 838 -1 
                      843 842 841 -1 
                      843 844 842 -1 
                      848 846 845 -1 
                      848 845 847 -1 
                      851 850 849 -1 
                      851 852 850 -1 
                      854 855 856 -1 
                      853 855 854 -1 
                      858 857 859 -1 
                      858 859 860 -1 
                      862 861 863 -1 
                      862 863 864 -1 
                      866 865 867 -1 
                      866 867 868 -1 
                      869 871 872 -1 
                      869 872 870 -1 
                      885 886 887 -1 
                      884 885 887 -1 
                      875 887 888 -1 
                      875 888 890 -1 
                      875 884 887 -1 
                      876 890 891 -1 
                      876 875 890 -1 
                      877 891 892 -1 
                      877 876 891 -1 
                      878 892 893 -1 
                      878 877 892 -1 
                      879 878 893 -1 
                      880 893 894 -1 
                      880 879 893 -1 
                      881 894 895 -1 
                      881 880 894 -1 
                      882 895 896 -1 
                      882 881 895 -1 
                      883 896 897 -1 
                      883 882 896 -1 
                      874 897 889 -1 
                      874 883 897 -1 
                      898 874 889 -1 
                      873 874 898 -1 
                      912 911 905 -1 
                      913 910 912 -1 
                      914 909 913 -1 
                      915 908 914 -1 
                      916 907 915 -1 
                      917 906 916 -1 
                      901 906 917 -1 
                      918 901 917 -1 
                      904 901 918 -1 
                      919 904 918 -1 
                      903 904 919 -1 
                      920 903 919 -1 
                      902 920 921 -1 
                      922 902 921 -1 
                      899 922 900 -1 
                      899 902 922 -1 
                      902 903 920 -1 
                      906 907 916 -1 
                      907 908 915 -1 
                      908 909 914 -1 
                      909 910 913 -1 
                      910 911 912 -1 
                      923 924 925 -1 
                      923 925 926 -1 
                      923 926 928 -1 
                      941 928 929 -1 
                      941 923 928 -1 
                      942 929 930 -1 
                      942 941 929 -1 
                      943 930 931 -1 
                      943 942 930 -1 
                      944 931 932 -1 
                      944 943 931 -1 
                      945 944 932 -1 
                      946 932 933 -1 
                      946 945 932 -1 
                      947 933 934 -1 
                      947 946 933 -1 
                      948 934 935 -1 
                      948 947 934 -1 
                      940 935 927 -1 
                      940 948 935 -1 
                      936 940 927 -1 
                      939 940 936 -1 
                      938 936 937 -1 
                      938 939 936 -1 
                      951 949 950 -1 
                      952 949 951 -1 
                      961 954 962 -1 
                      963 962 954 -1 
                      960 954 961 -1 
                      964 963 954 -1 
                      959 954 960 -1 
                      965 964 954 -1 
                      958 954 959 -1 
                      957 965 954 -1 
                      955 957 954 -1 
                      956 957 955 -1 
                      953 954 958 -1 
                      975 977 967 -1 
                      985 977 975 -1 
                      984 975 974 -1 
                      984 985 975 -1 
                      983 974 973 -1 
                      983 984 974 -1 
                      982 973 972 -1 
                      982 983 973 -1 
                      971 982 972 -1 
                      981 982 971 -1 
                      980 971 970 -1 
                      980 981 971 -1 
                      969 980 970 -1 
                      979 980 969 -1 
                      978 969 968 -1 
                      978 979 969 -1 
                      966 978 968 -1 
                      976 978 966 -1 
                      989 987 986 -1 
                      988 989 986 -1 
                      990 992 993 -1 
                      991 990 993 -1 
                      1007 1001 1006 -1 
                      1000 1001 1007 -1 
                      1002 1006 1001 -1 
                      1005 1006 1002 -1 
                      999 1002 1001 -1 
                      1004 1005 1002 -1 
                      996 997 1010 -1 
                      1011 996 1010 -1 
                      1003 994 996 -1 
                      1003 996 1011 -1 
                      1012 1013 1003 -1 
                      995 1009 997 -1 
                      1000 1008 998 -1 
                      1000 1007 1008 -1 
                      1002 994 1003 -1 
                      1002 995 994 -1 
                      1002 998 995 -1 
                      1002 999 998 -1 
                      1010 997 1009 -1 
                      1012 1003 1011 -1 
                      1014 1008 1009 -1 
                      1014 1009 995 -1 
                      1014 998 1008 -1 
                      1014 995 998 -1 
                      1024 1026 1016 -1 
                      1034 1026 1024 -1 
                      1033 1024 1023 -1 
                      1033 1034 1024 -1 
                      1032 1023 1022 -1 
                      1032 1033 1023 -1 
                      1031 1022 1021 -1 
                      1031 1032 1022 -1 
                      1020 1031 1021 -1 
                      1030 1031 1020 -1 
                      1029 1020 1019 -1 
                      1029 1030 1020 -1 
                      1018 1029 1019 -1 
                      1028 1029 1018 -1 
                      1027 1018 1017 -1 
                      1027 1028 1018 -1 
                      1015 1027 1017 -1 
                      1025 1027 1015 -1 
                      1124 1125 1050 -1 
                      1043 1085 1044 -1 
                      1124 1049 1123 -1 
                      1130 1075 1129 -1 
                      1042 1084 1043 -1 
                      1083 1084 1042 -1 
                      1117 1118 1115 -1 
                      1117 1115 1116 -1 
                      1113 1062 1112 -1 
                      1113 1063 1062 -1 
                      1041 1083 1042 -1 
                      1035 1045 1129 -1 
                      1035 1129 1076 -1 
                      1114 1063 1113 -1 
                      1114 1064 1063 -1 
                      1082 1041 1040 -1 
                      1082 1083 1041 -1 
                      1106 1064 1114 -1 
                      1106 1055 1064 -1 
                      1115 1055 1106 -1 
                      1081 1040 1039 -1 
                      1081 1082 1040 -1 
                      1080 1039 1038 -1 
                      1080 1081 1039 -1 
                      1071 1096 1097 -1 
                      1071 1097 1098 -1 
                      1070 1096 1071 -1 
                      1118 1046 1055 -1 
                      1079 1038 1037 -1 
                      1118 1055 1115 -1 
                      1079 1080 1038 -1 
                      1070 1095 1096 -1 
                      1077 1037 1035 -1 
                      1072 1071 1098 -1 
                      1077 1079 1037 -1 
                      1072 1098 1099 -1 
                      1076 1077 1035 -1 
                      1069 1095 1070 -1 
                      1069 1094 1095 -1 
                      1129 1075 1076 -1 
                      1073 1072 1099 -1 
                      1073 1099 1100 -1 
                      1104 1065 1101 -1 
                      1104 1101 1102 -1 
                      1104 1102 1103 -1 
                      1068 1094 1069 -1 
                      1068 1093 1094 -1 
                      1074 1073 1100 -1 
                      1074 1100 1092 -1 
                      1067 1093 1068 -1 
                      1120 1045 1054 -1 
                      1067 1091 1093 -1 
                      1056 1104 1105 -1 
                      1120 1129 1045 -1 
                      1056 1065 1104 -1 
                      1066 1091 1067 -1 
                      1066 1090 1091 -1 
                      1057 1056 1105 -1 
                      1057 1105 1107 -1 
                      1119 1046 1118 -1 
                      1121 1047 1046 -1 
                      1065 1074 1092 -1 
                      1065 1092 1101 -1 
                      1058 1057 1107 -1 
                      1058 1107 1108 -1 
                      1121 1046 1119 -1 
                      1059 1058 1108 -1 
                      1059 1108 1109 -1 
                      1087 1090 1066 -1 
                      1128 1054 1053 -1 
                      1087 1088 1089 -1 
                      1128 1120 1054 -1 
                      1087 1089 1090 -1 
                      1122 1048 1047 -1 
                      1060 1059 1109 -1 
                      1122 1047 1121 -1 
                      1060 1109 1110 -1 
                      1127 1053 1052 -1 
                      1127 1128 1053 -1 
                      1123 1049 1048 -1 
                      1036 1087 1066 -1 
                      1111 1060 1110 -1 
                      1036 1086 1078 -1 
                      1036 1078 1087 -1 
                      1123 1048 1122 -1 
                      1111 1061 1060 -1 
                      1044 1086 1036 -1 
                      1126 1052 1051 -1 
                      1044 1085 1086 -1 
                      1126 1127 1052 -1 
                      1125 1051 1050 -1 
                      1125 1126 1051 -1 
                      1112 1061 1111 -1 
                      1124 1050 1049 -1 
                      1112 1062 1061 -1 
                      1043 1084 1085 -1 
                      1141 1133 1142 -1 
                      1139 1141 1140 -1 
                      1139 1133 1141 -1 
                      1137 1139 1138 -1 
                      1135 1137 1136 -1 
                      1135 1133 1139 -1 
                      1135 1139 1137 -1 
                      1134 1133 1135 -1 
                      1145 1144 1143 -1 
                      1152 1145 1143 -1 
                      1148 1146 1145 -1 
                      1148 1147 1146 -1 
                      1148 1150 1149 -1 
                      1148 1151 1150 -1 
                      1148 1152 1151 -1 
                      1148 1145 1152 -1 
                      1153 1132 1131 -1 
                      1153 1131 1133 -1 
                      1153 1134 1143 -1 
                      1153 1144 1132 -1 
                      1153 1133 1134 -1 
                      1153 1143 1144 -1 
                      1162 1161 1160 -1 
                      1159 1161 1162 -1 
                      1158 1159 1162 -1 
                      1163 1164 1165 -1 
                      1156 1163 1165 -1 
                      1156 1157 1163 -1 
                      1173 1171 1172 -1 
                      1168 1169 1170 -1 
                      1168 1170 1171 -1 
                      1168 1171 1173 -1 
                      1154 1173 1155 -1 
                      1166 1167 1168 -1 
                      1166 1173 1154 -1 
                      1166 1168 1173 -1 
                      1163 1158 1162 -1 
                      1163 1157 1158 -1 
                      1166 1156 1165 -1 
                      1166 1154 1156 -1 
                      1161 1155 1173 -1 
                      1161 1159 1155 -1 
                      1186 1174 1176 -1 
                      1186 1185 1174 -1 
                      1187 1176 1177 -1 
                      1187 1186 1176 -1 
                      1188 1177 1178 -1 
                      1188 1187 1177 -1 
                      1189 1178 1179 -1 
                      1189 1188 1178 -1 
                      1190 1179 1180 -1 
                      1190 1189 1179 -1 
                      1181 1190 1180 -1 
                      1191 1190 1181 -1 
                      1192 1181 1182 -1 
                      1192 1191 1181 -1 
                      1183 1192 1182 -1 
                      1193 1192 1183 -1 
                      1184 1183 1175 -1 
                      1184 1193 1183 -1 
                      1207 1212 1213 -1 
                      1204 1212 1207 -1 
                      1204 1207 1203 -1 
                      1206 1208 1209 -1 
                      1211 1201 1200 -1 
                      1211 1204 1205 -1 
                      1211 1205 1201 -1 
                      1211 1212 1204 -1 
                      1194 1196 1206 -1 
                      1210 1195 1194 -1 
                      1210 1198 1199 -1 
                      1210 1199 1195 -1 
                      1210 1211 1200 -1 
                      1210 1200 1198 -1 
                      1206 1203 1207 -1 
                      1206 1202 1203 -1 
                      1206 1197 1202 -1 
                      1206 1196 1197 -1 
                      1210 1206 1209 -1 
                      1210 1194 1206 -1 
                      1214 1197 1198 -1 
                      1214 1200 1202 -1 
                      1214 1202 1197 -1 
                      1214 1198 1200 -1 
                      1227 1215 1217 -1 
                      1227 1226 1215 -1 
                      1228 1217 1218 -1 
                      1228 1227 1217 -1 
                      1229 1218 1219 -1 
                      1229 1228 1218 -1 
                      1230 1219 1220 -1 
                      1230 1229 1219 -1 
                      1231 1220 1221 -1 
                      1231 1230 1220 -1 
                      1222 1231 1221 -1 
                      1232 1231 1222 -1 
                      1233 1222 1223 -1 
                      1233 1232 1222 -1 
                      1224 1233 1223 -1 
                      1234 1233 1224 -1 
                      1225 1224 1216 -1 
                      1225 1234 1224 -1 
                      1248 1249 1250 -1 
                      1247 1248 1250 -1 
                      1252 1250 1251 -1 
                      1245 1246 1247 -1 
                      1245 1250 1252 -1 
                      1245 1247 1250 -1 
                      1237 1238 1245 -1 
                      1237 1245 1252 -1 
                      1241 1239 1240 -1 
                      1244 1239 1241 -1 
                      1243 1244 1241 -1 
                      1242 1236 1235 -1 
                      1253 1254 1242 -1 
                      1253 1242 1235 -1 
                      1241 1236 1242 -1 
                      1241 1240 1236 -1 
                      1245 1239 1244 -1 
                      1245 1238 1239 -1 
                      1253 1237 1252 -1 
                      1253 1235 1237 -1 
                      1259 1256 1255 -1 
                      1259 1255 1257 -1 
                      1259 1257 1258 -1 
                      1259 1258 1256 -1 
                      1269 1271 1261 -1 
                      1272 1271 1269 -1 
                      1268 1272 1269 -1 
                      1273 1272 1268 -1 
                      1267 1273 1268 -1 
                      1274 1273 1267 -1 
                      1266 1274 1267 -1 
                      1275 1274 1266 -1 
                      1265 1275 1266 -1 
                      1276 1275 1265 -1 
                      1264 1276 1265 -1 
                      1277 1276 1264 -1 
                      1263 1277 1264 -1 
                      1278 1277 1263 -1 
                      1262 1278 1263 -1 
                      1279 1278 1262 -1 
                      1260 1279 1262 -1 
                      1270 1279 1260 -1 
                      1305 1281 1280 -1 
                      1305 1280 1282 -1 
                      1305 1282 1283 -1 
                      1305 1285 1284 -1 
                      1305 1286 1285 -1 
                      1305 1287 1286 -1 
                      1305 1288 1287 -1 
                      1305 1289 1288 -1 
                      1305 1290 1289 -1 
                      1305 1291 1290 -1 
                      1305 1292 1291 -1 
                      1305 1293 1292 -1 
                      1305 1294 1293 -1 
                      1305 1295 1294 -1 
                      1305 1283 1295 -1 
                      1305 1296 1281 -1 
                      1305 1297 1296 -1 
                      1305 1298 1297 -1 
                      1305 1299 1298 -1 
                      1305 1300 1299 -1 
                      1305 1301 1300 -1 
                      1305 1302 1301 -1 
                      1305 1303 1302 -1 
                      1305 1304 1303 -1 
                      1305 1284 1304 -1 
                      1322 1306 1307 -1 
                      1322 1309 1308 -1 
                      1322 1310 1309 -1 
                      1322 1311 1310 -1 
                      1322 1312 1311 -1 
                      1322 1313 1312 -1 
                      1322 1314 1313 -1 
                      1322 1315 1314 -1 
                      1322 1307 1315 -1 
                      1322 1316 1306 -1 
                      1322 1317 1316 -1 
                      1322 1318 1317 -1 
                      1322 1319 1318 -1 
                      1322 1320 1319 -1 
                      1322 1321 1320 -1 
                      1322 1308 1321 -1 
                      1335 1324 1323 -1 
                      1335 1326 1325 -1 
                      1335 1327 1326 -1 
                      1335 1328 1327 -1 
                      1335 1323 1328 -1 
                      1335 1325 1329 -1 
                      1335 1331 1330 -1 
                      1335 1332 1331 -1 
                      1335 1333 1332 -1 
                      1335 1329 1333 -1 
                      1335 1330 1334 -1 
                      1335 1334 1324 -1 
                      1355 1346 1336 -1 
                      1338 1355 1336 -1 
                      1354 1355 1338 -1 
                      1339 1354 1338 -1 
                      1353 1354 1339 -1 
                      1340 1353 1339 -1 
                      1352 1353 1340 -1 
                      1341 1352 1340 -1 
                      1351 1352 1341 -1 
                      1342 1351 1341 -1 
                      1350 1351 1342 -1 
                      1343 1350 1342 -1 
                      1349 1350 1343 -1 
                      1344 1349 1343 -1 
                      1348 1349 1344 -1 
                      1345 1348 1344 -1 
                      1347 1348 1345 -1 
                      1337 1347 1345 -1 
                      1360 1357 1356 -1 
                      1360 1356 1358 -1 
                      1360 1358 1359 -1 
                      1360 1359 1357 -1 
                      1365 1362 1361 -1 
                      1365 1361 1363 -1 
                      1365 1363 1364 -1 
                      1365 1364 1362 -1 
                      1370 1371 1372 -1 
                      1366 1368 1369 -1 
                      1367 1369 1370 -1 
                      1367 1366 1369 -1 
                      1374 1375 1373 -1 
                      1380 1381 1367 -1 
                      1380 1367 1379 -1 
                      1376 1379 1375 -1 
                      1378 1376 1377 -1 
                      1378 1379 1376 -1 
                      1382 1372 1373 -1 
                      1382 1370 1372 -1 
                      1382 1367 1370 -1 
                      1382 1379 1367 -1 
                      1382 1373 1375 -1 
                      1382 1375 1379 -1 
                      1387 1384 1383 -1 
                      1387 1383 1385 -1 
                      1387 1385 1386 -1 
                      1387 1386 1384 -1 
                      1392 1389 1388 -1 
                      1392 1388 1390 -1 
                      1392 1390 1391 -1 
                      1392 1391 1389 -1 
                      1412 1403 1393 -1 
                      1395 1412 1393 -1 
                      1411 1412 1395 -1 
                      1396 1411 1395 -1 
                      1410 1411 1396 -1 
                      1397 1410 1396 -1 
                      1409 1410 1397 -1 
                      1398 1409 1397 -1 
                      1408 1409 1398 -1 
                      1399 1408 1398 -1 
                      1407 1408 1399 -1 
                      1400 1407 1399 -1 
                      1406 1407 1400 -1 
                      1401 1406 1400 -1 
                      1405 1406 1401 -1 
                      1402 1405 1401 -1 
                      1404 1405 1402 -1 
                      1394 1404 1402 -1 
                      1425 1414 1413 -1 
                      1425 1413 1415 -1 
                      1425 1415 1416 -1 
                      1425 1418 1417 -1 
                      1425 1419 1418 -1 
                      1425 1420 1419 -1 
                      1425 1416 1420 -1 
                      1425 1417 1421 -1 
                      1425 1422 1414 -1 
                      1425 1423 1422 -1 
                      1425 1424 1423 -1 
                      1425 1421 1424 -1 
                      1442 1428 1426 -1 
                      1442 1429 1428 -1 
                      1442 1430 1429 -1 
                      1442 1431 1430 -1 
                      1442 1432 1431 -1 
                      1442 1433 1432 -1 
                      1442 1434 1433 -1 
                      1442 1427 1434 -1 
                      1442 1436 1435 -1 
                      1442 1437 1436 -1 
                      1442 1438 1437 -1 
                      1442 1439 1438 -1 
                      1442 1440 1439 -1 
                      1442 1441 1440 -1 
                      1442 1426 1441 -1 
                      1442 1435 1427 -1 
                      1468 1458 1457 -1 
                      1468 1459 1458 -1 
                      1468 1460 1459 -1 
                      1468 1461 1460 -1 
                      1468 1462 1461 -1 
                      1468 1463 1462 -1 
                      1468 1464 1463 -1 
                      1468 1465 1464 -1 
                      1468 1466 1465 -1 
                      1468 1445 1466 -1 
                      1468 1457 1467 -1 
                      1468 1467 1444 -1 
                      1468 1444 1443 -1 
                      1468 1446 1445 -1 
                      1468 1447 1446 -1 
                      1468 1448 1447 -1 
                      1468 1449 1448 -1 
                      1468 1450 1449 -1 
                      1468 1451 1450 -1 
                      1468 1452 1451 -1 
                      1468 1453 1452 -1 
                      1468 1454 1453 -1 
                      1468 1455 1454 -1 
                      1468 1456 1455 -1 
                      1468 1443 1456 -1 
                      1478 1480 1470 -1 
                      1481 1480 1478 -1 
                      1477 1481 1478 -1 
                      1482 1481 1477 -1 
                      1476 1482 1477 -1 
                      1483 1482 1476 -1 
                      1475 1483 1476 -1 
                      1484 1483 1475 -1 
                      1474 1484 1475 -1 
                      1485 1484 1474 -1 
                      1473 1485 1474 -1 
                      1486 1485 1473 -1 
                      1472 1486 1473 -1 
                      1487 1486 1472 -1 
                      1471 1487 1472 -1 
                      1488 1487 1471 -1 
                      1469 1488 1471 -1 
                      1479 1488 1469 -1 
                      1493 1490 1489 -1 
                      1493 1489 1491 -1 
                      1493 1491 1492 -1 
                      1493 1492 1490 -1 
                      1495 1494 1496 -1 
                      1495 1496 1497 -1 
                      1500 1499 1498 -1 
                      1500 1501 1499 -1 
                      1502 1504 1505 -1 
                      1502 1505 1503 -1 
                      1519 1517 1508 -1 
                      1520 1516 1519 -1 
                      1521 1515 1520 -1 
                      1522 1514 1521 -1 
                      1513 1522 1523 -1 
                      1524 1513 1523 -1 
                      1512 1513 1524 -1 
                      1525 1512 1524 -1 
                      1526 1511 1518 -1 
                      1527 1510 1526 -1 
                      1528 1509 1527 -1 
                      1506 1528 1507 -1 
                      1506 1509 1528 -1 
                      1509 1510 1527 -1 
                      1510 1511 1526 -1 
                      1511 1512 1525 -1 
                      1511 1525 1518 -1 
                      1513 1514 1522 -1 
                      1514 1515 1521 -1 
                      1515 1516 1520 -1 
                      1516 1517 1519 -1 
                      1545 1543 1544 -1 
                      1534 1543 1545 -1 
                      1542 1545 1554 -1 
                      1542 1534 1545 -1 
                      1541 1554 1553 -1 
                      1541 1542 1554 -1 
                      1540 1553 1552 -1 
                      1540 1541 1553 -1 
                      1539 1552 1551 -1 
                      1539 1540 1552 -1 
                      1538 1550 1549 -1 
                      1538 1551 1550 -1 
                      1538 1539 1551 -1 
                      1537 1549 1548 -1 
                      1537 1538 1549 -1 
                      1536 1548 1547 -1 
                      1536 1537 1548 -1 
                      1535 1547 1546 -1 
                      1535 1536 1547 -1 
                      1533 1535 1546 -1 
                      1532 1529 1530 -1 
                      1532 1546 1529 -1 
                      1532 1533 1546 -1 
                      1531 1532 1530 -1 
                      1559 1556 1560 -1 
                      1562 1559 1560 -1 
                      1558 1559 1562 -1 
                      1563 1558 1562 -1 
                      1564 1557 1563 -1 
                      1565 1577 1555 -1 
                      1565 1555 1564 -1 
                      1576 1577 1565 -1 
                      1566 1576 1565 -1 
                      1575 1576 1566 -1 
                      1574 1575 1566 -1 
                      1567 1574 1566 -1 
                      1568 1573 1567 -1 
                      1569 1572 1568 -1 
                      1570 1571 1569 -1 
                      1555 1557 1564 -1 
                      1557 1558 1563 -1 
                      1561 1571 1570 -1 
                      1571 1572 1569 -1 
                      1572 1573 1568 -1 
                      1573 1574 1567 -1 
                      1597 1586 1598 -1 
                      1599 1597 1598 -1 
                      1596 1597 1599 -1 
                      1595 1596 1599 -1 
                      1600 1595 1599 -1 
                      1594 1595 1600 -1 
                      1601 1594 1600 -1 
                      1593 1594 1601 -1 
                      1578 1593 1601 -1 
                      1592 1593 1578 -1 
                      1580 1592 1578 -1 
                      1591 1592 1580 -1 
                      1581 1591 1580 -1 
                      1582 1590 1581 -1 
                      1583 1589 1582 -1 
                      1584 1588 1583 -1 
                      1585 1587 1584 -1 
                      1579 1587 1585 -1 
                      1587 1588 1584 -1 
                      1588 1589 1583 -1 
                      1589 1590 1582 -1 
                      1590 1591 1581 -1 
                      1626 1602 1603 -1 
                      1626 1627 1602 -1 
                      1604 1626 1603 -1 
                      1617 1626 1604 -1 
                      1625 1604 1613 -1 
                      1625 1617 1604 -1 
                      1624 1613 1612 -1 
                      1624 1625 1613 -1 
                      1623 1612 1611 -1 
                      1623 1624 1612 -1 
                      1622 1610 1609 -1 
                      1622 1611 1610 -1 
                      1622 1623 1611 -1 
                      1621 1609 1608 -1 
                      1621 1622 1609 -1 
                      1620 1608 1607 -1 
                      1620 1621 1608 -1 
                      1619 1607 1606 -1 
                      1619 1620 1607 -1 
                      1618 1606 1605 -1 
                      1618 1619 1606 -1 
                      1616 1618 1605 -1 
                      1615 1605 1614 -1 
                      1615 1616 1605 -1 
                      1631 1628 1629 -1 
                      1631 1640 1628 -1 
                      1632 1631 1629 -1 
                      1633 1632 1629 -1 
                      1634 1633 1629 -1 
                      1635 1634 1629 -1 
                      1636 1635 1629 -1 
                      1637 1636 1629 -1 
                      1638 1637 1629 -1 
                      1639 1638 1629 -1 
                      1629 1630 1639 -1 
                      1643 1642 1641 -1 
                      1643 1644 1642 -1 
                      1648 1645 1646 -1 
                      1648 1646 1647 -1 
                      1652 1650 1649 -1 
                      1652 1649 1651 -1 
                      1653 1655 1656 -1 
                      1653 1656 1654 -1 
                      1692 1696 1687 -1 
                      1692 1687 1691 -1 
                      1692 1694 1695 -1 
                      1692 1695 1696 -1 
                      1693 1694 1692 -1 
                      1697 1677 1688 -1 
                      1697 1668 1677 -1 
                      1697 1688 1657 -1 
                      1697 1657 1668 -1 
                      1670 1671 1672 -1 
                      1668 1667 1669 -1 
                      1668 1669 1670 -1 
                      1668 1672 1673 -1 
                      1668 1673 1674 -1 
                      1668 1674 1675 -1 
                      1668 1675 1676 -1 
                      1668 1670 1672 -1 
                      1658 1667 1668 -1 
                      1664 1665 1666 -1 
                      1664 1666 1658 -1 
                      1661 1662 1663 -1 
                      1661 1663 1664 -1 
                      1659 1660 1661 -1 
                      1659 1664 1658 -1 
                      1659 1661 1664 -1 
                      1657 1658 1668 -1 
                      1657 1659 1658 -1 
                      1680 1677 1679 -1 
                      1682 1680 1681 -1 
                      1682 1677 1680 -1 
                      1683 1677 1682 -1 
                      1685 1683 1684 -1 
                      1685 1677 1683 -1 
                      1678 1685 1686 -1 
                      1678 1677 1685 -1 
                      1687 1677 1678 -1 
                      1688 1677 1687 -1 
                      1696 1688 1687 -1 
                      1691 1687 1689 -1 
                      1691 1689 1690 -1 
                      1709 1711 1716 -1 
                      1710 1711 1709 -1 
                      1708 1709 1716 -1 
                      1706 1707 1708 -1 
                      1706 1708 1716 -1 
                      1715 1716 1711 -1 
                      1712 1715 1711 -1 
                      1702 1703 1701 -1 
                      1698 1699 1700 -1 
                      1717 1700 1701 -1 
                      1717 1706 1716 -1 
                      1717 1698 1700 -1 
                      1717 1703 1706 -1 
                      1717 1701 1703 -1 
                      1713 1715 1712 -1 
                      1714 1704 1705 -1 
                      1714 1705 1698 -1 
                      1714 1715 1713 -1 
                      1714 1713 1704 -1 
                      1714 1698 1717 -1 
                      1718 1703 1704 -1 
                      1718 1713 1706 -1 
                      1718 1706 1703 -1 
                      1718 1704 1713 -1 
                      1729 1730 1721 -1 
                      1729 1738 1730 -1 
                      1728 1737 1738 -1 
                      1728 1738 1729 -1 
                      1727 1736 1737 -1 
                      1727 1737 1728 -1 
                      1726 1735 1736 -1 
                      1726 1736 1727 -1 
                      1725 1734 1735 -1 
                      1725 1735 1726 -1 
                      1733 1734 1725 -1 
                      1724 1733 1725 -1 
                      1723 1732 1733 -1 
                      1723 1733 1724 -1 
                      1731 1732 1723 -1 
                      1722 1731 1723 -1 
                      1719 1720 1731 -1 
                      1719 1731 1722 -1 
                    ]
                  }
                }
              ]
            }
          ]
        }
      ]
    }
  ]
}
